{
"type": "FeatureCollection",
"name": "1060",
"crs": { "type": "name", "properties": { "name": "urn:ogc:def:crs:OGC:1.3:CRS84" } },
"features": [
{ "type": "Feature", "properties": { "id": "gahadvala1036", "colorId": "gahadvala", "name": "Гагавадали", "parent": null }, "geometry": { "type": "MultiPolygon", "coordinates": [ [ [ [ 82.0874187410096, 28.251466261242008 ], [ 81.901323349117945, 27.959030645412277 ], [ 81.848153237148907, 27.706472613559324 ], [ 81.668704109253383, 27.427329525721852 ], [ 81.635472789272725, 27.261172925818592 ], [ 81.529132565334649, 27.148186437884377 ], [ 81.416146077400427, 26.649716638174603 ], [ 81.20346562952426, 26.290818382383566 ], [ 80.924322541686792, 26.031614086534486 ], [ 80.595332473878329, 25.875426882625419 ], [ 80.350854135543116, 25.970993271238289 ], [ 80.047784882945564, 26.023447564957095 ], [ 79.802998178924469, 26.233264739832322 ], [ 79.464959397181048, 26.361486346700516 ], [ 79.097779341149405, 26.664555599298065 ], [ 78.876305656558884, 26.816090225596838 ], [ 78.54409512967311, 26.979281361610905 ], [ 78.275995406221426, 27.020079145614421 ], [ 78.234934544364052, 27.147145108220222 ], [ 78.125271188427888, 27.177053296202807 ], [ 77.995669040503358, 27.291701350136059 ], [ 77.77634232863106, 27.371456518089623 ], [ 77.626801388718135, 27.615706719947411 ], [ 77.626801388718135, 27.830048733822615 ], [ 77.482245146802299, 28.054360143692016 ], [ 77.482245146802299, 28.353442023517879 ], [ 78.020592530488855, 28.353442023517879 ], [ 78.200041658384379, 28.453135983459834 ], [ 78.459245954233452, 28.453135983459834 ], [ 78.249888638355358, 28.9565904811667 ], [ 78.100347698442434, 29.72921867071685 ], [ 78.242411591359712, 29.746665113706694 ], [ 78.332136155307467, 29.836389677654452 ], [ 78.406906625263943, 30.235165517422274 ], [ 78.713465552085438, 30.210242027436774 ], [ 78.773281928050608, 30.242642564417878 ], [ 79.718025626389149, 29.507610156510623 ], [ 81.053924689611335, 29.035725412785371 ], [ 82.260221604908992, 28.357806485180085 ], [ 82.0874187410096, 28.251466261242008 ] ] ] ] } },
{ "type": "Feature", "properties": { "id": "calari", "colorId": "calari", "name": "Кальяри", "parent": null }, "geometry": { "type": "MultiPolygon", "coordinates": [ [ [ [ 8.41, 38.962 ], [ 8.36, 39.118 ], [ 8.456, 39.074 ], [ 8.41, 38.962 ] ] ], [ [ [ 8.306, 39.193 ], [ 8.29, 39.099 ], [ 8.225, 39.157 ], [ 8.306, 39.193 ] ] ], [ [ [ 8.442, 39.118 ], [ 8.372, 39.231 ], [ 8.426, 39.283 ], [ 8.374, 39.379 ], [ 8.403375027076835, 39.444351195047652 ], [ 8.824534298959872, 39.512594595299603 ], [ 9.000549079887257, 39.670189224734585 ], [ 9.147910291826463, 39.715216261716009 ], [ 9.23796436578931, 39.868717524152686 ], [ 9.315738338757225, 39.917837928132421 ], [ 9.366905426236116, 40.016078736091892 ], [ 9.499939853681232, 40.134786379042914 ], [ 9.655, 40.145 ], [ 9.732, 40.084 ], [ 9.649, 39.639 ], [ 9.645, 39.484 ], [ 9.558, 39.14 ], [ 9.443, 39.124 ], [ 9.292, 39.221 ], [ 9.079, 39.212 ], [ 9.018, 39.146 ], [ 9.015, 38.99 ], [ 8.853, 38.878 ], [ 8.717, 38.933 ], [ 8.6, 38.899 ], [ 8.56, 39.057 ], [ 8.442, 39.118 ] ] ] ] } },
{ "type": "Feature", "properties": { "id": "galizia1054", "colorId": "galiz", "name": "Галиция", "parent": null }, "geometry": { "type": "MultiPolygon", "coordinates": [ [ [ [ 22.531868726491389, 50.384523148190929 ], [ 23.429114365968992, 50.115349456347658 ], [ 23.980754277647808, 49.636818448626279 ], [ 24.66531946924923, 49.384260416773323 ], [ 26.200606452355331, 49.357675360788811 ], [ 26.99151186789484, 49.065239744959079 ], [ 28.234363235171209, 48.653171377198994 ], [ 28.3967604241085, 48.070117909205216 ], [ 28.724229680182066, 47.313287181266915 ], [ 27.943769527751257, 47.088428738431197 ], [ 26.957722899713612, 46.571754859533243 ], [ 26.630253539848713, 46.306140823198383 ], [ 26.069917079635438, 46.022334044648801 ], [ 25.788984744826319, 46.09504989903931 ], [ 25.791692132219339, 46.428058548380612 ], [ 25.705055735642741, 46.706919449861537 ], [ 25.342265824978234, 47.167175306674729 ], [ 25.131089608322775, 47.321496388076795 ], [ 24.968646364741655, 47.400010622474312 ], [ 24.502975733142431, 47.45957314512075 ], [ 23.799055010957566, 47.362107198972076 ], [ 23.474168523795321, 47.400010622474333 ], [ 23.214259334065527, 47.686993686134308 ], [ 23.149282036633078, 47.871096028859583 ], [ 23.024742216554216, 47.984806299366369 ], [ 22.802736450326684, 48.331351885672767 ], [ 22.337065818727464, 48.515454228398035 ], [ 21.855150862770131, 48.607505399760669 ], [ 21.802424157734386, 48.912809318245195 ], [ 21.898100911599187, 49.207199330136895 ], [ 22.229289674977352, 49.553107594109647 ], [ 22.435362683301541, 49.847497606001347 ], [ 22.531868726491389, 50.384523148190929 ] ] ] ] } },
{ "type": "Feature", "properties": { "id": "france987", "colorId": "france", "name": "Франция", "parent": null }, "geometry": { "type": "MultiPolygon", "coordinates": [ [ [ [ 3.052, 42.555 ], [ 3.127881454496422, 42.482059687313715 ], [ 3.181, 42.431 ], [ 3.204, 42.34 ], [ 3.318, 42.323 ], [ 3.263, 42.24 ], [ 3.152, 42.257 ], [ 3.122, 42.14 ], [ 3.214, 42.068 ], [ 3.236, 41.966 ], [ 3.15, 41.845 ], [ 2.933, 41.712 ], [ 2.297, 41.465 ], [ 2.06, 41.275 ], [ 1.83077460105347, 41.236282324876875 ], [ 1.653854564110179, 41.45062772463077 ], [ 1.578149463279257, 41.623067120967868 ], [ 1.27532905995557, 41.871211618135888 ], [ 0.888391877930859, 41.879623296005995 ], [ 0.64865905863294, 41.955328396836912 ], [ 0.748677317441396, 42.601292385505701 ], [ 0.698207250161743, 42.70223252006501 ], [ 0.417467500918677, 42.699078140860031 ], [ 0.212432852595088, 42.771628862574531 ], [ -0.039, 42.685 ], [ -0.161, 42.795 ], [ -0.323, 42.843 ], [ -0.424, 42.791 ], [ -0.583, 42.796 ], [ -0.73, 42.878 ], [ -0.76, 42.947 ], [ -0.932702655071294, 42.922092768426083 ], [ -0.981, 42.957 ], [ -1.183623117325545, 43.024503004589008 ], [ -1.110346734016217, 43.173874093642638 ], [ -1.111069103490649, 43.305491238466622 ], [ -1.161076537845752, 43.362701696785905 ], [ -1.313265949334357, 43.351428407046008 ], [ -1.404, 43.243 ], [ -1.747, 43.291 ], [ -1.794, 43.386 ], [ -1.661, 43.4 ], [ -1.477, 43.58 ], [ -1.346, 44.019 ], [ -1.247, 44.505 ], [ -1.26, 44.627 ], [ -1.14, 45.49 ], [ -1.085, 45.569 ], [ -1.23, 45.792 ], [ -1.383399830378558, 45.990984630361247 ], [ -1.495721541947496, 46.243708481391359 ], [ -1.504, 46.419 ], [ -1.805, 46.504 ], [ -1.857, 46.635 ], [ -2.119, 46.82 ], [ -2.102, 46.931 ], [ -1.993, 47.052 ], [ -2.278, 47.246 ], [ -2.556, 47.383 ], [ -2.392, 47.424 ], [ -2.502, 47.527 ], [ -2.817, 47.499 ], [ -2.909, 47.558 ], [ -2.741, 47.551 ], [ -2.775, 47.629 ], [ -3.074, 47.576 ], [ -3.528, 47.78 ], [ -3.852, 47.801 ], [ -3.935, 47.888 ], [ -4.107, 47.88 ], [ -4.225, 47.802 ], [ -4.372, 47.807 ], [ -4.435, 47.976 ], [ -4.684, 48.067 ], [ -4.755, 48.342 ], [ -4.775, 48.491 ], [ -4.722, 48.568 ], [ -4.564, 48.63 ], [ -4.307, 48.642 ], [ -3.974, 48.733 ], [ -3.81, 48.733 ], [ -3.571, 48.688 ], [ -3.515, 48.842 ], [ -3.372, 48.822 ], [ -3.091, 48.871 ], [ -3.042, 48.794 ], [ -2.827, 48.658 ], [ -2.682, 48.509 ], [ -2.577, 48.582 ], [ -2.312, 48.687 ], [ -2.214, 48.582 ], [ -2.145, 48.636 ], [ -1.844, 48.712 ], [ -1.554, 48.747 ], [ -1.375519234696523, 48.628620312218601 ], [ -1.518517758488264, 48.334211586765022 ], [ -1.312431650670755, 48.262712324869149 ], [ -1.219903194099628, 48.308976553154714 ], [ -1.068492992437784, 48.161772190427918 ], [ -0.971758696931606, 47.997744471960921 ], [ -0.858201045685223, 47.909421854324847 ], [ -0.605850709582151, 47.913627693259897 ], [ -0.46285218579041, 47.825305075623824 ], [ -0.193678493947132, 47.766423330533115 ], [ 0.19325868807758, 47.610807289936218 ], [ 0.496079091401266, 47.514072994430038 ], [ 1.036529394555348, 47.610807289936204 ], [ 1.086999461775962, 47.720159102247543 ], [ 1.086999461775962, 47.875775142844432 ], [ 0.967133052127002, 47.999847391428453 ], [ 0.929280501711542, 48.138640076285149 ], [ 0.777870300049698, 48.285844439011939 ], [ 0.857781239815671, 48.412019607063478 ], [ 1.125953872148179, 48.446139413483962 ], [ 1.26220228406885, 48.555802769420112 ], [ 1.431682015970173, 48.771806349294344 ], [ 1.664301255834735, 48.884792837228566 ], [ 1.664301255834734, 49.163935925066035 ], [ 1.694209443817321, 49.459694672893832 ], [ 1.611131143865692, 49.672375120770006 ], [ 1.611131143865692, 49.805300400692609 ], [ 1.491498391935346, 49.921610020624897 ], [ 1.221615618385549, 49.986422922022726 ], [ 1.391, 50.075 ], [ 1.555, 50.218 ], [ 1.569349849232088, 50.400960585461469 ], [ 1.583, 50.575 ], [ 1.581, 50.869 ], [ 1.73, 50.944 ], [ 1.920303951130392, 50.993338063553239 ], [ 1.973, 51.007 ], [ 2.522, 51.088 ], [ 3.125, 51.33 ], [ 3.349, 51.375 ], [ 3.541, 51.417 ], [ 3.858, 51.345 ], [ 3.984, 51.41 ], [ 4.221, 51.368 ], [ 4.261, 51.369 ], [ 4.312316248729982, 51.271619686806915 ], [ 4.159380264712439, 51.127506932636543 ], [ 3.90644767576035, 51.02456925108627 ], [ 3.682925852965479, 51.027510327701989 ], [ 3.582929248030932, 50.921631569536004 ], [ 3.577047094799488, 50.815752811370018 ], [ 3.444698647091999, 50.665757903968192 ], [ 3.494696949559272, 50.486352230409153 ], [ 3.568223864952322, 50.421648544863267 ], [ 3.485873719712107, 50.318710863313001 ], [ 3.165296368598411, 50.115776576828182 ], [ 3.321496701292498, 50.051491464799881 ], [ 3.776436263535372, 50.053860941686565 ], [ 3.920974353622951, 50.089403094986793 ], [ 4.340571230802936, 50.024031654685963 ], [ 4.657, 49.989 ], [ 4.709766075047106, 49.905845704751805 ], [ 4.654505584544988, 49.802232285060335 ], [ 4.52326191960246, 49.68825752339972 ], [ 4.564707287479047, 49.608820568302924 ], [ 4.709766075047106, 49.512114709924219 ], [ 4.654505584544988, 49.415408851545514 ], [ 4.488724113038637, 49.37741726432531 ], [ 4.443824964505666, 49.318702993166809 ], [ 4.585429971417342, 49.194366889537044 ], [ 4.803018152769428, 49.19782067019343 ], [ 4.958438282306632, 49.00440895343602 ], [ 4.965345843619397, 48.655577107141404 ], [ 5.241648296129982, 48.448350267758464 ], [ 5.393614645010805, 48.265299892970191 ], [ 5.725177588023508, 48.071888176212781 ], [ 5.797706981807536, 47.951005853239408 ], [ 5.707908684741597, 47.864661336829847 ], [ 5.676824658834155, 47.729963891230938 ], [ 5.569757458486303, 47.698879865323498 ], [ 5.400522206323569, 47.574543761693732 ], [ 5.414337328949099, 47.388039606249087 ], [ 5.279639883350188, 47.305148870495913 ], [ 5.231286954160836, 47.180812766866147 ], [ 5.106950850531072, 47.032300198641707 ], [ 5.369438180416128, 46.91141787566832 ], [ 5.462690258138451, 46.752543965474736 ], [ 5.462690258138451, 46.62820786184497 ], [ 5.359076838446981, 46.507325538871598 ], [ 4.916992914430044, 46.445157487056711 ], [ 4.796110591456663, 46.210300402422718 ], [ 4.530169480915224, 46.099779421418482 ], [ 4.343665325470578, 45.978897098445103 ], [ 4.191698976589756, 46.006527343696156 ], [ 4.115715802149345, 46.213754183079097 ], [ 3.984472137206817, 46.272468454237597 ], [ 3.8704973755462, 46.227569305704627 ], [ 3.863589814233436, 46.130863447325922 ], [ 3.791060420449407, 45.909821485317451 ], [ 3.794514201105789, 45.768216478405776 ], [ 3.880858717515348, 45.585166103617517 ], [ 3.947292938505496, 45.511813859192415 ], [ 4.067362872959992, 45.457376219331373 ], [ 4.246959467091873, 45.491914025895191 ], [ 4.402379596629078, 45.453922438674986 ], [ 4.468001429100342, 45.232880476666523 ], [ 4.32985020284505, 45.008384734001666 ], [ 4.13989226674402, 44.904771314310196 ], [ 3.984472137206816, 44.901317533653817 ], [ 3.832505788325994, 44.828788139869786 ], [ 3.832505788325994, 44.604292397204937 ], [ 3.963749453268522, 44.497225196857087 ], [ 4.426556061223753, 44.431603364385822 ], [ 4.57161484879181, 44.286544576817761 ], [ 4.68904339110881, 44.141485789249707 ], [ 4.633782900606693, 43.937712730523145 ], [ 4.412740938598224, 43.723578329827447 ], [ 4.509446796976929, 43.613057348823212 ], [ 4.513, 43.456 ], [ 4.206, 43.46 ], [ 4.105, 43.552 ], [ 3.939, 43.533 ], [ 3.622, 43.375 ], [ 3.513, 43.281 ], [ 3.385, 43.284 ], [ 3.244, 43.219 ], [ 3.114, 43.106 ], [ 3.039, 42.943 ], [ 3.052, 42.555 ] ] ] ] } },
{ "type": "Feature", "properties": { "id": "arborea", "colorId": "arborea", "name": "Арборея", "parent": null }, "geometry": { "type": "MultiPolygon", "coordinates": [ [ [ [ 8.49, 40.104 ], [ 8.772353591017382, 40.199001920940304 ], [ 9.276605238121851, 40.199001920940304 ], [ 9.366905426236116, 40.016078736091892 ], [ 9.315738338757225, 39.917837928132421 ], [ 9.23796436578931, 39.868717524152686 ], [ 9.147910291826463, 39.715216261716009 ], [ 9.000549079887257, 39.670189224734585 ], [ 8.824534298959872, 39.512594595299603 ], [ 8.403375027076835, 39.444351195047652 ], [ 8.463, 39.577 ], [ 8.446, 39.763 ], [ 8.5, 39.716 ], [ 8.545, 39.879 ], [ 8.398, 39.905 ], [ 8.407, 40.022 ], [ 8.49, 40.104 ] ] ] ] } },
{ "type": "Feature", "properties": { "id": "chalukya982", "colorId": "chalukya", "name": "Чалукья", "parent": null }, "geometry": { "type": "MultiPolygon", "coordinates": [ [ [ [ 75.129301038414823, 14.786389345985668 ], [ 75.009570053714214, 14.583767679569261 ], [ 74.433028307009181, 14.291061869706551 ], [ 74.389, 14.463 ], [ 74.343, 14.564 ], [ 74.301, 14.527 ], [ 74.263, 14.702 ], [ 74.096, 14.793 ], [ 74.125, 14.846 ], [ 74.036, 14.921 ], [ 74.031, 14.995 ], [ 73.913, 15.079 ], [ 73.947, 15.161 ], [ 73.891, 15.343 ], [ 73.783, 15.408 ], [ 73.937, 15.411 ], [ 73.796, 15.449 ], [ 73.588, 15.903 ], [ 73.447, 16.069 ], [ 73.42, 16.217 ], [ 73.307, 16.563 ], [ 73.322, 16.692 ], [ 73.275, 16.849 ], [ 73.276, 17.079 ], [ 73.211, 17.275 ], [ 73.249, 17.285 ], [ 73.165, 17.413 ], [ 73.123, 17.723 ], [ 72.981, 18.081 ], [ 72.977, 18.243 ], [ 73.074, 18.224 ], [ 72.91, 18.368 ], [ 72.91, 18.559 ], [ 72.873218184937286, 18.69280969247373 ], [ 72.852, 18.77 ], [ 72.982, 18.871 ], [ 72.897, 18.894 ], [ 72.988, 18.999 ], [ 73.419454755821562, 19.065024464990511 ], [ 73.843154085574866, 18.965330505048559 ], [ 74.236945227345586, 18.955361109054362 ], [ 74.87997126897119, 19.030131579010828 ], [ 75.752293418463296, 19.030131579010828 ], [ 75.956666036344302, 19.114871444961491 ], [ 76.250763218173077, 19.488723794743819 ], [ 76.195308422042203, 20.530317361626487 ], [ 76.195308422042203, 20.868356143369908 ], [ 76.579973242646787, 21.206394925113326 ], [ 77.378444158144177, 21.611458637719664 ], [ 77.477524490724136, 21.873730106313698 ], [ 77.803906762752277, 22.246738417202991 ], [ 77.908815350189883, 22.453641464649394 ], [ 78.141945544495684, 22.724655315529894 ], [ 78.20605634792976, 22.899502961259252 ], [ 78.544095129673181, 23.016068058412152 ], [ 79.05698155714596, 23.068522352130962 ], [ 79.54072671033046, 23.272511272148577 ], [ 79.633978788052787, 23.185087449283902 ], [ 79.843795962928013, 23.115148390992157 ], [ 79.937048040650325, 22.963613764693385 ], [ 80.152693470383198, 22.78876611896403 ], [ 80.379995409831366, 22.83539215782519 ], [ 80.560671310418357, 22.940300745262803 ], [ 80.741347211005362, 22.99275503898161 ], [ 81.242577128762846, 22.905331216116931 ], [ 81.493192087641589, 22.806250883536965 ], [ 81.720494027089757, 22.695514041241708 ], [ 81.924482947107322, 22.497353376081769 ], [ 81.662211478513356, 22.398273043501767 ], [ 81.236748873905256, 22.036921242327768 ], [ 80.729690701290124, 21.255935091403316 ], [ 80.379995409831423, 20.556544508485892 ], [ 80.24011729324792, 20.154394923308384 ], [ 80.016702554980426, 19.315505539344681 ], [ 80.011717856983324, 18.817035739634907 ], [ 80.116396514922371, 18.388351711884503 ], [ 80.709575576577009, 17.912313053161668 ], [ 81.247922960263566, 17.683016945295169 ], [ 80.948841080437717, 17.54843009937353 ], [ 80.45037128072795, 17.194516541579592 ], [ 80.031656648971719, 16.845587681782749 ], [ 79.941932085023964, 16.706016137864012 ], [ 79.630388460205353, 16.658661506891583 ], [ 79.410180785969146, 16.578035780607227 ], [ 79.290449801268551, 16.495145098891424 ], [ 79.239794384664449, 16.384624189937018 ], [ 79.03487019931147, 16.182002523520612 ], [ 78.945071960786038, 16.154372296282009 ], [ 78.721230579432955, 16.085010026199917 ], [ 78.343617473838748, 16.025144533849616 ], [ 78.030474898467929, 15.822522867433209 ], [ 77.933769103132818, 15.87317828403731 ], [ 77.39497967198011, 15.983699192991715 ], [ 77.095652210228593, 15.933043776387613 ], [ 76.879215430192886, 15.748842261463606 ], [ 76.731854218253673, 15.486355102696896 ], [ 76.46936705948697, 15.389649307361791 ], [ 76.170039597735453, 15.35741404225009 ], [ 75.902947401095645, 15.122557110721981 ], [ 75.727955961917843, 14.989011012402075 ], [ 75.511519181882136, 14.892305217066973 ], [ 75.313502553338822, 14.892305217066973 ], [ 75.129301038414823, 14.786389345985668 ] ] ] ] } },
{ "type": "Feature", "properties": { "id": "granada_emirate1058", "colorId": "granada", "name": "Гранада", "parent": null }, "geometry": { "type": "MultiPolygon", "coordinates": [ [ [ [ -2.67928362156489, 37.683901423284951 ], [ -2.594115383030476, 37.534857005849723 ], [ -2.594115383030476, 37.343228469147292 ], [ -2.689929651381691, 37.188861036803672 ], [ -2.689929651381691, 36.928033306292029 ], [ -2.577, 36.811 ], [ -2.659, 36.695 ], [ -2.757, 36.68 ], [ -2.933, 36.752 ], [ -3.33, 36.745 ], [ -3.415, 36.696 ], [ -3.601, 36.743 ], [ -4.057, 36.748 ], [ -4.225, 36.712 ], [ -4.433, 36.711 ], [ -4.525, 36.581 ], [ -4.723, 36.493 ], [ -4.903, 36.507 ], [ -5.054179835840984, 36.455896932772148 ], [ -5.1024555157398, 36.580609121429347 ], [ -4.893557719650765, 36.659478697503779 ], [ -4.654122152581598, 37.017193806007754 ], [ -4.654122152581598, 37.083731492362787 ], [ -4.422571004066162, 37.144946163809365 ], [ -4.220296437546931, 37.134300133992561 ], [ -4.140451213920918, 37.256729476885781 ], [ -3.741225095790853, 37.408435401775229 ], [ -3.650733842348038, 37.55481831175625 ], [ -3.682671931798444, 37.711847251554076 ], [ -3.923675094951682, 37.934181575679709 ], [ -3.911434367862087, 38.247807878571322 ], [ -3.789005024968867, 38.394190788552336 ], [ -3.61866854790004, 38.463389982361548 ], [ -3.42704001119761, 38.463389982361548 ], [ -3.192827355227974, 38.569850280529565 ], [ -2.931999624716332, 38.575173295437963 ], [ -2.410344163693049, 38.686956608514386 ], [ -2.49443047987315, 38.554480133454284 ], [ -2.490167259544802, 38.315739795066818 ], [ -2.441882651306358, 38.166470492154311 ], [ -2.441882651306358, 38.108917017721623 ], [ -2.631595955917827, 37.944783035080242 ], [ -2.676622114110684, 37.852907146626706 ], [ -2.67928362156489, 37.683901423284951 ] ] ] ] } },
{ "type": "Feature", "properties": { "id": "tomara971", "colorId": "tomara", "name": "Томара", "parent": null }, "geometry": { "type": "MultiPolygon", "coordinates": [ [ [ [ 78.773281928050608, 30.242642564417878 ], [ 78.713465552085438, 30.210242027436774 ], [ 78.406906625263943, 30.235165517422274 ], [ 78.332136155307467, 29.836389677654452 ], [ 78.242411591359712, 29.746665113706694 ], [ 78.100347698442434, 29.72921867071685 ], [ 78.249888638355358, 28.9565904811667 ], [ 78.459245954233452, 28.453135983459834 ], [ 78.200041658384379, 28.453135983459834 ], [ 78.020592530488855, 28.353442023517879 ], [ 77.482245146802299, 28.353442023517879 ], [ 77.30731556224157, 28.350167886869198 ], [ 77.033936031463242, 28.602518222972268 ], [ 76.979260125307576, 28.976837888191827 ], [ 76.781585695360164, 29.330128358736129 ], [ 76.520198433362452, 29.619555314780687 ], [ 76.580014809327622, 29.978453570571723 ], [ 76.83921910517671, 30.367260014345348 ], [ 77.068515213043199, 30.656372498177017 ], [ 77.641755482709428, 30.960439075999957 ], [ 78.773281928050608, 30.242642564417878 ] ] ] ] } },
{ "type": "Feature", "properties": { "id": "ethiopia999", "colorId": "ethiopia", "name": "Эфиопия", "parent": null }, "geometry": { "type": "MultiPolygon", "coordinates": [ [ [ [ 38.363252182775675, 12.670641214573017 ], [ 37.568348623865013, 13.489202617498862 ], [ 38.300164598735151, 14.273065849202419 ], [ 39.183390775302541, 14.29830088281863 ], [ 39.902589233364552, 13.48920261749886 ], [ 39.183390775302534, 12.683258731381121 ], [ 38.363252182775675, 12.670641214573017 ] ] ] ] } },
{ "type": "Feature", "properties": { "id": "karakhan_khwaresm", "colorId": "khitan", "name": null, "parent": "kara_khanid" }, "geometry": { "type": "MultiPolygon", "coordinates": [ [ [ [ 71.035445854530437, 38.412447869102181 ], [ 70.743421453898975, 38.375043793115971 ], [ 70.696159132148708, 38.171225030567975 ], [ 70.501202054928896, 37.9585445826918 ], [ 70.518925425585252, 37.642477805986942 ], [ 70.448031942959872, 37.533183686939466 ], [ 70.208766439099179, 37.453428518985902 ], [ 69.86906850151918, 37.536137582048859 ], [ 69.733189326487178, 37.46229020431408 ], [ 69.733189326487178, 37.302779868406951 ], [ 69.508693298173455, 37.081237735202606 ], [ 69.310782325844244, 37.081237735202606 ], [ 69.047885661108424, 37.205301329797038 ], [ 68.903144800748251, 37.202347434687645 ], [ 68.158763233181659, 36.859695601998261 ], [ 68.022884058149657, 36.912865713967307 ], [ 67.709771176554185, 37.225978595562779 ], [ 66.864957175268259, 37.255517546656762 ], [ 66.826556538846177, 37.296872078188237 ], [ 66.882680545924615, 37.559768742924057 ], [ 66.847233804611918, 37.790172561456579 ], [ 66.950620133440609, 37.926051736488574 ], [ 66.950620133440623, 38.032391960426658 ], [ 66.729078000236271, 38.056023121301791 ], [ 66.519351447469489, 38.191902296333787 ], [ 66.283039838718196, 38.256887988740395 ], [ 66.040820439748103, 38.256887988740395 ], [ 65.320070033056638, 38.664525513836395 ], [ 64.98923378080481, 38.782681318212042 ], [ 64.658397528552996, 38.971730605213082 ], [ 64.416178129582917, 39.018992926963342 ], [ 64.055802926237178, 39.172595472651693 ], [ 63.919923751205182, 39.373460340090297 ], [ 63.405946002171106, 39.639310899935509 ], [ 62.756089078105063, 40.100118537000526 ], [ 62.747227392776878, 40.265536663126426 ], [ 62.637933273729402, 40.472309320783815 ], [ 62.519777469353748, 40.504802166987112 ], [ 62.360267133446627, 40.729298195300849 ], [ 62.271650280164884, 41.048318867115107 ], [ 62.168263951336201, 41.207829203022222 ], [ 61.799027062662283, 41.314169426960298 ], [ 61.728133580036896, 41.26986100031943 ], [ 61.500683656613781, 41.314169426960312 ], [ 60.457466290202781, 42.12736198574126 ], [ 59.51130038889363, 42.588468152834984 ], [ 59.235834366993501, 43.438819785657131 ], [ 60.445489506641906, 44.223299108894466 ], [ 60.643642859691951, 45.69675320886099 ], [ 61.086727126100641, 46.184145901910526 ], [ 61.931541127386517, 46.139837475269665 ], [ 62.008342400230688, 45.9921427198001 ], [ 61.890186595855042, 45.86217133498689 ], [ 62.167852736137817, 45.744015530611236 ], [ 62.740908387359717, 45.903525866518365 ], [ 63.325779619019187, 45.667214257767064 ], [ 63.98585826220269, 45.792042269724426 ], [ 64.074475115484432, 45.55573066097314 ], [ 64.399403577517461, 45.484837178347746 ], [ 64.724332039550504, 45.154000926095932 ], [ 65.510068138648577, 45.059476282595412 ], [ 66.029953677901432, 44.787717932531415 ], [ 66.756611874811682, 44.037428574746052 ], [ 67.306036365158462, 43.990166252995792 ], [ 67.684134939160543, 43.476188503961716 ], [ 68.023832876740542, 43.355078804476669 ], [ 68.090295516701843, 43.108428562842512 ], [ 68.373869447203404, 43.002088338904429 ], [ 68.503840832016621, 42.281337932212963 ], [ 68.255713642827743, 41.773267973397658 ], [ 68.332514915671922, 41.477878462458534 ], [ 68.19663574063992, 41.271105804801145 ], [ 68.881939406018688, 41.011163035174718 ], [ 69.254130189801998, 40.633064461172637 ], [ 69.257200998676907, 40.362018641300402 ], [ 69.452158075896733, 40.302940739112579 ], [ 69.534867138959697, 40.078444710798841 ], [ 70.054752678212552, 39.594005912858677 ], [ 70.20244743368211, 39.345878723669813 ], [ 70.350142189151683, 39.050489212730689 ], [ 70.982275742561399, 38.613312736540784 ], [ 71.035445854530437, 38.412447869102181 ] ] ] ] } },
{ "type": "Feature", "properties": { "id": "ronda_emirate", "colorId": "ronda", "name": "Ронда", "parent": null }, "geometry": { "type": "MultiPolygon", "coordinates": [ [ [ [ -5.046085882480584, 37.081791520166121 ], [ -4.868293738041685, 37.057100610448558 ], [ -4.654122152581598, 37.083731492362787 ], [ -4.654122152581598, 37.017193806007754 ], [ -4.893557719650765, 36.659478697503779 ], [ -5.1024555157398, 36.580609121429347 ], [ -5.330881743735841, 36.568079004429016 ], [ -5.423780558445131, 36.736470673569954 ], [ -5.383748944386602, 36.935506048951808 ], [ -5.288587983215232, 37.020093569993023 ], [ -5.092979340807418, 37.028023650090638 ], [ -5.046085882480584, 37.081791520166121 ] ] ] ] } },
{ "type": "Feature", "properties": { "id": "arabs868", "colorId": null, "name": "арабы", "parent": null }, "geometry": { "type": "MultiPolygon", "coordinates": [ [ [ [ 48.887, 14.25 ], [ 48.853, 14.167 ], [ 48.681, 14.044 ], [ 48.565, 14.046 ], [ 48.469, 13.989 ], [ 48.338, 14.016 ], [ 48.189, 13.969 ], [ 48.14, 14.031 ], [ 48.017, 14.057 ], [ 47.867, 13.962 ], [ 47.667, 13.887 ], [ 47.398, 13.655 ], [ 47.167, 13.586 ], [ 46.912, 13.533 ], [ 46.701, 13.43 ], [ 46.313, 13.414 ], [ 46.315139586784419, 13.532980426219943 ], [ 46.202983881849718, 13.753553312591517 ], [ 46.087089653417195, 13.891878682010979 ], [ 45.903902002023855, 13.936740963984859 ], [ 45.754361062110924, 14.018988480936972 ], [ 45.503879987756761, 14.056373715915205 ], [ 45.34312347735036, 14.168529420849902 ], [ 45.18236696694396, 14.318070360762835 ], [ 44.696358912226927, 14.400317877714947 ], [ 44.16175005203818, 14.361063380987803 ], [ 43.79163622575367, 14.147967541611873 ], [ 43.608448574360338, 14.108713044884727 ], [ 43.443953540456107, 14.108713044884727 ], [ 43.262635150811683, 14.030204051430438 ], [ 43.15036360818047, 14.001462536944699 ], [ 43.096, 14.084 ], [ 42.987, 14.489 ], [ 43.029, 14.538 ], [ 42.942, 14.789 ], [ 42.937, 14.948 ], [ 42.864, 15.136 ], [ 42.61, 15.244 ], [ 42.678, 15.308 ], [ 42.809, 15.268 ], [ 42.774, 15.491 ], [ 42.719, 15.57 ], [ 42.699, 15.717 ], [ 42.82, 15.875 ], [ 42.843, 16.052 ], [ 42.789, 16.371 ], [ 42.788, 16.472 ], [ 42.725, 16.566 ], [ 42.737, 16.671 ], [ 42.636, 16.815 ], [ 42.542, 16.878 ], [ 42.544, 17.004 ], [ 42.46, 17.038 ], [ 42.402, 17.164 ], [ 42.339, 17.174 ], [ 42.302, 17.454 ], [ 42.460151672291104, 17.523433875745233 ], [ 42.616273272438811, 17.679555475892943 ], [ 43.151134309981884, 17.809656809349367 ], [ 43.772729569829245, 17.812547950092842 ], [ 44.021367673768189, 17.93975814280579 ], [ 44.524426163133029, 17.994689816931835 ], [ 44.342284296294004, 18.494857165553199 ], [ 44.056450278472873, 18.688603658391635 ], [ 43.931742310720402, 18.876487743692042 ], [ 43.665013972542646, 19.066060096252933 ], [ 43.596369984477178, 19.240771477370028 ], [ 43.399396479232841, 19.387597061838481 ], [ 43.255215376746996, 19.674442588891441 ], [ 43.157078766037941, 19.965431608687872 ], [ 42.956700657049844, 20.035330949032556 ], [ 42.774962372153666, 20.697044704295571 ], [ 42.816901976360477, 20.934702461467495 ], [ 42.733022767946849, 21.149060438524529 ], [ 42.509344878843862, 21.32147881137475 ], [ 42.173828045189374, 22.109011379258195 ], [ 41.69851253084552, 22.593646805648007 ], [ 41.44221494958169, 23.045662539876968 ], [ 41.232516928547625, 23.497678274105922 ], [ 41.269796576731459, 24.000953524587651 ], [ 40.980879303306764, 24.504228775069379 ], [ 40.198006691446295, 25.287101386929844 ], [ 39.927729242113514, 26.647808545639709 ], [ 39.508333200045413, 27.286222520787828 ], [ 39.087955625990276, 27.815452357369253 ], [ 38.685469492868243, 28.236658775752772 ], [ 38.432745641838139, 28.442581913629166 ], [ 37.983458795562385, 28.835707904120451 ], [ 37.337608954041002, 29.500278030903338 ], [ 36.923852535375708, 30.072206817191375 ], [ 36.722215866117118, 30.486951261190498 ], [ 36.440796644373961, 31.100230807109007 ], [ 36.295744367503808, 31.582087948987645 ], [ 36.249981355304534, 32.343421326803707 ], [ 36.319368733147961, 32.800221564272924 ], [ 36.576680259317335, 33.375558572224669 ], [ 36.805080378051947, 33.661781505828799 ], [ 36.914943726304038, 33.823685387463463 ], [ 37.254711864933064, 34.031303201386237 ], [ 37.559233311988251, 34.21314765455238 ], [ 37.971766967389314, 34.287669863269997 ], [ 38.903294576359471, 34.287669863269997 ], [ 39.531410335550774, 34.330253982537201 ], [ 39.818853140604418, 34.287669863269997 ], [ 40.265986392910087, 34.415422221071616 ], [ 40.519867124372603, 34.357347247620154 ], [ 41.269374703143619, 33.864490178052144 ], [ 42.4244689382666, 33.13523713560123 ], [ 43.481822701224409, 32.184771296181907 ], [ 43.876786784438288, 31.829398962187735 ], [ 44.805816726417468, 30.995477392579723 ], [ 45.498072793916769, 30.431689498423733 ], [ 46.308335609155414, 29.980011078014108 ], [ 47.087567082533859, 29.645562171298579 ], [ 47.705, 29.364 ], [ 47.837, 29.388 ], [ 47.899, 29.335 ], [ 47.986, 29.394 ], [ 48.1, 29.35 ], [ 48.092, 29.287 ], [ 48.158, 29.017 ], [ 48.329, 28.76 ], [ 48.394, 28.743 ], [ 48.433, 28.54 ], [ 48.535, 28.408 ], [ 48.535, 28.299 ], [ 48.618, 28.217 ], [ 48.606, 28.126 ], [ 48.878, 27.837 ], [ 48.804, 27.815 ], [ 48.78, 27.714 ], [ 48.873, 27.612 ], [ 48.969, 27.62 ], [ 49.078, 27.547 ], [ 49.24, 27.545 ], [ 49.323, 27.206 ], [ 49.375, 27.149 ], [ 49.524, 27.133 ], [ 49.699, 26.958 ], [ 49.872, 26.862 ], [ 49.942, 26.858 ], [ 50.142, 26.681 ], [ 49.984, 26.708 ], [ 50.031, 26.495 ], [ 50.192, 26.404 ], [ 50.202, 26.171 ], [ 50.155, 26.166 ], [ 50.141, 26.036 ], [ 50.066, 26.174 ], [ 49.976, 26.14 ], [ 50.101, 25.989 ], [ 50.118, 25.868 ], [ 50.247, 25.679 ], [ 50.145, 25.733 ], [ 50.348, 25.482 ], [ 50.463, 25.447 ], [ 50.525, 25.293 ], [ 50.545, 25.119 ], [ 50.726, 24.882 ], [ 50.737, 24.782 ], [ 50.808, 24.747 ], [ 50.851, 24.891 ], [ 50.776, 25.092 ], [ 50.751, 25.495 ], [ 50.847, 25.467 ], [ 50.857, 25.651 ], [ 50.899, 25.532 ], [ 50.902, 25.79 ], [ 50.984, 25.981 ], [ 51.047, 26.053 ], [ 51.251, 26.16 ], [ 51.347, 26.105 ], [ 51.404, 25.954 ], [ 51.512, 25.946 ], [ 51.577, 25.881 ], [ 51.592, 25.747 ], [ 51.505, 25.687 ], [ 51.472, 25.521 ], [ 51.519, 25.426 ], [ 51.519, 25.297 ], [ 51.59, 25.284 ], [ 51.617, 25.137 ], [ 51.587, 24.953 ], [ 51.5, 24.855 ], [ 51.444, 24.68 ], [ 51.341, 24.57 ], [ 51.339, 24.646 ], [ 51.215, 24.626 ], [ 51.302, 24.517 ], [ 51.396, 24.608 ], [ 51.444, 24.555 ], [ 51.306, 24.406 ], [ 51.282, 24.303 ], [ 51.413, 24.323 ], [ 51.569, 24.256 ], [ 51.574, 24.364 ], [ 51.634, 24.227 ], [ 51.718, 24.223 ], [ 51.759, 24.291 ], [ 51.809, 24.001 ], [ 52.067, 23.963 ], [ 52.341, 24.008 ], [ 52.575, 24.152 ], [ 52.947, 24.138 ], [ 53.0, 24.166 ], [ 53.254, 24.099 ], [ 53.437, 24.12 ], [ 53.581, 24.049 ], [ 53.854, 24.062 ], [ 54.123, 24.145 ], [ 54.323, 24.271 ], [ 54.383, 24.255 ], [ 54.486, 24.388 ], [ 54.499, 24.488 ], [ 54.417, 24.535 ], [ 54.486, 24.57 ], [ 54.582, 24.508 ], [ 54.671, 24.666 ], [ 54.64, 24.733 ], [ 54.707, 24.804 ], [ 55.082, 25.017 ], [ 55.291031102311834, 25.267535477118823 ], [ 55.359, 25.349 ], [ 55.473, 25.413 ], [ 55.525, 25.543 ], [ 55.626, 25.536 ], [ 55.657, 25.598 ], [ 55.878, 25.74 ], [ 56.014, 25.879 ], [ 56.077, 26.061 ], [ 56.182, 26.246 ], [ 56.308, 26.222 ], [ 56.364, 26.386 ], [ 56.453, 26.318 ], [ 56.399, 26.269 ], [ 56.487, 26.235 ], [ 56.329, 26.173 ], [ 56.439, 25.926 ], [ 56.302, 25.763 ], [ 56.279, 25.627 ], [ 56.37, 25.526 ], [ 56.382, 25.327 ], [ 56.362, 25.057 ], [ 56.383, 24.978 ], [ 56.494, 24.7 ], [ 56.611, 24.496 ], [ 56.801, 24.303 ], [ 56.939, 24.116 ], [ 57.152, 23.954 ], [ 57.326, 23.884 ], [ 57.645, 23.79 ], [ 57.796, 23.782 ], [ 57.913, 23.718 ], [ 58.043, 23.725 ], [ 58.412, 23.616 ], [ 58.491, 23.657 ], [ 58.600319617291014, 23.603266698267664 ], [ 58.786, 23.512 ], [ 58.808, 23.421 ], [ 58.915, 23.336 ], [ 59.084, 23.055 ], [ 59.208, 22.97 ], [ 59.298, 22.793 ], [ 59.535, 22.583 ], [ 59.803, 22.535 ], [ 59.845, 22.445 ], [ 59.792, 22.198 ], [ 59.688, 22.083 ], [ 59.645, 21.926 ], [ 59.498, 21.756 ], [ 59.336, 21.438 ], [ 59.166, 21.363 ], [ 58.919, 21.144 ], [ 58.793, 20.927 ], [ 58.68, 20.828 ], [ 58.519, 20.417 ], [ 58.418, 20.36 ], [ 58.203, 20.405 ], [ 58.264, 20.588 ], [ 58.104, 20.575 ], [ 58.076, 20.48 ], [ 57.956, 20.4 ], [ 57.967, 20.33 ], [ 57.824, 20.201 ], [ 57.848, 20.112 ], [ 57.762, 19.843 ], [ 57.699, 19.754 ], [ 57.704, 19.549 ], [ 57.774, 19.41 ], [ 57.751, 19.268 ], [ 57.84, 19.015 ], [ 57.71, 18.944 ], [ 57.501, 18.954 ], [ 57.208, 18.91 ], [ 56.915, 18.81 ], [ 56.785, 18.729 ], [ 56.66, 18.595 ], [ 56.561, 18.149 ], [ 56.463, 18.084 ], [ 56.345, 17.938 ], [ 56.188, 17.957 ], [ 55.909, 17.907 ], [ 55.653, 17.895 ], [ 55.445, 17.841 ], [ 55.356, 17.682 ], [ 55.263, 17.608 ], [ 55.225, 17.515 ], [ 55.301, 17.417 ], [ 55.255, 17.229 ], [ 55.027, 17.011 ], [ 54.792, 16.951 ], [ 54.592, 17.038 ], [ 54.39, 17.039 ], [ 54.023, 16.985 ], [ 53.981, 16.909 ], [ 53.753, 16.868 ], [ 53.583, 16.75 ], [ 53.339, 16.735 ], [ 53.09, 16.642 ], [ 52.985, 16.628 ], [ 52.851, 16.556 ], [ 52.598, 16.477 ], [ 52.42, 16.371 ], [ 52.293, 16.264 ], [ 52.156, 15.984 ], [ 52.224, 15.847 ], [ 52.228, 15.616 ], [ 52.047, 15.57 ], [ 51.68, 15.403 ], [ 51.676, 15.34 ], [ 51.549, 15.323 ], [ 51.368, 15.23 ], [ 51.07, 15.15 ], [ 50.554, 15.049 ], [ 50.18, 14.843 ], [ 49.942, 14.839 ], [ 49.578, 14.737 ], [ 49.078, 14.506 ], [ 49.004, 14.325 ], [ 48.887, 14.25 ] ] ] ] } },
{ "type": "Feature", "properties": { "id": "khitan907", "colorId": "khitan", "name": "Ляо", "parent": null }, "geometry": { "type": "MultiPolygon", "coordinates": [ [ [ [ 118.633, 39.075 ], [ 118.514, 38.919 ], [ 118.488, 39.05 ], [ 118.56, 39.003 ], [ 118.633, 39.075 ] ] ], [ [ [ 121.423, 39.475 ], [ 121.434, 39.386 ], [ 121.266, 39.434 ], [ 121.423, 39.475 ] ] ], [ [ [ 114.199299134734716, 39.269709647844223 ], [ 113.965875073566323, 39.458972400142926 ], [ 113.637819636248594, 39.446354883323004 ], [ 113.284529165291019, 39.288635923074089 ], [ 112.906003660693628, 39.206622063744653 ], [ 112.704123391575024, 39.080446895545521 ], [ 112.37606795425728, 38.998433036216085 ], [ 111.934454865560326, 38.998433036216085 ], [ 111.574855636192794, 39.080446895545514 ], [ 111.518076810503189, 39.440046124913039 ], [ 111.421653645460381, 39.560036119100886 ], [ 111.506393511411105, 39.706253927015723 ], [ 111.506393511411105, 40.114999162777735 ], [ 111.439930871449803, 40.340972138646165 ], [ 111.18072657560073, 40.626761490479765 ], [ 110.522998763107225, 40.788143954415681 ], [ 110.223664560157985, 40.846088202352036 ], [ 109.804949928401768, 40.846088202352036 ], [ 109.176877980767458, 40.939135898297856 ], [ 108.911027420922252, 41.002275406261091 ], [ 108.535513505140884, 41.138523818181767 ], [ 108.063628761415657, 41.155139478172096 ], [ 107.797778201570438, 41.228248382129529 ], [ 107.060042897999978, 41.347881134059875 ], [ 106.282430010452728, 41.314649814079225 ], [ 105.916885490665564, 41.447575094001827 ], [ 105.577926026862912, 41.540622789947655 ], [ 105.192442715087353, 41.58050037392443 ], [ 102.427596892697139, 41.540622789947648 ], [ 101.337609597331777, 41.826412141781255 ], [ 100.447010221850277, 41.995891873682581 ], [ 96.804857551970883, 42.002538137678719 ], [ 96.53128902159763, 42.053135442461873 ], [ 95.445393980283853, 42.109914268151485 ], [ 95.02665014082298, 42.223471919530702 ], [ 94.799534838064517, 42.351224277332314 ], [ 94.118188929789213, 42.961596653495612 ], [ 93.926560393086788, 43.26678284157726 ], [ 93.798808035285163, 43.571969029658909 ], [ 93.720737149961977, 43.898447277374153 ], [ 93.720737149961977, 44.480430240692648 ], [ 93.947852452720412, 45.076607910433545 ], [ 94.174967755478846, 45.367599392092785 ], [ 94.501446003194104, 45.62310410769603 ], [ 94.785340131642144, 45.715369699441645 ], [ 100.640656530883078, 47.042574749936264 ], [ 104.203527842906041, 47.801991543534783 ], [ 108.554205361372354, 48.511726864654889 ], [ 112.926174939472247, 48.909178644482161 ], [ 117.46848099464097, 49.036931002283779 ], [ 121.911424104852898, 48.923373350904548 ], [ 126.45373016002155, 48.511726864654861 ], [ 130.964098125739724, 47.759407424267486 ], [ 132.515668588279226, 47.805332549337734 ], [ 133.137151382546023, 48.047862420271109 ], [ 133.864740995346153, 48.191864531137803 ], [ 134.228535801746233, 48.419236285137842 ], [ 135.175918110079749, 48.479868752871191 ], [ 135.350236454813114, 48.335866642004497 ], [ 135.607924442679831, 48.252496998871145 ], [ 135.842875255146538, 47.972071835604424 ], [ 135.986877366013232, 47.615856087671027 ], [ 136.077826067613245, 47.062584819604254 ], [ 136.047509833746574, 46.911003650270892 ], [ 135.941403015213211, 46.683631896270846 ], [ 135.630661618079813, 46.281941797537442 ], [ 135.441185156413127, 46.122781569737413 ], [ 134.319484503346246, 45.637721827870649 ], [ 133.720738884479459, 45.417929132337285 ], [ 133.258416318012706, 45.114766793670562 ], [ 132.083662255679144, 44.879815981203848 ], [ 131.704709332345715, 44.750971987270489 ], [ 131.113542771945617, 44.258333186937065 ], [ 130.954382544145574, 44.023382374470359 ], [ 130.742168907078877, 43.826326854336983 ], [ 130.416269393012129, 43.621692275736947 ], [ 130.211634814412093, 43.280634644736885 ], [ 130.204619220794484, 42.935098284028975 ], [ 130.744080209283254, 42.379613702209987 ], [ 130.7, 42.295 ], [ 130.598, 42.263 ], [ 130.51, 42.336 ], [ 130.407, 42.325 ], [ 130.307, 42.183 ], [ 130.202, 42.174 ], [ 130.199, 42.101 ], [ 130.073, 42.078 ], [ 129.954, 41.892 ], [ 129.897, 41.904 ], [ 129.843, 41.759 ], [ 129.775, 41.759 ], [ 129.649, 41.549 ], [ 129.659, 41.465 ], [ 129.806, 41.376 ], [ 129.712, 41.123 ], [ 129.756, 40.939 ], [ 129.717, 40.835 ], [ 129.352, 40.745 ], [ 129.303, 40.674 ], [ 129.218, 40.696 ], [ 129.173, 40.569 ], [ 129.078, 40.473 ], [ 128.976, 40.46 ], [ 128.861, 40.372 ], [ 128.619, 40.297 ], [ 128.665, 40.201 ], [ 128.164, 40.018 ], [ 128.007, 40.045 ], [ 127.875, 39.893 ], [ 127.851218243894522, 40.028597730828025 ], [ 127.709985133976758, 40.028597730828025 ], [ 127.513920346090885, 39.955488826870585 ], [ 127.367702538176019, 39.835856074940246 ], [ 127.125113902317267, 39.762747170982813 ], [ 126.849293946477857, 39.795978490963464 ], [ 126.656552290590085, 39.869087394920896 ], [ 126.508672916676232, 39.962135090866717 ], [ 126.342516316772972, 39.965458222864783 ], [ 126.256114884823276, 40.091737238791261 ], [ 126.139805264890981, 40.131614822768036 ], [ 126.03346504095289, 40.091737238791254 ], [ 125.794199537092197, 40.078444710798998 ], [ 125.554934033231504, 40.15155361475643 ], [ 125.41536248931277, 40.264540102690646 ], [ 125.275790945394036, 40.317710214659684 ], [ 125.023232913541079, 40.317710214659684 ], [ 124.817198729661044, 40.237955046706119 ], [ 124.577933225800351, 40.291125158675165 ], [ 124.37, 40.098 ], [ 124.287, 39.929 ], [ 124.118, 39.833 ], [ 123.986, 39.81 ], [ 123.72, 39.831 ], [ 123.631, 39.904 ], [ 123.591, 39.784 ], [ 123.41, 39.735 ], [ 123.387, 39.79 ], [ 123.206, 39.735 ], [ 123.174, 39.666 ], [ 123.009, 39.68 ], [ 122.964, 39.612 ], [ 122.849, 39.618 ], [ 122.588, 39.467 ], [ 122.396, 39.411 ], [ 122.115, 39.201 ], [ 122.127, 39.142 ], [ 121.86, 38.945 ], [ 121.772, 39.022 ], [ 121.592, 38.949 ], [ 121.705, 38.873 ], [ 121.485, 38.81 ], [ 121.345, 38.815 ], [ 121.153, 38.728 ], [ 121.118, 38.943 ], [ 121.334, 38.969 ], [ 121.674, 39.088 ], [ 121.593, 39.192 ], [ 121.78, 39.371 ], [ 121.549, 39.362 ], [ 121.436, 39.509 ], [ 121.223, 39.529 ], [ 121.306, 39.598 ], [ 121.547, 39.673 ], [ 121.457, 39.748 ], [ 121.536, 39.862 ], [ 121.874, 39.991 ], [ 121.991, 40.187 ], [ 122.092, 40.227 ], [ 122.106, 40.31 ], [ 122.302, 40.502 ], [ 122.138, 40.624 ], [ 122.049, 40.746 ], [ 121.851, 40.832 ], [ 121.826, 40.948 ], [ 121.74, 40.849 ], [ 121.575, 40.841 ], [ 121.361, 40.94 ], [ 121.176, 40.922 ], [ 121.05, 40.797 ], [ 120.991, 40.831 ], [ 120.94, 40.741 ], [ 121.021, 40.719 ], [ 120.825, 40.674 ], [ 120.798, 40.6 ], [ 120.546, 40.402 ], [ 120.505, 40.249 ], [ 120.436, 40.194 ], [ 119.95, 40.057 ], [ 119.912, 39.998 ], [ 119.739745695240131, 39.948980703654698 ], [ 119.536, 39.891 ], [ 119.34, 39.716 ], [ 119.256, 39.493 ], [ 119.305, 39.433 ], [ 119.016, 39.19 ], [ 118.859, 39.208 ], [ 118.796, 39.152 ], [ 118.619, 39.161 ], [ 118.344, 39.031 ], [ 118.235, 39.053 ], [ 118.141, 39.173 ], [ 118.045, 39.219 ], [ 117.886, 39.201 ], [ 117.757, 39.114 ], [ 117.775, 38.981 ], [ 117.709, 38.981 ], [ 117.281189938520569, 38.941192521063364 ], [ 117.098235944803037, 38.745621010537718 ], [ 117.003604568742247, 38.436491848739131 ], [ 116.779581324406948, 38.247690785431253 ], [ 116.438908370269303, 38.2981608527109 ], [ 116.173940517051136, 38.424336020910047 ], [ 115.953133972702659, 38.682995115718263 ], [ 115.719709911534267, 38.771317733457657 ], [ 115.618769776974958, 39.061520620315655 ], [ 116.009912798392264, 39.610382601981875 ], [ 115.700783636304379, 39.862732938380141 ], [ 115.448433299906114, 39.818571629510444 ], [ 115.158230413048116, 39.585147568342052 ], [ 115.032055244848991, 39.332797231943793 ], [ 114.804939942090556, 39.130916962825182 ], [ 114.369635611803545, 39.175078271694879 ], [ 114.199299134734716, 39.269709647844223 ] ] ] ] } },
{ "type": "Feature", "properties": { "id": "kiev", "colorId": "kiev", "name": "Киев", "parent": null }, "geometry": { "type": "MultiPolygon", "coordinates": [ [ [ [ 32.071694331199012, 49.541696016581639 ], [ 35.03104713861979, 48.537456621276498 ], [ 35.33589067684548, 48.431478830459639 ], [ 35.023974193005998, 47.775925542390212 ], [ 34.151665382268448, 47.559170019722089 ], [ 34.199245862854127, 47.363561377314277 ], [ 33.792168417843271, 46.882469851392351 ], [ 33.215915930749986, 46.776735450090833 ], [ 32.819411925869282, 46.718581529374994 ], [ 32.491635281834562, 46.618133848138548 ], [ 32.322460239752125, 46.533546327097334 ], [ 31.970893355424582, 46.626063928236192 ], [ 31.878375754285752, 46.8348893708067 ], [ 31.949746475164279, 46.863966331164619 ], [ 31.984110155587274, 46.985560892661368 ], [ 31.89423591448098, 47.049001533442279 ], [ 31.79643159327707, 47.228750015654867 ], [ 31.576312432684951, 47.482610649030747 ], [ 31.065837803212268, 47.544537154742954 ], [ 30.561292406537255, 47.576879808375971 ], [ 29.60718412436335, 47.487937510885168 ], [ 28.724229680182066, 47.313287181266915 ], [ 28.3967604241085, 48.070117909205216 ], [ 28.580515505266341, 48.292788273045446 ], [ 28.831575347829432, 48.522016824950875 ], [ 29.315502290740895, 48.75852247374219 ], [ 29.4501285831298, 49.118738769593584 ], [ 28.802466960285884, 49.537171840532068 ], [ 27.49183053158082, 50.116300184470404 ], [ 27.016807243366156, 50.498835507311725 ], [ 26.384975151649382, 50.765550248517563 ], [ 25.404102084679039, 52.690456079473421 ], [ 25.818555493258046, 52.658220814361684 ], [ 26.408000341014869, 52.713481268838883 ], [ 26.997445188771692, 52.883867670143594 ], [ 27.508604392685822, 53.247665662118528 ], [ 28.834855300138678, 53.256875737864732 ], [ 29.474955564499602, 53.192405207641329 ], [ 30.216843145345656, 53.073513793306766 ], [ 30.479078803237311, 52.495910866155363 ], [ 31.048049343714116, 51.931818120061365 ], [ 30.879867544822442, 51.838024424525628 ], [ 30.663831089488806, 51.596087268883871 ], [ 30.650234704028044, 51.504895092105585 ], [ 30.789308114650005, 51.339947558577215 ], [ 30.650234704028044, 50.803059508269186 ], [ 30.695514419114268, 50.731905670276554 ], [ 30.828119299009622, 50.282342784777654 ], [ 31.025409486171007, 50.127098047339189 ], [ 31.263127990373661, 50.020367290350244 ], [ 31.605960118883608, 50.007430228897036 ], [ 31.683582487602841, 49.748688999832929 ], [ 32.071694331199012, 49.541696016581639 ] ] ] ] } },
{ "type": "Feature", "properties": { "id": "papuan", "colorId": null, "name": "папуа", "parent": null }, "geometry": { "type": "MultiPolygon", "coordinates": [ [ [ [ 143.412, -8.596 ], [ 143.271, -8.469 ], [ 143.475, -8.525 ], [ 143.608, -8.638 ], [ 143.653, -8.706 ], [ 143.412, -8.596 ] ] ], [ [ [ 143.574, -8.374 ], [ 143.612, -8.462 ], [ 143.53, -8.486 ], [ 143.379, -8.426 ], [ 143.317, -8.372 ], [ 143.574, -8.374 ] ] ], [ [ [ 138.897, -8.337 ], [ 138.894, -8.405 ], [ 138.558, -8.367 ], [ 138.564, -8.307 ], [ 138.689, -8.181 ], [ 138.831, -8.186 ], [ 138.897, -8.337 ] ] ], [ [ [ 138.939, -7.542 ], [ 139.076, -7.576 ], [ 138.989, -7.738 ], [ 138.983, -7.83 ], [ 138.884, -7.933 ], [ 138.904, -8.076 ], [ 138.661, -8.169 ], [ 138.603, -8.255 ], [ 138.444, -8.379 ], [ 138.293, -8.419 ], [ 138.178, -8.385 ], [ 137.849, -8.378 ], [ 137.638, -8.426 ], [ 137.759, -8.073 ], [ 137.801, -8.042 ], [ 137.895, -7.816 ], [ 138.028, -7.61 ], [ 138.244, -7.456 ], [ 138.395, -7.405 ], [ 138.621, -7.365 ], [ 138.805, -7.374 ], [ 138.939, -7.542 ] ] ], [ [ [ 148.745, -10.136 ], [ 148.683, -10.105 ], [ 148.639, -10.188 ], [ 148.402, -10.2 ], [ 148.155, -10.071 ], [ 147.977, -10.166 ], [ 147.913, -10.089 ], [ 147.762, -10.06 ], [ 147.621, -9.989 ], [ 147.518, -9.879 ], [ 147.491, -9.768 ], [ 147.345, -9.58 ], [ 147.053, -9.46 ], [ 146.983, -9.301 ], [ 146.916, -9.26 ], [ 146.909, -9.104 ], [ 146.627, -9.023 ], [ 146.558, -8.941 ], [ 146.566, -8.818 ], [ 146.435, -8.611 ], [ 146.277, -8.435 ], [ 146.222, -8.26 ], [ 146.117, -8.2 ], [ 146.079, -8.087 ], [ 145.798, -8.007 ], [ 145.772, -7.927 ], [ 145.408, -7.932 ], [ 145.322, -7.862 ], [ 144.996, -7.817 ], [ 144.88, -7.782 ], [ 144.852, -7.569 ], [ 144.825, -7.683 ], [ 144.771, -7.681 ], [ 144.654, -7.561 ], [ 144.661, -7.634 ], [ 144.585, -7.652 ], [ 144.517, -7.508 ], [ 144.514, -7.672 ], [ 144.407, -7.514 ], [ 144.441, -7.686 ], [ 144.508, -7.798 ], [ 144.344, -7.659 ], [ 144.229, -7.666 ], [ 144.276, -7.768 ], [ 144.215, -7.796 ], [ 143.924, -7.694 ], [ 143.828, -7.632 ], [ 143.766, -7.506 ], [ 143.76, -7.583 ], [ 143.856, -7.808 ], [ 143.957, -7.972 ], [ 143.804, -7.933 ], [ 143.914, -8.008 ], [ 143.767, -8.04 ], [ 143.651, -7.981 ], [ 143.448, -7.982 ], [ 143.548, -8.032 ], [ 143.628, -8.186 ], [ 143.592, -8.242 ], [ 143.338, -8.248 ], [ 142.98, -8.336 ], [ 142.715, -8.268 ], [ 142.632, -8.309 ], [ 142.769, -8.33 ], [ 142.9, -8.413 ], [ 143.132, -8.486 ], [ 143.262, -8.592 ], [ 143.4, -8.782 ], [ 143.406, -8.962 ], [ 143.315, -9.024 ], [ 143.173, -9.043 ], [ 142.653, -9.33 ], [ 142.577, -9.324 ], [ 142.465, -9.24 ], [ 142.223, -9.161 ], [ 141.868, -9.22 ], [ 141.783, -9.2 ], [ 141.635, -9.232 ], [ 141.51, -9.215 ], [ 141.422, -9.15 ], [ 141.31, -9.152 ], [ 141.232, -9.213 ], [ 141.115, -9.218 ], [ 140.977, -9.106 ], [ 140.857, -9.049 ], [ 140.622, -8.807 ], [ 140.507, -8.638 ], [ 140.252, -8.409 ], [ 140.032, -8.246 ], [ 139.971, -8.142 ], [ 139.631, -8.125 ], [ 139.515, -8.179 ], [ 139.357, -8.199 ], [ 139.283, -8.173 ], [ 139.224, -8.074 ], [ 139.09, -8.134 ], [ 138.914, -8.292 ], [ 138.839, -8.138 ], [ 138.921, -8.08 ], [ 138.911, -7.923 ], [ 138.994, -7.865 ], [ 139.007, -7.754 ], [ 139.093, -7.56 ], [ 138.958, -7.507 ], [ 138.886, -7.361 ], [ 138.688, -7.193 ], [ 138.762, -7.114 ], [ 138.572, -6.942 ], [ 138.581, -6.891 ], [ 138.673, -6.695 ], [ 138.709, -6.63 ], [ 138.466, -6.402 ], [ 138.39, -6.234 ], [ 138.365, -6.092 ], [ 138.158, -5.774 ], [ 138.071, -5.729 ], [ 138.075, -5.42 ], [ 137.987, -5.47 ], [ 137.925, -5.329 ], [ 137.822, -5.363 ], [ 137.706, -5.222 ], [ 137.58, -5.182 ], [ 137.465, -5.096 ], [ 137.404, -5.098 ], [ 136.822, -4.928 ], [ 136.355, -4.677 ], [ 136.036, -4.586 ], [ 135.97, -4.52 ], [ 135.725, -4.495 ], [ 135.43, -4.43 ], [ 135.228, -4.461 ], [ 134.823, -4.259 ], [ 134.658, -4.133 ], [ 134.525, -4.026 ], [ 134.43, -3.908 ], [ 134.334, -3.869 ], [ 134.315, -4.02 ], [ 134.144, -3.875 ], [ 134.193, -3.836 ], [ 134.127, -3.745 ], [ 134.092, -3.824 ], [ 133.959, -3.838 ], [ 133.844, -3.638 ], [ 133.829, -3.722 ], [ 133.708, -3.61 ], [ 133.409, -3.722 ], [ 133.456, -3.847 ], [ 133.269, -4.052 ], [ 133.079, -4.061 ], [ 132.969, -4.112 ], [ 132.796, -3.941 ], [ 132.826, -3.938 ], [ 132.731, -3.682 ], [ 132.756, -3.628 ], [ 132.881, -3.643 ], [ 132.932, -3.554 ], [ 132.832, -3.461 ], [ 132.812, -3.282 ], [ 132.692, -3.338 ], [ 132.602, -3.232 ], [ 132.553, -3.107 ], [ 132.326, -2.947 ], [ 132.188, -2.917 ], [ 132.075, -2.958 ], [ 131.978, -2.915 ], [ 132.044, -2.803 ], [ 131.966, -2.793 ], [ 132.202, -2.676 ], [ 132.586, -2.717 ], [ 132.737, -2.81 ], [ 132.835, -2.736 ], [ 133.034, -2.479 ], [ 133.173, -2.422 ], [ 133.312, -2.443 ], [ 133.411, -2.567 ], [ 133.438, -2.503 ], [ 133.519, -2.59 ], [ 133.607, -2.532 ], [ 133.667, -2.563 ], [ 133.682, -2.717 ], [ 133.713, -2.512 ], [ 133.817, -2.649 ], [ 133.82, -2.477 ], [ 133.747, -2.438 ], [ 133.987, -2.406 ], [ 133.895, -2.363 ], [ 133.95, -2.293 ], [ 133.792, -2.26 ], [ 133.95, -2.169 ], [ 133.94, -2.108 ], [ 133.71, -2.176 ], [ 133.646, -2.236 ], [ 133.446, -2.238 ], [ 133.296, -2.204 ], [ 132.944, -2.283 ], [ 132.816, -2.245 ], [ 132.699, -2.305 ], [ 132.56, -2.186 ], [ 132.348, -2.27 ], [ 132.215, -2.166 ], [ 132.073, -2.105 ], [ 131.973, -1.965 ], [ 131.928, -1.806 ], [ 132.018, -1.683 ], [ 131.917, -1.707 ], [ 131.897, -1.601 ], [ 131.964, -1.539 ], [ 131.805, -1.608 ], [ 131.811, -1.52 ], [ 131.723, -1.572 ], [ 131.704, -1.511 ], [ 131.573, -1.48 ], [ 131.428, -1.498 ], [ 131.373, -1.395 ], [ 131.275, -1.392 ], [ 131.324, -1.469 ], [ 131.206, -1.524 ], [ 131.126, -1.453 ], [ 130.96, -1.446 ], [ 131.03, -1.276 ], [ 131.182, -1.217 ], [ 131.254, -1.08 ], [ 131.243, -0.819 ], [ 131.545, -0.737 ], [ 131.517, -0.785 ], [ 131.884, -0.682 ], [ 132.1, -0.47 ], [ 132.27, -0.385 ], [ 132.437, -0.347 ], [ 132.709, -0.36 ], [ 132.905, -0.453 ], [ 132.975, -0.445 ], [ 133.155, -0.532 ], [ 133.392, -0.723 ], [ 133.745, -0.751 ], [ 133.977, -0.723 ], [ 134.172, -0.864 ], [ 134.036, -0.958 ], [ 134.127, -1.148 ], [ 134.204, -1.213 ], [ 134.282, -1.35 ], [ 134.207, -1.574 ], [ 134.087, -1.683 ], [ 134.156, -2.039 ], [ 134.152, -2.175 ], [ 134.193, -2.379 ], [ 134.33, -2.522 ], [ 134.484, -2.539 ], [ 134.556, -2.465 ], [ 134.658, -2.563 ], [ 134.667, -2.826 ], [ 134.701, -2.959 ], [ 134.772, -2.978 ], [ 134.851, -2.9 ], [ 134.819, -3.136 ], [ 134.881, -3.243 ], [ 134.964, -3.238 ], [ 134.985, -3.33 ], [ 135.322, -3.386 ], [ 135.47, -3.363 ], [ 135.639, -3.178 ], [ 135.767, -3.109 ], [ 135.746, -3.077 ], [ 135.91, -2.986 ], [ 135.965, -2.776 ], [ 136.072, -2.673 ], [ 136.266, -2.56 ], [ 136.404, -2.22 ], [ 136.759, -2.249 ], [ 137.024, -2.118 ], [ 137.226, -2.074 ], [ 137.205, -1.95 ], [ 137.102, -1.888 ], [ 137.143, -1.787 ], [ 137.349, -1.71 ], [ 137.532, -1.598 ], [ 137.794, -1.484 ], [ 137.925, -1.484 ], [ 138.075, -1.61 ], [ 138.665, -1.789 ], [ 138.803, -1.921 ], [ 139.865, -2.372 ], [ 140.166, -2.325 ], [ 140.21, -2.402 ], [ 140.332, -2.456 ], [ 140.389, -2.397 ], [ 140.608, -2.439 ], [ 140.745, -2.499 ], [ 140.699, -2.608 ], [ 140.974, -2.601 ], [ 141.043, -2.59 ], [ 141.276, -2.642 ], [ 141.296, -2.676 ], [ 141.801, -2.9 ], [ 141.906, -2.967 ], [ 142.0, -2.956 ], [ 142.063, -3.06 ], [ 143.029, -3.356 ], [ 143.125, -3.348 ], [ 143.478, -3.421 ], [ 143.619, -3.545 ], [ 143.818, -3.622 ], [ 143.996, -3.793 ], [ 144.167, -3.801 ], [ 144.25, -3.868 ], [ 144.276, -3.807 ], [ 144.513, -3.818 ], [ 144.551, -3.968 ], [ 144.868, -4.099 ], [ 144.877, -4.172 ], [ 144.996, -4.239 ], [ 145.051, -4.342 ], [ 145.181, -4.39 ], [ 145.346, -4.39 ], [ 145.69, -4.768 ], [ 145.812, -4.861 ], [ 145.785, -4.969 ], [ 145.811, -5.067 ], [ 145.727, -5.422 ], [ 145.76, -5.477 ], [ 145.969, -5.465 ], [ 146.173, -5.549 ], [ 146.461, -5.599 ], [ 146.798, -5.834 ], [ 146.933, -5.842 ], [ 147.042, -5.939 ], [ 147.244, -5.966 ], [ 147.289, -5.931 ], [ 147.449, -5.962 ], [ 147.622, -6.107 ], [ 147.726, -6.272 ], [ 147.827, -6.335 ], [ 147.868, -6.476 ], [ 147.854, -6.691 ], [ 147.6, -6.727 ], [ 147.195, -6.739 ], [ 147.132, -6.711 ], [ 146.977, -6.74 ], [ 146.942, -6.836 ], [ 146.956, -6.955 ], [ 147.058, -7.055 ], [ 147.069, -7.146 ], [ 147.141, -7.213 ], [ 147.188, -7.463 ], [ 147.355, -7.515 ], [ 147.581, -7.704 ], [ 147.607, -7.817 ], [ 147.683, -7.811 ], [ 147.727, -7.932 ], [ 147.876, -7.937 ], [ 147.999, -8.055 ], [ 148.114, -8.055 ], [ 148.211, -8.306 ], [ 148.238, -8.569 ], [ 148.437, -8.666 ], [ 148.487, -8.747 ], [ 148.496, -8.883 ], [ 148.559, -9.032 ], [ 148.621, -9.084 ], [ 148.758, -9.104 ], [ 148.892, -9.051 ], [ 149.069, -9.035 ], [ 149.142, -8.975 ], [ 149.318, -9.023 ], [ 149.337, -9.125 ], [ 149.248, -9.212 ], [ 149.183, -9.368 ], [ 149.227, -9.487 ], [ 149.451, -9.577 ], [ 149.62, -9.621 ], [ 149.731, -9.598 ], [ 150.012, -9.642 ], [ 150.056, -9.715 ], [ 149.731, -9.809 ], [ 149.725, -9.848 ], [ 149.939, -10.062 ], [ 150.188, -10.091 ], [ 150.301, -10.179 ], [ 150.602, -10.207 ], [ 150.627, -10.278 ], [ 150.874, -10.225 ], [ 150.689, -10.325 ], [ 150.598, -10.344 ], [ 150.4, -10.3 ], [ 150.347, -10.365 ], [ 150.647, -10.477 ], [ 150.693, -10.557 ], [ 150.487, -10.622 ], [ 150.43, -10.688 ], [ 150.319, -10.662 ], [ 150.211, -10.701 ], [ 149.896, -10.544 ], [ 150.082, -10.461 ], [ 149.962, -10.428 ], [ 149.912, -10.475 ], [ 149.872, -10.396 ], [ 149.748, -10.338 ], [ 149.461, -10.352 ], [ 149.368, -10.276 ], [ 149.327, -10.31 ], [ 149.067, -10.235 ], [ 148.978, -10.276 ], [ 148.738, -10.23 ], [ 148.745, -10.136 ] ] ], [ [ [ 134.521, -2.407 ], [ 134.581, -2.308 ], [ 134.581, -2.416 ], [ 134.521, -2.407 ] ] ] ] } },
{ "type": "Feature", "properties": { "id": "pecheneg_wallachia", "colorId": "pecheneg", "name": null, "parent": "pecheneg" }, "geometry": { "type": "MultiPolygon", "coordinates": [ [ [ [ 25.788984744826319, 46.09504989903931 ], [ 26.069917079635438, 46.022334044648801 ], [ 26.630253539848713, 46.306140823198383 ], [ 26.957722899713612, 46.571754859533243 ], [ 27.943769527751257, 47.088428738431197 ], [ 28.724229680182066, 47.313287181266915 ], [ 29.044618084931361, 47.211847198659576 ], [ 29.239549977228709, 47.103551702938823 ], [ 29.380334121665683, 46.865301612353178 ], [ 30.252112862217707, 46.112647917093973 ], [ 30.494, 46.08 ], [ 30.138, 45.82 ], [ 29.991, 45.847 ], [ 29.932, 45.724 ], [ 29.802, 45.737 ], [ 29.865, 45.672 ], [ 29.734, 45.614 ], [ 29.643, 45.827 ], [ 29.59, 45.559 ], [ 29.695, 45.562 ], [ 29.605, 45.487 ], [ 29.732, 45.476 ], [ 29.756, 45.321 ], [ 29.659, 45.216 ], [ 29.618, 44.861 ], [ 29.350356369481126, 44.998829850026823 ], [ 28.883352184650068, 45.170382407719863 ], [ 28.577, 45.248 ], [ 28.33, 45.323 ], [ 28.166167186516656, 45.432476593084246 ], [ 28.001762652060826, 45.380057756011368 ], [ 27.857886815035329, 44.83920310963174 ], [ 28.140458166884663, 44.508387868442277 ], [ 27.975050546289932, 44.298182350603156 ], [ 26.706925455063654, 44.087976832763999 ], [ 26.155566719747881, 43.963921117317952 ], [ 25.781, 43.732 ], [ 25.511166197847572, 43.622767899841321 ], [ 24.706, 43.744 ], [ 24.62278182777268, 43.913761576128451 ], [ 24.56745892941273, 44.135053169568245 ], [ 24.40702252416888, 44.422732241039974 ], [ 24.473410002200819, 44.776798790543644 ], [ 24.390425654660895, 45.130865340047322 ], [ 24.700233885476614, 45.617706845614855 ], [ 25.15388165202819, 45.827933859382668 ], [ 25.651787737267732, 45.921982786594583 ], [ 25.788984744826319, 46.09504989903931 ] ] ] ] } },
{ "type": "Feature", "properties": { "id": "khmer802", "colorId": "cambodia", "name": "Кхмеры", "parent": null }, "geometry": { "type": "MultiPolygon", "coordinates": [ [ [ [ 104.085, 10.248 ], [ 104.011, 10.03 ], [ 103.937, 10.266 ], [ 103.846, 10.371 ], [ 103.934, 10.366 ], [ 104.005, 10.451 ], [ 104.082, 10.371 ], [ 104.085, 10.248 ] ] ], [ [ [ 102.428, 11.961 ], [ 102.29, 11.975 ], [ 102.25, 12.153 ], [ 102.311, 12.146 ], [ 102.4, 12.043 ], [ 102.428, 11.961 ] ] ], [ [ [ 106.576, 9.649 ], [ 106.485, 9.547 ], [ 106.398, 9.542 ], [ 106.25, 9.631 ], [ 106.197, 9.541 ], [ 106.193, 9.369 ], [ 106.018, 9.315 ], [ 105.539, 9.129 ], [ 105.444, 9.041 ], [ 105.334, 8.84 ], [ 105.184, 8.741 ], [ 105.101, 8.634 ], [ 104.856, 8.566 ], [ 104.752, 8.591 ], [ 104.912, 8.685 ], [ 104.922, 8.809 ], [ 104.817, 8.771 ], [ 104.775, 8.818 ], [ 104.807, 9.046 ], [ 104.836, 9.556 ], [ 104.893, 9.851 ], [ 104.97, 9.854 ], [ 105.088, 9.997 ], [ 105.003, 10.092 ], [ 104.901, 10.097 ], [ 104.805, 10.207 ], [ 104.707, 10.222 ], [ 104.608, 10.154 ], [ 104.589, 10.261 ], [ 104.451, 10.42 ], [ 104.306, 10.479 ], [ 104.25, 10.57 ], [ 104.072, 10.556 ], [ 103.946, 10.588 ], [ 103.859, 10.68 ], [ 103.808, 10.538 ], [ 103.624, 10.501 ], [ 103.507, 10.635 ], [ 103.567, 10.727 ], [ 103.689, 10.741 ], [ 103.722, 10.895 ], [ 103.675, 11.064 ], [ 103.533, 11.163 ], [ 103.474, 11.134 ], [ 103.417, 10.958 ], [ 103.352, 10.872 ], [ 103.277, 10.933 ], [ 103.181, 10.864 ], [ 103.096, 10.934 ], [ 103.114, 11.161 ], [ 103.058, 11.221 ], [ 103.134, 11.316 ], [ 103.03, 11.543 ], [ 102.955, 11.557 ], [ 102.914, 11.646 ], [ 102.907, 11.741 ], [ 102.777, 11.903 ], [ 102.75, 12.04 ], [ 102.562, 12.202 ], [ 102.572, 12.091 ], [ 102.474, 12.149 ], [ 102.296, 12.19 ], [ 102.263, 12.29 ], [ 102.072, 12.489 ], [ 102.112, 12.537 ], [ 101.914, 12.555 ], [ 101.83, 12.673 ], [ 101.686, 12.702 ], [ 101.642, 12.651 ], [ 101.443, 12.625 ], [ 101.193066643273312, 12.664425943495186 ], [ 101.294219713712863, 13.004668019508959 ], [ 101.357307297738643, 13.310642802033934 ], [ 101.357307297738629, 13.604000067753756 ], [ 101.231132129687097, 14.215949632803708 ], [ 101.104956961635565, 14.638636445776354 ], [ 101.111265720038148, 15.067632017151583 ], [ 101.205897096076797, 15.383069937280426 ], [ 101.742717989338615, 15.377979881926272 ], [ 102.190639836026349, 15.542007600431644 ], [ 102.651179199522204, 15.907915587866706 ], [ 103.017087186957269, 16.071943306372077 ], [ 103.660580544170656, 16.103487098392339 ], [ 104.537497962333987, 16.021473239139656 ], [ 105.073742426678464, 16.021473239139656 ], [ 105.553208065386485, 15.971003171907233 ], [ 105.938042328033703, 15.901606829462656 ], [ 106.379655416317391, 16.122413373604502 ], [ 106.775820284307102, 16.175261184298709 ], [ 106.830606493370752, 16.142555338463335 ], [ 107.09454936533281, 15.975143605459582 ], [ 107.364253867059091, 15.656401921601232 ], [ 107.486846822389225, 15.243672305323113 ], [ 107.629871936941072, 14.998486394662848 ], [ 107.707514141983481, 14.736954756625227 ], [ 107.707514141983481, 14.123989979974555 ], [ 108.415160155350506, 13.495368996308992 ], [ 108.411189156062122, 12.728966133649928 ], [ 108.539750258023687, 12.48524605232506 ], [ 108.540246632934725, 12.330873454988936 ], [ 108.448913649301801, 12.015179011562015 ], [ 108.349638667092066, 11.803723299455303 ], [ 108.347653167447874, 11.524760599445985 ], [ 108.472, 11.053 ], [ 108.369, 11.023 ], [ 108.3, 10.913 ], [ 108.259, 10.952 ], [ 108.106, 10.918 ], [ 107.998, 10.699 ], [ 107.882, 10.717 ], [ 107.581, 10.57 ], [ 107.448, 10.473 ], [ 107.334, 10.454 ], [ 107.272, 10.378 ], [ 107.19, 10.405 ], [ 107.176, 10.477 ], [ 106.972, 10.474 ], [ 106.788, 10.393 ], [ 106.776, 10.275 ], [ 106.798, 10.157 ], [ 106.704, 10.084 ], [ 106.645, 9.973 ], [ 106.696, 9.897 ], [ 106.611, 9.817 ], [ 106.575, 9.739 ], [ 106.576, 9.649 ] ] ] ] } },
{ "type": "Feature", "properties": { "id": "dali937", "colorId": "dali", "name": "Дали", "parent": null }, "geometry": { "type": "MultiPolygon", "coordinates": [ [ [ [ 100.026680153491455, 28.36496146869656 ], [ 100.187747116207973, 27.867653593806438 ], [ 100.684001494585701, 27.702235467680527 ], [ 101.21570261427614, 27.108502550692883 ], [ 101.570170027403094, 26.547262479908547 ], [ 101.700141412216311, 26.251872968969423 ], [ 101.853743957904655, 26.104178213499857 ], [ 102.101871147093519, 25.956483458030295 ], [ 102.39726065803265, 26.186887276562814 ], [ 102.810805973347414, 26.364120983126288 ], [ 102.887607246191592, 26.216426227656726 ], [ 103.377953834350535, 26.46455341684559 ], [ 103.840581590542726, 26.627559732108498 ], [ 104.363383033603412, 26.552873811671258 ], [ 104.5625454881027, 26.453292584421597 ], [ 104.5625454881027, 26.036296195313675 ], [ 104.388278340415795, 25.681538073236784 ], [ 104.556321661399593, 25.345451431269204 ], [ 104.612336101727522, 24.965798002379902 ], [ 104.615448015079082, 24.567473093381285 ], [ 104.99510144396838, 24.411877425803702 ], [ 105.290733212365794, 24.200267317898188 ], [ 105.835318048887331, 23.969985729883369 ], [ 106.040704330089739, 23.503198727150618 ], [ 105.786891175144717, 23.257165152069561 ], [ 105.116716352673322, 23.163177219649789 ], [ 104.769369645904604, 22.999719945876279 ], [ 104.348467165937819, 22.88529985423482 ], [ 104.025639050235128, 22.72184258046131 ], [ 103.645600888711698, 22.629897863963713 ], [ 103.406544625817943, 22.685064693862266 ], [ 102.865092406443182, 22.654416455029732 ], [ 102.472794949386753, 22.693237557550944 ], [ 102.10501608339635, 22.582903897753823 ], [ 102.027373878353927, 22.501175260867068 ], [ 101.892, 22.43 ], [ 101.751539728861118, 22.147698906331851 ], [ 101.642346607758327, 21.419682524196528 ], [ 101.306552899677698, 21.290531098011673 ], [ 100.951327640468264, 21.472143286793926 ], [ 100.625279126552613, 21.645697520020036 ], [ 100.224909705379559, 21.684442947875496 ], [ 99.947234139082113, 21.813594374060351 ], [ 99.514576861362841, 22.16876079606871 ], [ 99.388654220832592, 22.4690378619485 ], [ 99.621126787965338, 22.953355710141714 ], [ 98.663, 23.97 ], [ 98.177859600349535, 24.051142832712998 ], [ 97.89, 24.023 ], [ 97.348061687111823, 24.212582115444071 ], [ 97.528873683770627, 24.580663680070916 ], [ 98.497509380157055, 25.581587233003567 ], [ 98.717066804671319, 25.962583940248898 ], [ 98.607288092414194, 26.440444217132871 ], [ 98.665406234197377, 26.853728780924413 ], [ 98.568542664558734, 27.357419343045358 ], [ 98.407103381827653, 27.748102407254546 ], [ 98.345756454389829, 28.200132398901548 ], [ 98.503211841951924, 28.309763341466866 ], [ 98.690885474532877, 28.591273790338303 ], [ 98.828880792607109, 28.845185175594896 ], [ 99.314624312228418, 28.889343677378648 ], [ 99.171109181431206, 28.602313415784241 ], [ 99.436060192133738, 28.342882217804682 ], [ 99.66237251377548, 28.61335304123018 ], [ 100.026680153491455, 28.36496146869656 ] ] ] ] } },
{ "type": "Feature", "properties": { "id": "hungary894", "colorId": "hungary", "name": "Венгрия", "parent": null }, "geometry": { "type": "MultiPolygon", "coordinates": [ [ [ [ 15.876855146018627, 46.565904290813585 ], [ 15.80955481415935, 46.704212062468514 ], [ 15.80955481415935, 46.888314405193789 ], [ 15.939509409024248, 47.148223594923586 ], [ 15.7878957150152, 47.353985036793006 ], [ 15.7878957150152, 47.527257829946208 ], [ 16.329373193618942, 47.998343236331465 ], [ 16.600111932920814, 48.02541711026165 ], [ 16.77879950086005, 48.17161602948466 ], [ 16.873, 48.719 ], [ 16.950857735641254, 48.83640824898913 ], [ 17.158459865754679, 49.017920516231641 ], [ 17.511399064720184, 49.112522775748168 ], [ 17.678772293095577, 49.188932293049973 ], [ 17.817037133927425, 49.370859715197142 ], [ 18.3846506910266, 49.476377620042506 ], [ 18.833, 49.51 ], [ 19.061534389407736, 49.449856637372832 ], [ 19.499723830843848, 49.289767022801378 ], [ 19.859806354115335, 49.143568103578367 ], [ 20.1440820303823, 49.00007657174838 ], [ 20.271329237854182, 48.867414589490473 ], [ 20.57455662587228, 48.737459994625574 ], [ 21.021275545720368, 48.607505399760669 ], [ 21.514020051249773, 48.558772426686332 ], [ 21.855150862770131, 48.607505399760669 ], [ 22.337065818727464, 48.515454228398035 ], [ 22.802736450326684, 48.331351885672767 ], [ 23.024742216554216, 47.984806299366369 ], [ 22.943185981651222, 47.88220648674185 ], [ 22.901267239188158, 47.4929610210134 ], [ 22.745569052896784, 47.30732087581984 ], [ 22.506033381679277, 47.133657514187149 ], [ 22.368300370729216, 46.870168275847881 ], [ 21.85329867761158, 46.552783511484684 ], [ 21.691612099539761, 46.337201407388932 ], [ 21.733530842002825, 46.097665736171422 ], [ 21.991031688561645, 45.876095240295228 ], [ 21.94911294609858, 45.654524744419035 ], [ 21.370477733142543, 44.813734075289936 ], [ 20.868931439550998, 44.637088839811163 ], [ 20.296864105740219, 44.955282028633469 ], [ 20.286526129453048, 45.105182684797441 ], [ 20.070083369336164, 45.179157642430667 ], [ 19.851582539799708, 45.229175904613733 ], [ 19.703388323311533, 45.189105200682391 ], [ 19.318554060304184, 45.291622524844186 ], [ 19.059894965495964, 45.509274689987691 ], [ 19.018, 45.567 ], [ 18.777339663209588, 45.619256826455477 ], [ 18.412, 45.743 ], [ 18.211, 45.785 ], [ 17.888063483814598, 45.816873755209912 ], [ 17.696434946840593, 45.882746064794723 ], [ 17.374558888642067, 45.969577745611069 ], [ 17.184427449613178, 46.068386209988304 ], [ 16.983816324968519, 46.122281736012241 ], [ 16.744280653751012, 46.301933489425373 ], [ 16.256226723645344, 46.307921881205807 ], [ 15.743672744800293, 46.401384854014466 ], [ 15.876855146018627, 46.565904290813585 ] ] ] ] } },
{ "type": "Feature", "properties": { "id": "seljuq_kurds1055", "colorId": "turkey", "name": null, "parent": "seljuq1035" }, "geometry": { "type": "MultiPolygon", "coordinates": [ [ [ [ 44.636137924450892, 37.397953174137328 ], [ 44.728366437387457, 37.046882646239858 ], [ 44.8140293955598, 36.819432722816728 ], [ 45.398900627219263, 35.956895350874483 ], [ 45.818353732752826, 35.685137000810492 ], [ 45.868259522517214, 35.458552759710933 ], [ 45.865305627407821, 35.287226843366241 ], [ 45.918786166472124, 35.159343671338846 ], [ 45.540687592470043, 34.846230789743373 ], [ 45.165542913577269, 34.778291202227301 ], [ 43.936722548070485, 34.784198992446079 ], [ 44.13424252179086, 35.018082111727331 ], [ 44.021920810221921, 35.153804179873127 ], [ 43.521153179477068, 35.224005249603721 ], [ 43.35267061212366, 35.233365392234461 ], [ 43.221628615293227, 35.411208102218616 ], [ 43.305869898969931, 35.673292095879475 ], [ 43.053146047939826, 35.92601594690958 ], [ 43.424572376411881, 36.060553878181672 ], [ 43.699481819795835, 36.282596120914867 ], [ 43.826363101357664, 36.488778203452831 ], [ 43.868656861878272, 36.753114206706634 ], [ 43.699481819795842, 37.445674535231596 ], [ 43.850161503268453, 37.397953174137328 ], [ 44.636137924450892, 37.397953174137328 ] ] ] ] } },
{ "type": "Feature", "properties": { "id": "byzantium961", "colorId": "byzantium", "name": "Византия", "parent": null }, "geometry": { "type": "MultiPolygon", "coordinates": [ [ [ [ 23.012, 36.308 ], [ 23.104, 36.237 ], [ 23.052, 36.145 ], [ 22.909, 36.206 ], [ 22.9, 36.328 ], [ 22.956, 36.383 ], [ 23.012, 36.308 ] ] ], [ [ [ 24.546, 36.689 ], [ 24.327, 36.651 ], [ 24.354, 36.754 ], [ 24.474, 36.747 ], [ 24.546, 36.689 ] ] ], [ [ [ 24.436, 37.487 ], [ 24.483, 37.412 ], [ 24.368, 37.31 ], [ 24.368, 37.412 ], [ 24.436, 37.487 ] ] ], [ [ [ 24.278, 37.623 ], [ 24.375, 37.686 ], [ 24.396, 37.625 ], [ 24.275, 37.532 ], [ 24.278, 37.623 ] ] ], [ [ [ 23.546, 37.774 ], [ 23.484, 37.679 ], [ 23.426, 37.768 ], [ 23.546, 37.774 ] ] ], [ [ [ 20.619, 37.823 ], [ 20.686, 37.93 ], [ 20.742, 37.862 ], [ 20.901, 37.792 ], [ 20.815, 37.652 ], [ 20.619, 37.823 ] ] ], [ [ [ 23.408, 37.899 ], [ 23.537, 37.988 ], [ 23.543, 37.929 ], [ 23.408, 37.899 ] ] ], [ [ [ 20.798, 38.131 ], [ 20.734, 38.062 ], [ 20.615, 38.12 ], [ 20.51, 38.111 ], [ 20.435, 38.279 ], [ 20.425, 38.175 ], [ 20.339, 38.2 ], [ 20.4, 38.364 ], [ 20.489, 38.313 ], [ 20.572, 38.474 ], [ 20.626, 38.352 ], [ 20.798, 38.131 ] ] ], [ [ [ 20.716, 38.392 ], [ 20.719, 38.316 ], [ 20.615, 38.467 ], [ 20.716, 38.392 ] ] ], [ [ [ 22.969, 38.889 ], [ 23.138, 39.009 ], [ 23.299, 39.042 ], [ 23.426, 38.954 ], [ 23.451, 38.875 ], [ 23.591, 38.774 ], [ 23.703, 38.765 ], [ 23.858, 38.683 ], [ 24.073, 38.679 ], [ 24.231, 38.522 ], [ 24.185, 38.408 ], [ 24.245, 38.241 ], [ 24.344, 38.159 ], [ 24.588, 38.159 ], [ 24.552, 37.978 ], [ 24.43, 38.021 ], [ 24.372, 37.972 ], [ 24.209, 38.179 ], [ 24.025, 38.331 ], [ 24.039, 38.395 ], [ 23.639, 38.416 ], [ 23.636, 38.529 ], [ 23.202, 38.83 ], [ 22.969, 38.889 ] ] ], [ [ [ 20.585, 38.618 ], [ 20.562, 38.691 ], [ 20.686, 38.85 ], [ 20.721, 38.638 ], [ 20.585, 38.618 ] ] ], [ [ [ 23.67, 39.118 ], [ 23.587, 39.208 ], [ 23.793, 39.118 ], [ 23.67, 39.118 ] ] ], [ [ [ 19.852, 39.711 ], [ 19.928, 39.625 ], [ 19.932, 39.479 ], [ 20.092, 39.434 ], [ 20.106, 39.365 ], [ 19.866, 39.469 ], [ 19.841, 39.552 ], [ 19.626, 39.748 ], [ 19.852, 39.825 ], [ 19.948, 39.79 ], [ 19.852, 39.711 ] ] ], [ [ [ 28.384, 41.447 ], [ 28.908, 41.267 ], [ 29.109, 41.235 ], [ 28.982, 41.002 ], [ 28.822, 40.962 ], [ 28.595, 40.978 ], [ 28.237, 41.085 ], [ 28.013, 41.041 ], [ 27.959, 40.975 ], [ 27.738, 41.013 ], [ 27.524, 40.989 ], [ 27.425, 40.831 ], [ 27.178, 40.633 ], [ 27.048, 40.612 ], [ 26.683, 40.455 ], [ 26.617, 40.36 ], [ 26.346, 40.2 ], [ 26.376, 40.154 ], [ 26.157, 40.055 ], [ 26.26, 40.194 ], [ 26.21, 40.322 ], [ 26.596, 40.51 ], [ 26.829, 40.602 ], [ 26.79, 40.661 ], [ 26.506, 40.599 ], [ 26.077, 40.612 ], [ 26.044, 40.738 ], [ 25.952, 40.846 ], [ 25.538, 40.87 ], [ 25.3, 40.952 ], [ 25.039, 41.006 ], [ 24.802, 40.853 ], [ 24.635, 40.859 ], [ 24.567, 40.952 ], [ 24.392, 40.936 ], [ 24.341, 40.831 ], [ 24.11, 40.728 ], [ 23.809, 40.78 ], [ 23.692, 40.695 ], [ 23.907, 40.525 ], [ 23.819, 40.488 ], [ 23.964, 40.379 ], [ 24.011, 40.449 ], [ 24.109, 40.357 ], [ 24.233, 40.317 ], [ 24.383, 40.179 ], [ 24.3, 40.128 ], [ 24.169, 40.275 ], [ 23.923, 40.369 ], [ 23.7, 40.326 ], [ 23.779, 40.203 ], [ 23.991, 40.119 ], [ 23.991, 39.954 ], [ 23.785, 40.067 ], [ 23.675, 40.218 ], [ 23.398, 40.278 ], [ 23.338, 40.208 ], [ 23.499, 40.042 ], [ 23.67, 39.986 ], [ 23.703, 39.913 ], [ 23.471, 39.972 ], [ 23.361, 39.961 ], [ 23.299, 40.235 ], [ 23.029, 40.326 ], [ 22.898, 40.402 ], [ 22.822, 40.502 ], [ 22.983, 40.553 ], [ 22.91, 40.645 ], [ 22.75, 40.523 ], [ 22.579, 40.468 ], [ 22.661, 40.369 ], [ 22.553, 40.167 ], [ 22.571, 40.054 ], [ 22.71, 39.957 ], [ 22.859, 39.773 ], [ 22.925, 39.6 ], [ 23.102, 39.497 ], [ 23.271, 39.323 ], [ 23.344, 39.18 ], [ 23.101, 39.105 ], [ 23.212, 39.19 ], [ 23.151, 39.285 ], [ 22.936, 39.361 ], [ 22.843, 39.288 ], [ 22.854, 39.159 ], [ 23.073, 39.042 ], [ 22.985, 38.954 ], [ 22.792, 38.878 ], [ 22.622, 38.914 ], [ 22.563, 38.836 ], [ 22.703, 38.851 ], [ 22.77, 38.785 ], [ 23.059, 38.728 ], [ 23.091, 38.649 ], [ 23.205, 38.683 ], [ 23.321, 38.643 ], [ 23.351, 38.502 ], [ 23.519, 38.491 ], [ 23.673, 38.356 ], [ 23.951, 38.291 ], [ 24.081, 38.166 ], [ 23.989, 38.123 ], [ 24.033, 38.008 ], [ 24.012, 37.892 ], [ 24.082, 37.753 ], [ 24.033, 37.652 ], [ 23.95, 37.677 ], [ 23.903, 37.782 ], [ 23.764, 37.816 ], [ 23.68, 37.946 ], [ 23.553, 37.98 ], [ 23.581, 38.046 ], [ 23.395, 37.988 ], [ 23.227, 37.974 ], [ 23.013, 37.848 ], [ 23.182, 37.809 ], [ 23.169, 37.614 ], [ 23.323, 37.537 ], [ 23.312, 37.617 ], [ 23.409, 37.626 ], [ 23.395, 37.515 ], [ 23.526, 37.439 ], [ 23.23, 37.385 ], [ 23.204, 37.303 ], [ 23.073, 37.355 ], [ 23.132, 37.449 ], [ 23.005, 37.46 ], [ 22.964, 37.522 ], [ 22.723, 37.542 ], [ 22.758, 37.398 ], [ 22.956, 37.124 ], [ 22.991, 36.987 ], [ 23.114, 36.781 ], [ 23.026, 36.716 ], [ 23.081, 36.579 ], [ 23.196, 36.433 ], [ 23.095, 36.443 ], [ 23.036, 36.528 ], [ 22.819, 36.665 ], [ 22.765, 36.804 ], [ 22.577, 36.783 ], [ 22.359, 36.702 ], [ 22.222, 36.898 ], [ 22.138, 36.917 ], [ 22.153, 37.021 ], [ 22.048, 37.035 ], [ 21.937, 36.98 ], [ 21.929, 36.822 ], [ 21.874, 36.727 ], [ 21.823, 36.809 ], [ 21.707, 36.818 ], [ 21.703, 36.957 ], [ 21.599, 37.046 ], [ 21.568, 37.156 ], [ 21.682, 37.284 ], [ 21.675, 37.396 ], [ 21.55, 37.561 ], [ 21.343, 37.669 ], [ 21.295, 37.772 ], [ 21.122, 37.837 ], [ 21.134, 37.946 ], [ 21.208, 37.946 ], [ 21.367, 38.121 ], [ 21.374, 38.221 ], [ 21.603, 38.152 ], [ 21.764, 38.296 ], [ 21.956, 38.337 ], [ 22.227, 38.186 ], [ 22.331, 38.179 ], [ 22.68, 38.067 ], [ 22.867, 37.94 ], [ 22.975, 37.979 ], [ 22.854, 38.035 ], [ 22.943, 38.083 ], [ 23.069, 38.059 ], [ 23.217, 38.103 ], [ 23.128, 38.172 ], [ 22.691, 38.322 ], [ 22.646, 38.39 ], [ 22.546, 38.303 ], [ 22.402, 38.453 ], [ 22.382, 38.343 ], [ 22.148, 38.364 ], [ 21.988, 38.411 ], [ 21.831, 38.397 ], [ 21.763, 38.328 ], [ 21.6, 38.351 ], [ 21.524, 38.296 ], [ 21.37, 38.408 ], [ 21.156, 38.304 ], [ 21.087, 38.536 ], [ 20.907, 38.699 ], [ 20.86, 38.804 ], [ 20.729, 38.804 ], [ 20.817, 38.921 ], [ 21.027, 38.933 ], [ 21.085, 38.864 ], [ 21.16, 38.998 ], [ 21.085, 39.063 ], [ 21.003, 39.015 ], [ 20.834, 39.108 ], [ 20.735, 38.95 ], [ 20.687, 39.072 ], [ 20.366, 39.288 ], [ 20.134, 39.53 ], [ 20.182, 39.624 ], [ 20.0, 39.694 ], [ 20.016, 39.845 ], [ 19.855, 40.05 ], [ 19.476, 40.214 ], [ 19.29, 40.427 ], [ 19.414, 40.334 ], [ 19.479, 40.454 ], [ 19.31, 40.644 ], [ 19.414, 40.869 ], [ 19.507, 40.905 ], [ 19.448, 41.009 ], [ 19.442, 41.144 ], [ 19.517, 41.256 ], [ 19.396, 41.402 ], [ 19.517, 41.513 ], [ 19.441, 41.585 ], [ 19.565, 41.585 ], [ 19.585, 41.819 ], [ 19.944420775940351, 41.875601669174365 ], [ 20.141040840233444, 41.883870152760885 ], [ 20.238491122706229, 41.950040165814208 ], [ 20.322177736893924, 41.957317262700094 ], [ 20.376755963538074, 42.044642425330736 ], [ 20.675116935859428, 42.13560613640432 ], [ 20.820658873577162, 42.13560613640432 ], [ 21.07899581302614, 42.266593880350278 ], [ 21.106947534116181, 42.335739494058821 ], [ 21.106947534116184, 42.738680307955086 ], [ 21.309569200532589, 43.125503489295497 ], [ 21.217468443070587, 43.272864701234703 ], [ 21.30726668159604, 43.609032465971012 ], [ 21.739613619757616, 43.653972525609198 ], [ 21.886662210671997, 43.529355075681764 ], [ 21.996325566608146, 43.369844739774635 ], [ 22.330300332413696, 43.255196685841383 ], [ 22.594489326259875, 42.941160712024228 ], [ 22.594489326259872, 42.766696282125807 ], [ 22.689198588204729, 42.617155342212875 ], [ 23.003234562021888, 42.517461382270916 ], [ 23.416964495780999, 42.447675610311549 ], [ 23.586444227682321, 42.32804285838121 ], [ 23.885526107508184, 42.213394804447958 ], [ 24.179623289336952, 42.163547824476979 ], [ 24.329164229249884, 42.203425408453761 ], [ 24.583383827101869, 42.121177891501645 ], [ 24.787756444982875, 42.17600956946972 ], [ 25.027021948843565, 42.14111668349004 ], [ 25.585308124518505, 42.240810643431985 ], [ 25.809619534387906, 42.375397489353624 ], [ 25.876912957348726, 42.542384872256399 ], [ 26.225841817145568, 42.662017624186738 ], [ 26.455137925012064, 42.711864604157718 ], [ 26.594709468930802, 42.786635074114187 ], [ 26.948623026724739, 42.841466752082262 ], [ 27.242720208553507, 42.936176014027119 ], [ 27.327460074504167, 43.030885275971976 ], [ 27.536817390382271, 43.08571695394005 ], [ 27.761128800251669, 43.090701651937145 ], [ 27.885, 43.009 ], [ 27.892, 42.711 ], [ 27.743, 42.716 ], [ 27.628, 42.629 ], [ 27.65, 42.558 ], [ 27.511, 42.553 ], [ 27.453, 42.465 ], [ 27.629, 42.459 ], [ 27.78, 42.339 ], [ 27.751, 42.277 ], [ 27.987, 42.072 ], [ 28.017, 41.973 ], [ 28.045, 41.89 ], [ 27.972, 41.822 ], [ 28.083, 41.645 ], [ 28.233, 41.519 ], [ 28.384, 41.447 ] ] ], [ [ [ 26.266, 35.26 ], [ 26.294, 35.136 ], [ 26.241, 35.039 ], [ 26.147, 35.002 ], [ 25.985, 35.039 ], [ 25.808, 35.006 ], [ 25.601, 35.014 ], [ 25.304, 34.985 ], [ 25.097, 34.938 ], [ 24.739, 34.932 ], [ 24.759, 35.041 ], [ 24.708, 35.096 ], [ 24.565, 35.106 ], [ 24.402, 35.191 ], [ 24.031, 35.198 ], [ 23.827, 35.253 ], [ 23.587, 35.239 ], [ 23.518, 35.294 ], [ 23.605, 35.613 ], [ 23.642, 35.507 ], [ 23.718, 35.513 ], [ 23.742, 35.687 ], [ 23.817, 35.535 ], [ 24.0, 35.52 ], [ 24.183, 35.586 ], [ 24.273, 35.365 ], [ 24.34, 35.348 ], [ 24.721, 35.427 ], [ 24.971, 35.425 ], [ 25.055, 35.355 ], [ 25.376, 35.343 ], [ 25.482, 35.297 ], [ 25.639, 35.346 ], [ 25.766, 35.336 ], [ 25.713, 35.183 ], [ 25.818, 35.116 ], [ 25.897, 35.185 ], [ 26.067, 35.233 ], [ 26.155, 35.198 ], [ 26.321, 35.315 ], [ 26.266, 35.26 ] ] ], [ [ [ 25.382, 36.48 ], [ 25.479, 36.424 ], [ 25.447, 36.336 ], [ 25.382, 36.48 ] ] ], [ [ [ 25.409, 36.712 ], [ 25.373, 36.654 ], [ 25.273, 36.72 ], [ 25.307, 36.795 ], [ 25.409, 36.712 ] ] ], [ [ [ 24.642, 37.028 ], [ 24.704, 37.035 ], [ 24.765, 36.957 ], [ 24.711, 36.904 ], [ 24.642, 37.028 ] ] ], [ [ [ 25.103, 37.013 ], [ 25.15, 37.111 ], [ 25.259, 37.124 ], [ 25.28, 37.049 ], [ 25.204, 36.989 ], [ 25.103, 37.013 ] ] ], [ [ [ 25.45, 36.918 ], [ 25.342, 37.077 ], [ 25.526, 37.196 ], [ 25.595, 37.1 ], [ 25.553, 36.969 ], [ 25.45, 36.918 ] ] ], [ [ [ 25.463, 37.47 ], [ 25.395, 37.418 ], [ 25.307, 37.412 ], [ 25.348, 37.508 ], [ 25.463, 37.47 ] ] ], [ [ [ 25.053, 37.679 ], [ 25.246, 37.624 ], [ 25.216, 37.533 ], [ 25.091, 37.583 ], [ 24.998, 37.638 ], [ 25.053, 37.679 ] ] ], [ [ [ 24.841, 37.919 ], [ 24.954, 37.906 ], [ 24.992, 37.768 ], [ 24.916, 37.72 ], [ 24.684, 37.933 ], [ 24.757, 37.997 ], [ 24.841, 37.919 ] ] ], [ [ [ 24.677, 38.81 ], [ 24.532, 38.796 ], [ 24.455, 38.885 ], [ 24.491, 38.981 ], [ 24.677, 38.81 ] ] ], [ [ [ 25.287, 39.961 ], [ 25.45, 40.036 ], [ 25.348, 39.906 ], [ 25.349, 39.788 ], [ 25.197, 39.893 ], [ 25.047, 39.838 ], [ 25.033, 39.995 ], [ 25.225, 40.009 ], [ 25.287, 39.961 ] ] ], [ [ [ 25.766, 40.097 ], [ 25.663, 40.126 ], [ 25.759, 40.207 ], [ 25.913, 40.241 ], [ 26.012, 40.167 ], [ 25.766, 40.097 ] ] ], [ [ [ 25.589, 40.398 ], [ 25.462, 40.482 ], [ 25.576, 40.515 ], [ 25.691, 40.448 ], [ 25.589, 40.398 ] ] ], [ [ [ 24.782, 40.62 ], [ 24.642, 40.571 ], [ 24.517, 40.639 ], [ 24.533, 40.718 ], [ 24.642, 40.804 ], [ 24.786, 40.735 ], [ 24.782, 40.62 ] ] ], [ [ [ 32.929, 35.233 ], [ 32.92, 35.398 ], [ 33.428, 35.329 ], [ 33.66, 35.359 ], [ 34.036, 35.471 ], [ 34.182, 35.554 ], [ 34.593, 35.692 ], [ 34.573, 35.644 ], [ 34.138, 35.415 ], [ 34.059, 35.324 ], [ 33.924, 35.279 ], [ 33.9, 35.164 ], [ 34.012, 35.064 ], [ 34.022, 35.057 ], [ 34.099, 34.965 ], [ 33.892, 34.958 ], [ 33.782, 34.976 ], [ 33.781, 34.976 ], [ 33.702, 34.973 ], [ 33.606, 34.822 ], [ 33.246, 34.698 ], [ 33.072, 34.687 ], [ 33.016, 34.634 ], [ 32.941, 34.569 ], [ 32.914, 34.657 ], [ 32.761, 34.653 ], [ 32.666, 34.652 ], [ 32.413, 34.753 ], [ 32.329, 34.886 ], [ 32.287, 35.097 ], [ 32.45, 35.059 ], [ 32.585, 35.173 ], [ 32.602, 35.179 ], [ 32.641, 35.187 ], [ 32.66, 35.187 ], [ 32.692, 35.184 ], [ 32.711, 35.182 ], [ 32.865, 35.157 ], [ 32.929, 35.233 ] ] ], [ [ [ 27.212, 35.521 ], [ 27.158, 35.416 ], [ 27.093, 35.452 ], [ 27.068, 35.589 ], [ 27.232, 35.822 ], [ 27.159, 35.612 ], [ 27.212, 35.521 ] ] ], [ [ [ 27.684, 36.158 ], [ 27.772, 36.198 ], [ 27.9, 36.34 ], [ 28.118, 36.428 ], [ 28.24, 36.433 ], [ 28.131, 36.185 ], [ 27.78, 35.89 ], [ 27.712, 35.953 ], [ 27.757, 36.084 ], [ 27.684, 36.158 ] ] ], [ [ [ 26.301, 36.513 ], [ 26.266, 36.596 ], [ 26.362, 36.638 ], [ 26.459, 36.597 ], [ 26.301, 36.513 ] ] ], [ [ [ 27.048, 36.775 ], [ 26.918, 36.716 ], [ 27.061, 36.839 ], [ 27.281, 36.908 ], [ 27.356, 36.863 ], [ 27.13, 36.761 ], [ 27.048, 36.775 ] ] ], [ [ [ 26.006, 36.939 ], [ 25.88, 36.795 ], [ 25.857, 36.851 ], [ 26.006, 36.939 ] ] ], [ [ [ 27.024, 36.945 ], [ 26.912, 36.946 ], [ 26.951, 37.021 ], [ 27.024, 36.945 ] ] ], [ [ [ 26.231, 37.571 ], [ 26.058, 37.519 ], [ 25.98, 37.549 ], [ 26.074, 37.638 ], [ 26.197, 37.632 ], [ 26.362, 37.686 ], [ 26.231, 37.571 ] ] ], [ [ [ 26.58, 37.741 ], [ 26.658, 37.793 ], [ 26.842, 37.809 ], [ 27.068, 37.774 ], [ 27.048, 37.727 ], [ 26.861, 37.643 ], [ 26.708, 37.714 ], [ 26.623, 37.679 ], [ 26.58, 37.741 ] ] ], [ [ [ 33.647, 36.193 ], [ 33.552, 36.128 ], [ 33.134, 36.132 ], [ 33.088, 36.083 ], [ 32.941, 36.104 ], [ 32.804, 36.027 ], [ 32.671, 36.047 ], [ 32.365, 36.178 ], [ 32.026, 36.543 ], [ 31.817, 36.59 ], [ 31.737, 36.642 ], [ 31.408, 36.763 ], [ 31.341, 36.809 ], [ 31.28783418714487, 36.815363984929704 ], [ 30.94, 36.857 ], [ 30.776, 36.85 ], [ 30.687, 36.891 ], [ 30.57, 36.781 ], [ 30.57, 36.528 ], [ 30.475, 36.402 ], [ 30.52, 36.342 ], [ 30.4, 36.248 ], [ 30.255, 36.308 ], [ 30.145, 36.254 ], [ 29.912, 36.217 ], [ 29.672, 36.123 ], [ 29.602, 36.207 ], [ 29.357, 36.236 ], [ 29.145, 36.349 ], [ 29.036, 36.545 ], [ 29.096, 36.665 ], [ 28.939, 36.751 ], [ 28.843, 36.638 ], [ 28.623, 36.699 ], [ 28.604, 36.816 ], [ 28.377, 36.854 ], [ 28.396, 36.789 ], [ 28.273, 36.852 ], [ 28.289, 36.743 ], [ 28.112, 36.604 ], [ 27.971, 36.693 ], [ 28.116, 36.719 ], [ 28.047, 36.763 ], [ 27.918, 36.74 ], [ 27.736, 36.761 ], [ 27.671, 36.658 ], [ 27.363, 36.685 ], [ 27.459, 36.756 ], [ 27.623, 36.802 ], [ 28.055, 36.809 ], [ 28.028, 36.926 ], [ 28.185, 36.939 ], [ 28.305, 37.051 ], [ 27.886, 37.026 ], [ 27.562, 36.973 ], [ 27.438, 37.028 ], [ 27.263, 36.963 ], [ 27.229, 37.062 ], [ 27.322, 37.124 ], [ 27.475, 37.093 ], [ 27.61, 37.2 ], [ 27.616, 37.275 ], [ 27.464, 37.252 ], [ 27.438, 37.391 ], [ 27.212, 37.357 ], [ 27.178, 37.467 ], [ 27.209, 37.597 ], [ 27.011, 37.666 ], [ 27.25, 37.744 ], [ 27.239, 37.988 ], [ 27.116, 37.994 ], [ 27.048373991001785, 38.023561067800365 ], [ 26.949, 38.067 ], [ 26.865, 38.04 ], [ 26.76, 38.217 ], [ 26.636, 38.204 ], [ 26.589, 38.108 ], [ 26.442, 38.212 ], [ 26.235, 38.274 ], [ 26.314, 38.337 ], [ 26.476, 38.367 ], [ 26.513, 38.433 ], [ 26.404, 38.488 ], [ 26.349, 38.621 ], [ 26.414, 38.679 ], [ 26.506, 38.653 ], [ 26.63, 38.519 ], [ 26.612, 38.416 ], [ 26.673, 38.307 ], [ 26.725, 38.433 ], [ 26.767, 38.364 ], [ 27.089, 38.402 ], [ 27.154, 38.459 ], [ 26.935, 38.435 ], [ 26.753, 38.618 ], [ 26.719, 38.721 ], [ 26.889, 38.734 ], [ 26.897, 38.817 ], [ 27.063, 38.887 ], [ 27.041, 38.94 ], [ 26.856, 38.918 ], [ 26.806, 39.034 ], [ 26.883, 39.072 ], [ 26.738, 39.197 ], [ 26.719, 39.263 ], [ 26.609, 39.275 ], [ 26.926, 39.486 ], [ 26.893, 39.584 ], [ 26.457, 39.521 ], [ 26.362, 39.481 ], [ 26.074, 39.475 ], [ 26.148, 39.626 ], [ 26.153, 39.943 ], [ 26.198, 40.009 ], [ 26.311, 40.019 ], [ 26.408, 40.194 ], [ 26.501, 40.213 ], [ 26.736, 40.404 ], [ 27.013, 40.392 ], [ 27.096, 40.452 ], [ 27.303, 40.458 ], [ 27.338, 40.37 ], [ 27.452, 40.322 ], [ 27.79, 40.32 ], [ 27.792, 40.393 ], [ 27.684, 40.502 ], [ 27.76, 40.537 ], [ 28.034, 40.474 ], [ 27.904, 40.4 ], [ 28.487, 40.4 ], [ 28.638, 40.365 ], [ 28.772, 40.403 ], [ 28.957, 40.363 ], [ 29.152, 40.434 ], [ 28.774, 40.523 ], [ 28.986, 40.645 ], [ 29.282, 40.666 ], [ 29.501, 40.729 ], [ 29.56, 40.691 ], [ 29.753, 40.725 ], [ 29.924, 40.716 ], [ 29.929, 40.758 ], [ 29.666, 40.784 ], [ 29.357, 40.762 ], [ 29.241, 40.883 ], [ 29.028, 40.982 ], [ 29.069, 41.153 ], [ 29.232, 41.241 ], [ 29.885, 41.149 ], [ 30.137, 41.144 ], [ 30.271, 41.211 ], [ 30.789180972632533, 41.090214231310711 ], [ 30.833, 41.08 ], [ 31.231, 41.092 ], [ 31.401, 41.202 ], [ 31.404, 41.316 ], [ 31.659, 41.398 ], [ 32.039, 41.576 ], [ 32.134, 41.599 ], [ 32.263, 41.72 ], [ 32.4, 41.742 ], [ 32.613, 41.84 ], [ 32.926, 41.882 ], [ 33.324, 42.019 ], [ 33.525190862258953, 42.002538945069432 ], [ 33.874, 41.974 ], [ 34.004, 41.983 ], [ 34.331, 41.948 ], [ 34.483, 41.975 ], [ 34.694, 41.946 ], [ 34.889, 42.008 ], [ 34.948, 42.099 ], [ 35.138, 42.02 ], [ 35.093, 41.947 ], [ 35.225, 41.762 ], [ 35.53, 41.634 ], [ 35.62, 41.633 ], [ 35.957, 41.736 ], [ 36.12, 41.628 ], [ 36.134, 41.462 ], [ 36.237, 41.359 ], [ 36.451, 41.24 ], [ 36.62, 41.375 ], [ 36.837, 41.351 ], [ 36.985, 41.295 ], [ 37.04, 41.182 ], [ 37.263, 41.148 ], [ 37.581, 41.037 ], [ 37.69, 41.14 ], [ 37.896, 40.982 ], [ 37.982, 40.99 ], [ 38.331, 40.918 ], [ 38.718, 40.955 ], [ 38.928, 41.043 ], [ 39.157, 41.078 ], [ 39.273, 41.05 ], [ 39.43, 41.112 ], [ 39.592, 41.025 ], [ 39.859, 40.964 ], [ 39.999, 40.982 ], [ 40.143, 40.923 ], [ 40.305537293345118, 40.987106340855142 ], [ 40.465, 41.05 ], [ 40.698, 41.098 ], [ 40.827, 41.198 ], [ 41.02, 41.224 ], [ 41.121, 41.286 ], [ 41.217155160458098, 41.319243237616782 ], [ 41.39, 41.379 ], [ 41.521, 41.514 ], [ 41.676, 41.662 ], [ 41.766398749229566, 41.57448414427266 ], [ 41.882974803394696, 41.527697855721655 ], [ 42.143469845843732, 41.181868230401385 ], [ 42.264734779397592, 41.235763756425321 ], [ 42.529721115681959, 41.267202813272618 ], [ 42.853094271825597, 41.231272462589992 ], [ 43.212397778651855, 41.231272462589992 ], [ 43.508823171783519, 41.294150576284586 ], [ 43.625596811502049, 41.478293623533048 ], [ 44.339712531319243, 41.756753841323395 ], [ 44.555294635414995, 41.73654301906442 ], [ 44.892760366730158, 41.491114501139315 ], [ 44.97613000986351, 41.339533331805953 ], [ 45.66582433033031, 40.915106057672538 ], [ 45.984144785930368, 40.808999239139183 ], [ 46.38583488466378, 40.513415958939127 ], [ 46.757208749530513, 40.111725860205723 ], [ 46.347939592330441, 39.664561410672292 ], [ 46.484362644730467, 39.187080727272203 ], [ 46.306254770763765, 38.906655564005476 ], [ 45.925139255190111, 38.996853779514169 ], [ 45.812856909306909, 39.07769706855008 ], [ 45.453553402480651, 39.176505532927301 ], [ 45.237971298384892, 39.18099682676263 ], [ 44.92506186680037, 39.260931756609587 ], [ 44.880753440159502, 39.336256081899066 ], [ 44.438016858730101, 39.486453536705589 ], [ 44.233850411202802, 39.637553383056961 ], [ 43.892675526068125, 39.774909505643656 ], [ 43.657840864871524, 39.814787089620438 ], [ 43.418575361010831, 39.912265628230351 ], [ 43.170448171821967, 39.947712369543041 ], [ 42.151354359081985, 39.912265628230351 ], [ 42.042953394368013, 39.972820952646472 ], [ 41.938828591761983, 39.96839010998238 ], [ 41.854642581144326, 40.039283592607781 ], [ 41.593222863963199, 40.132331288553601 ], [ 41.409342893403597, 40.349442579093861 ], [ 41.329204784740405, 40.400836846168225 ], [ 40.943721472964846, 40.440714430145007 ], [ 40.478621874460444, 40.393075794759625 ], [ 40.154477623424398, 40.384221186177896 ], [ 39.881980799583062, 40.149940380314305 ], [ 39.6493615597185, 39.804334652515529 ], [ 39.310402095915855, 39.688025032583248 ], [ 38.539435472364737, 39.498606508693534 ], [ 38.398980030977711, 39.069990074788883 ], [ 38.356580706453762, 38.872126560343787 ], [ 38.374969801759498, 38.712604384681576 ], [ 38.233303905329173, 38.568047347507786 ], [ 38.418336912911649, 38.437946014051363 ], [ 38.661192735363642, 38.414816888103552 ], [ 38.90973828440741, 38.300703235038334 ], [ 39.080407450149885, 38.287229353532346 ], [ 39.026511924125941, 38.174947007649145 ], [ 39.165742033021118, 38.165964419978486 ], [ 39.156759445350467, 38.031225604918639 ], [ 39.020400904344307, 37.952565627703969 ], [ 38.920966518995755, 37.874030320682159 ], [ 38.87605358064247, 37.743782799457641 ], [ 38.741314765582622, 37.627009159739103 ], [ 38.624541125864091, 37.622517865903774 ], [ 38.386502552591693, 37.496761638514585 ], [ 37.923899287552885, 37.424900937149332 ], [ 37.829582117010993, 37.357531529619408 ], [ 37.771195297151728, 37.177879776206282 ], [ 37.81835388242267, 37.092545193335049 ], [ 37.674632479692164, 37.038649667311098 ], [ 37.38269838039583, 37.016193198134459 ], [ 37.256942153006641, 36.939841202933877 ], [ 36.991955816722275, 36.737732980344106 ], [ 36.906621233851041, 36.567063814601632 ], [ 36.812304063309142, 36.490711819401056 ], [ 36.812304063309142, 36.33351653516457 ], [ 36.695530423590611, 36.153864781751437 ], [ 36.601213253048719, 36.117934431068811 ], [ 36.327244329093695, 35.870913270125762 ], [ 36.228435864716474, 35.57897917082942 ], [ 36.223944570881152, 35.462205531110889 ], [ 36.322753035258373, 35.035532616754708 ], [ 36.412578911964935, 34.586403233221887 ], [ 35.983, 34.539 ], [ 35.97, 34.65 ], [ 35.867, 34.924 ], [ 35.888, 35.109 ], [ 35.962, 35.198 ], [ 35.919, 35.418 ], [ 35.737, 35.562 ], [ 35.839, 35.742 ], [ 35.799, 35.85 ], [ 35.911, 35.918 ], [ 35.975, 36.019 ], [ 35.789, 36.32 ], [ 35.919, 36.448 ], [ 36.189, 36.604 ], [ 36.189, 36.802 ], [ 36.02, 36.926 ], [ 35.805, 36.775 ], [ 35.684, 36.765 ], [ 35.631, 36.607 ], [ 35.513, 36.613 ], [ 35.348, 36.544 ], [ 34.771, 36.816 ], [ 34.555, 36.768 ], [ 34.276, 36.587 ], [ 34.077, 36.414 ], [ 34.078, 36.329 ], [ 33.959, 36.214 ], [ 33.871, 36.315 ], [ 33.685, 36.143 ], [ 33.647, 36.193 ] ] ], [ [ [ 26.164, 38.543 ], [ 26.164, 38.303 ], [ 26.01, 38.157 ], [ 25.868, 38.26 ], [ 25.992, 38.344 ], [ 25.849, 38.58 ], [ 25.995, 38.604 ], [ 26.164, 38.543 ] ] ], [ [ [ 26.293, 39.177 ], [ 26.173, 39.195 ], [ 26.043, 39.093 ], [ 25.835, 39.18 ], [ 25.859, 39.259 ], [ 26.163, 39.324 ], [ 26.164, 39.379 ], [ 26.343, 39.383 ], [ 26.38, 39.283 ], [ 26.471, 39.225 ], [ 26.612, 39.049 ], [ 26.424, 38.967 ], [ 26.166, 39.022 ], [ 26.109, 39.093 ], [ 26.293, 39.177 ] ] ], [ [ [ 27.526, 40.639 ], [ 27.658, 40.653 ], [ 27.605, 40.577 ], [ 27.526, 40.639 ] ] ] ] } },
{ "type": "Feature", "properties": { "id": "kalachuri914", "colorId": "kalachuri", "name": "Династия Калачури", "parent": null }, "geometry": { "type": "MultiPolygon", "coordinates": [ [ [ [ 79.54072671033046, 23.272511272148577 ], [ 79.924059810269185, 23.559203879973982 ], [ 80.661795113839659, 23.938040927753409 ], [ 80.967523257661654, 24.170660167617971 ], [ 81.259958873491385, 24.277000391556054 ], [ 81.605564601290155, 24.323524239528968 ], [ 82.130619456984448, 24.55614347939353 ], [ 82.482871448779363, 24.615959855358703 ], [ 82.848415968566528, 24.6159598553587 ], [ 83.157467244386581, 24.512942763418685 ], [ 83.47316478420278, 24.552820347395468 ], [ 83.662583308092479, 24.582728535378049 ], [ 84.024804695881585, 24.589374799374173 ], [ 84.330532839703579, 24.509619631420613 ], [ 84.476750647618445, 24.260384731565729 ], [ 84.077974807850623, 23.462833052030092 ], [ 83.77889292802476, 23.223567548169402 ], [ 83.532981160167935, 22.884608084366754 ], [ 83.400055880245333, 22.532356092571849 ], [ 83.195042506073975, 22.240910162345376 ], [ 82.285834748281331, 22.339990494925345 ], [ 81.924482947107322, 22.497353376081769 ], [ 81.720494027089757, 22.695514041241708 ], [ 81.493192087641589, 22.806250883536965 ], [ 81.242577128762846, 22.905331216116931 ], [ 80.741347211005362, 22.99275503898161 ], [ 80.560671310418357, 22.940300745262803 ], [ 80.379995409831366, 22.83539215782519 ], [ 80.152693470383198, 22.78876611896403 ], [ 79.937048040650325, 22.963613764693385 ], [ 79.843795962928013, 23.115148390992157 ], [ 79.633978788052787, 23.185087449283902 ], [ 79.54072671033046, 23.272511272148577 ] ] ] ] } },
{ "type": "Feature", "properties": { "id": "gujarat971", "colorId": "gujarat", "name": "Гуджарат", "parent": null }, "geometry": { "type": "MultiPolygon", "coordinates": [ [ [ [ 75.433264099405008, 24.630494653979909 ], [ 75.376438614543034, 24.566383850545787 ], [ 75.216161605957794, 24.490616537396399 ], [ 75.143308420237219, 24.35656667567056 ], [ 75.029657450513156, 24.254572215661774 ], [ 74.848981549926151, 23.794140081907805 ], [ 75.093768253947246, 23.048123460129222 ], [ 75.006344431082567, 22.412843680645899 ], [ 75.082111744231952, 22.115602682905994 ], [ 74.336095122453372, 21.89412899831548 ], [ 73.782410910977092, 21.824189940023739 ], [ 73.496826422952481, 21.882472488600193 ], [ 73.126, 21.767 ], [ 72.927, 21.685 ], [ 72.616, 21.685 ], [ 72.532, 21.714 ], [ 72.623, 21.967 ], [ 72.559, 21.915 ], [ 72.502, 21.976 ], [ 72.542, 22.157 ], [ 72.634, 22.21 ], [ 72.748, 22.164 ], [ 72.847, 22.24 ], [ 72.553, 22.282 ], [ 72.479, 22.233 ], [ 72.392, 22.253 ], [ 72.397, 22.367 ], [ 72.306, 22.23 ], [ 72.308, 22.079 ], [ 72.258, 22.012 ], [ 72.128, 21.984 ], [ 72.169, 21.841 ], [ 72.004, 21.858 ], [ 72.022, 21.774 ], [ 72.166, 21.794 ], [ 72.296, 21.654 ], [ 72.242, 21.481 ], [ 72.105, 21.315 ], [ 72.105, 21.205 ], [ 71.462, 20.885 ], [ 71.319, 20.849 ], [ 70.982, 20.71 ], [ 70.84, 20.702 ], [ 70.542, 20.808 ], [ 70.337, 20.927 ], [ 70.054, 21.153 ], [ 69.815, 21.434 ], [ 69.63, 21.616 ], [ 69.198, 21.98 ], [ 68.994, 22.204 ], [ 68.945, 22.295 ], [ 68.974, 22.405 ], [ 69.074, 22.482 ], [ 69.072, 22.399 ], [ 69.206, 22.399 ], [ 69.212, 22.274 ], [ 69.485, 22.348 ], [ 69.548, 22.452 ], [ 69.616, 22.356 ], [ 69.733, 22.48 ], [ 69.789, 22.423 ], [ 69.962, 22.535 ], [ 70.178, 22.562 ], [ 70.375, 22.903 ], [ 70.527, 23.024 ], [ 70.467, 23.13 ], [ 70.399, 23.069 ], [ 70.399, 22.946 ], [ 70.233, 23.0 ], [ 70.204, 22.952 ], [ 69.833, 22.858 ], [ 69.716, 22.747 ], [ 69.239, 22.842 ], [ 68.866, 23.02 ], [ 68.623, 23.192 ], [ 68.607, 23.326 ], [ 68.424, 23.446 ], [ 68.486, 23.514 ], [ 68.428, 23.631 ], [ 68.539, 23.684 ], [ 68.822, 23.878 ], [ 69.033840265710609, 24.041840913357742 ], [ 69.121264088575288, 24.216688559087096 ], [ 69.127092343432935, 24.613009889406968 ], [ 69.278626969731704, 24.71209022198693 ], [ 69.339823645736971, 24.819912936853367 ], [ 69.53215605603927, 24.881109612858641 ], [ 69.584610349758066, 25.02390185687095 ], [ 69.66037766290745, 25.099669170020334 ], [ 69.607923369188654, 25.166694100883255 ], [ 69.605009241759831, 25.431879696906108 ], [ 69.87748015635475, 25.813630390081876 ], [ 70.087297331229976, 26.070073603818262 ], [ 70.40785134840047, 26.664555599298069 ], [ 70.850798717581512, 27.072533439333238 ], [ 71.107241931317887, 27.218239810774367 ], [ 71.660926142794182, 27.002594381041494 ], [ 71.917369356530571, 26.827746735312139 ], [ 72.302034177135155, 26.827746735312139 ], [ 72.721668526885608, 26.717009893016883 ], [ 73.112161602347825, 26.676212109013367 ], [ 73.281180993219536, 26.751979422162751 ], [ 73.438543874375966, 26.769464186735689 ], [ 73.840693459553478, 26.291547288408783 ], [ 74.02719761499813, 25.924367232377126 ], [ 74.499286258467393, 25.265774433463232 ], [ 75.159336121095677, 24.630494653979905 ], [ 75.433264099405008, 24.630494653979909 ] ] ] ] } },
{ "type": "Feature", "properties": { "id": "seljuq1035", "colorId": "turkey", "name": "Сельджуки", "parent": null }, "geometry": { "type": "MultiPolygon", "coordinates": [ [ [ [ 48.338, 29.463 ], [ 48.397, 29.387 ], [ 48.269, 29.43 ], [ 48.338, 29.463 ] ] ], [ [ [ 48.353, 29.71 ], [ 48.229, 29.6 ], [ 48.162, 29.63 ], [ 48.046, 29.8 ], [ 48.095, 29.895 ], [ 48.194, 29.916 ], [ 48.189, 29.984 ], [ 48.344, 29.791 ], [ 48.353, 29.71 ] ] ], [ [ [ 40.663588527103101, 34.851389569506253 ], [ 40.555797475055222, 35.044515204425366 ], [ 40.411141939318547, 35.138021226825927 ], [ 40.725701783190566, 35.367993549656717 ], [ 41.029688186932425, 35.447294350632873 ], [ 41.709031715294714, 35.405000590112252 ], [ 42.311717802713382, 35.51073499141377 ], [ 42.470319404665666, 35.637616272975599 ], [ 43.053146047939826, 35.92601594690958 ], [ 43.305869898969931, 35.673292095879475 ], [ 43.221628615293227, 35.411208102218616 ], [ 43.35267061212366, 35.233365392234461 ], [ 43.521153179477068, 35.224005249603721 ], [ 44.021920810221921, 35.153804179873127 ], [ 44.13424252179086, 35.018082111727331 ], [ 43.936722548070485, 34.784198992446079 ], [ 45.165542913577269, 34.778291202227301 ], [ 45.540687592470043, 34.846230789743373 ], [ 45.918786166472124, 35.159343671338846 ], [ 45.865305627407821, 35.287226843366241 ], [ 45.868259522517214, 35.458552759710933 ], [ 45.818353732752826, 35.685137000810492 ], [ 45.398900627219263, 35.956895350874483 ], [ 44.8140293955598, 36.819432722816728 ], [ 44.728366437387457, 37.046882646239858 ], [ 44.636137924450892, 37.397953174137328 ], [ 44.737228122715628, 37.484059122429763 ], [ 44.738966474908722, 37.745583565491877 ], [ 44.561732768345244, 38.015864968001175 ], [ 44.561732768345244, 38.361470695799952 ], [ 44.681365520275591, 38.512119346378903 ], [ 45.097864730699762, 38.649475468965598 ], [ 44.929492709464455, 39.079267207382024 ], [ 44.92506186680037, 39.260931756609587 ], [ 45.237971298384892, 39.18099682676263 ], [ 45.453553402480651, 39.176505532927301 ], [ 45.812856909306909, 39.07769706855008 ], [ 45.925139255190111, 38.996853779514169 ], [ 46.306254770763765, 38.906655564005476 ], [ 46.857814384163284, 38.932333408355071 ], [ 47.208131465257658, 38.997090034685215 ], [ 47.87685985608725, 38.997090034685215 ], [ 48.350016736391211, 39.034942585109533 ], [ 48.652837139785746, 38.915076175432532 ], [ 48.869591696945967, 38.749929839005063 ], [ 48.874, 38.434 ], [ 48.866, 38.317 ], [ 48.94, 37.925 ], [ 49.014, 37.739 ], [ 48.718768303079763, 37.682835777082545 ], [ 48.576981337828983, 37.49969428030029 ], [ 48.16934381273299, 36.838021775796648 ], [ 47.921216623544126, 36.619433537701696 ], [ 47.696720595230389, 36.56626342573265 ], [ 47.507671308229355, 36.270873914793533 ], [ 47.235912958165358, 36.217703802824488 ], [ 47.029140300507969, 36.093640208230056 ], [ 46.857814384163277, 35.904590921229016 ], [ 46.668765097162236, 35.810066277728495 ], [ 46.491531390598766, 35.632832571165018 ], [ 46.203599472980464, 35.120867199625906 ], [ 45.996999956555364, 34.20464325721894 ], [ 45.974910173550462, 33.596733158470776 ], [ 46.32937758667741, 33.230450164906259 ], [ 46.831539755273923, 32.899613912654438 ], [ 47.404595406495829, 32.740103576747309 ], [ 47.794509560935474, 32.704656835434619 ], [ 48.397104163251278, 32.556962079965061 ], [ 48.857911800316323, 32.379728373401591 ], [ 49.336442808037702, 32.102062233118815 ], [ 49.944945200572299, 31.493559840584215 ], [ 50.116271116916991, 30.885057448049619 ], [ 50.116271116916977, 30.433111496312748 ], [ 50.006976997869501, 30.427203706093966 ], [ 49.761803703790029, 30.55717509090718 ], [ 49.620016738539249, 30.486281608281789 ], [ 49.679094640727072, 30.314955691937097 ], [ 49.532, 30.023 ], [ 49.48, 30.156 ], [ 49.245, 30.156 ], [ 49.221, 30.265 ], [ 49.161, 30.224 ], [ 49.004, 30.309 ], [ 48.949, 30.401 ], [ 49.062, 30.408 ], [ 49.203, 30.347 ], [ 49.257, 30.422 ], [ 49.211, 30.506 ], [ 49.108131049233606, 30.510472558782453 ], [ 48.981, 30.516 ], [ 49.017, 30.415 ], [ 48.935, 30.419 ], [ 48.862, 30.346 ], [ 48.921, 30.25 ], [ 48.935, 30.08 ], [ 48.877, 30.024 ], [ 48.702, 30.032 ], [ 48.531, 29.961 ], [ 48.521, 29.929 ], [ 48.335, 29.961 ], [ 48.209, 30.024 ], [ 48.038, 30.037 ], [ 47.948, 29.994 ], [ 48.022, 29.78 ], [ 48.079, 29.744 ], [ 48.181, 29.562 ], [ 47.966, 29.576 ], [ 47.705, 29.364 ], [ 47.087567082533859, 29.645562171298579 ], [ 46.308335609155414, 29.980011078014108 ], [ 45.498072793916769, 30.431689498423733 ], [ 44.805816726417468, 30.995477392579723 ], [ 43.876786784438288, 31.829398962187735 ], [ 43.481822701224409, 32.184771296181907 ], [ 42.4244689382666, 33.13523713560123 ], [ 41.269374703143619, 33.864490178052144 ], [ 40.519867124372603, 34.357347247620154 ], [ 40.677062408609089, 34.483103475009344 ], [ 40.79383604832762, 34.74808981129371 ], [ 40.663588527103101, 34.851389569506253 ] ] ] ] } },
{ "type": "Feature", "properties": { "id": "leon910", "colorId": "leon", "name": "Леон", "parent": null }, "geometry": { "type": "MultiPolygon", "coordinates": [ [ [ [ -5.37391243212743, 40.439832732245677 ], [ -5.514992609017838, 40.438228513378284 ], [ -5.775491338059535, 40.510777001772809 ], [ -5.905872345046123, 40.603305458343939 ], [ -6.111958452863632, 40.636952169824347 ], [ -6.360102950031655, 40.737892304265579 ], [ -6.406367178317218, 40.830420760836702 ], [ -6.608247447199676, 40.914537539537726 ], [ -6.717150215101465, 40.99091055110496 ], [ -6.746992757399898, 41.052727245866002 ], [ -6.874889367250328, 41.056990466194343 ], [ -7.045418180384232, 41.150781313417994 ], [ -7.218078603682311, 41.150781313417994 ], [ -7.354501654189434, 41.233914109820773 ], [ -7.567662670606815, 41.197676737029816 ], [ -7.804271398830108, 41.197676737029823 ], [ -7.966273771307318, 41.125201991447909 ], [ -8.115486482799485, 41.123070381283739 ], [ -8.286015295933389, 41.065516906851045 ], [ -8.518360803828335, 41.146518093089647 ], [ -8.737, 41.25 ], [ -8.775, 41.468 ], [ -8.88, 41.737 ], [ -8.868, 41.859 ], [ -8.751, 41.969 ], [ -8.865, 41.889 ], [ -8.899, 42.102 ], [ -8.868, 42.256 ], [ -8.868, 42.415 ], [ -9.012, 42.531 ], [ -9.071, 42.596 ], [ -9.03, 42.708 ], [ -9.135, 42.813 ], [ -9.135, 42.918 ], [ -9.292, 42.923 ], [ -9.28, 43.055 ], [ -9.138, 43.202 ], [ -8.959, 43.227 ], [ -8.988, 43.283 ], [ -8.841, 43.339 ], [ -8.693, 43.293 ], [ -8.558, 43.313 ], [ -8.331, 43.406 ], [ -8.333, 43.472 ], [ -8.313, 43.567 ], [ -8.087, 43.656 ], [ -8.059, 43.709 ], [ -7.881, 43.763 ], [ -7.847, 43.712 ], [ -7.641, 43.753 ], [ -7.367, 43.68 ], [ -7.23, 43.569 ], [ -7.032, 43.553 ], [ -6.649, 43.579 ], [ -6.51, 43.547 ], [ -6.223, 43.596 ], [ -5.907, 43.588 ], [ -5.852, 43.663 ], [ -5.709, 43.569 ], [ -5.424, 43.561 ], [ -5.178, 43.489 ], [ -4.953, 43.47 ], [ -4.735, 43.417 ], [ -4.386, 43.384 ], [ -4.029, 43.438 ], [ -3.923, 43.483 ], [ -3.756, 43.472 ], [ -3.554, 43.517 ], [ -3.09, 43.367 ], [ -2.93, 43.438 ], [ -2.756, 43.45 ], [ -2.481592461648012, 43.355474034229061 ], [ -2.367, 43.316 ], [ -2.216588226290195, 43.29774923266671 ], [ -2.52688567660953, 43.054706817358728 ], [ -2.584832790825791, 42.935074065428381 ], [ -2.416599233423742, 42.716370440805719 ], [ -2.491369703380208, 42.585522118381903 ], [ -2.609133193561643, 42.540659836408018 ], [ -2.971769972850503, 42.572437286139518 ], [ -3.138134268503642, 42.493928292685226 ], [ -3.268982590927457, 42.325694735283179 ], [ -3.209166214962284, 42.243447218331063 ], [ -3.078317892538468, 42.17989231886807 ], [ -2.947469570114653, 42.078952184426839 ], [ -2.711942589751785, 42.01913580846167 ], [ -2.420337756921567, 42.01913580846167 ], [ -2.240888629026049, 41.936888291509554 ], [ -2.118371937492396, 41.67697572226821 ], [ -2.185796792998806, 41.510187921804985 ], [ -2.295805767772424, 41.361143504369764 ], [ -2.416460772362843, 41.297267325468951 ], [ -2.496305995988856, 41.240488499779339 ], [ -2.736909345296785, 41.139277341969084 ], [ -3.371678874023176, 41.142271537859301 ], [ -3.695052030166808, 41.070410836494041 ], [ -4.078309104114817, 40.824886773496097 ], [ -4.293891208210573, 40.663200195424281 ], [ -4.653194715036832, 40.549420751595967 ], [ -4.916683953376088, 40.543432359815526 ], [ -5.186161583495782, 40.441629699548088 ], [ -5.37391243212743, 40.439832732245677 ] ] ] ] } },
{ "type": "Feature", "properties": { "id": "xi_xia", "colorId": "xi_xia", "name": "Си-Ся", "parent": null }, "geometry": { "type": "MultiPolygon", "coordinates": [ [ [ [ 104.828559761299104, 38.350416071805142 ], [ 104.31679743359706, 38.197551999894145 ], [ 103.51924575406143, 38.377001127789661 ], [ 102.070360202905022, 38.430171239758707 ], [ 101.153175771439052, 38.676083007615517 ], [ 100.72615330968776, 38.935287303464555 ], [ 100.054880646078601, 39.393879519197547 ], [ 99.370315454477179, 39.579974911089195 ], [ 98.453131023011196, 39.613206231069846 ], [ 97.655579343475566, 39.985397014853142 ], [ 96.77162623199024, 40.689900998442951 ], [ 96.658639744056018, 41.26812596610629 ], [ 96.731748648013451, 41.839704669773496 ], [ 96.804857551970883, 42.002538137678719 ], [ 100.447010221850277, 41.995891873682581 ], [ 101.337609597331777, 41.826412141781255 ], [ 102.427596892697139, 41.540622789947648 ], [ 105.192442715087353, 41.58050037392443 ], [ 105.577926026862912, 41.540622789947655 ], [ 105.916885490665564, 41.447575094001827 ], [ 106.282430010452728, 41.314649814079225 ], [ 107.060042897999978, 41.347881134059875 ], [ 107.797778201570438, 41.228248382129529 ], [ 108.063628761415657, 41.155139478172096 ], [ 108.535513505140884, 41.138523818181767 ], [ 108.911027420922252, 41.002275406261091 ], [ 109.176877980767458, 40.939135898297856 ], [ 109.804949928401768, 40.846088202352036 ], [ 110.223664560157985, 40.846088202352036 ], [ 110.522998763107225, 40.788143954415681 ], [ 111.18072657560073, 40.626761490479765 ], [ 111.439930871449803, 40.340972138646165 ], [ 111.506393511411105, 40.114999162777735 ], [ 111.506393511411105, 39.706253927015723 ], [ 111.421653645460381, 39.560036119100886 ], [ 111.35519100549908, 39.513512271127972 ], [ 111.102632973646124, 39.121382695356282 ], [ 111.049462861677071, 38.902055983483983 ], [ 110.830136149804773, 38.496633879720036 ], [ 110.730442189862828, 38.164320679913523 ], [ 110.457945366021463, 37.991517816014124 ], [ 109.979414358300076, 37.925055176052815 ], [ 109.500883350578704, 37.659204616207603 ], [ 109.068876190830224, 37.486401752308218 ], [ 108.610283975097232, 37.419939112346917 ], [ 108.317848359267501, 37.320245152404958 ], [ 107.932365047491942, 37.247136248447525 ], [ 107.453834039770555, 37.247136248447525 ], [ 107.154752159944707, 37.36012273638174 ], [ 106.682867416219452, 37.433231640339173 ], [ 106.30403036844001, 37.566156920261783 ], [ 106.184397616509685, 37.778837368137935 ], [ 105.805560568730257, 38.044687927983148 ], [ 105.406784728962435, 38.230783319874796 ], [ 104.828559761299104, 38.350416071805142 ] ] ] ] } },
{ "type": "Feature", "properties": { "id": "fr_normandy", "colorId": "france", "name": null, "parent": "france987" }, "geometry": { "type": "MultiPolygon", "coordinates": [ [ [ [ 0.496079091401266, 47.514072994430038 ], [ 0.19325868807758, 47.610807289936218 ], [ -0.193678493947132, 47.766423330533115 ], [ -0.46285218579041, 47.825305075623824 ], [ -0.605850709582151, 47.913627693259897 ], [ -0.858201045685223, 47.909421854324847 ], [ -0.971758696931606, 47.997744471960921 ], [ -1.068492992437784, 48.161772190427918 ], [ -1.219903194099628, 48.308976553154714 ], [ -1.312431650670755, 48.262712324869149 ], [ -1.518517758488264, 48.334211586765022 ], [ -1.375519234696523, 48.628620312218601 ], [ -1.554, 48.747 ], [ -1.546, 49.03 ], [ -1.603, 49.225 ], [ -1.82, 49.397 ], [ -1.885, 49.531 ], [ -1.844, 49.572 ], [ -1.935, 49.724 ], [ -1.597, 49.652 ], [ -1.391, 49.713 ], [ -1.271, 49.698 ], [ -1.228, 49.624 ], [ -1.306, 49.558 ], [ -1.185, 49.43 ], [ -1.182, 49.356 ], [ -1.072, 49.397 ], [ -0.822, 49.363 ], [ -0.411, 49.343 ], [ -0.219, 49.28 ], [ -0.034, 49.32 ], [ 0.08, 49.542 ], [ 0.236, 49.729 ], [ 0.675, 49.876 ], [ 1.173, 49.961 ], [ 1.221615618385549, 49.986422922022726 ], [ 1.491498391935346, 49.921610020624897 ], [ 1.611131143865692, 49.805300400692609 ], [ 1.611131143865692, 49.672375120770006 ], [ 1.694209443817321, 49.459694672893832 ], [ 1.664301255834734, 49.163935925066035 ], [ 1.664301255834735, 48.884792837228566 ], [ 1.431682015970173, 48.771806349294344 ], [ 1.26220228406885, 48.555802769420112 ], [ 1.125953872148179, 48.446139413483962 ], [ 0.857781239815671, 48.412019607063478 ], [ 0.777870300049698, 48.285844439011939 ], [ 0.929280501711542, 48.138640076285149 ], [ 0.967133052127002, 47.999847391428453 ], [ 1.086999461775962, 47.875775142844432 ], [ 1.086999461775962, 47.720159102247543 ], [ 1.036529394555348, 47.610807289936204 ], [ 0.496079091401266, 47.514072994430038 ] ] ], [ [ [ -2.083, 49.26 ], [ -2.025, 49.171 ], [ -2.234, 49.185 ], [ -2.242, 49.248 ], [ -2.083, 49.26 ] ] ], [ [ [ -2.534, 49.436 ], [ -2.669, 49.431 ], [ -2.58, 49.494 ], [ -2.534, 49.436 ] ] ] ] } },
{ "type": "Feature", "properties": { "id": "toledo_emirate1030", "colorId": "toledo", "name": "Толедо", "parent": null }, "geometry": { "type": "MultiPolygon", "coordinates": [ [ [ [ -0.794752650355719, 38.995105859163942 ], [ -1.276541988203669, 38.889231175033615 ], [ -1.372356256554885, 38.889231175033615 ], [ -1.537369718715311, 38.820031981224403 ], [ -1.707706195784138, 38.894554189942014 ], [ -1.947241866662176, 38.889231175033615 ], [ -2.410344163693049, 38.686956608514386 ], [ -2.931999624716332, 38.575173295437963 ], [ -3.192827355227974, 38.569850280529565 ], [ -3.42704001119761, 38.463389982361548 ], [ -3.61866854790004, 38.463389982361548 ], [ -3.789005024968867, 38.394190788552336 ], [ -3.911434367862087, 38.247807878571322 ], [ -4.015233158575904, 38.290391997838526 ], [ -4.071124815114113, 38.415482848185945 ], [ -4.246784307091342, 38.458066967453149 ], [ -4.331952545625755, 38.527266161262361 ], [ -4.773762783023025, 38.639049474338776 ], [ -4.858931021557439, 38.772124847048801 ], [ -5.050559558259868, 38.836001025949614 ], [ -5.258157139687501, 38.772124847048801 ], [ -5.356632915492916, 38.673649071243396 ], [ -5.399217034760124, 38.756155802323612 ], [ -5.534953914924345, 38.857293085583223 ], [ -5.934180033054409, 38.926492279392434 ], [ -6.008702241772021, 39.027629562652052 ], [ -6.006040734317818, 39.224581114262875 ], [ -5.920872495783404, 39.432178695690503 ], [ -5.920872495783404, 39.671714366568544 ], [ -5.825058227432189, 39.945849634351198 ], [ -5.512331101563638, 40.190708320137638 ], [ -5.514992609017838, 40.438228513378284 ], [ -5.186161583495782, 40.441629699548088 ], [ -4.916683953376088, 40.543432359815526 ], [ -4.653194715036832, 40.549420751595967 ], [ -4.293891208210573, 40.663200195424281 ], [ -4.078309104114817, 40.824886773496097 ], [ -3.695052030166808, 41.070410836494041 ], [ -3.371678874023176, 41.142271537859301 ], [ -2.736909345296785, 41.139277341969084 ], [ -2.496305995988856, 41.240488499779339 ], [ -2.421783787271244, 41.197904380512128 ], [ -2.370327976490036, 41.098541435555326 ], [ -2.17035176205598, 40.999766823597653 ], [ -1.946769537289271, 40.923976238930976 ], [ -1.859610364922588, 40.821658949630951 ], [ -1.708029195589226, 40.764816011130947 ], [ -1.503394616989187, 40.53365472789757 ], [ -1.507184146222521, 40.397231675497544 ], [ -1.16991604445579, 40.302493444664194 ], [ -1.173705573689124, 40.010699693697461 ], [ -1.370761093822495, 39.965225342897455 ], [ -1.457920266189178, 39.703747825797407 ], [ -1.366971564589161, 39.593851478030714 ], [ -1.245706629122471, 39.302057727063996 ], [ -1.124441693655781, 39.264162434730657 ], [ -0.794752650355719, 38.995105859163942 ] ] ] ] } },
{ "type": "Feature", "properties": { "id": "leinster", "colorId": null, "name": "Лейнстер", "parent": null }, "geometry": { "type": "MultiPolygon", "coordinates": [ [ [ [ -6.318, 52.241 ], [ -6.37, 52.18 ], [ -6.597, 52.18 ], [ -6.832, 52.241 ], [ -6.897, 52.152 ], [ -6.97, 52.247 ], [ -7.017, 52.138 ], [ -7.435, 52.126 ], [ -7.572, 52.088 ], [ -7.808484748159348, 52.343068447700709 ], [ -8.197291191932973, 52.507563481604933 ], [ -8.414125554806724, 52.896369925378558 ], [ -8.010365017041803, 53.019741200806735 ], [ -7.44210944537266, 53.378639456597767 ], [ -7.270137364472792, 53.853431940821324 ], [ -7.212688331225714, 54.267962935753786 ], [ -6.658832998214859, 54.132822234499166 ], [ -6.463875920995036, 54.075221279866042 ], [ -6.348, 54.004 ], [ -6.379, 53.917 ], [ -6.243, 53.865 ], [ -6.223, 53.646 ], [ -6.092, 53.577 ], [ -6.123, 53.393 ], [ -6.215, 53.358 ], [ -6.097, 53.286 ], [ -5.997, 52.965 ], [ -6.215, 52.666 ], [ -6.209, 52.546 ], [ -6.39, 52.359 ], [ -6.496, 52.364 ], [ -6.318, 52.241 ] ] ] ] } },
{ "type": "Feature", "properties": { "id": "sweden969", "colorId": "sweden", "name": "Швеция", "parent": null }, "geometry": { "type": "MultiPolygon", "coordinates": [ [ [ [ 17.125, 57.319 ], [ 16.883, 56.916 ], [ 16.782, 56.811 ], [ 16.643, 56.568 ], [ 16.566, 56.346 ], [ 16.413, 56.229 ], [ 16.399, 56.545 ], [ 16.621, 56.872 ], [ 16.717, 56.892 ], [ 16.888, 57.118 ], [ 16.966, 57.305 ], [ 17.125, 57.319 ] ] ], [ [ [ 12.352933941216236, 60.929530938488803 ], [ 12.465061271229471, 60.998807461989635 ], [ 12.640052710407279, 61.044857840720638 ], [ 12.819649187458186, 61.178403939040543 ], [ 12.902539869173989, 61.35800041609145 ], [ 14.24721092811925, 60.980387310497235 ], [ 14.979411949942179, 60.635009470014722 ], [ 15.352420017663288, 60.418572689979001 ], [ 16.236587289298523, 60.225161099308799 ], [ 16.954973197502149, 60.317261856770799 ], [ 17.638, 60.515 ], [ 17.919, 60.6 ], [ 17.967, 60.512 ], [ 18.326, 60.356 ], [ 18.448, 60.341 ], [ 18.564, 60.228 ], [ 18.331, 60.286 ], [ 18.42, 60.194 ], [ 18.82, 60.114 ], [ 18.949, 59.9 ], [ 18.79, 59.779 ], [ 19.042, 59.785 ], [ 18.66, 59.636 ], [ 18.687, 59.606 ], [ 18.413, 59.491 ], [ 18.427, 59.436 ], [ 18.612, 59.375 ], [ 18.62, 59.308 ], [ 18.276, 59.313 ], [ 18.414, 59.14 ], [ 18.043, 59.06 ], [ 17.9, 58.916 ], [ 17.749, 58.924 ], [ 17.591, 58.867 ], [ 17.46, 58.791 ], [ 17.162, 58.732 ], [ 16.924, 58.625 ], [ 16.789, 58.607 ], [ 16.94, 58.491 ], [ 16.715, 58.395 ], [ 16.799, 58.324 ], [ 16.777, 58.131 ], [ 16.66, 57.99 ], [ 16.577, 57.71 ], [ 16.689, 57.472 ], [ 16.548, 57.383 ], [ 16.465, 57.177 ], [ 16.583, 57.045 ], [ 16.44, 57.014 ], [ 16.468, 56.949 ], [ 16.357, 56.758 ], [ 16.379, 56.676 ], [ 16.255, 56.65 ], [ 16.095, 56.419 ], [ 14.595965896471574, 56.42270108345393 ], [ 14.243903741792217, 56.508497742997633 ], [ 13.861290804403474, 56.630183621923749 ], [ 13.517835790529825, 56.929480134013637 ], [ 13.341201783394805, 57.223870145905337 ], [ 12.762234760007797, 57.380878152247575 ], [ 12.590507253070973, 57.508447157400646 ], [ 11.917, 57.621 ], [ 11.706, 57.722 ], [ 11.802, 57.774 ], [ 11.687, 57.838 ], [ 11.780934720368796, 57.950032175238206 ], [ 11.78829447066609, 58.107040181580444 ], [ 11.864345223738111, 58.175731184355172 ], [ 11.731869718386847, 58.313113189904634 ], [ 11.581, 58.251 ], [ 11.504, 58.28 ], [ 11.522, 58.336 ], [ 11.415, 58.432 ], [ 11.564687963580145, 58.798581391733101 ], [ 11.807954257279459, 59.095555828197199 ], [ 11.757405417030251, 59.449397709941657 ], [ 11.890096122684422, 59.689504701125394 ], [ 12.108087996259133, 59.828514011810725 ], [ 12.447, 60.051 ], [ 12.569346163533156, 60.18551519607076 ], [ 12.632532213844666, 60.523560565237339 ], [ 12.352933941216236, 60.929530938488803 ] ] ] ] } },
{ "type": "Feature", "properties": { "id": "naples840", "colorId": "naples", "name": "Неаполь", "parent": null }, "geometry": { "type": "MultiPolygon", "coordinates": [ [ [ [ 14.752, 40.677 ], [ 14.544, 40.614 ], [ 14.33, 40.584 ], [ 14.474, 40.73 ], [ 14.580630131271127, 40.749671792183456 ], [ 14.752, 40.677 ] ] ], [ [ [ 13.957640394716938, 41.011485687351716 ], [ 14.046967238648538, 41.059385553594268 ], [ 14.185759923667582, 41.05307679518431 ], [ 14.26461940379204, 40.967908556649896 ], [ 14.294, 40.839 ], [ 14.203, 40.801 ], [ 14.096, 40.834 ], [ 13.957640394716938, 41.011485687351716 ] ] ] ] } },
{ "type": "Feature", "properties": { "id": "zirid1048", "colorId": "zirid", "name": "Зириды", "parent": null }, "geometry": { "type": "MultiPolygon", "coordinates": [ [ [ [ 8.268172408282933, 35.163370029434247 ], [ 7.957874957963599, 35.208232311408132 ], [ 7.688701266120321, 35.380204392308002 ], [ 7.554114420198683, 35.653116607649103 ], [ 7.557852943696506, 35.974629628461905 ], [ 7.524206232216096, 36.157817279855252 ], [ 7.352234151316225, 36.412036877707237 ], [ 7.127922741446826, 36.52419258264193 ], [ 7.157, 36.915 ], [ 7.25, 37.023 ], [ 7.182, 37.083 ], [ 7.383, 37.083 ], [ 7.589, 36.988 ], [ 7.799, 36.994 ], [ 7.773, 36.89 ], [ 7.908, 36.85 ], [ 8.233, 36.958 ], [ 8.338691725754298, 36.936463002417938 ], [ 8.498, 36.904 ], [ 8.603, 36.94 ], [ 8.802, 36.973 ], [ 8.988, 37.117 ], [ 9.211, 37.234 ], [ 9.343, 37.235 ], [ 9.666, 37.335 ], [ 9.859, 37.329 ], [ 9.772, 37.213 ], [ 9.808, 37.155 ], [ 9.925, 37.213 ], [ 9.882, 37.264 ], [ 10.051, 37.267 ], [ 10.272, 37.179 ], [ 10.174, 37.076 ], [ 10.22, 36.977 ], [ 10.347, 36.88 ], [ 10.272, 36.816 ], [ 10.32, 36.749 ], [ 10.437, 36.729 ], [ 10.538, 36.772 ], [ 10.567, 36.863 ], [ 10.733, 36.896 ], [ 10.893, 37.039 ], [ 11.051, 37.08 ], [ 11.136, 36.871 ], [ 11.022, 36.788 ], [ 10.8, 36.452 ], [ 10.519, 36.337 ], [ 10.48, 36.079 ], [ 10.609, 35.856 ], [ 10.744, 35.77 ], [ 10.841, 35.767 ], [ 10.841, 35.699 ], [ 11.055, 35.614 ], [ 11.042, 35.334 ], [ 11.161, 35.238 ], [ 10.918, 34.957 ], [ 10.916, 34.874 ], [ 10.597, 34.545 ], [ 10.432, 34.496 ], [ 10.127, 34.326 ], [ 10.005, 34.171 ], [ 10.028447435068589, 34.070903366054708 ], [ 9.351745474747744, 34.018257361329468 ], [ 9.149865205865286, 34.04816554931206 ], [ 8.974753349371538, 34.374541571393536 ], [ 8.787827174480372, 34.890457814093153 ], [ 8.608378046584853, 35.036260230508262 ], [ 8.268172408282933, 35.163370029434247 ] ] ] ] } },
{ "type": "Feature", "properties": { "id": "logudoro", "colorId": "logudoro", "name": "Логудоро", "parent": null }, "geometry": { "type": "MultiPolygon", "coordinates": [ [ [ [ 8.764, 40.914 ], [ 8.887981487433699, 40.91047942522291 ], [ 8.924821790418498, 40.851125603747398 ], [ 9.027155965376281, 40.814285300762599 ], [ 9.08855647035095, 40.728324593798057 ], [ 9.223637581295222, 40.810191933764287 ], [ 9.342345224246248, 40.814285300762599 ], [ 9.424212564212475, 40.718091176302281 ], [ 9.250244466784245, 40.572776647862234 ], [ 9.256384517281711, 40.511376142887563 ], [ 9.469239601193898, 40.460209055408669 ], [ 9.416025830215851, 40.21256035201084 ], [ 9.499939853681232, 40.134786379042914 ], [ 9.366905426236116, 40.016078736091892 ], [ 9.276605238121851, 40.199001920940304 ], [ 8.772353591017382, 40.199001920940304 ], [ 8.49, 40.104 ], [ 8.463, 40.315 ], [ 8.312, 40.578 ], [ 8.162, 40.564 ], [ 8.197, 40.691 ], [ 8.134, 40.729 ], [ 8.233, 40.91 ], [ 8.31, 40.851 ], [ 8.521, 40.827 ], [ 8.764, 40.914 ] ] ] ] } },
{ "type": "Feature", "properties": { "id": "england1042", "colorId": "britain", "name": "Англия", "parent": null }, "geometry": { "type": "MultiPolygon", "coordinates": [ [ [ [ -1.316, 50.589 ], [ -1.497, 50.672 ], [ -1.296, 50.773 ], [ -1.083, 50.713 ], [ -1.168, 50.603 ], [ -1.316, 50.589 ] ] ], [ [ [ 0.093, 52.893 ], [ 0.247, 52.796 ], [ 0.379, 52.791 ], [ 0.57, 52.969 ], [ 0.966, 52.974 ], [ 1.275, 52.929 ], [ 1.644, 52.776 ], [ 1.747, 52.625 ], [ 1.771, 52.486 ], [ 1.631, 52.27 ], [ 1.582, 52.081 ], [ 1.472, 52.056 ], [ 1.2, 51.878 ], [ 1.276, 51.845 ], [ 1.135, 51.782 ], [ 0.977, 51.825 ], [ 0.952, 51.617 ], [ 0.873, 51.559 ], [ 0.555, 51.412 ], [ 0.764, 51.364 ], [ 0.977, 51.349 ], [ 1.424, 51.392 ], [ 1.413, 51.222 ], [ 1.357, 51.131 ], [ 1.028, 51.042 ], [ 0.98, 50.918 ], [ 0.802, 50.939 ], [ 0.624, 50.859 ], [ 0.365, 50.819 ], [ 0.271, 50.747 ], [ -0.173, 50.829 ], [ -0.569, 50.802 ], [ -0.813, 50.735 ], [ -0.864, 50.802 ], [ -1.021, 50.844 ], [ -1.151, 50.781 ], [ -1.317, 50.8 ], [ -1.94, 50.691 ], [ -1.984, 50.597 ], [ -2.436, 50.638 ], [ -2.466, 50.585 ], [ -2.693, 50.693 ], [ -2.865, 50.734 ], [ -3.26, 50.675 ], [ -3.495, 50.548 ], [ -3.487, 50.412 ], [ -3.632, 50.312 ], [ -3.646, 50.226 ], [ -3.789, 50.212 ], [ -3.95, 50.319 ], [ -4.033, 50.295 ], [ -4.166, 50.376 ], [ -4.16, 50.459 ], [ -4.273, 50.382 ], [ -4.495, 50.328 ], [ -4.752, 50.33 ], [ -4.8, 50.23 ], [ -5.053, 50.196 ], [ -5.057, 50.061 ], [ -5.191, 49.959 ], [ -5.324, 50.09 ], [ -5.475, 50.13 ], [ -5.578, 50.055 ], [ -5.705, 50.052 ], [ -5.685, 50.162 ], [ -5.511, 50.219 ], [ -5.438, 50.194 ], [ -5.05, 50.429 ], [ -5.025, 50.524 ], [ -4.792, 50.595 ], [ -4.55, 50.81 ], [ -4.526, 51.015 ], [ -4.338, 50.997 ], [ -4.208, 51.076 ], [ -4.256, 51.152 ], [ -4.152, 51.212 ], [ -3.769, 51.248 ], [ -3.385, 51.186 ], [ -3.022, 51.192 ], [ -3.011, 51.311 ], [ -2.816, 51.474 ], [ -2.716, 51.5 ], [ -2.482, 51.743 ], [ -2.480575013806017, 52.237285777285955 ], [ -2.51508442590752, 52.345997940019913 ], [ -2.632190753892339, 52.601502655623158 ], [ -2.656144320980141, 52.867653401043199 ], [ -2.557112089375844, 53.026515657958896 ], [ -2.502035238110121, 53.138854877649983 ], [ -2.562890426306064, 53.252266819287875 ], [ -2.726092976467913, 53.349081891417789 ], [ -2.784182019745859, 53.304823572729831 ], [ -2.980578308923676, 53.329718876991805 ], [ -3.058, 53.435 ], [ -3.097, 53.544 ], [ -3.049, 53.77 ], [ -3.018, 53.932 ], [ -3.145, 54.1 ], [ -2.817720665670543, 54.193401626935682 ], [ -2.547764483840082, 54.579958601700575 ], [ -2.909207415934604, 55.221704215827586 ], [ -2.732174143071981, 55.67166378435342 ], [ -2.359188907517928, 55.954254544318708 ], [ -2.308, 55.935 ], [ -2.147, 55.917 ], [ -2.030090837254978, 55.81669124282039 ], [ -1.816, 55.633 ], [ -1.631, 55.585 ], [ -1.522, 55.167 ], [ -1.37, 54.976 ], [ -1.297, 54.78 ], [ -1.104, 54.625 ], [ -0.788, 54.561 ], [ -0.563, 54.477 ], [ -0.398, 54.269 ], [ -0.234, 54.16 ], [ -0.076, 54.112 ], [ -0.219, 54.023 ], [ -0.151, 53.899 ], [ 0.133, 53.643 ], [ -0.045, 53.626 ], [ -0.305, 53.74 ], [ -0.189, 53.62 ], [ 0.152, 53.476 ], [ 0.342, 53.226 ], [ 0.33, 53.086 ], [ 0.161, 53.009 ], [ 0.01, 52.886 ], [ 0.093, 52.893 ] ] ] ] } },
{ "type": "Feature", "properties": { "id": "antarctica", "colorId": "antarctica", "name": "Антарктида", "parent": null }, "geometry": { "type": "MultiPolygon", "coordinates": [ [ [ [ -50.713, -79.282 ], [ -50.367, -78.691 ], [ -49.072, -78.042 ], [ -47.223, -77.773 ], [ -44.515, -78.042 ], [ -43.718, -78.367 ], [ -42.972, -79.43 ], [ -43.532, -80.2 ], [ -54.162, -80.877 ], [ -54.408, -80.74 ], [ -54.378, -80.577 ], [ -53.343, -80.107 ], [ -50.713, -79.282 ] ] ], [ [ [ -72.557, -80.799 ], [ -68.68, -80.961 ], [ -62.414, -81.558 ], [ -61.192, -83.199 ], [ -59.47, -83.46 ], [ -55.85, -82.462 ], [ -55.225, -82.518 ], [ -54.762, -82.3 ], [ -48.38, -81.89 ], [ -44.011, -82.391 ], [ -33.721, -77.311 ], [ -30.692, -76.85 ], [ -28.859, -76.353 ], [ -20.399, -75.472 ], [ -17.802, -74.777 ], [ -12.381, -71.395 ], [ -7.856, -70.826 ], [ -2.887, -71.268 ], [ 2.52, -70.901 ], [ 26.446, -71.032 ], [ 32.745, -70.013 ], [ 35.708, -69.666 ], [ 39.209, -69.707 ], [ 39.858, -68.83 ], [ 52.222, -65.973 ], [ 55.612, -66.028 ], [ 57.563, -66.994 ], [ 69.107, -67.846 ], [ 72.766, -70.069 ], [ 75.883, -69.779 ], [ 78.747, -68.262 ], [ 87.966, -66.77 ], [ 113.204, -65.765 ], [ 118.89, -67.42 ], [ 121.515, -67.093 ], [ 123.15, -66.733 ], [ 125.148, -66.66 ], [ 125.898, -66.306 ], [ 130.872, -66.183 ], [ 136.945, -66.328 ], [ 143.471, -66.846 ], [ 146.048, -67.587 ], [ 147.03, -68.416 ], [ 153.845, -68.76 ], [ 154.986, -68.886 ], [ 156.35, -69.202 ], [ 157.873, -69.172 ], [ 159.754, -69.502 ], [ 161.249, -70.462 ], [ 162.708, -70.3 ], [ 167.701, -70.791 ], [ 170.282, -71.299 ], [ 170.946, -71.861 ], [ 169.631, -73.044 ], [ 168.304, -73.164 ], [ 162.546, -75.101 ], [ 160.387, -79.168 ], [ 161.383, -79.947 ], [ 161.011, -81.549 ], [ 166.53, -82.703 ], [ 180.0, -84.353 ], [ 180.0, -90.0 ], [ -180.0, -90.0 ], [ -180.0, -84.353 ], [ -167.442, -84.867 ], [ -160.07, -83.479 ], [ -154.804, -81.966 ], [ -156.528, -78.664 ], [ -158.637, -77.865 ], [ -158.22, -77.074 ], [ -151.421, -77.509 ], [ -149.483, -76.293 ], [ -139.567, -75.148 ], [ -88.714, -73.12 ], [ -75.39331635053486, -71.007032259062939 ], [ -72.107906287143393, -69.069482734498763 ], [ -70.45116104150155, -68.676356744007492 ], [ -68.825, -69.431 ], [ -68.009, -69.327 ], [ -67.163, -68.49 ], [ -67.472, -67.549 ], [ -67.119, -66.936 ], [ -63.874, -65.046 ], [ -61.019, -64.082 ], [ -57.287, -63.215 ], [ -55.562833271604354, -63.122551324755477 ], [ -55.060970261821168, -63.300294474053693 ], [ -55.907864090830302, -63.289838994683208 ], [ -58.733, -64.031 ], [ -63.812, -66.189 ], [ -65.337, -67.658 ], [ -65.244, -68.629 ], [ -63.447, -68.947 ], [ -61.354, -70.561 ], [ -60.492, -72.791 ], [ -61.055, -74.103 ], [ -63.162, -75.409 ], [ -70.094, -76.675 ], [ -74.892, -78.168 ], [ -75.939, -79.569 ], [ -72.557, -80.799 ] ] ] ] } },
{ "type": "Feature", "properties": { "id": "polotsk987", "colorId": "polotsk", "name": "Полоцк", "parent": null }, "geometry": { "type": "MultiPolygon", "coordinates": [ [ [ [ 24.615294637541975, 53.093917828007726 ], [ 23.894544230850506, 53.164811310633112 ], [ 23.179701614377823, 52.999393184507205 ], [ 23.581431349255023, 53.528140409088259 ], [ 23.983161084132249, 53.909192878199697 ], [ 24.390798609228238, 54.216397969576413 ], [ 25.306506093139525, 54.48815631964041 ], [ 25.655065716047694, 54.872162683861276 ], [ 25.903192905236558, 55.646083202521787 ], [ 26.185356964602502, 56.297206497655111 ], [ 26.517670365488271, 56.158719412261448 ], [ 27.166541224665323, 56.335684192037007 ], [ 27.81850117670977, 56.69510207051718 ], [ 28.283164839417275, 56.631266487461517 ], [ 28.814633182066753, 56.595637324825795 ], [ 29.257028618126938, 56.45015157739661 ], [ 30.744968176448673, 56.128329786053939 ], [ 31.079646682104528, 56.049030571708244 ], [ 31.449169508618912, 55.902308272945177 ], [ 31.49761222921304, 55.880856128652319 ], [ 31.01732382276278, 55.416739049018574 ], [ 31.019600279451957, 54.891803674088003 ], [ 30.696173743121815, 54.639530975750489 ], [ 30.463306636964113, 54.354915623779966 ], [ 30.64442549730899, 53.940929657277387 ], [ 30.463306636964113, 53.889181411464563 ], [ 30.579740190042962, 53.326419238250118 ], [ 30.216843145345656, 53.073513793306766 ], [ 29.474955564499602, 53.192405207641329 ], [ 28.834855300138678, 53.256875737864732 ], [ 27.508604392685822, 53.247665662118528 ], [ 26.997445188771692, 52.883867670143594 ], [ 26.408000341014869, 52.713481268838883 ], [ 25.818555493258046, 52.658220814361684 ], [ 25.404102084679039, 52.690456079473421 ], [ 24.615294637541975, 53.093917828007726 ] ] ] ] } },
{ "type": "Feature", "properties": { "id": "finns", "colorId": null, "name": "финны", "parent": null }, "geometry": { "type": "MultiPolygon", "coordinates": [ [ [ [ 22.844, 60.242 ], [ 22.847, 60.111 ], [ 22.682, 59.998 ], [ 22.47, 59.998 ], [ 22.451, 60.189 ], [ 22.844, 60.242 ] ] ], [ [ [ 22.08, 60.269 ], [ 22.107, 60.313 ], [ 22.332, 60.269 ], [ 22.08, 60.269 ] ] ], [ [ [ 21.998, 60.334 ], [ 21.785, 60.385 ], [ 21.892, 60.449 ], [ 21.998, 60.334 ] ] ], [ [ [ 27.808, 60.553 ], [ 27.457, 60.464 ], [ 27.178, 60.567 ], [ 26.998, 60.488 ], [ 26.687, 60.418 ], [ 26.486, 60.444 ], [ 26.324, 60.383 ], [ 26.014, 60.463 ], [ 25.93, 60.245 ], [ 25.736, 60.247 ], [ 25.669, 60.365 ], [ 25.503, 60.246 ], [ 25.320798569269957, 60.245402607386254 ], [ 25.198, 60.245 ], [ 25.177, 60.183 ], [ 24.951, 60.143 ], [ 24.597, 60.127 ], [ 24.468, 59.996 ], [ 24.368, 60.074 ], [ 23.771, 59.968 ], [ 23.429, 59.957 ], [ 23.251, 59.841 ], [ 22.905, 59.811 ], [ 23.247, 59.922 ], [ 23.101, 59.94 ], [ 23.258, 60.04 ], [ 22.997, 60.062 ], [ 22.867, 60.184 ], [ 23.008, 60.277 ], [ 22.877, 60.301 ], [ 22.525, 60.204 ], [ 22.449, 60.245 ], [ 22.628, 60.375 ], [ 22.292, 60.383 ], [ 22.064, 60.436 ], [ 21.874, 60.53 ], [ 21.841, 60.629 ], [ 21.662, 60.567 ], [ 21.641, 60.496 ], [ 21.38, 60.647 ], [ 21.422, 60.759 ], [ 21.319, 60.865 ], [ 21.428, 60.903 ], [ 21.299, 61.06 ], [ 21.454, 61.055 ], [ 21.435, 61.143 ], [ 21.558, 61.204 ], [ 21.572, 61.416 ], [ 21.508, 61.57 ], [ 21.716, 61.527 ], [ 21.538, 61.65 ], [ 21.486, 61.811 ], [ 21.371, 61.939 ], [ 21.237, 61.985 ], [ 21.339, 62.356 ], [ 21.134, 62.404 ], [ 21.194, 62.601 ], [ 21.079, 62.678 ], [ 21.227, 62.858 ], [ 21.463, 62.951 ], [ 21.495, 63.072 ], [ 21.688, 63.027 ], [ 21.497, 63.209 ], [ 21.647, 63.198 ], [ 21.895, 63.26 ], [ 21.906, 63.175 ], [ 22.043, 63.246 ], [ 22.203, 63.239 ], [ 22.374, 63.321 ], [ 22.191, 63.458 ], [ 22.428, 63.489 ], [ 22.589, 63.703 ], [ 22.829, 63.646 ], [ 22.991, 63.815 ], [ 23.373, 63.901 ], [ 23.382, 64.048 ], [ 23.605, 64.028 ], [ 23.566, 64.097 ], [ 23.943, 64.247 ], [ 23.996, 64.38 ], [ 24.344, 64.531 ], [ 24.423, 64.676 ], [ 24.773, 64.866 ], [ 25.074, 64.916 ], [ 25.26, 64.816 ], [ 25.369, 64.899 ], [ 25.221, 64.991 ], [ 25.444, 64.967 ], [ 25.282, 65.191 ], [ 25.352, 65.484 ], [ 29.706580662934417, 67.662282031648772 ], [ 30.223254541832379, 68.091630747916113 ], [ 31.16927713699765, 68.411823010895134 ], [ 32.042528763304055, 68.564642045498744 ], [ 32.566479739087896, 68.89211140536365 ], [ 33.028575391341704, 68.968520922665462 ], [ 33.057683778885249, 69.055846085296096 ], [ 33.294189427676564, 69.081315924396691 ], [ 33.501586688924341, 69.132255602597894 ], [ 33.614381690655577, 69.20502657145677 ], [ 33.62, 69.328 ], [ 34.421, 69.311 ], [ 34.662, 69.249 ], [ 35.264, 69.215 ], [ 35.33, 69.276 ], [ 36.312, 69.058 ], [ 37.464, 68.742 ], [ 37.681, 68.713 ], [ 38.091, 68.501 ], [ 38.435, 68.356 ], [ 38.612, 68.387 ], [ 39.521, 68.076 ], [ 39.86, 68.047 ], [ 39.722, 68.173 ], [ 39.913, 68.123 ], [ 40.004, 68.02 ], [ 40.362, 67.903 ], [ 40.504, 67.75 ], [ 40.671, 67.81 ], [ 41.017, 67.698 ], [ 40.999, 67.467 ], [ 41.145, 67.424 ], [ 41.109, 67.254 ], [ 41.308, 67.235 ], [ 41.36, 67.014 ], [ 41.178, 66.81 ], [ 40.745, 66.597 ], [ 40.444, 66.406 ], [ 40.085, 66.289 ], [ 39.344, 66.135 ], [ 38.554, 66.055 ], [ 37.927, 66.089 ], [ 37.546, 66.145 ], [ 37.273, 66.23 ], [ 36.887, 66.285 ], [ 36.406, 66.295 ], [ 35.381, 66.418 ], [ 34.804, 66.614 ], [ 34.434, 66.547 ], [ 34.175, 66.687 ], [ 33.833, 66.696 ], [ 33.524, 66.831 ], [ 33.483, 66.73 ], [ 32.843, 66.976 ], [ 32.807, 67.091 ], [ 32.383, 67.16 ], [ 32.262, 67.125 ], [ 32.557, 66.989 ], [ 32.545, 66.883 ], [ 32.812, 66.736 ], [ 33.183, 66.692 ], [ 33.26, 66.618 ], [ 33.705, 66.444 ], [ 33.516, 66.406 ], [ 33.62, 66.309 ], [ 34.087, 66.249 ], [ 34.161, 66.185 ], [ 34.497, 66.116 ], [ 34.852, 65.9 ], [ 34.9, 65.706 ], [ 34.442, 65.371 ], [ 34.615, 65.255 ], [ 34.681, 65.114 ], [ 34.816, 65.043 ], [ 34.702, 64.98 ], [ 34.942, 64.858 ], [ 34.798, 64.756 ], [ 34.978, 64.612 ], [ 35.009, 64.494 ], [ 35.28, 64.377 ], [ 35.411, 64.287 ], [ 35.618, 64.34 ], [ 35.566, 64.406 ], [ 35.811, 64.342 ], [ 35.977, 64.199 ], [ 36.235, 64.125 ], [ 36.292, 64.01 ], [ 36.703, 63.925 ], [ 37.169, 63.895 ], [ 37.291, 63.818 ], [ 37.608, 63.816 ], [ 37.614, 63.881 ], [ 38.002, 63.956 ], [ 38.088, 64.035 ], [ 37.914, 64.22 ], [ 38.003, 64.317 ], [ 37.687, 64.431 ], [ 37.339, 64.34 ], [ 37.122, 64.395 ], [ 36.744, 64.681 ], [ 36.56, 64.717 ], [ 36.44, 64.917 ], [ 36.807, 64.959 ], [ 36.82, 65.147 ], [ 37.008, 65.173 ], [ 37.706, 65.017 ], [ 37.795, 64.921 ], [ 38.046, 64.854 ], [ 38.358, 64.852 ], [ 38.426, 64.793 ], [ 38.922, 64.733 ], [ 39.567, 64.545 ], [ 39.736, 64.555 ], [ 39.85, 64.676 ], [ 40.378, 64.923 ], [ 40.114, 65.075 ], [ 39.712, 65.402 ], [ 39.827, 65.607 ], [ 40.28, 65.73 ], [ 40.796, 65.992 ], [ 41.343, 66.063 ], [ 41.858, 66.296 ], [ 42.201, 66.532 ], [ 42.645, 66.453 ], [ 42.549, 66.385 ], [ 43.252, 66.437 ], [ 43.406, 66.332 ], [ 43.655, 66.285 ], [ 43.665, 66.218 ], [ 43.288, 66.09 ], [ 43.836, 66.186 ], [ 44.046, 66.081 ], [ 44.167, 65.885 ], [ 44.220047169036803, 65.734152560894856 ], [ 45.174346129604267, 64.931912225912313 ], [ 45.834020659434103, 64.176071109376736 ], [ 46.221564648321824, 63.550757177253651 ], [ 46.385397162964722, 62.726576177414792 ], [ 46.311390525028386, 61.844065519828924 ], [ 45.808365615471629, 60.67632912264358 ], [ 45.152636715513708, 59.670279303530073 ], [ 43.975917730657713, 58.754055361123108 ], [ 42.889065092936569, 58.284521810748394 ], [ 42.357363973246144, 58.878254727736035 ], [ 41.790216112243023, 59.347924050129244 ], [ 41.161036453942671, 59.640359665958968 ], [ 40.674816761691496, 59.973441637414723 ], [ 39.803505757637822, 60.359692907252949 ], [ 39.192689796033179, 60.70103123873789 ], [ 37.773440944069456, 61.195073560623996 ], [ 36.866199589333149, 61.293882025001224 ], [ 35.909554002408235, 61.186090972953352 ], [ 35.752358718171749, 61.028895688716865 ], [ 35.267298983956302, 61.123212859258757 ], [ 34.045667060747022, 61.033386982552187 ], [ 33.053091123139481, 60.512396897654128 ], [ 32.729717966995835, 60.894156873657018 ], [ 30.933200432864545, 59.856667997696199 ], [ 30.461614580155082, 59.982424225085396 ], [ 30.193, 59.881 ], [ 30.21, 60.001 ], [ 29.948, 60.03 ], [ 29.849, 60.167 ], [ 29.701, 60.201 ], [ 29.418, 60.169 ], [ 29.015, 60.197 ], [ 28.816, 60.361 ], [ 28.607, 60.389 ], [ 28.439, 60.56 ], [ 28.684, 60.456 ], [ 28.655, 60.682 ], [ 28.401, 60.665 ], [ 28.216, 60.548 ], [ 27.808, 60.553 ] ] ], [ [ [ 24.563, 65.037 ], [ 24.835, 65.095 ], [ 24.993, 65.055 ], [ 24.632, 64.968 ], [ 24.563, 65.037 ] ] ], [ [ [ 35.505, 65.096 ], [ 35.524, 65.144 ], [ 35.815, 65.154 ], [ 35.867, 65.031 ], [ 35.505, 65.096 ] ] ], [ [ [ 42.646, 66.742 ], [ 42.668, 66.667 ], [ 42.455, 66.774 ], [ 42.646, 66.742 ] ] ] ] } },
{ "type": "Feature", "properties": { "id": "ghost_tibet", "colorId": null, "name": "Тибет", "parent": null }, "geometry": { "type": "MultiPolygon", "coordinates": [ [ [ [ 78.914613439540318, 33.612008806647097 ], [ 78.957259050468281, 33.964938000533735 ], [ 79.361657085130048, 34.161990133787114 ], [ 79.585178907924927, 34.456097795359305 ], [ 79.996929634126005, 34.726676844005731 ], [ 81.433710494920376, 36.236904121035749 ], [ 82.151507006502442, 36.34324434497384 ], [ 82.656623070208354, 36.529339736865488 ], [ 83.294664413836855, 36.662265016788091 ], [ 83.919413229473108, 36.662265016788091 ], [ 84.743549964993264, 36.848360408679738 ], [ 85.461346476575343, 37.074333384548169 ], [ 85.886707372327692, 37.300306360416599 ], [ 86.690905315859467, 37.606034504238544 ], [ 87.169436323580854, 37.871885064083756 ], [ 88.02015811508555, 38.217490791882533 ], [ 88.525274178791449, 38.496633879720022 ], [ 89.16331552241995, 38.53651146369679 ], [ 89.78141807406007, 38.350416071805128 ], [ 90.191824875821126, 38.403586183774088 ], [ 91.521077675047195, 38.802362023541896 ], [ 91.82680581886919, 38.855532135510941 ], [ 92.311983090586693, 39.048273791398721 ], [ 93.01648707417651, 39.13467522334841 ], [ 93.269045106029466, 39.231046051292296 ], [ 93.235813786048809, 39.297508691253597 ], [ 93.621297097824367, 39.264277371272946 ], [ 93.737606717756648, 39.297508691253597 ], [ 94.585005377263272, 39.304154955249729 ], [ 95.15990721292853, 39.051596923396787 ], [ 96.106999832377099, 38.828947079526415 ], [ 96.75168744000176, 38.921994775472264 ], [ 97.542592855541258, 38.921994775472264 ], [ 97.901491111332291, 39.068212583387108 ], [ 98.240450575134929, 39.260954239274888 ], [ 99.011417198686047, 38.995103679429675 ], [ 99.217451382566097, 38.828947079526422 ], [ 99.808968878221691, 38.715960591592207 ], [ 101.153175771439052, 38.676083007615517 ], [ 102.070360202905022, 38.430171239758707 ], [ 103.51924575406143, 38.377001127789661 ], [ 104.31679743359706, 38.197551999894145 ], [ 104.828559761299104, 38.350416071805142 ], [ 105.406784728962435, 38.230783319874796 ], [ 105.805560568730257, 38.044687927983148 ], [ 106.184397616509685, 37.778837368137935 ], [ 106.30403036844001, 37.566156920261783 ], [ 106.563234664289098, 36.64232622479966 ], [ 106.430309384366495, 36.150502689086018 ], [ 106.13787376853675, 35.838128281267892 ], [ 105.705866608788284, 35.638740361383981 ], [ 105.466601104927591, 35.160209353662601 ], [ 104.988070097206204, 35.080454185709037 ], [ 104.576001729446133, 34.847834945844475 ], [ 104.310151169600914, 34.203147338219836 ], [ 104.496246561492555, 33.611629842564227 ], [ 104.275937947605499, 33.163987524944943 ], [ 103.555187540914034, 33.116725203194683 ], [ 103.14164222559927, 32.809520111817996 ], [ 103.194812337568308, 31.97061390075088 ], [ 102.716281329846922, 31.769749033312273 ], [ 102.308643804750929, 31.681132180030538 ], [ 102.019162084030597, 31.397558249528988 ], [ 101.865559538342239, 31.084445367933522 ], [ 101.924637440530063, 29.985596387239976 ], [ 101.771034894841719, 29.477526428424682 ], [ 101.239333775151295, 28.402308608606265 ], [ 100.684001494585701, 27.702235467680527 ], [ 100.187747116207973, 27.867653593806438 ], [ 100.026680153491455, 28.36496146869656 ], [ 99.66237251377548, 28.61335304123018 ], [ 99.436060192133738, 28.342882217804682 ], [ 99.171109181431206, 28.602313415784241 ], [ 99.314624312228418, 28.889343677378648 ], [ 98.828880792607109, 28.845185175594896 ], [ 98.690885474532877, 28.591273790338303 ], [ 98.503211841951924, 28.309763341466866 ], [ 98.345756454389829, 28.200132398901548 ], [ 98.119, 28.141 ], [ 97.819464392686498, 28.067752187062062 ], [ 97.685140416591906, 28.144961292810052 ], [ 96.926538801462598, 28.294482770574671 ], [ 96.506559356564907, 28.177943971728713 ], [ 96.031608780136111, 28.129569375981333 ], [ 95.670998157292033, 28.191137043296177 ], [ 95.380750582807764, 28.138364757026313 ], [ 95.116889151458437, 28.309874687403376 ], [ 95.046526103098628, 28.415419259943107 ], [ 94.571575526669832, 28.639701476590041 ], [ 93.349017561417952, 28.094387851801429 ], [ 92.390321027515398, 27.707391085822415 ], [ 89.810275065975034, 27.499972387431587 ], [ 88.850506082000706, 27.555273020765334 ], [ 87.439806987844449, 27.878168570774392 ], [ 86.869106264278756, 28.021764236703827 ], [ 86.003850328550115, 28.018082296551786 ], [ 85.55097168984959, 28.073311398832342 ], [ 85.341101101183483, 28.22427094506585 ], [ 84.888222462482958, 28.412049892819727 ], [ 84.439025763934481, 28.540917798141013 ], [ 84.196017713900048, 28.662421823158226 ], [ 83.791004297176002, 28.610874661029708 ], [ 83.654772511550632, 28.548281678445086 ], [ 81.791710794620016, 29.384082092957442 ], [ 81.143689327861537, 29.929009235458885 ], [ 80.436756818670474, 30.422389215831817 ], [ 80.000446910654048, 30.674602116246334 ], [ 78.951093967323658, 31.158777246239172 ], [ 77.847835135358181, 31.878934584830617 ], [ 78.10162643586429, 32.182246139094012 ], [ 78.487169508167014, 32.348043915347056 ], [ 79.117336591489206, 33.058977083820864 ], [ 78.914613439540318, 33.612008806647097 ] ] ] ] } },
{ "type": "Feature", "properties": { "id": "salerno873", "colorId": "salerno", "name": "Салерно", "parent": null }, "geometry": { "type": "MultiPolygon", "coordinates": [ [ [ [ 15.537925703955194, 40.948278347821464 ], [ 15.894469806954451, 40.802485482190207 ], [ 15.961839214484375, 40.748589956166263 ], [ 16.329002485522459, 40.613851141106423 ], [ 16.521005296982739, 40.617219611482916 ], [ 16.739955871454988, 40.533007852070511 ], [ 16.886970957197015, 40.411340196233979 ], [ 16.738, 40.211 ], [ 16.605, 40.084 ], [ 16.632, 39.966 ], [ 16.492, 39.805 ], [ 16.211514515834121, 39.803603689660129 ], [ 16.021801211222652, 39.726865723749874 ], [ 15.936536804655701, 39.581916232586053 ], [ 15.868, 39.564 ], [ 15.806, 39.696 ], [ 15.782, 39.869 ], [ 15.61, 40.073 ], [ 15.41, 39.994 ], [ 15.343, 40.004 ], [ 15.127, 40.17 ], [ 14.911, 40.242 ], [ 14.998, 40.398 ], [ 14.889, 40.573 ], [ 14.752, 40.677 ], [ 14.580630131271127, 40.749671792183456 ], [ 14.474, 40.73 ], [ 14.294, 40.839 ], [ 14.650014632882028, 40.982005654729264 ], [ 14.87392913781505, 40.94827834782145 ], [ 15.537925703955194, 40.948278347821464 ] ] ] ] } },
{ "type": "Feature", "properties": { "id": "saragossa1060", "colorId": "saragossa", "name": "Сарагоса", "parent": null }, "geometry": { "type": "MultiPolygon", "coordinates": [ [ [ [ -0.260429028455617, 40.173649450730828 ], [ -0.180848914555601, 40.344178266230863 ], [ -0.101268800655586, 40.370704970864196 ], [ 0.069260014844446, 40.526075669430895 ], [ 0.239788830344479, 40.617024371030908 ], [ 0.129892482577791, 40.651130134130916 ], [ 0.019996134811104, 40.651130134130916 ], [ -0.059583979088911, 40.715552131097596 ], [ -0.199796560722271, 40.742078835730936 ], [ -0.249060440755614, 40.814079891164283 ], [ -0.377904434688972, 40.908818121997633 ], [ -0.446115960888985, 40.931555297397637 ], [ -0.533275133255668, 40.905028592764303 ], [ -0.624223834855685, 40.836817066564286 ], [ -1.014545345889093, 40.836817066564286 ], [ -1.291180979922479, 40.69660448493093 ], [ -1.503394616989187, 40.53365472789757 ], [ -1.708029195589226, 40.764816011130947 ], [ -1.859610364922588, 40.821658949630951 ], [ -1.946769537289271, 40.923976238930976 ], [ -2.17035176205598, 40.999766823597653 ], [ -2.370327976490036, 41.098541435555326 ], [ -2.421783787271244, 41.197904380512128 ], [ -2.496305995988856, 41.240488499779339 ], [ -2.416460772362843, 41.297267325468951 ], [ -2.295805767772424, 41.361143504369764 ], [ -2.185796792998806, 41.510187921804985 ], [ -2.118371937492396, 41.67697572226821 ], [ -2.240888629026049, 41.936888291509554 ], [ -2.199764870549993, 42.060259566937724 ], [ -2.054304016646244, 42.20061881323673 ], [ -1.834511321112869, 42.295357044070087 ], [ -1.548737992517526, 42.29539938015899 ], [ -1.348366637085187, 42.342294803770812 ], [ -0.970498655912705, 42.374937157970102 ], [ -0.288383393912575, 42.355989511803429 ], [ 0.64865905863294, 41.955328396836912 ], [ 0.888391877930859, 41.879623296005995 ], [ 1.27532905995557, 41.871211618135888 ], [ 1.578149463279257, 41.623067120967868 ], [ 1.653854564110179, 41.45062772463077 ], [ 1.83077460105347, 41.236282324876875 ], [ 1.539, 41.187 ], [ 1.218, 41.105 ], [ 1.184, 41.063 ], [ 0.99, 41.04 ], [ 0.714, 40.815 ], [ 0.874, 40.728 ], [ 0.848, 40.675 ], [ 0.6, 40.614 ], [ 0.351, 40.285 ], [ 0.066, 40.032 ], [ -0.260429028455617, 40.173649450730828 ] ] ] ] } },
{ "type": "Feature", "properties": { "id": "champa", "colorId": "south_vietnam", "name": "Тямпа", "parent": null }, "geometry": { "type": "MultiPolygon", "coordinates": [ [ [ [ 109.207, 12.387 ], [ 109.214, 12.068 ], [ 109.287, 11.967 ], [ 109.278, 11.865 ], [ 109.243, 11.736 ], [ 109.136, 11.57 ], [ 109.018, 11.356 ], [ 108.933, 11.311 ], [ 108.788, 11.301 ], [ 108.729, 11.182 ], [ 108.577, 11.179 ], [ 108.472, 11.053 ], [ 108.347653167447874, 11.524760599445985 ], [ 108.349638667092066, 11.803723299455303 ], [ 108.448913649301801, 12.015179011562015 ], [ 108.540246632934725, 12.330873454988936 ], [ 108.539750258023687, 12.48524605232506 ], [ 108.411189156062122, 12.728966133649928 ], [ 108.415160155350506, 13.495368996308992 ], [ 107.707514141983481, 14.123989979974555 ], [ 107.707514141983481, 14.736954756625227 ], [ 107.629871936941072, 14.998486394662848 ], [ 107.486846822389225, 15.243672305323113 ], [ 107.364253867059091, 15.656401921601232 ], [ 107.09454936533281, 15.975143605459582 ], [ 106.830606493370752, 16.142555338463335 ], [ 107.165384493257775, 16.223820710467564 ], [ 107.703326456300331, 16.508231086036218 ], [ 107.827, 16.374 ], [ 107.812, 16.313 ], [ 107.896, 16.278 ], [ 107.945, 16.357 ], [ 108.043, 16.346 ], [ 108.094, 16.237 ], [ 108.204, 16.217 ], [ 108.245, 16.162 ], [ 108.317, 16.135 ], [ 108.259, 16.071 ], [ 108.306, 15.955 ], [ 108.415, 15.867 ], [ 108.455, 15.747 ], [ 108.619, 15.529 ], [ 108.621, 15.475 ], [ 108.773, 15.387 ], [ 108.827, 15.429 ], [ 108.91, 15.209 ], [ 108.919, 15.058 ], [ 109.012, 14.822 ], [ 109.081, 14.729 ], [ 109.074, 14.579 ], [ 109.239, 14.133 ], [ 109.174, 14.172 ], [ 109.307, 13.876 ], [ 109.27, 13.756 ], [ 109.304, 13.48 ], [ 109.232, 13.393 ], [ 109.321, 13.259 ], [ 109.307, 13.133 ], [ 109.465, 12.913 ], [ 109.369, 12.825 ], [ 109.472, 12.656 ], [ 109.451, 12.571 ], [ 109.342, 12.66 ], [ 109.363, 12.793 ], [ 109.205, 12.646 ], [ 109.205, 12.55 ], [ 109.346, 12.396 ], [ 109.297, 12.351 ], [ 109.185, 12.459 ], [ 109.207, 12.387 ] ] ] ] } },
{ "type": "Feature", "properties": { "id": "yemen819", "colorId": "yemen", "name": "Йемен", "parent": null }, "geometry": { "type": "MultiPolygon", "coordinates": [ [ [ [ 44.696358912226927, 14.400317877714947 ], [ 45.18236696694396, 14.318070360762835 ], [ 45.34312347735036, 14.168529420849902 ], [ 45.503879987756761, 14.056373715915205 ], [ 45.754361062110924, 14.018988480936972 ], [ 45.903902002023855, 13.936740963984859 ], [ 46.087089653417195, 13.891878682010979 ], [ 46.202983881849718, 13.753553312591517 ], [ 46.315139586784419, 13.532980426219943 ], [ 46.313, 13.414 ], [ 46.235, 13.436 ], [ 45.941, 13.399 ], [ 45.666, 13.342 ], [ 45.494, 13.195 ], [ 45.403, 13.07 ], [ 45.194, 13.013 ], [ 45.118, 12.962 ], [ 45.057, 12.817 ], [ 44.945, 12.834 ], [ 44.867, 12.795 ], [ 44.881, 12.73 ], [ 44.694, 12.803 ], [ 44.543, 12.797 ], [ 44.416, 12.67 ], [ 44.191, 12.619 ], [ 44.191, 12.66 ], [ 43.946, 12.598 ], [ 43.909, 12.645 ], [ 43.601, 12.756 ], [ 43.462, 12.693 ], [ 43.473, 12.847 ], [ 43.42731244559382, 12.921650162280439 ], [ 43.249, 13.213 ], [ 43.254, 13.527 ], [ 43.281, 13.722 ], [ 43.233, 13.876 ], [ 43.15036360818047, 14.001462536944699 ], [ 43.262635150811683, 14.030204051430438 ], [ 43.443953540456107, 14.108713044884727 ], [ 43.608448574360338, 14.108713044884727 ], [ 43.79163622575367, 14.147967541611873 ], [ 44.16175005203818, 14.361063380987803 ], [ 44.696358912226927, 14.400317877714947 ] ] ], [ [ [ 42.76, 14.065 ], [ 42.789, 13.927 ], [ 42.701, 13.988 ], [ 42.76, 14.065 ] ] ] ] } },
{ "type": "Feature", "properties": { "id": "cuman1059", "colorId": "cuman", "name": "Половцы", "parent": null }, "geometry": { "type": "MultiPolygon", "coordinates": [ [ [ [ 39.92740705336405, 49.800739327314346 ], [ 42.042095079394471, 51.746252311262339 ], [ 46.800143137962934, 51.682811670481428 ], [ 48.851390523212451, 49.779592447054057 ], [ 46.884730659004155, 47.770638822325154 ], [ 42.063241959654782, 47.770638822325154 ], [ 39.92740705336405, 49.800739327314346 ] ] ] ] } },
{ "type": "Feature", "properties": { "id": "poland965", "colorId": "poland", "name": "Польша", "parent": null }, "geometry": { "type": "MultiPolygon", "coordinates": [ [ [ [ 22.262024222341612, 52.830004614411259 ], [ 22.906386702328291, 52.651562469269756 ], [ 22.913746452625585, 52.22469695202679 ], [ 22.81806969876078, 52.003904443108013 ], [ 22.747163361982707, 51.367960848842927 ], [ 22.751831946085151, 51.209051411000424 ], [ 22.803350198166196, 50.973539401487059 ], [ 22.531868726491389, 50.384523148190929 ], [ 22.435362683301541, 49.847497606001347 ], [ 22.229289674977352, 49.553107594109647 ], [ 21.898100911599187, 49.207199330136895 ], [ 21.802424157734386, 48.912809318245195 ], [ 21.855150862770131, 48.607505399760669 ], [ 21.514020051249773, 48.558772426686332 ], [ 21.021275545720368, 48.607505399760669 ], [ 20.57455662587228, 48.737459994625574 ], [ 20.271329237854182, 48.867414589490473 ], [ 20.1440820303823, 49.00007657174838 ], [ 19.859806354115335, 49.143568103578367 ], [ 19.499723830843848, 49.289767022801378 ], [ 19.061534389407736, 49.449856637372832 ], [ 18.833, 49.51 ], [ 18.3846506910266, 49.476377620042506 ], [ 17.817037133927425, 49.370859715197142 ], [ 17.817037133927425, 49.581895524887855 ], [ 17.660579550880865, 49.658305042189689 ], [ 17.285809061257702, 49.712883268833835 ], [ 17.122074381325252, 49.978497305168702 ], [ 16.907400023191592, 50.131316339772319 ], [ 16.732749697930313, 50.313243761919487 ], [ 16.339786466092431, 50.371460537006584 ], [ 16.136027753287603, 50.484255538737827 ], [ 16.074172429757567, 50.59705054046907 ], [ 15.99412436401281, 50.680737154656768 ], [ 15.823112587194473, 50.793532156388011 ], [ 15.470173388228968, 50.888134415904538 ], [ 15.386486774041272, 51.015483611407554 ], [ 15.390125322484215, 51.299290389957136 ], [ 15.24458338476648, 51.586735716949654 ], [ 14.968053703102786, 51.914205076814554 ], [ 14.829788862270938, 51.986976045673423 ], [ 14.666054182338488, 52.230758791350631 ], [ 14.571451922821963, 52.278059921108898 ], [ 14.502319502406042, 52.405409116611899 ], [ 14.627849423687588, 52.487276456578122 ], [ 14.631487972130531, 52.549131780108162 ], [ 14.799568265453935, 52.711177834854197 ], [ 15.461240769957573, 52.764347946823236 ], [ 15.774353651553048, 52.847057009886193 ], [ 15.868878295053566, 53.053829667543582 ], [ 15.94567956789774, 53.325588017607572 ], [ 16.335593722337386, 53.396481500232966 ], [ 16.813466915911146, 53.247165812591916 ], [ 17.230393607063313, 53.070501960408798 ], [ 17.530722155774622, 53.134100947194717 ], [ 17.848717089704241, 53.240099258504593 ], [ 18.775511082694557, 53.112907569731398 ], [ 19.156029595859344, 53.144700778325706 ], [ 19.360959664391768, 53.240099258504593 ], [ 19.647155104928423, 53.162367163544019 ], [ 21.10761687027421, 53.2745375947596 ], [ 21.631407668824195, 53.167711839792169 ], [ 22.262024222341612, 52.830004614411259 ] ] ] ] } },
{ "type": "Feature", "properties": { "id": "ryazan", "colorId": "ryazan", "name": "Рязань", "parent": null }, "geometry": { "type": "MultiPolygon", "coordinates": [ [ [ [ 39.023154868520763, 53.002957355156916 ], [ 38.85394879804204, 52.905331994415029 ], [ 38.724578183509983, 53.888548664858639 ], [ 38.938039697487874, 54.39309406153366 ], [ 38.872317546249036, 54.933390812542576 ], [ 40.035602417264627, 55.244963743184783 ], [ 40.549580166298703, 55.466505876389128 ], [ 41.134451397958173, 55.572846100327212 ], [ 41.878832965524765, 55.785526548203386 ], [ 42.765001498342144, 55.776664862875208 ], [ 43.084022170156402, 55.688048009593473 ], [ 43.081806748824341, 55.129761833918614 ], [ 42.815956188979129, 54.473997119633758 ], [ 42.585552370446614, 53.747338922723515 ], [ 41.770277320254628, 53.623275328129097 ], [ 40.946140584734465, 53.481488362878316 ], [ 39.900461716009964, 53.233361173689453 ], [ 39.023154868520763, 53.002957355156916 ] ] ] ] } },
{ "type": "Feature", "properties": { "id": "volg_bulgaria", "colorId": "bulgaria", "name": "Волжская Булгария", "parent": null }, "geometry": { "type": "MultiPolygon", "coordinates": [ [ [ [ 46.535648605480063, 56.848928787584228 ], [ 46.801499165325275, 57.061609235460402 ], [ 47.284461015710747, 57.185672830054841 ], [ 48.210507132504901, 57.176811144726663 ], [ 48.604852129608645, 56.964130696850489 ], [ 49.025782182696901, 56.968561539514575 ], [ 49.756871222271229, 56.83120541692788 ], [ 50.235402229992616, 56.379259465191026 ], [ 50.527837845822347, 55.75894149221886 ], [ 50.536699531150525, 55.333580596466518 ], [ 50.359465824587048, 54.934804756698696 ], [ 50.075891894085487, 54.571475658243578 ], [ 49.765732907599393, 54.394241951680101 ], [ 48.906149430766533, 54.270178357085676 ], [ 48.445341793701502, 54.27904004241384 ], [ 47.630066743509516, 54.571475658243571 ], [ 46.814791693317538, 54.58919902889992 ], [ 46.398292482893368, 55.058868351293128 ], [ 46.185612035017201, 55.360165652451037 ], [ 46.194473720345371, 55.546261044342685 ], [ 45.875453048531114, 55.661462953608947 ], [ 46.026101699110072, 55.971621940095027 ], [ 46.003947485789631, 56.233041657276154 ], [ 46.16345782169676, 56.299504297237455 ], [ 46.349553213588408, 56.605232441059449 ], [ 46.535648605480063, 56.848928787584228 ] ] ] ] } },
{ "type": "Feature", "properties": { "id": "nepal", "colorId": "nepal", "name": "Непал", "parent": null }, "geometry": { "type": "MultiPolygon", "coordinates": [ [ [ [ 83.847814758690305, 27.784837815246586 ], [ 83.469469522610993, 27.89937792197605 ], [ 83.376542702050955, 28.163485727778262 ], [ 83.654772511550632, 28.548281678445086 ], [ 83.791004297176002, 28.610874661029708 ], [ 84.196017713900048, 28.662421823158226 ], [ 84.439025763934481, 28.540917798141013 ], [ 84.888222462482958, 28.412049892819727 ], [ 85.341101101183483, 28.22427094506585 ], [ 85.55097168984959, 28.073311398832342 ], [ 86.003850328550115, 28.018082296551786 ], [ 86.869106264278756, 28.021764236703827 ], [ 87.439806987844449, 27.878168570774392 ], [ 87.682967202214826, 27.278235489811582 ], [ 87.524013430204263, 27.019018569302006 ], [ 87.15813856621358, 26.874839879344364 ], [ 87.075439870105399, 26.839135162064299 ], [ 86.561664261583616, 26.911659280864733 ], [ 86.1492869645555, 27.066300767250279 ], [ 85.869459513000706, 27.13257568998694 ], [ 85.427626694756299, 27.338764338501001 ], [ 85.103615961377059, 27.375583740021369 ], [ 84.337772409753413, 27.618591790055795 ], [ 84.028489436982312, 27.662775071880237 ], [ 83.847814758690305, 27.784837815246586 ] ] ] ] } },
{ "type": "Feature", "properties": { "id": "benin1179", "colorId": "benin", "name": "Бенин", "parent": null }, "geometry": { "type": "MultiPolygon", "coordinates": [ [ [ [ 5.055517332889938, 6.345920694132507 ], [ 5.1358331276451, 6.586868078397996 ], [ 5.302201559637938, 6.764710195355857 ], [ 5.583306841281008, 6.816341777698462 ], [ 5.996359500021848, 6.604078605845531 ], [ 6.047991082364453, 6.11071015234953 ], [ 5.910306862784173, 5.961552247804226 ], [ 5.646412108588637, 5.904183822979109 ], [ 5.27351734722538, 6.030394357594366 ], [ 5.055517332889938, 6.345920694132507 ] ] ] ] } },
{ "type": "Feature", "properties": { "id": "pisa", "colorId": "pisa", "name": "Пиза", "parent": null }, "geometry": { "type": "MultiPolygon", "coordinates": [ [ [ [ 10.306461888711111, 43.581623429475677 ], [ 10.264, 43.809 ], [ 10.354351873245529, 43.834014482540162 ], [ 10.421595381435397, 43.796336335471743 ], [ 10.442271334009737, 43.729139489605124 ], [ 10.592171990173714, 43.698125560743613 ], [ 10.468116274727665, 43.601637782063349 ], [ 10.306461888711111, 43.581623429475677 ] ] ] ] } },
{ "type": "Feature", "properties": { "id": "australians3000m", "colorId": null, "name": "австралийцы", "parent": null }, "geometry": { "type": "MultiPolygon", "coordinates": [ [ [ [ 153.446, -27.81 ], [ 153.449, -28.073 ], [ 153.591, -28.268 ], [ 153.576, -28.59 ], [ 153.631, -28.662 ], [ 153.606, -28.867 ], [ 153.051, -30.473 ], [ 152.988, -30.735 ], [ 153.028, -30.876 ], [ 153.086, -30.895 ], [ 153.06, -31.077 ], [ 152.981, -31.166 ], [ 152.935, -31.483 ], [ 152.845, -31.569 ], [ 152.747, -31.843 ], [ 152.609, -31.946 ], [ 152.51, -32.162 ], [ 152.565, -32.206 ], [ 152.54, -32.442 ], [ 152.402, -32.489 ], [ 152.188, -32.669 ], [ 152.198, -32.73 ], [ 152.109, -32.794 ], [ 151.834, -32.865 ], [ 151.341, -33.617 ], [ 151.281, -33.952 ], [ 151.232, -34.024 ], [ 150.925, -34.33 ], [ 150.873, -34.546 ], [ 150.897, -34.601 ], [ 150.834, -34.782 ], [ 150.729, -34.87 ], [ 150.241, -35.81 ], [ 150.153, -35.894 ], [ 150.123, -36.153 ], [ 150.142, -36.32 ], [ 150.079, -36.386 ], [ 150.066, -36.567 ], [ 149.904, -36.928 ], [ 149.944, -37.053 ], [ 149.876, -37.096 ], [ 149.998, -37.15 ], [ 150.054, -37.276 ], [ 149.951, -37.284 ], [ 149.985, -37.496 ], [ 149.779, -37.556 ], [ 149.667, -37.7 ], [ 149.479, -37.786 ], [ 148.786, -37.798 ], [ 148.306, -37.823 ], [ 147.917, -37.919 ], [ 147.589, -38.081 ], [ 146.483, -38.924 ], [ 146.182, -38.868 ], [ 146.092, -38.82 ], [ 145.921, -38.907 ], [ 145.809, -38.65 ], [ 145.571, -38.662 ], [ 145.514, -38.578 ], [ 144.945, -38.51 ], [ 144.653, -38.286 ], [ 144.402, -38.301 ], [ 144.053, -38.486 ], [ 143.845, -38.691 ], [ 143.705, -38.728 ], [ 143.537, -38.858 ], [ 143.334, -38.756 ], [ 143.242, -38.763 ], [ 143.06, -38.636 ], [ 142.81, -38.578 ], [ 142.654, -38.473 ], [ 142.398, -38.367 ], [ 142.225, -38.406 ], [ 141.947, -38.283 ], [ 141.762, -38.262 ], [ 141.618, -38.338 ], [ 141.654, -38.4 ], [ 141.371, -38.386 ], [ 141.375, -38.291 ], [ 140.951, -38.054 ], [ 140.714, -38.071 ], [ 140.602, -38.038 ], [ 140.36, -37.882 ], [ 140.241, -37.666 ], [ 140.11, -37.57 ], [ 140.114, -37.518 ], [ 139.988, -37.487 ], [ 139.742, -37.181 ], [ 139.788, -37.126 ], [ 139.672, -36.953 ], [ 139.785, -36.902 ], [ 139.864, -36.767 ], [ 139.854, -36.622 ], [ 139.567, -36.075 ], [ 138.918, -35.577 ], [ 138.746, -35.539 ], [ 138.531, -35.646 ], [ 138.202, -35.672 ], [ 138.107, -35.621 ], [ 138.123, -35.555 ], [ 138.030659574336539, -35.393115508307702 ], [ 137.890257434875366, -35.287813903711822 ], [ 137.671, -35.181 ], [ 137.561, -35.131 ], [ 137.403, -35.124 ], [ 137.239, -35.172 ], [ 137.169, -35.242 ], [ 137.04, -35.227 ], [ 136.874, -35.295 ], [ 136.647698500643997, -35.112311229385355 ], [ 136.303713258964137, -34.992969410843358 ], [ 135.965, -35.008 ], [ 135.822, -34.874 ], [ 135.741, -34.861 ], [ 135.633, -34.953 ], [ 135.604, -34.88 ], [ 135.43, -34.713 ], [ 135.389, -34.569 ], [ 135.346, -34.276 ], [ 135.273, -34.116 ], [ 135.26, -33.998 ], [ 135.19, -33.893 ], [ 135.071784978894954, -33.804254062283242 ], [ 134.841, -33.631 ], [ 134.868, -33.545 ], [ 134.814, -33.353 ], [ 134.677, -33.233 ], [ 134.446, -33.154 ], [ 134.334, -33.205 ], [ 134.279, -33.163 ], [ 134.191, -32.946 ], [ 134.074, -32.714 ], [ 133.854, -32.53 ], [ 133.896, -32.399 ], [ 133.826, -32.245 ], [ 133.692, -32.189 ], [ 133.552, -32.172 ], [ 133.412, -32.211 ], [ 133.148, -32.197 ], [ 133.056, -32.108 ], [ 132.977, -32.109 ], [ 132.798, -31.956 ], [ 132.587, -31.935 ], [ 132.476, -31.955 ], [ 132.483, -32.026 ], [ 132.234, -32.033 ], [ 132.078, -31.908 ], [ 131.783, -31.728 ], [ 131.536, -31.606 ], [ 131.178, -31.478 ], [ 130.834, -31.602 ], [ 130.157, -31.574 ], [ 128.99, -31.691 ], [ 128.655, -31.846 ], [ 128.017, -32.084 ], [ 127.766, -32.123 ], [ 127.532, -32.211 ], [ 127.289, -32.273 ], [ 127.053, -32.304 ], [ 126.678, -32.317 ], [ 126.372, -32.283 ], [ 126.186, -32.233 ], [ 125.87, -32.333 ], [ 125.537, -32.548 ], [ 125.338, -32.602 ], [ 125.0, -32.737 ], [ 124.902, -32.834 ], [ 124.709, -32.904 ], [ 124.357, -32.953 ], [ 124.117, -33.122 ], [ 124.008, -33.354 ], [ 123.952, -33.567 ], [ 123.757, -33.714 ], [ 123.739, -33.794 ], [ 123.527, -33.939 ], [ 123.344, -33.903 ], [ 123.267, -33.987 ], [ 123.147, -34.002 ], [ 123.085, -33.878 ], [ 122.575, -33.911 ], [ 122.56, -33.959 ], [ 122.312, -33.925 ], [ 122.258, -34.022 ], [ 122.074, -34.007 ], [ 122.106, -33.964 ], [ 122.016, -33.825 ], [ 121.813, -33.895 ], [ 121.628, -33.876 ], [ 121.533, -33.82 ], [ 121.334, -33.815 ], [ 121.166, -33.868 ], [ 120.572, -33.892 ], [ 120.423, -33.97 ], [ 120.002, -33.926 ], [ 119.806, -33.985 ], [ 119.572, -34.142 ], [ 119.475, -34.286 ], [ 119.484, -34.359 ], [ 119.385, -34.385 ], [ 119.402, -34.459 ], [ 119.27, -34.466 ], [ 119.261, -34.522 ], [ 119.117, -34.472 ], [ 118.84, -34.453 ], [ 118.875, -34.506 ], [ 118.727, -34.558 ], [ 118.757, -34.603 ], [ 118.613, -34.686 ], [ 118.48, -34.717 ], [ 118.387, -34.826 ], [ 118.385, -34.908 ], [ 118.168, -34.943 ], [ 118.12, -34.987 ], [ 117.849, -35.026 ], [ 117.949, -35.117 ], [ 117.684, -35.046 ], [ 117.62, -35.138 ], [ 117.36, -35.024 ], [ 117.172, -35.013 ], [ 116.845, -35.049 ], [ 116.736, -35.008 ], [ 116.638, -35.05 ], [ 116.465, -35.001 ], [ 116.375, -34.933 ], [ 116.096, -34.839 ], [ 115.979, -34.836 ], [ 115.934, -34.723 ], [ 115.745, -34.54 ], [ 115.335, -34.314 ], [ 115.165, -34.31 ], [ 115.119, -34.363 ], [ 115.018, -34.262 ], [ 114.971, -34.083 ], [ 114.957, -33.682 ], [ 114.989, -33.521 ], [ 115.119, -33.616 ], [ 115.283, -33.651 ], [ 115.434, -33.595 ], [ 115.667, -33.288 ], [ 115.675, -33.025 ], [ 115.601, -32.662 ], [ 115.63, -32.592 ], [ 115.749, -32.637 ], [ 115.757, -32.186 ], [ 115.744, -31.928 ], [ 115.68, -31.649 ], [ 115.455, -31.303 ], [ 115.313, -30.991 ], [ 115.181, -30.827 ], [ 115.101, -30.633 ], [ 114.975, -30.214 ], [ 114.943, -30.031 ], [ 114.967, -29.902 ], [ 114.946, -29.658 ], [ 114.979, -29.48 ], [ 114.832, -29.092 ], [ 114.653, -28.912 ], [ 114.577, -28.785 ], [ 114.59, -28.656 ], [ 114.531, -28.522 ], [ 114.31, -28.23 ], [ 114.166, -28.107 ], [ 114.097, -27.819 ], [ 114.144, -27.688 ], [ 114.013, -27.315 ], [ 113.764, -26.918 ], [ 113.591, -26.676 ], [ 113.629, -26.598 ], [ 113.812, -26.599 ], [ 113.887, -26.493 ], [ 114.104, -26.448 ], [ 114.234, -26.317 ], [ 114.192, -26.196 ], [ 114.259, -25.842 ], [ 114.155, -25.79 ], [ 113.802, -25.172 ], [ 113.713, -25.125 ], [ 113.611, -24.893 ], [ 113.604, -24.728 ], [ 113.439, -24.533 ], [ 113.391, -24.414 ], [ 113.385, -24.249 ], [ 113.433, -24.17 ], [ 113.415, -24.049 ], [ 113.599, -23.634 ], [ 113.75, -23.512 ], [ 113.782, -23.327 ], [ 113.748, -23.162 ], [ 113.812, -23.051 ], [ 113.76, -22.789 ], [ 113.659, -22.728 ], [ 113.647, -22.578 ], [ 113.898, -22.049 ], [ 114.011, -21.86 ], [ 114.159, -21.792 ], [ 114.647, -21.843 ], [ 114.929, -21.694 ], [ 115.105, -21.665 ], [ 115.455, -21.514 ], [ 115.603, -21.344 ], [ 115.806, -21.235 ], [ 115.937, -21.059 ], [ 116.152, -20.97 ], [ 116.219, -20.843 ], [ 116.435, -20.822 ], [ 116.587, -20.735 ], [ 116.82, -20.55 ], [ 116.787, -20.664 ], [ 116.88, -20.713 ], [ 117.154, -20.596 ], [ 117.198, -20.684 ], [ 117.354, -20.728 ], [ 117.911, -20.56 ], [ 117.941, -20.493 ], [ 118.136, -20.362 ], [ 118.369, -20.362 ], [ 118.606, -20.31 ], [ 118.702, -20.318 ], [ 118.832, -20.262 ], [ 118.975, -20.05 ], [ 119.118, -19.972 ], [ 119.212, -19.961 ], [ 119.567, -20.069 ], [ 119.802, -19.966 ], [ 120.238, -19.907 ], [ 120.954, -19.634 ], [ 121.194, -19.472 ], [ 121.519, -19.07 ], [ 121.824, -18.452 ], [ 121.91, -18.464 ], [ 122.324, -18.151 ], [ 122.361, -18.0 ], [ 122.17, -17.978 ], [ 122.207, -17.873 ], [ 122.205, -17.711 ], [ 122.143, -17.564 ], [ 122.172, -17.261 ], [ 122.276, -17.089 ], [ 122.473, -16.92 ], [ 122.571, -16.789 ], [ 122.759, -16.604 ], [ 122.886, -16.512 ], [ 122.916, -16.416 ], [ 123.54, -16.265 ], [ 123.595, -16.156 ], [ 123.724, -16.136 ], [ 123.828, -16.231 ], [ 123.911, -16.217 ], [ 124.126, -16.272 ], [ 124.223, -16.396 ], [ 124.342, -16.408 ], [ 124.404, -15.875 ], [ 124.377, -15.667 ], [ 124.418, -15.669 ], [ 124.39, -15.523 ], [ 124.473, -15.469 ], [ 124.664, -15.25 ], [ 124.863, -15.114 ], [ 125.0, -14.97 ], [ 125.266, -14.576 ], [ 125.356, -14.504 ], [ 125.501, -14.486 ], [ 125.584, -14.527 ], [ 126.061, -14.35 ], [ 126.063, -14.236 ], [ 126.191, -14.16 ], [ 126.294, -14.136 ], [ 126.432, -13.97 ], [ 126.83, -13.983 ], [ 126.747, -13.792 ], [ 126.953, -13.724 ], [ 127.072, -13.843 ], [ 127.13, -13.968 ], [ 127.237, -13.892 ], [ 127.333, -13.961 ], [ 127.344, -13.904 ], [ 127.489, -14.058 ], [ 127.666, -14.178 ], [ 127.874, -14.47 ], [ 128.175, -14.698 ], [ 128.396, -14.796 ], [ 128.532, -14.753 ], [ 128.749, -14.826 ], [ 129.051, -14.88 ], [ 129.221, -14.844 ], [ 129.410845724792239, -14.685116207842199 ], [ 129.358, -14.409 ], [ 129.373, -14.329 ], [ 129.493, -14.144 ], [ 129.547, -14.085 ], [ 129.718, -14.016 ], [ 129.715, -13.881 ], [ 129.789, -13.764 ], [ 129.838, -13.511 ], [ 129.891, -13.438 ], [ 130.119, -13.156 ], [ 130.13, -12.941 ], [ 130.319, -12.906 ], [ 130.352, -12.842 ], [ 130.354, -12.672 ], [ 130.448, -12.627 ], [ 130.559, -12.625 ], [ 130.62, -12.437 ], [ 130.674, -12.392 ], [ 130.898, -12.334 ], [ 131.0, -12.171 ], [ 131.106, -12.146 ], [ 131.232, -12.239 ], [ 131.328, -12.185 ], [ 131.493, -12.298 ], [ 131.784, -12.27 ], [ 131.905, -12.22 ], [ 132.046, -12.307 ], [ 132.216, -12.208 ], [ 132.38, -12.216 ], [ 132.44, -12.155 ], [ 132.577, -12.094 ], [ 132.627, -12.004 ], [ 132.651, -11.866 ], [ 132.593, -11.784 ], [ 132.495, -11.476 ], [ 132.37, -11.435 ], [ 132.085, -11.518 ], [ 131.926, -11.321 ], [ 131.768, -11.311 ], [ 131.847, -11.263 ], [ 131.882, -11.172 ], [ 131.982, -11.13 ], [ 132.115, -11.209 ], [ 132.272, -11.178 ], [ 132.941, -11.354 ], [ 133.185, -11.717 ], [ 133.364, -11.697 ], [ 133.324, -11.759 ], [ 133.59, -11.798 ], [ 133.803, -11.715 ], [ 133.939, -11.758 ], [ 134.068, -11.854 ], [ 134.429, -12.058 ], [ 134.594, -12.064 ], [ 134.769, -11.948 ], [ 134.861, -12.127 ], [ 134.967, -12.146 ], [ 135.07, -12.26 ], [ 135.258, -12.222 ], [ 135.223, -12.191 ], [ 135.366, -12.088 ], [ 135.588, -12.099 ], [ 135.732, -12.311 ], [ 135.889, -12.146 ], [ 135.935, -12.214 ], [ 136.06, -12.232 ], [ 136.18, -12.188 ], [ 136.3, -12.051 ], [ 136.451, -11.942 ], [ 136.691, -12.283 ], [ 136.766, -12.243 ], [ 136.761, -12.164 ], [ 136.876, -12.223 ], [ 136.928, -12.349 ], [ 136.69, -12.713 ], [ 136.567, -13.058 ], [ 136.478, -13.228 ], [ 136.388, -13.226 ], [ 136.159, -13.263 ], [ 136.086, -13.23 ], [ 135.978, -13.232 ], [ 135.883, -13.326 ], [ 135.965, -13.449 ], [ 135.855, -13.456 ], [ 135.845, -13.6 ], [ 135.901, -13.739 ], [ 136.053, -13.688 ], [ 135.991, -13.901 ], [ 135.923, -13.96 ], [ 135.909, -14.195 ], [ 135.759, -14.265 ], [ 135.532, -14.581 ], [ 135.523, -14.652 ], [ 135.378, -14.712 ], [ 135.47, -14.948 ], [ 135.861, -15.176 ], [ 135.952, -15.264 ], [ 136.24, -15.424 ], [ 136.268, -15.545 ], [ 136.417, -15.622 ], [ 136.529, -15.719 ], [ 136.595, -15.711 ], [ 136.723, -15.862 ], [ 136.705, -15.915 ], [ 136.907, -15.936 ], [ 136.992, -15.864 ], [ 137.198, -15.985 ], [ 137.361, -16.122 ], [ 137.746, -16.252 ], [ 137.867, -16.437 ], [ 138.184, -16.697 ], [ 138.493, -16.794 ], [ 138.657, -16.78 ], [ 138.753, -16.841 ], [ 139.037, -16.916 ], [ 139.158, -17.033 ], [ 139.142, -17.117 ], [ 139.209, -17.286 ], [ 139.274, -17.348 ], [ 139.439, -17.376 ], [ 139.641, -17.532 ], [ 139.925, -17.621 ], [ 140.0, -17.706 ], [ 140.24, -17.702 ], [ 140.507, -17.636 ], [ 140.755, -17.478 ], [ 140.833, -17.451 ], [ 140.96, -17.074 ], [ 140.947, -17.018 ], [ 141.084, -16.8 ], [ 141.199, -16.703 ], [ 141.304, -16.442 ], [ 141.35, -16.224 ], [ 141.431, -16.062 ], [ 141.379, -15.938 ], [ 141.487, -15.479 ], [ 141.639, -15.141 ], [ 141.666, -15.011 ], [ 141.604, -14.878 ], [ 141.522, -14.484 ], [ 141.592, -14.245 ], [ 141.584, -14.076 ], [ 141.485, -13.949 ], [ 141.474, -13.776 ], [ 141.527, -13.571 ], [ 141.693, -13.241 ], [ 141.636, -13.16 ], [ 141.585, -12.977 ], [ 141.755, -12.818 ], [ 141.82, -12.666 ], [ 141.811, -12.584 ], [ 141.694, -12.503 ], [ 141.595, -12.526 ], [ 141.967, -11.811 ], [ 142.132, -11.338 ], [ 142.145, -10.983 ], [ 142.175, -10.93 ], [ 142.323, -10.902 ], [ 142.449, -10.715 ], [ 142.54, -10.689 ], [ 142.615, -10.745 ], [ 142.666, -11.003 ], [ 142.742, -10.975 ], [ 142.801, -11.278 ], [ 142.87, -11.391 ], [ 142.821, -11.478 ], [ 142.873, -11.851 ], [ 142.992, -11.934 ], [ 143.123, -11.911 ], [ 143.204, -11.983 ], [ 143.086, -12.149 ], [ 143.077, -12.329 ], [ 143.253, -12.389 ], [ 143.323, -12.558 ], [ 143.434, -12.613 ], [ 143.495, -12.922 ], [ 143.527, -13.33 ], [ 143.53, -13.75 ], [ 143.783, -14.402 ], [ 143.941, -14.511 ], [ 144.162, -14.373 ], [ 144.185, -14.263 ], [ 144.304, -14.313 ], [ 144.448, -14.244 ], [ 144.479, -14.16 ], [ 144.633, -14.34 ], [ 144.619, -14.484 ], [ 144.678, -14.556 ], [ 144.886, -14.61 ], [ 144.942, -14.726 ], [ 145.031, -14.806 ], [ 145.223, -14.833 ], [ 145.277, -14.947 ], [ 145.346, -14.943 ], [ 145.247, -15.095 ], [ 145.274, -15.536 ], [ 145.434, -16.201 ], [ 145.462, -16.273 ], [ 145.4, -16.443 ], [ 145.968, -17.242 ], [ 146.071, -17.392 ], [ 146.068, -17.516 ], [ 146.148, -17.633 ], [ 146.084, -17.796 ], [ 146.114, -17.864 ], [ 146.004, -18.156 ], [ 146.024, -18.263 ], [ 146.183, -18.38 ], [ 146.214, -18.492 ], [ 146.339, -18.527 ], [ 146.277, -18.874 ], [ 146.447, -19.06 ], [ 146.655, -19.183 ], [ 146.746, -19.173 ], [ 146.905, -19.305 ], [ 147.01, -19.253 ], [ 147.134, -19.411 ], [ 147.421, -19.413 ], [ 147.445, -19.342 ], [ 147.55, -19.521 ], [ 147.599, -19.703 ], [ 147.684, -19.828 ], [ 147.785, -19.835 ], [ 147.859, -19.825 ], [ 147.949, -19.908 ], [ 148.072, -19.877 ], [ 148.13, -19.936 ], [ 148.279, -19.966 ], [ 148.437, -20.075 ], [ 148.56, -20.053 ], [ 148.611, -20.214 ], [ 148.683, -20.185 ], [ 148.683, -20.274 ], [ 148.757, -20.23 ], [ 148.849, -20.349 ], [ 148.808, -20.433 ], [ 148.655, -20.555 ], [ 148.71, -20.679 ], [ 148.854, -20.832 ], [ 148.971, -20.871 ], [ 149.027, -20.976 ], [ 149.151, -20.996 ], [ 149.231, -21.09 ], [ 149.196, -21.181 ], [ 149.226, -21.273 ], [ 149.293, -21.282 ], [ 149.341, -21.424 ], [ 149.395, -21.504 ], [ 149.478, -21.718 ], [ 149.435, -21.79 ], [ 149.483, -21.951 ], [ 149.609, -22.244 ], [ 149.924, -22.298 ], [ 149.99, -22.163 ], [ 150.054, -22.142 ], [ 150.216, -22.395 ], [ 150.3, -22.418 ], [ 150.535, -22.427 ], [ 150.568, -22.323 ], [ 150.76, -22.47 ], [ 150.783, -22.543 ], [ 150.826, -22.698 ], [ 150.774, -22.967 ], [ 150.764, -23.159 ], [ 150.787, -23.309 ], [ 150.814, -23.411 ], [ 150.937, -23.543 ], [ 151.126, -23.675 ], [ 151.187, -23.804 ], [ 151.278, -23.824 ], [ 151.448, -24.009 ], [ 151.692, -24.098 ], [ 151.811, -24.142 ], [ 151.933, -24.211 ], [ 152.059, -24.514 ], [ 152.15, -24.619 ], [ 152.306, -24.724 ], [ 152.405, -24.749 ], [ 152.491, -24.848 ], [ 152.506, -24.999 ], [ 152.677, -25.242 ], [ 152.914, -25.288 ], [ 152.966, -25.497 ], [ 152.905, -25.561 ], [ 152.943, -25.753 ], [ 153.021, -25.825 ], [ 153.028, -25.969 ], [ 153.25, -27.473 ], [ 153.315, -27.655 ], [ 153.446, -27.81 ] ] ], [ [ [ 151.028, -23.445 ], [ 151.195, -23.534 ], [ 151.27, -23.666 ], [ 151.298, -23.748 ], [ 151.214, -23.778 ], [ 150.98, -23.487 ], [ 151.028, -23.445 ] ] ] ] } },
{ "type": "Feature", "properties": { "id": "ainu", "colorId": null, "name": "айны", "parent": null }, "geometry": { "type": "MultiPolygon", "coordinates": [ [ [ [ 139.995, 39.327 ], [ 140.049, 39.505 ], [ 140.059, 39.727 ], [ 140.028, 39.825 ], [ 139.877, 39.893 ], [ 139.76, 39.858 ], [ 139.701, 40.006 ], [ 139.822, 39.961 ], [ 139.978, 40.125 ], [ 140.024, 40.355 ], [ 139.946, 40.419 ], [ 139.943, 40.545 ], [ 139.857, 40.59 ], [ 140.046, 40.768 ], [ 140.241, 40.784 ], [ 140.297, 40.874 ], [ 140.3, 41.111 ], [ 140.342, 41.266 ], [ 140.484, 41.183 ], [ 140.594, 41.22 ], [ 140.673, 40.896 ], [ 140.799, 40.839 ], [ 140.882, 41.008 ], [ 141.111, 40.873 ], [ 141.185, 40.911 ], [ 141.278, 41.155 ], [ 141.161, 41.278 ], [ 141.058, 41.183 ], [ 140.978, 41.196 ], [ 140.815, 41.128 ], [ 140.766, 41.196 ], [ 140.837, 41.418 ], [ 140.914, 41.547 ], [ 141.108, 41.464 ], [ 141.276, 41.353 ], [ 141.461, 41.43 ], [ 141.391, 41.161 ], [ 141.406, 40.817 ], [ 141.437, 40.67 ], [ 141.52, 40.538 ], [ 141.576, 40.542 ], [ 141.744, 40.384 ], [ 141.877, 40.139 ], [ 141.855, 40.055 ], [ 141.95, 39.997 ], [ 142.009, 39.753 ], [ 141.966, 39.598 ], [ 142.036, 39.639 ], [ 142.069, 39.54 ], [ 141.905, 39.33 ], [ 141.981, 39.351 ], [ 141.844, 39.152 ], [ 141.847, 39.022 ], [ 141.638, 38.985 ], [ 141.674, 38.852 ], [ 141.589, 38.882 ], [ 141.522, 38.768 ], [ 141.573, 38.719 ], [ 141.463, 38.661 ], [ 141.467, 38.57 ], [ 141.548, 38.519 ], [ 141.471, 38.436 ], [ 141.525, 38.268 ], [ 141.333, 38.409 ], [ 141.098, 38.372 ], [ 140.967, 38.17 ], [ 140.926, 38.049 ], [ 140.933, 37.889 ], [ 141.022, 37.727 ], [ 141.042, 37.377 ], [ 140.96, 36.966 ], [ 140.804, 36.886 ], [ 140.624, 36.506 ], [ 140.617, 36.338 ], [ 140.564, 36.283 ], [ 140.646, 36.013 ], [ 140.879, 35.721 ], [ 140.661, 35.689 ], [ 140.483, 35.566 ], [ 140.386, 35.381 ], [ 140.394, 35.197 ], [ 140.237, 35.112 ], [ 140.135, 35.123 ], [ 139.991, 35.021 ], [ 139.926, 34.907 ], [ 139.843, 34.9 ], [ 139.753, 34.976 ], [ 139.859, 34.987 ], [ 139.825, 35.199 ], [ 139.849, 35.294 ], [ 139.782, 35.314 ], [ 140.006, 35.473 ], [ 140.08, 35.604 ], [ 139.95, 35.673 ], [ 139.897, 35.614 ], [ 139.758, 35.632 ], [ 139.799, 35.54 ], [ 139.681, 35.438 ], [ 139.3682554319237, 35.545682217894779 ], [ 139.198775700022395, 35.71017725179901 ], [ 139.298469659964326, 36.338249199433328 ], [ 139.42807180788887, 36.607422891276606 ], [ 139.517796371836624, 36.766933227183728 ], [ 139.597551539790203, 37.026137523032816 ], [ 139.607520935784407, 37.743934034614888 ], [ 139.772015969688624, 38.172618062365295 ], [ 139.866725231633495, 38.531516318156328 ], [ 139.866725231633495, 38.770781822017021 ], [ 139.774, 38.817 ], [ 139.932, 39.287 ], [ 139.995, 39.327 ] ] ], [ [ [ 141.586, 45.164 ], [ 141.584, 45.251 ], [ 141.692, 45.402 ], [ 141.96, 45.51 ], [ 142.057, 45.402 ], [ 142.221, 45.3 ], [ 142.539, 45.018 ], [ 142.631, 44.884 ], [ 142.981, 44.586 ], [ 143.351, 44.381 ], [ 143.405, 44.317 ], [ 143.777, 44.189 ], [ 143.728, 44.113 ], [ 143.93, 44.099 ], [ 143.999, 44.134 ], [ 144.215, 44.111 ], [ 144.319, 43.991 ], [ 144.43, 43.943 ], [ 144.74, 43.915 ], [ 144.831, 43.942 ], [ 145.049, 44.122 ], [ 145.202, 44.206 ], [ 145.341, 44.346 ], [ 145.35, 44.212 ], [ 145.106, 43.881 ], [ 145.075, 43.754 ], [ 145.195, 43.621 ], [ 145.362, 43.301 ], [ 145.468, 43.253 ], [ 145.676, 43.382 ], [ 145.767, 43.387 ], [ 145.629, 43.31 ], [ 145.519, 43.166 ], [ 145.303, 43.173 ], [ 145.125, 43.12 ], [ 145.168, 43.079 ], [ 145.0, 42.986 ], [ 144.758, 43.019 ], [ 144.742, 42.924 ], [ 144.496, 42.933 ], [ 144.358, 42.999 ], [ 144.183, 42.976 ], [ 143.886, 42.844 ], [ 143.639, 42.661 ], [ 143.349, 42.319 ], [ 143.292, 42.005 ], [ 143.226, 41.932 ], [ 142.96, 42.105 ], [ 142.758, 42.158 ], [ 142.46, 42.271 ], [ 142.168, 42.46 ], [ 142.063, 42.471 ], [ 141.926, 42.559 ], [ 141.726, 42.617 ], [ 141.428, 42.564 ], [ 140.987, 42.34 ], [ 140.734, 42.564 ], [ 140.526, 42.581 ], [ 140.381, 42.505 ], [ 140.289, 42.35 ], [ 140.292, 42.26 ], [ 140.549, 42.106 ], [ 140.714, 42.133 ], [ 140.974, 41.914 ], [ 141.19, 41.791 ], [ 141.006, 41.712 ], [ 140.775, 41.77 ], [ 140.709, 41.824 ], [ 140.604, 41.736 ], [ 140.453, 41.681 ], [ 140.401, 41.513 ], [ 140.275, 41.482 ], [ 140.209, 41.401 ], [ 140.038, 41.443 ], [ 139.984, 41.56 ], [ 140.02, 41.697 ], [ 140.13, 41.823 ], [ 140.145, 41.983 ], [ 140.028, 42.106 ], [ 139.787, 42.247 ], [ 139.768, 42.311 ], [ 139.85, 42.469 ], [ 139.877, 42.663 ], [ 140.054, 42.694 ], [ 140.183, 42.81 ], [ 140.261, 42.761 ], [ 140.527, 43.015 ], [ 140.338, 43.211 ], [ 140.36, 43.325 ], [ 140.487, 43.372 ], [ 140.81, 43.192 ], [ 141.022, 43.224 ], [ 141.169, 43.141 ], [ 141.371, 43.251 ], [ 141.44, 43.362 ], [ 141.371, 43.497 ], [ 141.337, 43.713 ], [ 141.385, 43.791 ], [ 141.528, 43.841 ], [ 141.641, 43.938 ], [ 141.67, 44.067 ], [ 141.655, 44.277 ], [ 141.747, 44.424 ], [ 141.792, 44.597 ], [ 141.783, 44.765 ], [ 141.722, 44.955 ], [ 141.586, 45.164 ] ] ] ] } },
{ "type": "Feature", "properties": { "id": "novgorod", "colorId": "novgorod", "name": "Новгород", "parent": null }, "geometry": { "type": "MultiPolygon", "coordinates": [ [ [ [ 30.461614580155082, 59.982424225085396 ], [ 30.933200432864545, 59.856667997696199 ], [ 32.729717966995835, 60.894156873657018 ], [ 33.053091123139481, 60.512396897654128 ], [ 34.045667060747022, 61.033386982552187 ], [ 35.267298983956302, 61.123212859258757 ], [ 35.752358718171749, 61.028895688716865 ], [ 35.909554002408235, 61.186090972953352 ], [ 36.866199589333149, 61.293882025001224 ], [ 37.773440944069456, 61.195073560623996 ], [ 39.192689796033179, 60.70103123873789 ], [ 39.803505757637822, 60.359692907252949 ], [ 40.674816761691496, 59.973441637414723 ], [ 41.161036453942671, 59.640359665958968 ], [ 40.941126654004343, 59.50564794717976 ], [ 40.726480075933104, 59.279076559215682 ], [ 39.474375037184238, 59.314850988894221 ], [ 38.717149608988493, 59.529497566965453 ], [ 38.371330122095955, 60.298647805054046 ], [ 37.801688902341766, 60.763273607799022 ], [ 36.985540141478921, 60.608867085473612 ], [ 36.323797902941472, 60.154470748344565 ], [ 36.04145454783216, 59.598607267973108 ], [ 36.284093368629222, 59.153034160691227 ], [ 37.342880950289135, 58.270711175974633 ], [ 37.435524863684378, 57.732494155297509 ], [ 36.345855977559381, 57.189865519696809 ], [ 35.728229888257765, 57.136926140613824 ], [ 35.194424482504225, 57.035458997371414 ], [ 34.634149387209192, 56.779585331803602 ], [ 33.720945098027521, 57.01340092275349 ], [ 33.284195220592814, 57.361918501716545 ], [ 32.512162608965788, 57.428092725570295 ], [ 31.858542836031901, 57.076086663049686 ], [ 31.510756646371306, 56.844229203275958 ], [ 31.351354642776869, 56.46383805833468 ], [ 31.449169508618912, 55.902308272945177 ], [ 31.079646682104528, 56.049030571708244 ], [ 30.744968176448673, 56.128329786053939 ], [ 29.257028618126938, 56.45015157739661 ], [ 28.814633182066753, 56.595637324825795 ], [ 28.283164839417275, 56.631266487461517 ], [ 27.81850117670977, 56.69510207051718 ], [ 27.166541224665323, 56.335684192037007 ], [ 26.517670365488271, 56.158719412261448 ], [ 26.185356964602502, 56.297206497655111 ], [ 26.138094642852241, 56.498071365093715 ], [ 26.163202751282071, 57.161220817152049 ], [ 26.253779823349007, 57.539277202954871 ], [ 26.68013439542554, 57.908556279828019 ], [ 27.070048549865184, 58.186222420110795 ], [ 27.388890890202617, 58.541669599705884 ], [ 27.71999879851046, 59.222078158536284 ], [ 27.873, 59.408 ], [ 28.019, 59.482 ], [ 28.073, 59.578 ], [ 27.993, 59.703 ], [ 28.087, 59.799 ], [ 28.224, 59.691 ], [ 28.375, 59.666 ], [ 28.428, 59.813 ], [ 28.517, 59.862 ], [ 28.718, 59.787 ], [ 28.976, 59.831 ], [ 29.014, 59.93 ], [ 29.161, 60.003 ], [ 29.804, 59.94 ], [ 30.193, 59.881 ], [ 30.461614580155082, 59.982424225085396 ] ] ] ] } },
{ "type": "Feature", "properties": { "id": "maori", "colorId": null, "name": "маори", "parent": null }, "geometry": { "type": "MultiPolygon", "coordinates": [ [ [ [ 171.489, -41.83 ], [ 171.468, -41.766 ], [ 171.639, -41.758 ], [ 171.855, -41.665 ], [ 171.983, -41.466 ], [ 172.071, -41.414 ], [ 172.114, -41.251 ], [ 172.107, -40.887 ], [ 172.188, -40.805 ], [ 172.364, -40.716 ], [ 172.641, -40.51 ], [ 172.758, -40.518 ], [ 172.691, -40.648 ], [ 172.695, -40.75 ], [ 172.869, -40.847 ], [ 173.017, -40.797 ], [ 173.065, -40.887 ], [ 173.031, -41.017 ], [ 173.126, -41.312 ], [ 173.213, -41.302 ], [ 173.854, -40.926 ], [ 174.183, -40.973 ], [ 174.227, -41.065 ], [ 174.326, -41.009 ], [ 174.155, -41.221 ], [ 174.187, -41.262 ], [ 174.326, -41.216 ], [ 174.245, -41.322 ], [ 174.133, -41.32 ], [ 174.056, -41.425 ], [ 174.058, -41.517 ], [ 174.172, -41.578 ], [ 174.226, -41.723 ], [ 174.292, -41.73 ], [ 174.198, -41.876 ], [ 174.004, -42.031 ], [ 173.891, -42.241 ], [ 173.559, -42.491 ], [ 173.287, -42.954 ], [ 172.811, -43.169 ], [ 172.749, -43.28 ], [ 172.73, -43.415 ], [ 172.779, -43.558 ], [ 172.925, -43.68 ], [ 173.065, -43.648 ], [ 173.093, -43.854 ], [ 172.969, -43.903 ], [ 172.817, -43.881 ], [ 172.763, -43.793 ], [ 172.25, -43.881 ], [ 171.551, -44.167 ], [ 171.346, -44.279 ], [ 171.196, -44.567 ], [ 171.203, -44.906 ], [ 170.98, -45.155 ], [ 170.877, -45.356 ], [ 170.906, -45.403 ], [ 170.627, -45.706 ], [ 170.777, -45.78 ], [ 170.787, -45.863 ], [ 170.7, -45.908 ], [ 170.493, -45.923 ], [ 170.334, -45.982 ], [ 170.235, -46.154 ], [ 169.865, -46.378 ], [ 169.849, -46.468 ], [ 169.635, -46.578 ], [ 169.036, -46.682 ], [ 168.877, -46.644 ], [ 168.845, -46.56 ], [ 168.645, -46.602 ], [ 168.419, -46.602 ], [ 168.513, -46.56 ], [ 168.268, -46.526 ], [ 168.302, -46.478 ], [ 168.216, -46.354 ], [ 167.85, -46.397 ], [ 167.698, -46.189 ], [ 167.461, -46.148 ], [ 167.406, -46.251 ], [ 167.175, -46.273 ], [ 166.762, -46.22 ], [ 166.49, -46.013 ], [ 166.49, -45.808 ], [ 166.715, -45.576 ], [ 166.768, -45.41 ], [ 166.806, -45.346 ], [ 166.881, -45.28 ], [ 167.005, -45.15 ], [ 167.309, -44.875 ], [ 168.34, -44.118 ], [ 168.371, -44.039 ], [ 168.646, -43.965 ], [ 168.747, -44.01 ], [ 169.192, -43.759 ], [ 169.734, -43.566 ], [ 169.897, -43.394 ], [ 170.03, -43.346 ], [ 170.289, -43.107 ], [ 170.701, -42.955 ], [ 170.858, -42.843 ], [ 170.944, -42.734 ], [ 171.123, -42.592 ], [ 171.305, -42.295 ], [ 171.332, -42.147 ], [ 171.489, -41.83 ] ] ], [ [ [ 173.969, -40.723 ], [ 173.922, -40.867 ], [ 173.784, -40.907 ], [ 173.827, -40.766 ], [ 173.895, -40.796 ], [ 173.969, -40.723 ] ] ], [ [ [ 175.511, -36.775 ], [ 175.502, -36.654 ], [ 175.357, -36.53 ], [ 175.44, -36.475 ], [ 175.562, -36.552 ], [ 175.642, -36.767 ], [ 175.852, -36.718 ], [ 175.704, -36.845 ], [ 175.828, -36.826 ], [ 175.916, -37.08 ], [ 175.884, -37.137 ], [ 176.004, -37.461 ], [ 175.997, -37.632 ], [ 176.272, -37.683 ], [ 176.519, -37.762 ], [ 176.718, -37.878 ], [ 177.136, -37.982 ], [ 177.438, -37.977 ], [ 177.557, -37.914 ], [ 177.739, -37.676 ], [ 177.992, -37.591 ], [ 177.992, -37.543 ], [ 178.278, -37.559 ], [ 178.341, -37.618 ], [ 178.513, -37.652 ], [ 178.564, -37.718 ], [ 178.352, -38.002 ], [ 178.381, -38.079 ], [ 178.319, -38.266 ], [ 178.362, -38.317 ], [ 178.295, -38.54 ], [ 178.062, -38.716 ], [ 177.964, -38.761 ], [ 177.883, -39.086 ], [ 177.387, -39.077 ], [ 177.065, -39.199 ], [ 176.938, -39.349 ], [ 176.906, -39.448 ], [ 176.954, -39.608 ], [ 177.119, -39.667 ], [ 177.036, -39.754 ], [ 176.837, -40.178 ], [ 176.704, -40.29 ], [ 176.611, -40.485 ], [ 176.542, -40.486 ], [ 176.348, -40.697 ], [ 176.22, -40.933 ], [ 176.121, -41.011 ], [ 176.068, -41.14 ], [ 175.967, -41.247 ], [ 175.777, -41.372 ], [ 175.33, -41.61 ], [ 175.222, -41.614 ], [ 175.182, -41.418 ], [ 175.01, -41.386 ], [ 174.866, -41.42 ], [ 174.609, -41.292 ], [ 174.842, -41.044 ], [ 174.943, -40.971 ], [ 175.188, -40.569 ], [ 175.237, -40.286 ], [ 175.155, -40.085 ], [ 174.967, -39.916 ], [ 174.842, -39.862 ], [ 174.568, -39.827 ], [ 174.319, -39.614 ], [ 173.987, -39.542 ], [ 173.784, -39.393 ], [ 173.778, -39.208 ], [ 173.853, -39.134 ], [ 174.212, -38.973 ], [ 174.367, -38.976 ], [ 174.579, -38.839 ], [ 174.641, -38.635 ], [ 174.644, -38.463 ], [ 174.707, -38.289 ], [ 174.71, -38.105 ], [ 174.887, -37.986 ], [ 174.784, -37.967 ], [ 174.819, -37.825 ], [ 174.977, -37.804 ], [ 174.97, -37.735 ], [ 174.85, -37.765 ], [ 174.692, -37.329 ], [ 174.489, -37.015 ], [ 174.408, -36.761 ], [ 174.08, -36.4 ], [ 174.024, -36.268 ], [ 173.1, -35.22 ], [ 173.202, -35.058 ], [ 172.799, -34.551 ], [ 172.674, -34.48 ], [ 172.703, -34.412 ], [ 172.825, -34.446 ], [ 173.064, -34.398 ], [ 173.038, -34.522 ], [ 173.072, -34.699 ], [ 173.179, -34.794 ], [ 173.165, -34.845 ], [ 173.298, -34.909 ], [ 173.455, -34.816 ], [ 173.575, -34.928 ], [ 173.891, -35.001 ], [ 173.99, -35.119 ], [ 174.079, -35.117 ], [ 174.031, -35.227 ], [ 174.21, -35.343 ], [ 174.353, -35.199 ], [ 174.333, -35.288 ], [ 174.401, -35.323 ], [ 174.386, -35.419 ], [ 174.57, -35.594 ], [ 174.497, -35.988 ], [ 174.631, -36.055 ], [ 174.626, -36.107 ], [ 174.824, -36.277 ], [ 174.751, -36.354 ], [ 174.71, -36.542 ], [ 174.819, -36.824 ], [ 174.963, -36.934 ], [ 175.08, -36.885 ], [ 175.109, -36.974 ], [ 175.241, -36.942 ], [ 175.331, -37.021 ], [ 175.32, -37.129 ], [ 175.448, -37.225 ], [ 175.563, -37.18 ], [ 175.61, -37.252 ], [ 175.528, -36.962 ], [ 175.436, -36.865 ], [ 175.511, -36.775 ] ] ], [ [ [ 175.183, -36.825 ], [ 175.059, -36.817 ], [ 175.169, -36.741 ], [ 175.183, -36.825 ] ] ], [ [ [ 175.334, -36.132 ], [ 175.42, -36.072 ], [ 175.531, -36.176 ], [ 175.538, -36.282 ], [ 175.523, -36.352 ], [ 175.334, -36.224 ], [ 175.334, -36.132 ] ] ] ] } },
{ "type": "Feature", "properties": { "id": "sind861", "colorId": "sind", "name": "Синд", "parent": null }, "geometry": { "type": "MultiPolygon", "coordinates": [ [ [ [ 66.68, 24.831 ], [ 66.907208345959447, 25.001232620469647 ], [ 67.021856399892698, 25.026156110455137 ], [ 67.151458547817242, 25.310283896289707 ], [ 67.42063223966052, 25.748937320034308 ], [ 67.455525125640207, 26.033065105868879 ], [ 67.330907675712766, 26.257376515738276 ], [ 67.13650445382595, 26.501626717596064 ], [ 67.13650445382595, 26.78076980543354 ], [ 67.186351433796929, 26.990127121311644 ], [ 67.126535057831759, 27.383918263082364 ], [ 67.325922977715663, 27.687984840905322 ], [ 67.256137205756303, 27.957158532748601 ], [ 67.485433313622792, 28.355934372516419 ], [ 67.430601635654725, 28.674955044330677 ], [ 67.485433313622792, 29.0537920921101 ], [ 67.659897743521213, 29.367828065927259 ], [ 67.747129958470424, 29.452567931877926 ], [ 67.86427036140222, 29.472506723866314 ], [ 68.033750093303539, 29.562231287814072 ], [ 68.350278416119238, 29.44758323388082 ], [ 68.679268483927686, 29.178409542037542 ], [ 69.177738283637453, 29.068746186101393 ], [ 69.55657533141688, 29.228256522008522 ], [ 69.835718419254349, 29.597124173793752 ], [ 69.965320567178878, 29.811466187668955 ], [ 70.045075735132443, 30.105563369497723 ], [ 70.563484326830618, 29.906175449613812 ], [ 70.98069126074148, 29.91421965567374 ], [ 72.310620974813361, 29.946053033590601 ], [ 72.181018826888817, 29.637001757770545 ], [ 72.171049430894627, 28.93914403817686 ], [ 71.891906343057158, 28.430704842472892 ], [ 71.74236540314422, 27.892357458786336 ], [ 71.577870369239989, 27.717893028887922 ], [ 71.174109831475079, 27.341548330107038 ], [ 71.107241931317887, 27.218239810774367 ], [ 70.850798717581512, 27.072533439333238 ], [ 70.40785134840047, 26.664555599298069 ], [ 70.087297331229976, 26.070073603818262 ], [ 69.87748015635475, 25.813630390081876 ], [ 69.605009241759831, 25.431879696906108 ], [ 69.607923369188654, 25.166694100883255 ], [ 69.66037766290745, 25.099669170020334 ], [ 69.584610349758066, 25.02390185687095 ], [ 69.53215605603927, 24.881109612858641 ], [ 69.339823645736971, 24.819912936853367 ], [ 69.278626969731704, 24.71209022198693 ], [ 69.127092343432935, 24.613009889406968 ], [ 69.121264088575288, 24.216688559087096 ], [ 69.033840265710609, 24.041840913357742 ], [ 68.822, 23.878 ], [ 68.633, 23.833 ], [ 68.588, 23.776 ], [ 68.411, 23.701 ], [ 68.327, 23.587 ], [ 68.157, 23.601 ], [ 68.276, 23.666 ], [ 68.164, 23.758 ], [ 68.183, 23.842 ], [ 68.144, 23.743 ], [ 68.157, 23.696 ], [ 68.063, 23.723 ], [ 68.102, 23.816 ], [ 68.014, 23.769 ], [ 67.869, 23.85 ], [ 67.832, 23.81 ], [ 67.632, 23.803 ], [ 67.547, 23.898 ], [ 67.491, 23.883 ], [ 67.51, 24.052 ], [ 67.354, 24.071 ], [ 67.3, 24.186 ], [ 67.286, 24.33 ], [ 67.157, 24.663 ], [ 67.253, 24.74 ], [ 67.14, 24.803 ], [ 67.083, 24.774 ], [ 66.958, 24.844 ], [ 66.68, 24.831 ] ] ] ] } },
{ "type": "Feature", "properties": { "id": "almeria_emirate", "colorId": "almeria", "name": "Альмерия", "parent": null }, "geometry": { "type": "MultiPolygon", "coordinates": [ [ [ [ -2.204, 36.737 ], [ -2.362, 36.837 ], [ -2.577, 36.811 ], [ -2.689929651381691, 36.928033306292029 ], [ -2.689929651381691, 37.188861036803672 ], [ -2.594115383030476, 37.343228469147292 ], [ -2.594115383030476, 37.534857005849723 ], [ -2.67928362156489, 37.683901423284951 ], [ -2.676622114110684, 37.852907146626706 ], [ -2.631595955917827, 37.944783035080242 ], [ -2.441882651306358, 38.108917017721623 ], [ -2.441882651306358, 38.166470492154311 ], [ -2.299064770306712, 38.098258966900751 ], [ -2.066719262411767, 38.098258966900765 ], [ -2.016568265468982, 38.004613071516104 ], [ -1.931400026934569, 38.007274578970303 ], [ -1.790340131861946, 37.898152773348087 ], [ -1.492251296991499, 37.847584131718264 ], [ -1.316591805014271, 37.757092878275451 ], [ -1.243, 37.579 ], [ -1.471, 37.482 ], [ -1.488, 37.433 ], [ -1.671, 37.363 ], [ -1.813, 37.207 ], [ -1.899, 36.95 ], [ -2.003, 36.887 ], [ -2.127, 36.736 ], [ -2.204, 36.737 ] ] ] ] } },
{ "type": "Feature", "properties": { "id": "ghana299", "colorId": "ghana", "name": "Гана", "parent": null }, "geometry": { "type": "MultiPolygon", "coordinates": [ [ [ [ -4.894656766801123, 14.077017816095438 ], [ -6.96065193105211, 13.169776461359136 ], [ -8.128388328237449, 13.115880935335198 ], [ -9.008681919961782, 13.322480451760295 ], [ -9.996766563733992, 13.816522773646401 ], [ -10.553686999314694, 14.55309496264023 ], [ -10.553686999314694, 15.118997985891587 ], [ -10.40996559658419, 15.604057720107035 ], [ -10.266244193853687, 16.286734383076933 ], [ -9.937437540890954, 16.863293310321378 ], [ -9.44114854655491, 17.191348747255375 ], [ -8.608392437414771, 17.595109285020289 ], [ -7.750401294664321, 17.948399755564594 ], [ -7.254112300328284, 18.209161769537769 ], [ -6.328827734617018, 18.225985125277973 ], [ -5.011430406519656, 17.580227007651459 ], [ -4.400614444915018, 16.592142363879248 ], [ -4.355701506561735, 15.62202289544835 ], [ -4.409597032585674, 14.849520355771894 ], [ -4.894656766801123, 14.077017816095438 ] ] ] ] } },
{ "type": "Feature", "properties": { "id": "benevento1026", "colorId": "benevento", "name": "Беневенто", "parent": null }, "geometry": { "type": "MultiPolygon", "coordinates": [ [ [ [ 15.123, 41.934 ], [ 15.300882167796262, 41.91913396025231 ], [ 15.296760945169297, 41.860053599535924 ], [ 15.193461186956743, 41.806158073511988 ], [ 15.130583073262148, 41.662436670781481 ], [ 14.77127956643589, 41.505241386544995 ], [ 14.82517509245983, 41.240255050260636 ], [ 14.658997220552685, 41.076322825271156 ], [ 14.650014632882028, 40.982005654729264 ], [ 14.294, 40.839 ], [ 14.26461940379204, 40.967908556649896 ], [ 14.185759923667582, 41.05307679518431 ], [ 14.046967238648538, 41.059385553594268 ], [ 13.957640394716938, 41.011485687351716 ], [ 13.852, 41.147 ], [ 13.722, 41.252 ], [ 13.575, 41.208 ], [ 13.324, 41.295 ], [ 13.277545180376556, 41.371011672667954 ], [ 13.408566401564084, 41.543408016335754 ], [ 13.454642629411467, 41.813385116728341 ], [ 13.607353200930355, 41.85430566571447 ], [ 13.755144841030383, 41.964202013481163 ], [ 13.929463185763748, 41.964202013481163 ], [ 14.088623413563779, 41.869463782647806 ], [ 14.452418219963848, 41.877042841114474 ], [ 14.543366921563866, 41.985044424264494 ], [ 14.651700032866568, 42.197942539483449 ], [ 14.694, 42.185 ], [ 14.741, 42.085 ], [ 14.994, 42.011 ], [ 15.123, 41.934 ] ] ] ] } },
{ "type": "Feature", "properties": { "id": "melanesia1200m", "colorId": null, "name": "Меланезия", "parent": null }, "geometry": { "type": "MultiPolygon", "coordinates": [ [ [ [ -178.293, -17.883 ], [ -178.239, -17.934 ], [ -178.352, -17.946 ], [ -178.293, -17.883 ] ] ], [ [ [ -178.911, -17.215 ], [ -178.981, -17.295 ], [ -178.965, -17.177 ], [ -178.911, -17.215 ] ] ], [ [ [ -180.0, -16.787 ], [ -179.916, -16.695 ], [ -179.821, -16.78 ], [ -179.872, -16.864 ], [ -180.0, -16.964 ], [ -180.0, -16.787 ] ] ], [ [ [ 157.622, -8.796 ], [ 157.477, -8.74 ], [ 157.55, -8.692 ], [ 157.615, -8.734 ], [ 157.622, -8.796 ] ] ], [ [ [ 158.208, -8.679 ], [ 158.229, -8.775 ], [ 158.154, -8.797 ], [ 158.208, -8.679 ] ] ], [ [ [ 158.135, -8.567 ], [ 158.068, -8.605 ], [ 158.106, -8.691 ], [ 158.013, -8.765 ], [ 157.879, -8.683 ], [ 157.9, -8.562 ], [ 158.057, -8.528 ], [ 158.135, -8.567 ] ] ], [ [ [ 157.201, -8.566 ], [ 157.348, -8.413 ], [ 157.414, -8.498 ], [ 157.359, -8.577 ], [ 157.312, -8.696 ], [ 157.201, -8.566 ] ] ], [ [ [ 157.797, -8.562 ], [ 157.578, -8.436 ], [ 157.627, -8.378 ], [ 157.567, -8.276 ], [ 157.345, -8.275 ], [ 157.228, -8.317 ], [ 157.222, -8.224 ], [ 157.317, -8.186 ], [ 157.383, -8.032 ], [ 157.503, -7.96 ], [ 157.612, -8.066 ], [ 157.613, -8.169 ], [ 157.667, -8.241 ], [ 157.746, -8.229 ], [ 157.838, -8.337 ], [ 157.903, -8.499 ], [ 157.886, -8.583 ], [ 157.797, -8.562 ] ] ], [ [ [ 157.167, -8.167 ], [ 157.208, -8.289 ], [ 157.098, -8.159 ], [ 157.167, -8.167 ] ] ], [ [ [ 156.611, -8.073 ], [ 156.578, -8.187 ], [ 156.532, -7.949 ], [ 156.611, -8.073 ] ] ], [ [ [ 157.146, -8.149 ], [ 157.105, -8.125 ], [ 157.002, -8.087 ], [ 156.947, -7.98 ], [ 157.002, -7.875 ], [ 157.091, -7.851 ], [ 157.191, -7.953 ], [ 157.202, -8.048 ], [ 157.146, -8.149 ] ] ], [ [ [ 156.611, -7.569 ], [ 156.685, -7.666 ], [ 156.807, -7.72 ], [ 156.66, -7.939 ], [ 156.619, -7.813 ], [ 156.516, -7.72 ], [ 156.504, -7.63 ], [ 156.611, -7.569 ] ] ], [ [ [ 158.379, -7.563 ], [ 158.486, -7.61 ], [ 158.362, -7.638 ], [ 158.379, -7.563 ] ] ], [ [ [ 158.365, -7.548 ], [ 158.266, -7.488 ], [ 158.435, -7.528 ], [ 158.365, -7.548 ] ] ], [ [ [ 157.776, -7.408 ], [ 157.797, -7.473 ], [ 157.679, -7.448 ], [ 157.776, -7.408 ] ] ], [ [ [ 157.476, -7.412 ], [ 157.612, -7.404 ], [ 157.619, -7.452 ], [ 157.476, -7.412 ] ] ], [ [ [ 155.735, -6.966 ], [ 155.817, -7.021 ], [ 155.858, -7.093 ], [ 155.735, -7.124 ], [ 155.674, -7.076 ], [ 155.735, -6.966 ] ] ], [ [ [ 157.201, -7.337 ], [ 157.104, -7.332 ], [ 157.057, -7.268 ], [ 156.928, -7.209 ], [ 156.687, -6.897 ], [ 156.461, -6.733 ], [ 156.488, -6.603 ], [ 156.67, -6.675 ], [ 156.78, -6.776 ], [ 157.043, -6.897 ], [ 157.12, -6.981 ], [ 157.153, -7.124 ], [ 157.386, -7.323 ], [ 157.53, -7.333 ], [ 157.442, -7.414 ], [ 157.201, -7.337 ] ] ], [ [ [ 154.77, -5.559 ], [ 154.698, -5.452 ], [ 154.733, -5.427 ], [ 154.892, -5.555 ], [ 155.018, -5.541 ], [ 155.192, -5.766 ], [ 155.213, -5.87 ], [ 155.279, -5.884 ], [ 155.404, -6.006 ], [ 155.452, -6.137 ], [ 155.569, -6.211 ], [ 155.623, -6.191 ], [ 155.759, -6.344 ], [ 155.813, -6.365 ], [ 155.917, -6.518 ], [ 155.933, -6.641 ], [ 155.968, -6.727 ], [ 155.912, -6.809 ], [ 155.816, -6.782 ], [ 155.718, -6.873 ], [ 155.524, -6.839 ], [ 155.361, -6.746 ], [ 155.187, -6.554 ], [ 155.235, -6.363 ], [ 155.182, -6.292 ], [ 154.979, -6.193 ], [ 154.96, -6.131 ], [ 154.756, -5.948 ], [ 154.7, -5.767 ], [ 154.77, -5.559 ] ] ], [ [ [ 154.536, -5.137 ], [ 154.624, -5.013 ], [ 154.679, -5.047 ], [ 154.727, -5.211 ], [ 154.689, -5.427 ], [ 154.632, -5.459 ], [ 154.536, -5.137 ] ] ], [ [ [ 167.419, -22.645 ], [ 167.45, -22.538 ], [ 167.521, -22.57 ], [ 167.507, -22.671 ], [ 167.419, -22.645 ] ] ], [ [ [ 165.837, -21.402 ], [ 165.908, -21.378 ], [ 166.055, -21.459 ], [ 166.219, -21.597 ], [ 166.37, -21.659 ], [ 166.573, -21.875 ], [ 166.778, -22.015 ], [ 166.874, -22.035 ], [ 167.034, -22.237 ], [ 167.013, -22.316 ], [ 166.916, -22.396 ], [ 166.753, -22.387 ], [ 166.712, -22.316 ], [ 166.506, -22.234 ], [ 166.437, -22.308 ], [ 166.432, -22.172 ], [ 166.35, -22.2 ], [ 166.219, -22.152 ], [ 166.116, -22.028 ], [ 166.061, -21.903 ], [ 166.003, -21.964 ], [ 165.764, -21.811 ], [ 165.725, -21.72 ], [ 165.678, -21.761 ], [ 165.291, -21.577 ], [ 165.117, -21.398 ], [ 164.986, -21.302 ], [ 164.972, -21.35 ], [ 164.834, -21.183 ], [ 164.807, -21.082 ], [ 164.719, -21.066 ], [ 164.657, -20.946 ], [ 164.519, -20.891 ], [ 164.366, -20.758 ], [ 164.287, -20.576 ], [ 164.193, -20.526 ], [ 164.171, -20.339 ], [ 163.995, -20.264 ], [ 164.056, -20.228 ], [ 163.992, -20.083 ], [ 164.244, -20.285 ], [ 164.316, -20.235 ], [ 164.496, -20.3 ], [ 164.581, -20.391 ], [ 164.725, -20.473 ], [ 164.828, -20.583 ], [ 165.062, -20.734 ], [ 165.218, -20.764 ], [ 165.328, -20.928 ], [ 165.413, -20.949 ], [ 165.407, -21.055 ], [ 165.615, -21.206 ], [ 165.623, -21.268 ], [ 165.781, -21.316 ], [ 165.837, -21.402 ] ] ], [ [ [ 167.059, -20.716 ], [ 167.213, -20.672 ], [ 167.308, -20.731 ], [ 167.285, -20.902 ], [ 167.386, -20.942 ], [ 167.432, -21.028 ], [ 167.423, -21.148 ], [ 167.331, -21.164 ], [ 167.268, -21.091 ], [ 167.146, -21.073 ], [ 167.021, -20.912 ], [ 167.133, -20.89 ], [ 167.185, -20.788 ], [ 167.044, -20.768 ], [ 167.059, -20.716 ] ] ], [ [ [ 166.579, -20.55 ], [ 166.63, -20.596 ], [ 166.575, -20.685 ], [ 166.494, -20.713 ], [ 166.637, -20.425 ], [ 166.579, -20.55 ] ] ], [ [ [ 167.744, -16.546 ], [ 167.622, -16.494 ], [ 167.501, -16.587 ], [ 167.385, -16.368 ], [ 167.375, -16.193 ], [ 167.322, -16.115 ], [ 167.233, -16.17 ], [ 167.147, -16.083 ], [ 167.185, -15.891 ], [ 167.336, -15.909 ], [ 167.424, -16.112 ], [ 167.535, -16.163 ], [ 167.813, -16.42 ], [ 167.844, -16.458 ], [ 167.744, -16.546 ] ] ], [ [ [ 167.206, -15.751 ], [ 167.072, -15.676 ], [ 167.127, -15.622 ], [ 167.234, -15.642 ], [ 167.206, -15.751 ] ] ], [ [ [ 167.089, -15.141 ], [ 167.139, -15.146 ], [ 167.165, -15.333 ], [ 167.233, -15.524 ], [ 167.141, -15.536 ], [ 167.053, -15.592 ], [ 166.946, -15.577 ], [ 166.793, -15.656 ], [ 166.616, -15.385 ], [ 166.65, -15.265 ], [ 166.523, -14.832 ], [ 166.556, -14.646 ], [ 166.61, -14.635 ], [ 166.737, -14.83 ], [ 166.802, -15.152 ], [ 166.92, -15.156 ], [ 166.963, -15.104 ], [ 166.965, -14.951 ], [ 167.054, -14.96 ], [ 167.089, -15.141 ] ] ], [ [ [ 167.489, -13.708 ], [ 167.581, -13.849 ], [ 167.453, -13.919 ], [ 167.389, -13.804 ], [ 167.489, -13.708 ] ] ], [ [ [ 160.003, -11.461 ], [ 160.504, -11.736 ], [ 160.582, -11.795 ], [ 160.483, -11.845 ], [ 160.38, -11.777 ], [ 160.271, -11.633 ], [ 160.168, -11.653 ], [ 160.024, -11.601 ], [ 159.963, -11.521 ], [ 160.003, -11.461 ] ] ], [ [ [ 166.924, -11.641 ], [ 166.984, -11.71 ], [ 166.843, -11.713 ], [ 166.767, -11.633 ], [ 166.806, -11.592 ], [ 166.924, -11.641 ] ] ], [ [ [ 165.753, -10.752 ], [ 165.878, -10.657 ], [ 166.027, -10.647 ], [ 166.148, -10.694 ], [ 166.055, -10.767 ], [ 165.934, -10.776 ], [ 165.862, -10.869 ], [ 165.756, -10.812 ], [ 165.753, -10.752 ] ] ], [ [ [ 161.735, -10.405 ], [ 161.836, -10.447 ], [ 162.114, -10.456 ], [ 162.278, -10.68 ], [ 162.272, -10.814 ], [ 162.375, -10.824 ], [ 162.101, -10.821 ], [ 161.792, -10.735 ], [ 161.637, -10.631 ], [ 161.49, -10.42 ], [ 161.511, -10.365 ], [ 161.285, -10.324 ], [ 161.292, -10.226 ], [ 161.396, -10.204 ], [ 161.502, -10.251 ], [ 161.735, -10.405 ] ] ], [ [ [ 160.645, -9.937 ], [ 160.433, -9.889 ], [ 160.32, -9.815 ], [ 160.031, -9.824 ], [ 159.836, -9.794 ], [ 159.723, -9.707 ], [ 159.599, -9.512 ], [ 159.616, -9.295 ], [ 159.709, -9.248 ], [ 159.94, -9.433 ], [ 160.366, -9.413 ], [ 160.504, -9.536 ], [ 160.654, -9.611 ], [ 160.673, -9.698 ], [ 160.785, -9.727 ], [ 160.826, -9.837 ], [ 160.799, -9.884 ], [ 160.645, -9.937 ] ] ], [ [ [ 161.395, -9.649 ], [ 161.395, -9.413 ], [ 161.415, -9.386 ], [ 161.545, -9.605 ], [ 161.559, -9.789 ], [ 161.395, -9.649 ] ] ], [ [ [ 160.366, -9.186 ], [ 160.254, -9.159 ], [ 160.315, -9.062 ], [ 160.414, -9.132 ], [ 160.366, -9.186 ] ] ], [ [ [ 159.041, -9.057 ], [ 159.167, -9.018 ], [ 159.1, -9.118 ], [ 159.041, -9.057 ] ] ], [ [ [ 160.097, -9.057 ], [ 160.148, -8.99 ], [ 160.295, -9.039 ], [ 160.264, -9.132 ], [ 160.097, -9.057 ] ] ], [ [ [ 161.237, -9.448 ], [ 160.868, -9.152 ], [ 160.764, -8.947 ], [ 160.654, -8.604 ], [ 160.72, -8.553 ], [ 160.594, -8.385 ], [ 160.601, -8.325 ], [ 160.703, -8.365 ], [ 160.747, -8.31 ], [ 160.997, -8.604 ], [ 160.942, -8.692 ], [ 160.947, -8.814 ], [ 161.169, -8.975 ], [ 161.202, -9.138 ], [ 161.381, -9.509 ], [ 161.361, -9.618 ], [ 161.299, -9.581 ], [ 161.237, -9.448 ] ] ], [ [ [ 159.644, -8.4 ], [ 159.689, -8.508 ], [ 159.636, -8.529 ], [ 159.539, -8.459 ], [ 159.558, -8.389 ], [ 159.644, -8.4 ] ] ], [ [ [ 159.797, -8.392 ], [ 159.859, -8.511 ], [ 159.825, -8.542 ], [ 159.627, -8.358 ], [ 159.345, -8.261 ], [ 159.12, -8.117 ], [ 158.846, -7.973 ], [ 158.58, -7.741 ], [ 158.585, -7.669 ], [ 158.455, -7.576 ], [ 158.452, -7.532 ], [ 158.606, -7.586 ], [ 158.752, -7.593 ], [ 158.872, -7.734 ], [ 159.127, -7.92 ], [ 159.168, -7.905 ], [ 159.432, -8.032 ], [ 159.842, -8.326 ], [ 159.797, -8.392 ] ] ], [ [ [ 168.127, -21.622 ], [ 168.035, -21.658 ], [ 167.864, -21.604 ], [ 167.892, -21.542 ], [ 167.808, -21.384 ], [ 167.905, -21.393 ], [ 167.988, -21.336 ], [ 168.008, -21.453 ], [ 168.137, -21.432 ], [ 168.127, -21.622 ] ] ], [ [ [ 169.83, -20.253 ], [ 169.738, -20.209 ], [ 169.84, -20.141 ], [ 169.899, -20.192 ], [ 169.83, -20.253 ] ] ], [ [ [ 169.337, -19.315 ], [ 169.366, -19.47 ], [ 169.433, -19.493 ], [ 169.502, -19.528 ], [ 169.436, -19.657 ], [ 169.358, -19.636 ], [ 169.219, -19.49 ], [ 169.243, -19.342 ], [ 169.337, -19.315 ] ] ], [ [ [ 178.119, -19.07 ], [ 178.191, -18.977 ], [ 178.345, -18.925 ], [ 178.43, -18.955 ], [ 178.497, -19.013 ], [ 178.341, -19.048 ], [ 178.307, -18.997 ], [ 178.195, -19.047 ], [ 178.107, -19.155 ], [ 177.951, -19.13 ], [ 178.041, -19.061 ], [ 178.119, -19.07 ] ] ], [ [ [ 169.275, -18.999 ], [ 168.987, -18.877 ], [ 168.989, -18.691 ], [ 169.038, -18.629 ], [ 169.152, -18.636 ], [ 169.193, -18.787 ], [ 169.337, -18.935 ], [ 169.275, -18.999 ] ] ], [ [ [ 179.901, -18.659 ], [ 179.831, -18.589 ], [ 179.943, -18.556 ], [ 179.901, -18.659 ] ] ], [ [ [ 179.35, -18.119 ], [ 179.233, -17.945 ], [ 179.345, -17.999 ], [ 179.35, -18.119 ] ] ], [ [ [ 178.348, -17.44 ], [ 178.376, -17.498 ], [ 178.573, -17.618 ], [ 178.568, -17.755 ], [ 178.635, -17.853 ], [ 178.591, -17.898 ], [ 178.677, -18.011 ], [ 178.711, -17.992 ], [ 178.664, -18.088 ], [ 178.438, -18.147 ], [ 178.403, -18.101 ], [ 178.277, -18.146 ], [ 178.168, -18.248 ], [ 177.859, -18.266 ], [ 177.827, -18.234 ], [ 177.336, -18.106 ], [ 177.252, -17.952 ], [ 177.282, -17.852 ], [ 177.435, -17.743 ], [ 177.389, -17.641 ], [ 177.515, -17.505 ], [ 177.833, -17.366 ], [ 177.978, -17.397 ], [ 178.151, -17.347 ], [ 178.19, -17.301 ], [ 178.286, -17.384 ], [ 178.245, -17.444 ], [ 178.348, -17.44 ] ] ], [ [ [ 178.823, -17.729 ], [ 178.768, -17.747 ], [ 178.776, -17.629 ], [ 178.823, -17.729 ] ] ], [ [ [ 168.309, -17.794 ], [ 168.287, -17.711 ], [ 168.175, -17.741 ], [ 168.179, -17.656 ], [ 168.267, -17.559 ], [ 168.453, -17.546 ], [ 168.55, -17.691 ], [ 168.54, -17.797 ], [ 168.396, -17.824 ], [ 168.309, -17.794 ] ] ], [ [ [ 179.379, -17.249 ], [ 179.452, -17.29 ], [ 179.383, -17.391 ], [ 179.379, -17.249 ] ] ], [ [ [ 180.0, -16.785 ], [ 180.0, -16.963 ], [ 179.917, -16.999 ], [ 179.895, -16.939 ], [ 180.0, -16.785 ] ] ], [ [ [ 168.247, -16.69 ], [ 168.481, -16.8 ], [ 168.474, -16.848 ], [ 168.333, -16.787 ], [ 168.192, -16.814 ], [ 168.12, -16.709 ], [ 168.144, -16.573 ], [ 168.247, -16.69 ] ] ], [ [ [ 179.297, -16.807 ], [ 179.351, -16.731 ], [ 179.266, -16.69 ], [ 179.065, -16.799 ], [ 179.027, -16.923 ], [ 178.884, -16.858 ], [ 178.801, -16.978 ], [ 178.705, -16.999 ], [ 178.602, -16.78 ], [ 178.512, -16.814 ], [ 178.572, -16.615 ], [ 178.704, -16.667 ], [ 178.965, -16.471 ], [ 179.24, -16.398 ], [ 179.404, -16.408 ], [ 179.376, -16.361 ], [ 179.471, -16.274 ], [ 179.554, -16.273 ], [ 179.764, -16.181 ], [ 179.856, -16.231 ], [ 180.0, -16.149 ], [ 180.0, -16.169 ], [ 179.851, -16.291 ], [ 179.738, -16.459 ], [ 179.598, -16.54 ], [ 179.489, -16.708 ], [ 179.548, -16.766 ], [ 179.723, -16.604 ], [ 179.939, -16.463 ], [ 179.953, -16.5 ], [ 179.849, -16.662 ], [ 179.942, -16.753 ], [ 179.726, -16.718 ], [ 179.565, -16.792 ], [ 179.297, -16.807 ] ] ], [ [ [ 168.321, -16.283 ], [ 168.288, -16.344 ], [ 168.182, -16.348 ], [ 168.14, -16.362 ], [ 167.921, -16.259 ], [ 168.07, -16.18 ], [ 168.172, -16.08 ], [ 168.231, -16.228 ], [ 168.321, -16.283 ] ] ], [ [ [ 168.268, -15.949 ], [ 168.188, -15.971 ], [ 168.12, -15.663 ], [ 168.155, -15.463 ], [ 168.186, -15.518 ], [ 168.268, -15.949 ] ] ], [ [ [ 167.682, -15.433 ], [ 167.804, -15.32 ], [ 168.002, -15.282 ], [ 167.939, -15.392 ], [ 167.839, -15.485 ], [ 167.682, -15.433 ] ] ], [ [ [ 168.179, -15.395 ], [ 168.131, -15.395 ], [ 168.13, -15.158 ], [ 168.096, -14.98 ], [ 168.141, -14.96 ], [ 168.192, -15.206 ], [ 168.179, -15.395 ] ] ], [ [ [ 167.526, -14.32 ], [ 167.397, -14.3 ], [ 167.407, -14.195 ], [ 167.515, -14.141 ], [ 167.603, -14.189 ], [ 167.526, -14.32 ] ] ] ] } },
{ "type": "Feature", "properties": { "id": "byz_kurds961", "colorId": "byzantium", "name": null, "parent": "byzantium961" }, "geometry": { "type": "MultiPolygon", "coordinates": [ [ [ [ 44.636137924450892, 37.397953174137328 ], [ 43.850161503268453, 37.397953174137328 ], [ 43.699481819795842, 37.445674535231596 ], [ 43.257310717005126, 37.671922098092352 ], [ 42.727338044436394, 37.676413391927682 ], [ 42.197365371867662, 37.883012908352775 ], [ 42.080591732149131, 38.053682074095249 ], [ 42.080591732149131, 38.260281590520343 ], [ 42.242278310220946, 38.547724395981355 ], [ 42.035678793795846, 38.538741808310697 ], [ 41.712305637652221, 38.673480623370537 ], [ 41.433845419861875, 38.835167201442353 ], [ 41.254193666448742, 38.835167201442353 ], [ 41.0565767376943, 38.713902267888493 ], [ 40.876924984281175, 38.857623670618999 ], [ 40.607447354161479, 38.812710732265714 ], [ 40.342461017877113, 38.709410974053164 ], [ 40.050526918580779, 38.722884855559151 ], [ 39.691223411754521, 38.628567685017259 ], [ 39.439710956976135, 38.655515448029227 ], [ 39.376832843281534, 38.754323912406448 ], [ 39.125320388503155, 38.871097552124979 ], [ 38.900755696736745, 38.880080139795638 ], [ 38.374969801759498, 38.712604384681576 ], [ 38.356580706453762, 38.872126560343787 ], [ 38.398980030977711, 39.069990074788883 ], [ 38.539435472364737, 39.498606508693534 ], [ 39.310402095915855, 39.688025032583248 ], [ 39.6493615597185, 39.804334652515529 ], [ 39.881980799583062, 40.149940380314305 ], [ 40.154477623424398, 40.384221186177896 ], [ 40.478621874460444, 40.393075794759625 ], [ 40.943721472964846, 40.440714430145007 ], [ 41.329204784740405, 40.400836846168225 ], [ 41.409342893403597, 40.349442579093861 ], [ 41.593222863963199, 40.132331288553601 ], [ 41.854642581144326, 40.039283592607781 ], [ 41.938828591761983, 39.96839010998238 ], [ 42.042953394368013, 39.972820952646472 ], [ 42.151354359081985, 39.912265628230351 ], [ 43.170448171821967, 39.947712369543041 ], [ 43.418575361010831, 39.912265628230351 ], [ 43.657840864871524, 39.814787089620438 ], [ 43.892675526068125, 39.774909505643656 ], [ 44.233850411202802, 39.637553383056961 ], [ 44.438016858730101, 39.486453536705589 ], [ 44.880753440159502, 39.336256081899066 ], [ 44.92506186680037, 39.260931756609587 ], [ 44.929492709464455, 39.079267207382024 ], [ 45.097864730699762, 38.649475468965598 ], [ 44.681365520275591, 38.512119346378903 ], [ 44.561732768345244, 38.361470695799952 ], [ 44.561732768345244, 38.015864968001175 ], [ 44.738966474908722, 37.745583565491877 ], [ 44.737228122715628, 37.484059122429763 ], [ 44.636137924450892, 37.397953174137328 ] ] ] ] } },
{ "type": "Feature", "properties": { "id": "pamplona1035", "colorId": "navarre", "name": "Памплона", "parent": null }, "geometry": { "type": "MultiPolygon", "coordinates": [ [ [ [ -0.981, 42.957 ], [ -0.932702655071294, 42.922092768426083 ], [ -1.060599264921723, 42.738774294307142 ], [ -1.186364264607978, 42.65990471823271 ], [ -1.239654518712323, 42.553324210024016 ], [ -1.341971806592666, 42.457401752636194 ], [ -1.348366637085187, 42.342294803770812 ], [ -1.548737992517526, 42.29539938015899 ], [ -1.834511321112869, 42.295357044070087 ], [ -2.054304016646244, 42.20061881323673 ], [ -2.199764870549993, 42.060259566937724 ], [ -2.240888629026049, 41.936888291509554 ], [ -2.420337756921567, 42.01913580846167 ], [ -2.711942589751785, 42.01913580846167 ], [ -2.947469570114653, 42.078952184426839 ], [ -3.078317892538468, 42.17989231886807 ], [ -3.209166214962284, 42.243447218331063 ], [ -3.268982590927457, 42.325694735283179 ], [ -3.138134268503642, 42.493928292685226 ], [ -2.971769972850503, 42.572437286139518 ], [ -2.609133193561643, 42.540659836408018 ], [ -2.491369703380208, 42.585522118381903 ], [ -2.416599233423742, 42.716370440805719 ], [ -2.584832790825791, 42.935074065428381 ], [ -2.52688567660953, 43.054706817358728 ], [ -2.216588226290195, 43.29774923266671 ], [ -2.128, 43.287 ], [ -1.794, 43.386 ], [ -1.747, 43.291 ], [ -1.404, 43.243 ], [ -1.313265949334357, 43.351428407046008 ], [ -1.161076537845752, 43.362701696785905 ], [ -1.111069103490649, 43.305491238466622 ], [ -1.110346734016217, 43.173874093642638 ], [ -1.183623117325545, 43.024503004589008 ], [ -0.981, 42.957 ] ] ] ] } },
{ "type": "Feature", "properties": { "id": "vietnam938", "colorId": "vietnam", "name": "Вьетнам", "parent": null }, "geometry": { "type": "MultiPolygon", "coordinates": [ [ [ [ 104.343398171304429, 22.327416709693445 ], [ 105.475204217807146, 22.3363992973641 ], [ 106.659344373910841, 22.086402428666783 ], [ 107.076160422033297, 21.837130086162176 ], [ 107.46845787908974, 21.50612910677081 ], [ 107.367, 21.273 ], [ 107.388, 21.185 ], [ 107.354, 21.082 ], [ 107.374, 21.028 ], [ 107.245, 21.003 ], [ 107.149, 20.931 ], [ 106.868, 20.883 ], [ 106.789, 20.731 ], [ 106.519, 20.541 ], [ 106.594, 20.448 ], [ 106.57, 20.232 ], [ 106.395, 20.205 ], [ 106.161, 19.984 ], [ 106.025, 19.999 ], [ 105.956, 19.925 ], [ 105.929, 19.78 ], [ 105.826, 19.642 ], [ 105.783, 19.394 ], [ 105.813, 19.307 ], [ 105.746, 19.237 ], [ 105.737, 19.108 ], [ 105.614, 18.999 ], [ 105.648, 18.893 ], [ 105.717, 18.855 ], [ 105.826, 18.594 ], [ 105.977, 18.402 ], [ 106.098, 18.29 ], [ 105.84349031230407, 18.21339155653278 ], [ 105.353729399644877, 18.355490154786356 ], [ 104.937, 18.731 ], [ 104.699900304550852, 19.364838820337798 ], [ 104.642690258730141, 20.280199553469469 ], [ 104.744851054838577, 20.835954284299412 ], [ 104.614085235819758, 20.946287944096532 ], [ 104.434282234668899, 21.068880899426667 ], [ 103.764107412197504, 21.371276855907666 ], [ 103.563872251824947, 21.677759244233002 ], [ 103.55293045628666, 21.986078378208497 ], [ 103.822408086406355, 22.255556008328192 ], [ 104.343398171304429, 22.327416709693445 ] ] ], [ [ [ 107.08, 20.8 ], [ 107.046, 20.704 ], [ 106.91, 20.819 ], [ 106.948, 20.87 ], [ 107.08, 20.8 ] ] ], [ [ [ 107.471, 21.096 ], [ 107.373, 21.06 ], [ 107.467, 21.277 ], [ 107.581, 21.212 ], [ 107.471, 21.096 ] ] ] ] } },
{ "type": "Feature", "properties": { "id": "hre_italy", "colorId": "germany", "name": null, "parent": "holy_roman962" }, "geometry": { "type": "MultiPolygon", "coordinates": [ [ [ [ 8.923, 41.695 ], [ 8.696, 41.729 ], [ 8.785, 41.824 ], [ 8.744, 41.933 ], [ 8.614, 41.901 ], [ 8.586, 41.969 ], [ 8.743, 42.044 ], [ 8.586, 42.133 ], [ 8.566, 42.209 ], [ 8.689, 42.281 ], [ 8.56, 42.346 ], [ 8.651, 42.423 ], [ 8.716, 42.562 ], [ 9.018, 42.65 ], [ 9.107, 42.726 ], [ 9.292, 42.675 ], [ 9.343, 42.749 ], [ 9.306, 42.839 ], [ 9.342, 42.991 ], [ 9.422, 43.017 ], [ 9.484, 42.832 ], [ 9.457, 42.606 ], [ 9.532, 42.544 ], [ 9.553, 42.113 ], [ 9.403, 41.953 ], [ 9.402, 41.706 ], [ 9.341, 41.569 ], [ 9.265, 41.531 ], [ 9.223, 41.373 ], [ 9.121, 41.435 ], [ 8.792, 41.561 ], [ 8.802, 41.639 ], [ 8.923, 41.695 ] ] ], [ [ [ 10.431, 42.722 ], [ 10.325, 42.765 ], [ 10.107, 42.757 ], [ 10.158, 42.817 ], [ 10.355, 42.808 ], [ 10.443, 42.845 ], [ 10.431, 42.722 ] ] ], [ [ [ 11.95589762595402, 42.999730913490097 ], [ 11.656815746128155, 42.999730913490097 ], [ 11.557121786186199, 42.905021651545241 ], [ 11.554629437187652, 42.658279100688901 ], [ 11.760289227410359, 42.542789699767191 ], [ 11.714046646348301, 42.197748920681654 ], [ 11.658, 42.279 ], [ 11.396, 42.4 ], [ 11.250776212933811, 42.401442620146014 ], [ 11.094, 42.403 ], [ 11.187, 42.521 ], [ 10.99, 42.71 ], [ 10.731, 42.804 ], [ 10.778, 42.895 ], [ 10.681, 42.949 ], [ 10.519, 42.925 ], [ 10.478, 42.99 ], [ 10.547, 43.147 ], [ 10.437, 43.389 ], [ 10.326, 43.477 ], [ 10.306461888711111, 43.581623429475677 ], [ 10.468116274727665, 43.601637782063349 ], [ 10.592171990173714, 43.698125560743613 ], [ 10.442271334009737, 43.729139489605124 ], [ 10.421595381435397, 43.796336335471743 ], [ 10.354351873245529, 43.834014482540162 ], [ 10.264, 43.809 ], [ 10.158882150479718, 43.947382963982619 ], [ 10.106, 44.017 ], [ 9.99928541420655, 44.054615815859165 ], [ 9.845, 44.109 ], [ 9.82, 44.063 ], [ 9.621, 44.148 ], [ 9.484, 44.244 ], [ 9.231, 44.354 ], [ 8.827, 44.428 ], [ 8.725, 44.424 ], [ 8.466, 44.304 ], [ 8.408, 44.194 ], [ 8.233, 44.104 ], [ 8.168, 43.956 ], [ 7.96, 43.853 ], [ 7.695, 43.791 ], [ 7.502, 43.792 ], [ 7.437, 43.743 ], [ 7.152, 43.655 ], [ 7.139, 43.554 ], [ 6.976, 43.547 ], [ 6.92, 43.449 ], [ 6.731, 43.408 ], [ 6.597, 43.284 ], [ 6.68, 43.202 ], [ 6.027, 43.078 ], [ 5.941, 43.134 ], [ 5.857, 43.045 ], [ 5.634, 43.187 ], [ 5.347, 43.216 ], [ 5.294, 43.355 ], [ 5.065, 43.328 ], [ 5.006, 43.382 ], [ 5.174, 43.428 ], [ 5.029, 43.559 ], [ 5.062, 43.452 ], [ 4.928, 43.44 ], [ 4.82, 43.346 ], [ 4.566, 43.371 ], [ 4.513, 43.456 ], [ 4.509446796976929, 43.613057348823212 ], [ 4.412740938598224, 43.723578329827447 ], [ 4.633782900606693, 43.937712730523145 ], [ 4.68904339110881, 44.141485789249707 ], [ 4.57161484879181, 44.286544576817761 ], [ 4.426556061223753, 44.431603364385822 ], [ 3.963749453268522, 44.497225196857087 ], [ 3.832505788325994, 44.604292397204937 ], [ 3.832505788325994, 44.828788139869786 ], [ 3.984472137206816, 44.901317533653817 ], [ 4.13989226674402, 44.904771314310196 ], [ 4.32985020284505, 45.008384734001666 ], [ 4.468001429100342, 45.232880476666523 ], [ 4.402379596629078, 45.453922438674986 ], [ 4.246959467091873, 45.491914025895191 ], [ 4.067362872959992, 45.457376219331373 ], [ 3.947292938505496, 45.511813859192415 ], [ 3.880858717515348, 45.585166103617517 ], [ 3.794514201105789, 45.768216478405776 ], [ 3.791060420449407, 45.909821485317451 ], [ 3.863589814233436, 46.130863447325922 ], [ 3.8704973755462, 46.227569305704627 ], [ 3.984472137206817, 46.272468454237597 ], [ 4.115715802149345, 46.213754183079097 ], [ 4.191698976589756, 46.006527343696156 ], [ 4.343665325470578, 45.978897098445103 ], [ 4.530169480915224, 46.099779421418482 ], [ 4.796110591456663, 46.210300402422718 ], [ 4.916992914430044, 46.445157487056711 ], [ 5.359076838446981, 46.507325538871598 ], [ 5.490925510112186, 46.278629419038069 ], [ 5.840373447023874, 46.278629419038069 ], [ 6.00214501535282, 46.435824795273888 ], [ 6.189568996330145, 46.650023630676543 ], [ 6.437236399764467, 46.824060184441201 ], [ 6.533937862909165, 46.867162666951842 ], [ 6.625209128574944, 46.867162666951842 ], [ 6.856430214361076, 46.936179887347286 ], [ 7.000435442978702, 46.870543084198722 ], [ 6.865218753103473, 46.654196380398368 ], [ 6.919305429053564, 46.197840052069481 ], [ 6.834794997881546, 46.099807951909916 ], [ 6.834794997881547, 45.984873765515992 ], [ 7.022, 45.925 ], [ 7.184, 45.88 ], [ 7.362, 45.908 ], [ 7.510878447257685, 45.940928341306531 ], [ 7.838778920205112, 45.822613737665698 ], [ 7.870352681473238, 45.948739980315139 ], [ 8.062359640348358, 46.184220212897834 ], [ 8.225384416751762, 46.376227171772953 ], [ 8.471732967761353, 46.542874720985324 ], [ 8.643814676187167, 46.535629175367376 ], [ 8.739818155624727, 46.477664810423946 ], [ 8.870237976747452, 46.479476196828443 ], [ 8.984355320229835, 46.401586581435708 ], [ 8.9879780930388, 46.32550835244745 ], [ 9.1002840501167, 46.27297814671747 ], [ 9.216212780003564, 46.399775195031225 ], [ 9.241572189666316, 46.517515311322576 ], [ 9.411842511687649, 46.517515311322576 ], [ 9.437201921350402, 46.405209354244676 ], [ 9.560376196855195, 46.307394488402629 ], [ 9.679927699551023, 46.309205874807091 ], [ 9.730646518876526, 46.359924694132594 ], [ 9.911785159324753, 46.407020740649138 ], [ 10.015034184380243, 46.24580735065021 ], [ 10.143642619098484, 46.247618737054694 ], [ 10.179870347188128, 46.296526169975714 ], [ 10.082055481346087, 46.461362332783601 ], [ 10.042204980447476, 46.54649749379427 ], [ 10.082055481346087, 46.615330177164594 ], [ 10.223343620895703, 46.646123746040793 ], [ 10.230589166513631, 46.586347994692879 ], [ 10.426, 46.535 ], [ 10.467, 46.604 ], [ 10.369, 46.672 ], [ 10.454, 46.864 ], [ 10.662, 46.861 ], [ 10.717, 46.795 ], [ 10.997, 46.769 ], [ 11.092, 46.912 ], [ 11.314, 46.987 ], [ 11.596, 47.0 ], [ 11.746, 46.972 ], [ 11.944, 47.038 ], [ 12.111, 46.993 ], [ 12.142, 46.919 ], [ 12.267, 46.868 ], [ 12.269, 46.789 ], [ 12.405, 46.69 ], [ 12.83, 46.61 ], [ 12.920372578097531, 46.336486675223675 ], [ 12.927264562288979, 46.174525046724668 ], [ 12.985846427916279, 46.115943181097371 ], [ 12.865236704565955, 45.943643576311189 ], [ 12.972062459533385, 45.743776034759222 ], [ 13.07, 45.714 ], [ 13.085, 45.642 ], [ 12.944, 45.629 ], [ 12.781, 45.554 ], [ 12.666671741806331, 45.517636830840424 ], [ 12.559227721741269, 45.628150680099751 ], [ 12.308167879178178, 45.628150680099751 ], [ 12.189389326541587, 45.562407284530146 ], [ 12.068779603191262, 45.365985735073899 ], [ 12.209, 45.309 ], [ 12.328, 45.101 ], [ 12.534, 44.97 ], [ 12.445, 44.821 ], [ 12.292, 44.843 ], [ 12.254, 44.751 ], [ 12.284, 44.488 ], [ 12.369, 44.251 ], [ 12.479, 44.139 ], [ 12.52269572248964, 44.109491230591814 ], [ 12.71, 43.983 ], [ 12.818794127423066, 43.943981009707166 ], [ 12.947, 43.898 ], [ 13.253, 43.703 ], [ 13.617, 43.531 ], [ 13.835, 43.127 ], [ 13.945, 42.798 ], [ 14.075, 42.599 ], [ 14.221, 42.47 ], [ 14.387, 42.373 ], [ 14.56, 42.226 ], [ 14.651700032866568, 42.197942539483449 ], [ 14.543366921563866, 41.985044424264494 ], [ 14.452418219963848, 41.877042841114474 ], [ 14.088623413563779, 41.869463782647806 ], [ 13.929463185763748, 41.964202013481163 ], [ 13.755144841030383, 41.964202013481163 ], [ 13.607353200930355, 41.85430566571447 ], [ 13.454642629411467, 41.813385116728341 ], [ 13.358271801467581, 41.893140284681898 ], [ 13.256916275526592, 41.954618226646105 ], [ 13.057528355642681, 42.054312186588064 ], [ 12.931249339716206, 42.207176258499061 ], [ 12.632167459890342, 42.403241046384899 ], [ 12.499242179967736, 42.406564178382965 ], [ 12.359670636049, 42.502935006326858 ], [ 12.299854260083826, 42.775431830168202 ], [ 12.123728264186372, 42.934942166075324 ], [ 11.95589762595402, 42.999730913490097 ] ], [ [ 12.482, 43.983 ], [ 12.386, 43.925 ], [ 12.429, 43.892 ], [ 12.482, 43.983 ] ] ] ] } },
{ "type": "Feature", "properties": { "id": "san_marino", "colorId": "san_marino", "name": "Сан-Марино", "parent": null }, "geometry": { "type": "MultiPolygon", "coordinates": [ [ [ [ 12.429, 43.892 ], [ 12.386, 43.925 ], [ 12.482, 43.983 ], [ 12.429, 43.892 ] ] ] ] } },
{ "type": "Feature", "properties": { "id": "tuareg", "colorId": null, "name": "туареги", "parent": null }, "geometry": { "type": "MultiPolygon", "coordinates": [ [ [ [ -5.011430406519656, 17.580227007651459 ], [ -6.328827734617018, 18.225985125277973 ], [ -5.840950418151078, 18.882095999145964 ], [ -5.285779678724317, 19.319503248391289 ], [ -3.738030950625472, 20.059730900960304 ], [ -2.694982894732773, 21.035485533892185 ], [ -1.88746181920294, 21.607479629059149 ], [ -1.399584502737, 22.448647416069392 ], [ -1.197704233854541, 23.357108626040453 ], [ -0.827590407570034, 24.030042855648645 ], [ -1.012647320712288, 26.032022188733016 ], [ -0.137832822221636, 27.764827829974113 ], [ 0.114517513881436, 28.639642328464767 ], [ 0.602394830347377, 29.177989712151319 ], [ 0.837921810710245, 30.019157499161562 ], [ 0.967304426745118, 30.906262864398624 ], [ 1.073448791073114, 31.768786496142866 ], [ 1.965849574778144, 32.483057023346426 ], [ 3.714459974665938, 33.177710469877191 ], [ 5.918188149866993, 33.704688946555706 ], [ 7.582961064828661, 33.920271050651465 ], [ 9.149865205865286, 34.04816554931206 ], [ 9.351745474747744, 34.018257361329468 ], [ 10.028447435068589, 34.070903366054708 ], [ 9.808444089386136, 33.875448684434133 ], [ 9.707053096863426, 33.525629099358135 ], [ 9.362489688518917, 31.904563624987944 ], [ 9.063343629051591, 29.801044508416091 ], [ 9.272271035663696, 27.635796839890642 ], [ 10.051000460308813, 25.470549171365192 ], [ 9.937040056702212, 23.039393894424339 ], [ 9.327279288667549, 21.014261445644443 ], [ 9.25760645052446, 20.49492986925674 ], [ 7.802298769510054, 20.207886152798025 ], [ 6.148117508250957, 19.593475970044643 ], [ 5.025928156975888, 18.923557473606781 ], [ 2.839754985732755, 18.199237478411973 ], [ 0.712950506971056, 17.655720778283985 ], [ -1.815583706667855, 17.183097560781384 ], [ -3.493396128802084, 16.875892469404693 ], [ -4.400614444915018, 16.592142363879248 ], [ -5.011430406519656, 17.580227007651459 ] ] ] ] } },
{ "type": "Feature", "properties": { "id": "berbers1034", "colorId": null, "name": "берберы", "parent": null }, "geometry": { "type": "MultiPolygon", "coordinates": [ [ [ [ 4.951062877326314, 35.588038161503341 ], [ 5.921182345757214, 35.899434534086105 ], [ 6.460137605996603, 36.126993421742732 ], [ 7.127922741446826, 36.52419258264193 ], [ 7.352234151316225, 36.412036877707237 ], [ 7.524206232216096, 36.157817279855252 ], [ 7.557852943696506, 35.974629628461905 ], [ 7.554114420198683, 35.653116607649103 ], [ 7.688701266120321, 35.380204392308002 ], [ 7.957874957963599, 35.208232311408132 ], [ 8.268172408282933, 35.163370029434247 ], [ 8.608378046584853, 35.036260230508262 ], [ 8.787827174480372, 34.890457814093153 ], [ 8.974753349371538, 34.374541571393536 ], [ 9.149865205865286, 34.04816554931206 ], [ 7.582961064828661, 33.920271050651465 ], [ 5.918188149866993, 33.704688946555706 ], [ 3.714459974665938, 33.177710469877191 ], [ 1.965849574778144, 32.483057023346426 ], [ 1.073448791073114, 31.768786496142866 ], [ 0.967304426745118, 30.906262864398624 ], [ 0.285189174209497, 31.127950321472703 ], [ -0.6186135354002, 31.136476762129405 ], [ -1.283675906622428, 31.204688287382968 ], [ -2.383586751336114, 31.281426253293226 ], [ -2.758750140230704, 31.230267609353053 ], [ -3.091281325841819, 31.281426253293226 ], [ -3.568762002616752, 31.417849303800349 ], [ -4.012136916764904, 31.417849303800349 ], [ -4.702778609957218, 31.255846931323141 ], [ -6.05848267437176, 30.573731678787521 ], [ -6.825862333474332, 30.386149984340225 ], [ -7.695559280457246, 30.300885577773272 ], [ -9.213265717348996, 30.207094730549613 ], [ -9.655, 30.127 ], [ -9.612, 30.404 ], [ -9.7, 30.543 ], [ -9.887, 30.687 ], [ -9.82, 30.792 ], [ -9.835, 31.145 ], [ -9.811, 31.367 ], [ -9.848, 31.402 ], [ -9.689, 31.635 ], [ -9.667, 31.731 ], [ -9.366, 32.026 ], [ -9.27, 32.227 ], [ -9.292, 32.351 ], [ -9.247, 32.472 ], [ -9.26, 32.577 ], [ -8.999, 32.797 ], [ -8.868, 32.882 ], [ -8.629, 33.128 ], [ -8.529, 33.269 ], [ -8.452, 33.264 ], [ -8.243, 33.405 ], [ -8.107, 33.431 ], [ -7.497, 33.65 ], [ -7.229, 33.801 ], [ -7.099, 33.84 ], [ -6.822, 34.04 ], [ -6.558, 34.418 ], [ -6.292, 34.881 ], [ -6.205, 35.125 ], [ -6.024, 35.501 ], [ -5.908, 35.797 ], [ -5.599, 35.822 ], [ -5.399, 35.925 ], [ -5.319, 35.877 ], [ -5.341, 35.847 ], [ -5.323, 35.714 ], [ -5.249, 35.585 ], [ -5.066, 35.417 ], [ -4.77, 35.241 ], [ -4.376, 35.152 ], [ -3.919, 35.267 ], [ -3.904, 35.214 ], [ -3.765, 35.218 ], [ -3.674, 35.288 ], [ -3.591, 35.233 ], [ -3.413, 35.198 ], [ -3.195, 35.238 ], [ -3.045, 35.314 ], [ -2.969, 35.446 ], [ -2.948, 35.33 ], [ -2.913, 35.277 ], [ -2.905, 35.174 ], [ -2.563, 35.096 ], [ -2.417, 35.149 ], [ -2.223, 35.089 ], [ -2.052, 35.075 ], [ -1.761, 35.13 ], [ -1.51, 35.295 ], [ -1.396, 35.309 ], [ -1.268, 35.39 ], [ -1.19, 35.566 ], [ -1.033, 35.683 ], [ -0.825, 35.769 ], [ -0.683, 35.717 ], [ -0.523, 35.78 ], [ -0.479, 35.89 ], [ -0.349, 35.907 ], [ -0.259, 35.818 ], [ -0.124, 35.787 ], [ 0.035, 35.863 ], [ 0.127, 36.051 ], [ 0.663, 36.333 ], [ 0.865, 36.377 ], [ 0.953811363884181, 36.207836710778622 ], [ 1.7203255117802, 35.872486771074115 ], [ 2.675474000760008, 35.588038161503341 ], [ 3.370127447290774, 35.516177460138096 ], [ 4.292339781478174, 35.516177460138096 ], [ 4.951062877326314, 35.588038161503341 ] ] ] ] } },
{ "type": "Feature", "properties": { "id": "janggala", "colorId": "janggala", "name": "Янагала", "parent": null }, "geometry": { "type": "MultiPolygon", "coordinates": [ [ [ [ 113.299, -7.789 ], [ 113.198, -8.277 ], [ 112.987, -8.324 ], [ 112.903, -8.404 ], [ 112.834, -8.376 ], [ 112.673, -8.447 ], [ 112.442, -8.392 ], [ 112.342, -8.333 ], [ 111.927, -8.303 ], [ 111.792, -8.257 ], [ 111.673, -8.368 ], [ 111.74, -6.782 ], [ 111.882, -6.809 ], [ 111.976, -6.785 ], [ 112.068, -6.894 ], [ 112.193, -6.905 ], [ 112.364, -6.871 ], [ 112.604, -6.905 ], [ 112.583, -6.99 ], [ 112.666, -7.055 ], [ 112.611, -7.079 ], [ 112.684, -7.175 ], [ 112.604, -7.193 ], [ 112.701, -7.255 ], [ 112.784, -7.205 ], [ 112.823, -7.263 ], [ 112.761, -7.531 ], [ 112.845, -7.593 ], [ 113.037, -7.655 ], [ 113.133, -7.728 ], [ 113.299, -7.789 ] ] ] ] } },
{ "type": "Feature", "properties": { "id": "rostov", "colorId": "vladimir", "name": "Ростов", "parent": null }, "geometry": { "type": "MultiPolygon", "coordinates": [ [ [ [ 36.945732233694237, 55.460401631423153 ], [ 36.179211342591792, 55.958478497371559 ], [ 35.451501635848977, 56.178408542076049 ], [ 35.06015552688951, 56.178408542076049 ], [ 34.662340887203442, 56.256030910795282 ], [ 34.002550753089956, 56.498600813042884 ], [ 34.180435348071533, 56.592394508578629 ], [ 33.96050530336705, 56.74440498065379 ], [ 33.766449381568968, 56.912586779545464 ], [ 33.720945098027521, 57.01340092275349 ], [ 34.634149387209192, 56.779585331803602 ], [ 35.194424482504225, 57.035458997371414 ], [ 35.728229888257765, 57.136926140613824 ], [ 36.345855977559381, 57.189865519696809 ], [ 37.435524863684378, 57.732494155297509 ], [ 37.342880950289135, 58.270711175974633 ], [ 36.284093368629222, 59.153034160691227 ], [ 36.04145454783216, 59.598607267973108 ], [ 36.323797902941472, 60.154470748344565 ], [ 36.985540141478921, 60.608867085473612 ], [ 37.801688902341766, 60.763273607799022 ], [ 38.371330122095955, 60.298647805054046 ], [ 38.717149608988493, 59.529497566965453 ], [ 39.474375037184238, 59.314850988894221 ], [ 40.726480075933104, 59.279076559215682 ], [ 40.941126654004343, 59.50564794717976 ], [ 41.161036453942671, 59.640359665958968 ], [ 41.790216112243023, 59.347924050129244 ], [ 42.357363973246144, 58.878254727736035 ], [ 42.889065092936569, 58.284521810748394 ], [ 43.234670820735346, 57.646480467119879 ], [ 43.261255876719872, 56.104547220017636 ], [ 43.084022170156402, 55.688048009593473 ], [ 42.765001498342144, 55.776664862875208 ], [ 41.878832965524765, 55.785526548203386 ], [ 41.134451397958173, 55.572846100327212 ], [ 40.549580166298703, 55.466505876389128 ], [ 40.035602417264627, 55.244963743184783 ], [ 38.872317546249036, 54.933390812542576 ], [ 37.337078342653705, 54.92674784647842 ], [ 36.945732233694237, 55.460401631423153 ] ] ] ] } },
{ "type": "Feature", "properties": { "id": "somavamsis647", "colorId": "somavamsis", "name": "Орисса", "parent": null }, "geometry": { "type": "MultiPolygon", "coordinates": [ [ [ [ 81.247922960263566, 17.683016945295169 ], [ 80.709575576577009, 17.912313053161668 ], [ 80.116396514922371, 18.388351711884503 ], [ 80.011717856983324, 18.817035739634907 ], [ 80.016702554980426, 19.315505539344681 ], [ 80.24011729324792, 20.154394923308384 ], [ 80.379995409831423, 20.556544508485892 ], [ 80.729690701290124, 21.255935091403316 ], [ 81.236748873905256, 22.036921242327768 ], [ 81.662211478513356, 22.398273043501767 ], [ 81.924482947107322, 22.497353376081769 ], [ 82.285834748281331, 22.339990494925345 ], [ 83.195042506073975, 22.240910162345376 ], [ 83.661302894685591, 22.136001574907763 ], [ 84.115906773581912, 21.891214870886667 ], [ 84.471847900163766, 21.732906482048861 ], [ 84.115801220136731, 21.43968290841601 ], [ 83.971799109270037, 21.197153037482632 ], [ 83.842955115336679, 20.749988587949215 ], [ 83.441265016603268, 20.227033553749113 ], [ 83.175997970269876, 19.954187448949064 ], [ 83.031995859403182, 19.65102511028234 ], [ 82.478724591336402, 19.234176894615594 ], [ 82.334722480469708, 18.915856439015535 ], [ 82.077034492602991, 18.589956924948805 ], [ 81.811767446269613, 18.506587281815456 ], [ 81.671554864636263, 18.358795641715432 ], [ 81.637449101536248, 18.241320235482078 ], [ 81.523763224536225, 18.192056355448734 ], [ 81.379761113669531, 17.960895072215358 ], [ 81.334286762869525, 17.748681435148651 ], [ 81.247922960263566, 17.683016945295169 ] ] ] ] } },
{ "type": "Feature", "properties": { "id": "almoravid1034", "colorId": "almoravid", "name": "Альморавиды", "parent": null }, "geometry": { "type": "MultiPolygon", "coordinates": [ [ [ [ -16.529, 20.739 ], [ -16.542, 20.561 ], [ -16.665, 20.671 ], [ -16.775, 20.938 ], [ -16.918, 21.159 ], [ -17.016, 21.031 ], [ -17.004, 20.932 ], [ -17.057, 20.767 ], [ -17.1, 20.838 ], [ -17.014, 21.42 ], [ -16.971, 21.593 ], [ -16.967, 21.781 ], [ -16.921, 21.931 ], [ -16.817, 22.131 ], [ -16.707, 22.275 ], [ -16.522, 22.315 ], [ -16.429, 22.51 ], [ -16.357, 22.583 ], [ -16.29, 22.9 ], [ -16.173, 22.973 ], [ -16.16, 23.082 ], [ -16.22, 23.076 ], [ -16.135, 23.185 ], [ -15.967, 23.513 ], [ -15.83, 23.686 ], [ -15.765, 23.857 ], [ -15.862, 23.836 ], [ -15.948, 23.684 ], [ -16.01, 23.655 ], [ -15.841, 23.903 ], [ -15.62, 24.026 ], [ -15.445, 24.222 ], [ -15.298, 24.345 ], [ -15.172, 24.494 ], [ -15.015, 24.562 ], [ -14.908, 24.685 ], [ -14.836, 24.919 ], [ -14.85, 25.214 ], [ -14.782, 25.447 ], [ -14.715, 25.526 ], [ -14.621, 25.784 ], [ -14.52, 25.924 ], [ -14.493, 26.133 ], [ -14.41, 26.26 ], [ -14.299, 26.302 ], [ -14.18, 26.424 ], [ -13.924, 26.501 ], [ -13.62, 26.689 ], [ -13.501, 26.858 ], [ -13.402, 27.177 ], [ -13.301, 27.324 ], [ -13.171, 27.685 ], [ -13.061, 27.743 ], [ -12.968, 27.915 ], [ -12.839, 27.97 ], [ -12.514, 27.995 ], [ -12.335, 28.047 ], [ -12.061, 28.089 ], [ -12.006, 28.123 ], [ -11.486, 28.326 ], [ -11.326, 28.515 ], [ -11.048, 28.762 ], [ -10.574, 28.99 ], [ -10.451, 29.092 ], [ -10.348, 29.229 ], [ -10.142, 29.429 ], [ -10.053, 29.6 ], [ -9.82, 29.839 ], [ -9.655, 30.127 ], [ -9.213265717348996, 30.207094730549613 ], [ -7.695559280457246, 30.300885577773272 ], [ -6.825862333474332, 30.386149984340225 ], [ -6.05848267437176, 30.573731678787521 ], [ -4.702778609957218, 31.255846931323141 ], [ -4.012136916764904, 31.417849303800349 ], [ -3.568762002616752, 31.417849303800349 ], [ -3.091281325841819, 31.281426253293226 ], [ -2.758750140230704, 31.230267609353053 ], [ -2.383586751336114, 31.281426253293226 ], [ -1.283675906622428, 31.204688287382968 ], [ -0.6186135354002, 31.136476762129405 ], [ 0.285189174209497, 31.127950321472703 ], [ 0.967304426745118, 30.906262864398624 ], [ 0.837921810710245, 30.019157499161562 ], [ 0.602394830347377, 29.177989712151319 ], [ 0.114517513881436, 28.639642328464767 ], [ -0.137832822221636, 27.764827829974113 ], [ -1.012647320712288, 26.032022188733016 ], [ -0.827590407570034, 24.030042855648645 ], [ -1.197704233854541, 23.357108626040453 ], [ -1.399584502737, 22.448647416069392 ], [ -1.88746181920294, 21.607479629059149 ], [ -2.694982894732773, 21.035485533892185 ], [ -3.738030950625472, 20.059730900960304 ], [ -5.285779678724317, 19.319503248391289 ], [ -5.840950418151078, 18.882095999145964 ], [ -6.328827734617018, 18.225985125277973 ], [ -7.254112300328284, 18.209161769537769 ], [ -7.750401294664321, 17.948399755564594 ], [ -8.608392437414771, 17.595109285020289 ], [ -9.44114854655491, 17.191348747255375 ], [ -9.937437540890954, 16.863293310321378 ], [ -10.862722106602218, 16.467944450426568 ], [ -11.384246134548572, 16.114653979882267 ], [ -12.141297142857786, 16.181947402843086 ], [ -13.436695534853559, 17.073585257073944 ], [ -14.185334865292678, 17.317523915306914 ], [ -15.228382921185379, 17.317523915306914 ], [ -16.173, 17.262 ], [ -16.049, 17.667 ], [ -16.024, 17.96 ], [ -16.069, 18.484 ], [ -16.132, 18.629 ], [ -16.205, 18.983 ], [ -16.368, 19.222 ], [ -16.467, 19.259 ], [ -16.522, 19.396 ], [ -16.408, 19.389 ], [ -16.323, 19.458 ], [ -16.35, 19.547 ], [ -16.467, 19.464 ], [ -16.234, 19.794 ], [ -16.298, 19.923 ], [ -16.214, 20.033 ], [ -16.261, 20.136 ], [ -16.2, 20.215 ], [ -16.295, 20.331 ], [ -16.43, 20.644 ], [ -16.529, 20.739 ] ] ] ] } },
{ "type": "Feature", "properties": { "id": "ulster", "colorId": null, "name": "Ольстер", "parent": null }, "geometry": { "type": "MultiPolygon", "coordinates": [ [ [ [ -7.469, 55.044 ], [ -7.541, 55.198 ], [ -7.524, 55.29 ], [ -7.328, 55.308 ], [ -7.384, 55.386 ], [ -7.195, 55.339 ], [ -6.943, 55.219 ], [ -7.159, 55.151 ], [ -7.247, 55.069 ], [ -7.065, 55.044 ], [ -6.963, 55.195 ], [ -6.755, 55.178 ], [ -6.476, 55.249 ], [ -6.101, 55.212 ], [ -6.062, 55.074 ], [ -5.976, 55.053 ], [ -5.798, 54.845 ], [ -5.702, 54.825 ], [ -5.748, 54.68 ], [ -5.537, 54.657 ], [ -5.433, 54.466 ], [ -5.502, 54.34 ], [ -5.553, 54.299 ], [ -5.862, 54.231 ], [ -5.912, 54.091 ], [ -6.041, 54.036 ], [ -6.27, 54.098 ], [ -6.111, 54.001 ], [ -6.348, 54.004 ], [ -6.463875920995036, 54.075221279866042 ], [ -6.658832998214859, 54.132822234499166 ], [ -7.212688331225714, 54.267962935753786 ], [ -7.886176416166918, 54.228085351777004 ], [ -8.47, 54.277 ], [ -8.664, 54.359 ], [ -8.271, 54.524 ], [ -8.121, 54.647 ], [ -8.292, 54.606 ], [ -8.419, 54.641 ], [ -8.673, 54.619 ], [ -8.796, 54.698 ], [ -8.637, 54.768 ], [ -8.457, 54.763 ], [ -8.554, 54.828 ], [ -8.326, 54.838 ], [ -8.463, 54.941 ], [ -8.278, 55.161 ], [ -8.115, 55.155 ], [ -7.792, 55.206 ], [ -7.644, 55.273 ], [ -7.532, 55.1 ], [ -7.641, 55.044 ], [ -7.469, 55.044 ] ] ] ] } },
{ "type": "Feature", "properties": { "id": "cholan_srivijaya", "colorId": "chola", "name": null, "parent": "chola1000" }, "geometry": { "type": "MultiPolygon", "coordinates": [ [ [ [ 99.859, -2.357 ], [ 99.604, -2.266 ], [ 99.531, -2.156 ], [ 99.594, -2.015 ], [ 99.694, -2.068 ], [ 99.721, -2.159 ], [ 99.823, -2.293 ], [ 99.859, -2.357 ] ] ], [ [ [ 98.883, -0.913 ], [ 98.905, -0.991 ], [ 99.07, -1.251 ], [ 99.131, -1.448 ], [ 99.274, -1.635 ], [ 99.255, -1.772 ], [ 99.101, -1.799 ], [ 98.885, -1.679 ], [ 98.812, -1.529 ], [ 98.594, -1.198 ], [ 98.658, -0.963 ], [ 98.883, -0.913 ] ] ], [ [ [ 98.369, -0.349 ], [ 98.451, -0.258 ], [ 98.507, -0.365 ], [ 98.502, -0.461 ], [ 98.504, -0.551 ], [ 98.422, -0.587 ], [ 98.317, -0.535 ], [ 98.369, -0.349 ] ] ], [ [ [ 98.344, -0.045 ], [ 98.364, 0.01 ], [ 98.443, -0.052 ], [ 98.48, -0.158 ], [ 98.56, -0.278 ], [ 98.542, -0.381 ], [ 98.344, -0.045 ] ] ], [ [ [ 98.836, 0.141 ], [ 98.845, 0.085 ], [ 98.539, 0.09 ], [ 98.548, 0.159 ], [ 98.717, 0.175 ], [ 98.836, 0.141 ] ] ], [ [ [ 97.389, 0.952 ], [ 97.388, 1.019 ], [ 97.252, 1.259 ], [ 97.064, 1.415 ], [ 97.236, 1.417 ], [ 97.35, 1.545 ], [ 97.486, 1.477 ], [ 97.694, 1.186 ], [ 97.792, 1.144 ], [ 97.928, 0.996 ], [ 97.901, 0.906 ], [ 97.883, 0.643 ], [ 97.827, 0.563 ], [ 97.704, 0.573 ], [ 97.614, 0.824 ], [ 97.389, 0.952 ] ] ], [ [ [ 98.599, 1.632 ], [ 98.44, 1.65 ], [ 98.555, 1.682 ], [ 98.599, 1.632 ] ] ], [ [ [ 97.207, 2.176 ], [ 97.103, 2.213 ], [ 97.247, 2.231 ], [ 97.329, 2.148 ], [ 97.322, 2.031 ], [ 97.207, 2.176 ] ] ], [ [ [ 96.066, 2.579 ], [ 95.931, 2.596 ], [ 95.698, 2.779 ], [ 95.769, 2.841 ], [ 95.792, 2.943 ], [ 95.912, 2.906 ], [ 95.982, 2.79 ], [ 96.091, 2.758 ], [ 96.246, 2.6 ], [ 96.396, 2.525 ], [ 96.48, 2.415 ], [ 96.481, 2.364 ], [ 96.335, 2.355 ], [ 96.328, 2.395 ], [ 96.066, 2.579 ] ] ], [ [ [ 95.061, 5.656 ], [ 95.058, 5.757 ], [ 95.115, 5.711 ], [ 95.061, 5.656 ] ] ], [ [ [ 95.273, 5.807 ], [ 95.342, 5.896 ], [ 95.338, 5.779 ], [ 95.273, 5.807 ] ] ], [ [ [ 99.657, 6.724 ], [ 99.704, 6.558 ], [ 99.672, 6.517 ], [ 99.6, 6.583 ], [ 99.657, 6.724 ] ] ], [ [ [ 99.057, 7.504 ], [ 99.035, 7.644 ], [ 99.117, 7.479 ], [ 99.057, 7.504 ] ] ], [ [ [ 98.254, 7.928 ], [ 98.281, 8.192 ], [ 98.438, 8.066 ], [ 98.419, 7.904 ], [ 98.398, 7.815 ], [ 98.309, 7.768 ], [ 98.254, 7.928 ] ] ], [ [ [ 98.541, 8.105 ], [ 98.61, 8.035 ], [ 98.612, 7.926 ], [ 98.541, 8.105 ] ] ], [ [ [ 99.947, 9.418 ], [ 99.926, 9.566 ], [ 100.07, 9.586 ], [ 100.061, 9.464 ], [ 99.947, 9.418 ] ] ], [ [ [ 102.298, -5.473 ], [ 102.099, -5.335 ], [ 102.172, -5.28 ], [ 102.407, -5.404 ], [ 102.39, -5.477 ], [ 102.298, -5.473 ] ] ], [ [ [ 100.478, -3.315 ], [ 100.379, -3.272 ], [ 100.345, -3.127 ], [ 100.189, -2.967 ], [ 100.179, -2.827 ], [ 100.227, -2.773 ], [ 100.468, -3.015 ], [ 100.465, -3.133 ], [ 100.399, -3.184 ], [ 100.478, -3.315 ] ] ], [ [ [ 100.016, -2.834 ], [ 99.984, -2.485 ], [ 100.207, -2.694 ], [ 100.139, -2.82 ], [ 100.016, -2.834 ] ] ], [ [ [ 103.613, -0.387 ], [ 103.462, -0.367 ], [ 103.558, -0.223 ], [ 103.713, -0.27 ], [ 103.757, -0.346 ], [ 103.613, -0.387 ] ] ], [ [ [ 103.65, -0.943 ], [ 103.839, -1.033 ], [ 103.956, -0.977 ], [ 104.212, -1.073 ], [ 104.377, -1.032 ], [ 104.397, -1.191 ], [ 104.445, -1.305 ], [ 104.454, -1.531 ], [ 104.538, -1.761 ], [ 104.537, -1.854 ], [ 104.637, -1.922 ], [ 104.692, -2.046 ], [ 104.773, -1.998 ], [ 104.874, -2.08 ], [ 104.876, -2.165 ], [ 104.743, -2.341 ], [ 104.709, -2.574 ], [ 104.768, -2.43 ], [ 104.883, -2.285 ], [ 104.929, -2.375 ], [ 105.002, -2.332 ], [ 105.117, -2.38 ], [ 105.202, -2.347 ], [ 105.624, -2.402 ], [ 105.608, -2.552 ], [ 105.673, -2.663 ], [ 105.778, -2.69 ], [ 105.792, -2.862 ], [ 105.879, -2.951 ], [ 106.016, -2.969 ], [ 106.054, -3.047 ], [ 106.073, -3.256 ], [ 105.929, -3.365 ], [ 105.881, -3.451 ], [ 105.82, -3.673 ], [ 105.952, -3.834 ], [ 105.87, -4.004 ], [ 105.813, -4.239 ], [ 105.853, -4.404 ], [ 105.906, -4.469 ], [ 105.872, -4.849 ], [ 105.91, -4.943 ], [ 105.867, -5.041 ], [ 105.865, -5.256 ], [ 105.833, -5.383 ], [ 105.83, -5.655 ], [ 105.783, -5.829 ], [ 105.602, -5.81 ], [ 105.545, -5.658 ], [ 105.484, -5.659 ], [ 105.311, -5.466 ], [ 105.25, -5.459 ], [ 105.239, -5.569 ], [ 105.18, -5.58 ], [ 105.215, -5.759 ], [ 105.118, -5.782 ], [ 104.791, -5.609 ], [ 104.623, -5.491 ], [ 104.533, -5.56 ], [ 104.689, -5.808 ], [ 104.716, -5.921 ], [ 104.561, -5.928 ], [ 104.542, -5.842 ], [ 104.298, -5.643 ], [ 104.258, -5.54 ], [ 104.111, -5.446 ], [ 103.993, -5.313 ], [ 104.002, -5.263 ], [ 103.901, -5.219 ], [ 103.913, -5.139 ], [ 103.692, -4.952 ], [ 103.393, -4.814 ], [ 103.173, -4.618 ], [ 102.92, -4.493 ], [ 102.876, -4.421 ], [ 102.701, -4.27 ], [ 102.313, -3.991 ], [ 102.305, -3.845 ], [ 102.222, -3.643 ], [ 102.066, -3.55 ], [ 101.637, -3.251 ], [ 101.419, -2.927 ], [ 101.327, -2.739 ], [ 101.105, -2.587 ], [ 100.923, -2.333 ], [ 100.832, -2.141 ], [ 100.887, -2.037 ], [ 100.858, -1.892 ], [ 100.784, -1.816 ], [ 100.571, -1.443 ], [ 100.569, -1.331 ], [ 100.406, -1.264 ], [ 100.37, -1.161 ], [ 100.38, -1.03 ], [ 100.301, -0.816 ], [ 100.16, -0.668 ], [ 100.001, -0.456 ], [ 99.814, -0.295 ], [ 99.759, -0.168 ], [ 99.747, -0.03 ], [ 99.611, 0.099 ], [ 99.408, 0.164 ], [ 99.316, 0.243 ], [ 99.244, 0.216 ], [ 99.139, 0.274 ], [ 99.09, 0.622 ], [ 99.049, 0.62 ], [ 99.042, 0.777 ], [ 98.981, 0.832 ], [ 98.917, 1.117 ], [ 98.753, 1.536 ], [ 98.819, 1.682 ], [ 98.727, 1.792 ], [ 98.658, 1.764 ], [ 98.535, 1.936 ], [ 98.269, 2.038 ], [ 98.153, 2.157 ], [ 97.956, 2.272 ], [ 97.744, 2.281 ], [ 97.658, 2.412 ], [ 97.644, 2.669 ], [ 97.603, 2.866 ], [ 97.422, 2.928 ], [ 97.332, 3.031 ], [ 97.271, 3.214 ], [ 97.183, 3.246 ], [ 97.019, 3.523 ], [ 96.884, 3.682 ], [ 96.761, 3.749 ], [ 96.56, 3.747 ], [ 96.43, 3.825 ], [ 96.191, 4.126 ], [ 96.01, 4.226 ], [ 95.617, 4.628 ], [ 95.565, 4.638 ], [ 95.426, 4.827 ], [ 95.291, 5.192 ], [ 95.199, 5.293 ], [ 95.252, 5.396 ], [ 95.197, 5.546 ], [ 95.413, 5.65 ], [ 95.511, 5.603 ], [ 95.612, 5.627 ], [ 95.888, 5.512 ], [ 95.93, 5.414 ], [ 96.126, 5.282 ], [ 96.362, 5.225 ], [ 96.651, 5.216 ], [ 96.828, 5.28 ], [ 96.973, 5.273 ], [ 97.268, 5.155 ], [ 97.497, 5.252 ], [ 97.664, 5.073 ], [ 97.909, 4.89 ], [ 98.007, 4.634 ], [ 97.997, 4.546 ], [ 98.206, 4.498 ], [ 98.276, 4.425 ], [ 98.263, 4.177 ], [ 98.306, 4.08 ], [ 98.477, 4.046 ], [ 98.677, 3.915 ], [ 98.711, 3.804 ], [ 98.797, 3.725 ], [ 98.958, 3.671 ], [ 99.18, 3.546 ], [ 99.49, 3.336 ], [ 99.589, 3.228 ], [ 99.751, 3.18 ], [ 99.853, 3.047 ], [ 99.98, 2.948 ], [ 99.998, 2.799 ], [ 99.954, 2.704 ], [ 100.055, 2.727 ], [ 100.126, 2.53 ], [ 100.131, 2.682 ], [ 100.203, 2.71 ], [ 100.308, 2.569 ], [ 100.382, 2.355 ], [ 100.561, 2.157 ], [ 100.666, 2.134 ], [ 100.856, 1.999 ], [ 100.947, 1.825 ], [ 100.886, 2.036 ], [ 100.803, 2.162 ], [ 100.813, 2.25 ], [ 100.908, 2.3 ], [ 101.05, 2.291 ], [ 101.067, 2.22 ], [ 101.3, 2.047 ], [ 101.378, 1.773 ], [ 101.427, 1.709 ], [ 101.592, 1.655 ], [ 101.779, 1.644 ], [ 102.021, 1.438 ], [ 102.118, 1.387 ], [ 102.147, 1.248 ], [ 102.201, 1.182 ], [ 102.194, 1.066 ], [ 102.24, 0.982 ], [ 102.464, 0.774 ], [ 102.877, 0.726 ], [ 103.056, 0.558 ], [ 103.075, 0.442 ], [ 102.716, 0.258 ], [ 102.903, 0.268 ], [ 103.076, 0.383 ], [ 103.166, 0.408 ], [ 103.224, 0.488 ], [ 103.362, 0.536 ], [ 103.541, 0.435 ], [ 103.606, 0.311 ], [ 103.645, 0.345 ], [ 103.76, 0.239 ], [ 103.792, -0.013 ], [ 103.592, -0.011 ], [ 103.587, -0.095 ], [ 103.494, -0.118 ], [ 103.415, -0.217 ], [ 103.489, -0.212 ], [ 103.437, -0.338 ], [ 103.346, -0.36 ], [ 103.482, -0.374 ], [ 103.591, -0.425 ], [ 103.573, -0.475 ], [ 103.418, -0.518 ], [ 103.346, -0.696 ], [ 103.463, -0.758 ], [ 103.65, -0.943 ] ] ], [ [ [ 103.171, 0.514 ], [ 103.137, 0.574 ], [ 103.212, 0.708 ], [ 103.294, 0.625 ], [ 103.281, 0.538 ], [ 103.171, 0.514 ] ] ], [ [ [ 103.401, 0.88 ], [ 103.489, 0.777 ], [ 103.459, 0.658 ], [ 103.346, 0.763 ], [ 103.401, 0.88 ] ] ], [ [ [ 102.558, 0.78 ], [ 102.407, 0.873 ], [ 102.502, 0.973 ], [ 102.489, 1.133 ], [ 102.556, 1.126 ], [ 102.605, 1.011 ], [ 102.664, 0.996 ], [ 102.764, 1.011 ], [ 103.022, 0.845 ], [ 103.049, 0.797 ], [ 103.007, 0.694 ], [ 102.852, 0.798 ], [ 102.558, 0.78 ] ] ], [ [ [ 103.086, 0.841 ], [ 102.791, 1.031 ], [ 102.648, 1.006 ], [ 102.637, 1.041 ], [ 102.716, 1.154 ], [ 102.802, 1.163 ], [ 103.037, 1.045 ], [ 103.126, 0.928 ], [ 103.175, 0.882 ], [ 103.086, 0.841 ] ] ], [ [ [ 103.443, 1.013 ], [ 103.315, 1.062 ], [ 103.39, 1.13 ], [ 103.443, 1.013 ] ] ], [ [ [ 102.201, 1.298 ], [ 102.217, 1.409 ], [ 102.291, 1.405 ], [ 102.473, 1.242 ], [ 102.447, 1.1 ], [ 102.465, 0.963 ], [ 102.334, 0.964 ], [ 102.233, 1.1 ], [ 102.242, 1.222 ], [ 102.201, 1.298 ] ] ], [ [ [ 102.349, 1.555 ], [ 102.49, 1.49 ], [ 102.496, 1.364 ], [ 102.51, 1.277 ], [ 102.435, 1.299 ], [ 102.33, 1.413 ], [ 102.135, 1.456 ], [ 102.057, 1.511 ], [ 102.008, 1.615 ], [ 102.349, 1.555 ] ] ], [ [ [ 101.441, 2.065 ], [ 101.531, 2.056 ], [ 101.649, 2.128 ], [ 101.721, 2.058 ], [ 101.776, 1.948 ], [ 101.715, 1.778 ], [ 101.577, 1.709 ], [ 101.46, 1.766 ], [ 101.394, 1.931 ], [ 101.441, 2.065 ] ] ], [ [ [ 100.31, 5.451 ], [ 100.343, 5.418 ], [ 100.289, 5.263 ], [ 100.196, 5.3 ], [ 100.192, 5.463 ], [ 100.31, 5.451 ] ] ], [ [ [ 99.521, 9.27 ], [ 99.689, 9.316 ], [ 99.854, 9.295 ], [ 99.916, 9.102 ], [ 99.959, 8.638 ], [ 100.104, 8.418 ], [ 100.186, 8.397 ], [ 100.165, 8.501 ], [ 100.271, 8.317 ], [ 100.303, 8.119 ], [ 100.44, 7.477 ], [ 100.567, 7.229 ], [ 100.548, 7.197 ], [ 100.439, 7.294 ], [ 100.406, 7.528 ], [ 100.326, 7.574 ], [ 100.307, 7.758 ], [ 100.211, 7.781 ], [ 100.143, 7.7 ], [ 100.185, 7.514 ], [ 100.303, 7.343 ], [ 100.37, 7.333 ], [ 100.392, 7.223 ], [ 100.486, 7.14 ], [ 100.556, 7.145 ], [ 100.585, 7.224 ], [ 100.765, 6.983 ], [ 100.85, 6.962 ], [ 100.998, 6.857 ], [ 101.191, 6.862 ], [ 101.244, 6.902 ], [ 101.351, 6.876 ], [ 101.321, 6.949 ], [ 101.566, 6.832 ], [ 101.772, 6.501 ], [ 102.073, 6.258 ], [ 102.164, 6.197 ], [ 102.2, 6.233 ], [ 102.38, 6.133 ], [ 102.5, 5.897 ], [ 102.876, 5.571 ], [ 102.959, 5.542 ], [ 103.12, 5.381 ], [ 103.449, 4.795 ], [ 103.469, 4.55 ], [ 103.451, 4.488 ], [ 103.494, 4.337 ], [ 103.455, 4.183 ], [ 103.395, 4.116 ], [ 103.438, 3.975 ], [ 103.339, 3.758 ], [ 103.405, 3.6 ], [ 103.482, 3.512 ], [ 103.428, 3.367 ], [ 103.456, 3.204 ], [ 103.435, 2.962 ], [ 103.474, 2.851 ], [ 103.638, 2.672 ], [ 103.767, 2.624 ], [ 103.838, 2.464 ], [ 103.949, 2.34 ], [ 103.969, 2.213 ], [ 104.121, 1.954 ], [ 104.135, 1.849 ], [ 104.195, 1.799 ], [ 104.295, 1.447 ], [ 104.277, 1.367 ], [ 104.106, 1.375 ], [ 104.008, 1.549 ], [ 103.974, 1.42 ], [ 103.84, 1.477 ], [ 103.681, 1.442 ], [ 103.516, 1.27 ], [ 103.446, 1.359 ], [ 103.367, 1.538 ], [ 103.037, 1.716 ], [ 102.935, 1.748 ], [ 102.804, 1.86 ], [ 102.722, 1.847 ], [ 102.489, 2.093 ], [ 102.188, 2.216 ], [ 102.056459014156403, 2.319821617124922 ], [ 101.927, 2.422 ], [ 101.865, 2.395 ], [ 101.783, 2.576 ], [ 101.542, 2.661 ], [ 101.399, 2.819 ], [ 101.286, 2.85 ], [ 101.283, 2.911 ], [ 101.373, 3.002 ], [ 101.298, 3.275 ], [ 101.108, 3.474 ], [ 101.041, 3.622 ], [ 100.812, 3.787 ], [ 100.845, 3.851 ], [ 100.721, 3.868 ], [ 100.719, 3.991 ], [ 100.802, 3.991 ], [ 100.776, 4.086 ], [ 100.633, 4.155 ], [ 100.565, 4.319 ], [ 100.633, 4.533 ], [ 100.597, 4.572 ], [ 100.577, 4.854 ], [ 100.454, 4.909 ], [ 100.365, 5.084 ], [ 100.409, 5.127 ], [ 100.43, 5.303 ], [ 100.385, 5.377 ], [ 100.344, 5.669 ], [ 100.376, 5.811 ], [ 100.349, 6.013 ], [ 100.248, 6.221 ], [ 100.175, 6.291 ], [ 100.127, 6.442 ], [ 100.001, 6.567 ], [ 99.957, 6.664 ], [ 99.797, 6.822 ], [ 99.686, 6.877 ], [ 99.679, 7.027 ], [ 99.748, 7.126 ], [ 99.614, 7.137 ], [ 99.54, 7.244 ], [ 99.508, 7.385 ], [ 99.471, 7.28 ], [ 99.337, 7.384 ], [ 99.344, 7.469 ], [ 99.268, 7.616 ], [ 99.124, 7.767 ], [ 99.033, 7.723 ], [ 99.062, 7.859 ], [ 98.905, 8.048 ], [ 98.829, 8.007 ], [ 98.747, 8.068 ], [ 98.744, 8.215 ], [ 98.696, 8.308 ], [ 98.622, 8.293 ], [ 98.655, 8.38 ], [ 98.446, 8.325 ], [ 98.463, 8.216 ], [ 98.391, 8.137 ], [ 98.278, 8.241 ], [ 98.199, 8.534 ], [ 98.24, 8.651 ], [ 98.262, 8.851 ], [ 98.382, 9.072 ], [ 98.328, 9.164 ], [ 98.457, 9.549 ], [ 98.514, 9.655 ], [ 98.513, 9.837 ], [ 98.633, 9.963 ], [ 98.784860638356193, 10.043166658341312 ], [ 98.97399107862546, 10.205519605411681 ], [ 99.16, 10.128 ], [ 99.168, 9.844 ], [ 99.145, 9.788 ], [ 99.181, 9.643 ], [ 99.324, 9.392 ], [ 99.23, 9.32 ], [ 99.255, 9.232 ], [ 99.475, 9.201 ], [ 99.521, 9.27 ] ] ], [ [ [ 100.035, 9.796 ], [ 100.09, 9.665 ], [ 99.988, 9.72 ], [ 100.035, 9.796 ] ] ], [ [ [ 106.813, -2.892 ], [ 106.909, -2.93 ], [ 106.895, -3.018 ], [ 106.723, -2.966 ], [ 106.813, -2.892 ] ] ], [ [ [ 105.902, -2.629 ], [ 105.944, -2.499 ], [ 105.829, -2.395 ], [ 105.796, -2.172 ], [ 105.607, -2.115 ], [ 105.566, -2.067 ], [ 105.45, -2.123 ], [ 105.306, -2.135 ], [ 105.23, -2.07 ], [ 105.147, -2.08 ], [ 105.154, -1.936 ], [ 105.376, -1.822 ], [ 105.395, -1.738 ], [ 105.35, -1.649 ], [ 105.46, -1.563 ], [ 105.594, -1.526 ], [ 105.703, -1.655 ], [ 105.652, -1.707 ], [ 105.813, -1.793 ], [ 105.751, -1.703 ], [ 105.72, -1.524 ], [ 105.876, -1.489 ], [ 106.046, -1.594 ], [ 106.035, -1.678 ], [ 106.175, -1.879 ], [ 106.163, -2.007 ], [ 106.264, -2.351 ], [ 106.354, -2.463 ], [ 106.769, -2.56 ], [ 106.675, -2.7 ], [ 106.613, -2.943 ], [ 106.738, -3.005 ], [ 106.707, -3.094 ], [ 106.517, -3.095 ], [ 106.447, -2.981 ], [ 106.094, -2.841 ], [ 105.987, -2.821 ], [ 105.902, -2.629 ] ] ], [ [ [ 104.325, -0.365 ], [ 104.383, -0.401 ], [ 104.47, -0.332 ], [ 104.549, -0.398 ], [ 104.592, -0.484 ], [ 104.511, -0.614 ], [ 104.42, -0.575 ], [ 104.356, -0.662 ], [ 104.336, -0.543 ], [ 104.256, -0.476 ], [ 104.325, -0.365 ] ] ], [ [ [ 104.517, -0.089 ], [ 104.537, 0.021 ], [ 104.62, -0.004 ], [ 104.766, -0.188 ], [ 104.849, -0.14 ], [ 104.929, -0.237 ], [ 105.011, -0.282 ], [ 104.851, -0.301 ], [ 104.736, -0.214 ], [ 104.541, -0.271 ], [ 104.437, -0.181 ], [ 104.517, -0.089 ] ] ], [ [ [ 104.421, 0.173 ], [ 104.497, 0.071 ], [ 104.411, 0.092 ], [ 104.421, 0.173 ] ] ], [ [ [ 104.689, 0.071 ], [ 104.606, 0.092 ], [ 104.49, 0.243 ], [ 104.548, 0.224 ], [ 104.689, 0.071 ] ] ], [ [ [ 104.284, 0.708 ], [ 104.206, 0.726 ], [ 104.277, 0.788 ], [ 104.284, 0.708 ] ] ], [ [ [ 103.821, 0.769 ], [ 103.73, 0.848 ], [ 103.802, 0.853 ], [ 103.821, 0.769 ] ] ], [ [ [ 103.911, 0.781 ], [ 103.819, 0.886 ], [ 103.898, 0.853 ], [ 103.911, 0.781 ] ] ], [ [ [ 104.092, 0.88 ], [ 104.113, 0.953 ], [ 104.226, 0.88 ], [ 104.188, 0.799 ], [ 104.092, 0.88 ] ] ], [ [ [ 103.845, 1.013 ], [ 103.942, 0.996 ], [ 103.911, 0.938 ], [ 103.845, 1.013 ] ] ], [ [ [ 104.483, 0.859 ], [ 104.421, 0.957 ], [ 104.452, 1.058 ], [ 104.315, 1.004 ], [ 104.232, 1.093 ], [ 104.4, 1.203 ], [ 104.508, 1.18 ], [ 104.587, 1.22 ], [ 104.655, 1.096 ], [ 104.65, 0.918 ], [ 104.6, 0.835 ], [ 104.483, 0.859 ] ] ], [ [ [ 103.951, 1.014 ], [ 103.903, 1.091 ], [ 104.041, 1.181 ], [ 104.146, 1.16 ], [ 104.131, 1.049 ], [ 104.049, 0.984 ], [ 103.951, 1.014 ] ] ], [ [ [ 103.954, 1.318 ], [ 103.844, 1.269 ], [ 103.648, 1.308 ], [ 103.684, 1.41 ], [ 103.805, 1.449 ], [ 103.961, 1.391 ], [ 103.954, 1.318 ] ] ], [ [ [ 104.223, 2.786 ], [ 104.157, 2.713 ], [ 104.132, 2.791 ], [ 104.186, 2.885 ], [ 104.223, 2.786 ] ] ] ] } },
{ "type": "Feature", "properties": { "id": "cholan_ceylon1017", "colorId": "chola", "name": null, "parent": "chola1000" }, "geometry": { "type": "MultiPolygon", "coordinates": [ [ [ [ 80.41, 9.617 ], [ 80.744, 9.36 ], [ 80.824, 9.27 ], [ 80.958, 9.018 ], [ 80.875, 9.041 ], [ 80.931, 8.932 ], [ 80.979, 8.98 ], [ 81.232, 8.651 ], [ 81.213, 8.472 ], [ 81.366, 8.482 ], [ 81.448, 8.128 ], [ 81.576, 7.889 ], [ 81.697, 7.753 ], [ 81.636, 7.733 ], [ 81.755, 7.615 ], [ 81.758, 7.505 ], [ 81.826, 7.474 ], [ 81.881, 7.327 ], [ 81.876, 7.092 ], [ 81.89, 7.02 ], [ 81.776, 6.61 ], [ 81.681, 6.462 ], [ 81.362, 6.225 ], [ 81.113, 6.12 ], [ 80.809, 6.035 ], [ 80.714, 5.958 ], [ 80.591, 5.924 ], [ 80.379, 5.965 ], [ 80.185, 6.041 ], [ 80.032, 6.266 ], [ 79.97, 6.535 ], [ 79.863, 6.807 ], [ 79.862, 7.012 ], [ 79.814, 7.181 ], [ 79.834, 7.233 ], [ 79.785, 7.59 ], [ 79.802, 7.659 ], [ 79.697, 8.098 ], [ 79.697, 8.219 ], [ 79.744, 8.281 ], [ 79.732, 8.013 ], [ 79.834, 8.003 ], [ 79.793, 8.073 ], [ 79.874, 8.538 ], [ 79.917, 8.576 ], [ 79.951, 8.74 ], [ 79.916, 8.939 ], [ 80.048, 9.026 ], [ 80.116, 9.234 ], [ 80.053, 9.392 ], [ 80.197, 9.473 ], [ 80.085, 9.595 ], [ 80.272, 9.504 ], [ 80.287, 9.453 ], [ 80.427, 9.5 ], [ 80.615, 9.446 ], [ 80.465, 9.529 ], [ 80.369, 9.53 ], [ 80.174, 9.649 ], [ 80.186, 9.584 ], [ 79.947, 9.693 ], [ 79.91, 9.768 ], [ 79.988, 9.823 ], [ 80.122, 9.819 ], [ 80.339, 9.629 ], [ 80.444, 9.576 ], [ 80.248, 9.755 ], [ 80.137, 9.814 ], [ 80.227, 9.83 ], [ 80.41, 9.617 ] ] ], [ [ [ 79.886, 8.976 ], [ 79.714, 9.076 ], [ 79.842, 9.077 ], [ 79.886, 8.976 ] ] ], [ [ [ 79.896, 9.617 ], [ 79.841, 9.699 ], [ 79.973, 9.634 ], [ 79.896, 9.617 ] ] ] ] } },
{ "type": "Feature", "properties": { "id": "byz_bulgaria1018", "colorId": "byzantium", "name": null, "parent": "byzantium961" }, "geometry": { "type": "MultiPolygon", "coordinates": [ [ [ [ 27.885, 43.009 ], [ 27.761128800251669, 43.090701651937145 ], [ 27.536817390382271, 43.08571695394005 ], [ 27.327460074504167, 43.030885275971976 ], [ 27.242720208553507, 42.936176014027119 ], [ 26.948623026724739, 42.841466752082262 ], [ 26.594709468930802, 42.786635074114187 ], [ 26.455137925012064, 42.711864604157718 ], [ 26.225841817145568, 42.662017624186738 ], [ 25.876912957348726, 42.542384872256399 ], [ 25.809619534387906, 42.375397489353624 ], [ 25.585308124518505, 42.240810643431985 ], [ 25.027021948843565, 42.14111668349004 ], [ 24.787756444982875, 42.17600956946972 ], [ 24.583383827101869, 42.121177891501645 ], [ 24.329164229249884, 42.203425408453761 ], [ 24.179623289336952, 42.163547824476979 ], [ 23.885526107508184, 42.213394804447958 ], [ 23.586444227682321, 42.32804285838121 ], [ 23.416964495780999, 42.447675610311549 ], [ 23.003234562021888, 42.517461382270916 ], [ 22.689198588204729, 42.617155342212875 ], [ 22.594489326259872, 42.766696282125807 ], [ 22.594489326259875, 42.941160712024228 ], [ 22.330300332413696, 43.255196685841383 ], [ 21.996325566608146, 43.369844739774635 ], [ 21.886662210671997, 43.529355075681764 ], [ 21.739613619757616, 43.653972525609198 ], [ 21.882896415733558, 43.698830704496466 ], [ 22.138476017690621, 43.807049094514326 ], [ 22.093191752995924, 44.00664313137333 ], [ 22.116602087793417, 44.184086570374419 ], [ 22.093400953355786, 44.50039872455131 ], [ 22.337065818727471, 44.673671517704506 ], [ 22.765, 44.583 ], [ 22.621, 44.569 ], [ 22.484, 44.5 ], [ 22.557252021528779, 44.358134324866022 ], [ 22.685902393003232, 44.238673265639747 ], [ 22.943203135952139, 44.061779004862373 ], [ 22.814552764477686, 43.944615273698133 ], [ 22.950095120138272, 43.825154214471858 ], [ 23.058069539054326, 43.806775589975516 ], [ 23.378158038168962, 43.857209277799477 ], [ 24.201689201472611, 43.681349765468639 ], [ 24.706, 43.744 ], [ 25.511166197847572, 43.622767899841321 ], [ 25.781, 43.732 ], [ 26.155566719747881, 43.963921117317952 ], [ 26.706925455063654, 44.087976832763999 ], [ 27.975050546289932, 44.298182350603156 ], [ 28.140458166884663, 44.508387868442277 ], [ 27.857886815035329, 44.83920310963174 ], [ 28.001762652060826, 45.380057756011368 ], [ 28.166167186516656, 45.432476593084246 ], [ 28.33, 45.323 ], [ 28.577, 45.248 ], [ 28.883352184650068, 45.170382407719863 ], [ 29.350356369481126, 44.998829850026823 ], [ 29.618, 44.861 ], [ 29.562, 44.82 ], [ 29.156, 44.784 ], [ 29.001, 44.689 ], [ 28.975, 44.745 ], [ 29.098, 44.775 ], [ 29.052, 44.945 ], [ 28.973, 45.011 ], [ 28.864, 44.892 ], [ 28.946, 44.765 ], [ 28.789, 44.706 ], [ 28.784, 44.649 ], [ 28.924, 44.682 ], [ 28.733, 44.568 ], [ 28.746, 44.486 ], [ 28.91, 44.584 ], [ 28.844, 44.494 ], [ 28.641, 44.329 ], [ 28.631, 44.154 ], [ 28.671, 44.003 ], [ 28.578, 43.741 ], [ 28.604, 43.538 ], [ 28.473, 43.367 ], [ 28.322, 43.428 ], [ 28.157, 43.408 ], [ 28.031, 43.249 ], [ 27.904, 43.202 ], [ 27.944, 43.157 ], [ 27.885, 43.009 ] ] ] ] } },
{ "type": "Feature", "properties": { "id": "pagan1057", "colorId": "pagan", "name": "Паганское царство", "parent": null }, "geometry": { "type": "MultiPolygon", "coordinates": [ [ [ [ 98.302, 12.913 ], [ 98.245, 13.119 ], [ 98.296, 13.085 ], [ 98.302, 12.913 ] ] ], [ [ [ 94.871798165235319, 18.714181373171783 ], [ 94.672635731139493, 19.106973951527419 ], [ 94.506667036059639, 19.311668675459227 ], [ 94.434747268191714, 19.721058123322848 ], [ 94.213455674751913, 20.113850701678484 ], [ 94.047486979672072, 20.550901598722078 ], [ 93.848324545576261, 21.635230406577065 ], [ 93.80406622688831, 22.382089534436371 ], [ 93.715549589512392, 22.736156083940042 ], [ 93.936841182952179, 23.637919327207204 ], [ 94.152600486555983, 24.008582746218856 ], [ 94.932653353431263, 24.390310744902507 ], [ 95.126283497691077, 24.423504483918475 ], [ 96.055708190138219, 24.429036773754468 ], [ 96.33785497177395, 24.395843034738501 ], [ 96.813631897669509, 24.246471209166639 ], [ 97.029391201273313, 24.119228542938757 ], [ 97.223021345533127, 23.743032834091107 ], [ 97.08471409963326, 23.283852777703533 ], [ 96.89661624520943, 22.808075851807978 ], [ 96.924277694389403, 21.513520030185173 ], [ 96.97960059274935, 21.015613944945635 ], [ 97.366860881269005, 19.70999354365086 ], [ 97.364094736350992, 19.28677337119726 ], [ 97.528482304608019, 18.932454075370153 ], [ 97.644787572485853, 18.455977655354431 ], [ 97.798610668711405, 18.17834572558149 ], [ 97.914915936589253, 17.731883568243926 ], [ 98.151210493841305, 17.300753445846091 ], [ 98.243728820274228, 16.968743929915409 ], [ 98.332245457650146, 16.752984626311608 ], [ 98.653118268137845, 16.338062888611994 ], [ 98.896539020921622, 15.873350542388426 ], [ 99.018249397313525, 15.408638196164855 ], [ 99.123362904197421, 14.772424865025446 ], [ 99.25613786026129, 14.556665561421649 ], [ 99.366783656981198, 13.809806433562343 ], [ 99.361251367145201, 13.428078434878698 ], [ 99.234008700917315, 13.173593102422934 ], [ 98.634, 12.879 ], [ 98.59, 12.92 ], [ 98.578, 13.187 ], [ 98.48, 13.284 ], [ 98.432, 13.479 ], [ 98.348153954635464, 13.58436802488003 ], [ 98.245, 13.714 ], [ 98.234, 14.003 ], [ 98.186, 14.065 ], [ 98.199, 13.869 ], [ 98.171, 13.538 ], [ 98.13, 13.582 ], [ 98.16, 13.69 ], [ 98.103, 13.701 ], [ 98.111, 13.902 ], [ 98.062, 14.01 ], [ 98.109, 14.133 ], [ 97.994, 14.331 ], [ 97.976, 14.444 ], [ 97.886, 14.656 ], [ 97.943, 14.72 ], [ 98.028, 14.648 ], [ 97.95, 14.799 ], [ 97.843, 14.736 ], [ 97.795, 14.88 ], [ 97.807, 15.175 ], [ 97.726, 15.34 ], [ 97.795, 15.408 ], [ 97.761, 15.491 ], [ 97.712, 15.888 ], [ 97.582, 16.009 ], [ 97.37, 16.484 ], [ 97.33, 16.68 ], [ 97.255, 16.698 ], [ 97.199, 16.997 ], [ 97.131, 17.079 ], [ 97.069, 17.251 ], [ 96.905, 17.375 ], [ 96.772828859472469, 17.69373326126534 ], [ 96.469666520805731, 17.837735372132034 ], [ 95.977027720472307, 17.905946898332047 ], [ 95.332807750805529, 18.186372061598767 ], [ 95.067540704472137, 18.3682694647988 ], [ 94.871798165235319, 18.714181373171783 ] ] ] ] } },
{ "type": "Feature", "properties": { "id": "makuria700", "colorId": "makuria", "name": "Мукурра", "parent": null }, "geometry": { "type": "MultiPolygon", "coordinates": [ [ [ [ 33.09029031481618, 17.800942085906801 ], [ 33.055519579742317, 17.854112555588848 ], [ 33.040800079147729, 18.094531065300401 ], [ 32.952483075580218, 18.266258572237227 ], [ 32.829820570625344, 18.541022583336147 ], [ 32.638467062895742, 18.477238080759612 ], [ 32.37351605219321, 18.2809780728318 ], [ 32.152723543274433, 18.00621406173288 ], [ 31.799455529004398, 17.711824049841191 ], [ 31.519785017707282, 17.633320046670061 ], [ 31.264647007401145, 17.481218540526026 ], [ 30.960443995113057, 17.412527537751298 ], [ 30.715118985203308, 17.466499039931442 ], [ 30.406009472717024, 17.746169551228558 ], [ 30.042928458050593, 18.63424608710185 ], [ 30.008582956663229, 18.958075100182707 ], [ 29.910452952699327, 19.551761624164303 ], [ 29.905546452501124, 19.944281640019916 ], [ 30.003676456465033, 20.307362654686347 ], [ 30.008582956663226, 20.744041172325698 ], [ 30.126338961419904, 21.067870185406566 ], [ 30.666053983221353, 21.656650209189966 ], [ 30.891752992338322, 22.108048227423904 ], [ 31.971183035941223, 22.932340260720665 ], [ 32.196882045058189, 23.167852270234022 ], [ 32.37351605219321, 23.506400783909498 ], [ 32.442207054967938, 23.727193292828272 ], [ 32.54033705893184, 23.79097779540481 ], [ 32.805288069634372, 23.707567292035495 ], [ 33.084958580931477, 23.717380292431884 ], [ 33.266499088264695, 23.810603796197586 ], [ 33.325377090643052, 23.5849047870806 ], [ 33.320470590444856, 23.202197771621389 ], [ 33.183088584895401, 22.839116756954962 ], [ 33.040800079147743, 22.559446245657846 ], [ 32.800381569436183, 22.289588734757121 ], [ 31.82398802999538, 21.587959206415238 ], [ 31.367683511563243, 21.033524684019199 ], [ 31.029134997887788, 20.351521156470092 ], [ 30.916285493329301, 19.689143629713765 ], [ 31.063480499275151, 18.962981600380907 ], [ 31.284273008193928, 18.884477597209788 ], [ 31.578663020085628, 18.987514101371882 ], [ 31.671886523851331, 19.169054608705096 ], [ 31.838707530589961, 19.252465112074411 ], [ 31.956463535346643, 19.492883621785968 ], [ 32.432394054571553, 19.77255413308308 ], [ 32.82000757022896, 19.95900114061449 ], [ 33.359722592030408, 19.963907640812685 ], [ 33.762055608282402, 19.846151636056007 ], [ 33.909250614228249, 19.689143629713765 ], [ 34.223266626912732, 19.075831104939393 ], [ 34.404807134245942, 18.545929083534332 ], [ 34.458778636426089, 18.330043074813752 ], [ 34.36248488028621, 17.933250320715686 ], [ 33.748438970019343, 17.984138103334484 ], [ 33.09029031481618, 17.800942085906801 ] ] ] ] } },
{ "type": "Feature", "properties": { "id": "croatia845", "colorId": "croatia", "name": "Хорватия", "parent": null }, "geometry": { "type": "MultiPolygon", "coordinates": [ [ [ [ 15.145, 43.95 ], [ 15.136, 43.903 ], [ 15.003, 44.052 ], [ 15.145, 43.95 ] ] ], [ [ [ 14.904, 44.61 ], [ 15.254, 44.34 ], [ 15.097, 44.34 ], [ 15.117, 44.387 ], [ 14.897, 44.491 ], [ 14.877, 44.56 ], [ 14.904, 44.61 ] ] ], [ [ [ 19.372178506788813, 44.993533689973738 ], [ 19.369024127583835, 44.804270937675028 ], [ 19.186070133695097, 44.615008185376333 ], [ 19.110365032775618, 44.444671708307503 ], [ 19.26650680342204, 44.305879023288462 ], [ 19.386373213211215, 44.261717714418765 ], [ 19.54093779425515, 44.059837445300161 ], [ 19.468387072540647, 43.987286723585655 ], [ 19.26650680342204, 43.990441102790626 ], [ 19.373755696391299, 43.794869592081973 ], [ 18.995230191793908, 43.700238215932629 ], [ 18.839088421147483, 43.55513677250363 ], [ 18.840665610749973, 43.335907417757639 ], [ 18.928988228489366, 43.104060546191732 ], [ 18.881672540414691, 43.077248322949416 ], [ 18.085191791157676, 43.533056118068778 ], [ 17.83599583396439, 43.605606839783277 ], [ 17.69404876974037, 43.510975463633933 ], [ 17.473242225391889, 43.469968533969215 ], [ 17.328140781962887, 43.514129842838912 ], [ 16.725654353812036, 43.482586050789138 ], [ 16.626, 43.449 ], [ 16.337, 43.551 ], [ 15.973, 43.503 ], [ 15.931, 43.676 ], [ 15.70053374871816, 43.797924079244623 ], [ 15.466, 43.922 ], [ 15.301057845363708, 44.062270999569584 ], [ 15.351922210043986, 44.15446882144947 ], [ 15.224169852242365, 44.20651607833161 ], [ 15.145, 44.195 ], [ 15.11, 44.264 ], [ 15.309, 44.309 ], [ 15.525, 44.261 ], [ 15.308, 44.354 ], [ 14.901, 44.69 ], [ 14.884, 44.861 ], [ 14.922, 44.959 ], [ 14.827, 45.114 ], [ 14.658, 45.197 ], [ 14.582, 45.285 ], [ 14.33, 45.354 ], [ 14.266914943055818, 45.390765456534169 ], [ 14.266914943055818, 45.649296000075644 ], [ 14.494108451016507, 45.692384423999222 ], [ 14.689964923396412, 45.547450634438093 ], [ 14.783976030138765, 45.496527951619314 ], [ 14.905407043014305, 45.664964517866032 ], [ 15.269700081640927, 45.813815436874762 ], [ 15.457722295125635, 45.919577931959907 ], [ 15.622241731924754, 45.95091496754069 ], [ 15.698, 46.036 ], [ 15.59, 46.114 ], [ 15.602656084686762, 46.260368193900938 ], [ 15.743672744800293, 46.401384854014466 ], [ 16.256226723645344, 46.307921881205807 ], [ 16.744280653751012, 46.301933489425373 ], [ 16.983816324968519, 46.122281736012241 ], [ 17.184427449613178, 46.068386209988304 ], [ 17.374558888642067, 45.969577745611069 ], [ 17.696434946840593, 45.882746064794723 ], [ 17.888063483814598, 45.816873755209912 ], [ 18.211, 45.785 ], [ 18.412, 45.743 ], [ 18.777339663209588, 45.619256826455477 ], [ 19.018, 45.567 ], [ 19.059894965495964, 45.509274689987691 ], [ 19.11351941198059, 45.231689319949602 ], [ 19.204996408924963, 45.064507222085759 ], [ 19.372178506788813, 44.993533689973738 ] ] ], [ [ [ 14.563, 45.25 ], [ 14.665, 45.162 ], [ 14.665, 45.087 ], [ 14.815, 44.977 ], [ 14.723, 44.943 ], [ 14.626, 45.037 ], [ 14.425, 45.087 ], [ 14.53, 45.135 ], [ 14.563, 45.25 ] ] ] ] } },
{ "type": "Feature", "properties": { "id": "byz_italy1046", "colorId": "byzantium", "name": null, "parent": "byzantium961" }, "geometry": { "type": "MultiPolygon", "coordinates": [ [ [ [ 16.912, 40.445 ], [ 16.886970957197015, 40.411340196233979 ], [ 16.739955871454988, 40.533007852070511 ], [ 16.521005296982739, 40.617219611482916 ], [ 16.329002485522459, 40.613851141106423 ], [ 15.961839214484375, 40.748589956166263 ], [ 15.894469806954451, 40.802485482190207 ], [ 16.023379358376356, 40.849241344986595 ], [ 16.215382169752512, 40.970506278487356 ], [ 16.346752514378302, 41.137245562050857 ], [ 16.501822880835665, 41.242613888336095 ], [ 16.594, 41.207 ], [ 17.057, 41.082 ], [ 17.276, 40.98 ], [ 17.476, 40.83 ], [ 18.007, 40.651 ], [ 18.037, 40.557 ], [ 18.238, 40.458 ], [ 18.437, 40.268 ], [ 18.517, 40.114 ], [ 18.434, 40.023 ], [ 18.368, 39.797 ], [ 18.072, 39.912 ], [ 17.967, 40.057 ], [ 17.997, 40.12 ], [ 17.848, 40.29 ], [ 17.512, 40.304 ], [ 17.213, 40.406 ], [ 17.228, 40.474 ], [ 17.05, 40.519 ], [ 16.912, 40.445 ] ] ] ] } },
{ "type": "Feature", "properties": { "id": "seville_emirate1055", "colorId": "seville", "name": "Севилья", "parent": null }, "geometry": { "type": "MultiPolygon", "coordinates": [ [ [ [ -5.960001431479893, 36.28259612091491 ], [ -5.8701271903736, 36.356610201825973 ], [ -5.642798227575328, 36.414764122541811 ], [ -5.56085406656665, 36.494064923517954 ], [ -5.330881743735841, 36.568079004429016 ], [ -5.1024555157398, 36.580609121429347 ], [ -5.054179835840984, 36.455896932772148 ], [ -5.187, 36.411 ], [ -5.339, 36.141 ], [ -5.342, 36.111 ], [ -5.358, 36.141 ], [ -5.425, 36.18 ], [ -5.446, 36.057 ], [ -5.612, 36.006 ], [ -5.796, 36.086 ], [ -5.917, 36.184 ], [ -6.037, 36.19 ], [ -6.159, 36.304 ], [ -5.960001431479893, 36.28259612091491 ] ] ], [ [ [ -5.410291462874969, 38.347068684647333 ], [ -5.53169332300643, 38.139336612866828 ], [ -5.591045343515145, 37.993654380709074 ], [ -5.542484599462561, 37.847972148551314 ], [ -5.693562469848382, 37.553909865121788 ], [ -5.693562469848382, 37.375853803595646 ], [ -5.558671514146758, 37.189704284727405 ], [ -5.618023534655473, 37.100676253964338 ], [ -5.723238480102738, 37.006252584973197 ], [ -6.122515708979544, 36.95769184092061 ], [ -6.388, 36.808 ], [ -6.5, 36.96 ], [ -6.893, 37.167 ], [ -7.086, 37.206 ], [ -7.414, 37.193 ], [ -7.512, 37.172 ], [ -7.82, 36.999 ], [ -7.958, 37.003 ], [ -8.179, 37.088 ], [ -8.364403392740529, 37.367760346253547 ], [ -8.364403392740529, 37.540420769551623 ], [ -8.422689502731803, 37.683568298280839 ], [ -8.183153831853765, 37.800674626265653 ], [ -8.09266257841095, 37.917780954250475 ], [ -7.83715786280771, 38.002949192784889 ], [ -7.666821385738883, 37.971011103334483 ], [ -7.427285714860846, 38.109409490952906 ], [ -7.091935775631592, 38.178608684762118 ], [ -6.926922313471166, 38.269099938204931 ], [ -6.527696195341102, 38.269099938204931 ], [ -6.037978823768224, 38.237161848754525 ], [ -5.782474108164984, 38.279745968021729 ], [ -5.617460646004558, 38.407498325823354 ], [ -5.489708288202938, 38.412821340731753 ], [ -5.410291462874969, 38.347068684647333 ] ] ] ] } },
{ "type": "Feature", "properties": { "id": "gallura", "colorId": "gallura", "name": "Галлура", "parent": null }, "geometry": { "type": "MultiPolygon", "coordinates": [ [ [ [ 9.655, 40.145 ], [ 9.499939853681232, 40.134786379042914 ], [ 9.416025830215851, 40.21256035201084 ], [ 9.469239601193898, 40.460209055408669 ], [ 9.256384517281711, 40.511376142887563 ], [ 9.250244466784245, 40.572776647862234 ], [ 9.424212564212475, 40.718091176302281 ], [ 9.342345224246248, 40.814285300762599 ], [ 9.223637581295222, 40.810191933764287 ], [ 9.08855647035095, 40.728324593798057 ], [ 9.027155965376281, 40.814285300762599 ], [ 8.924821790418498, 40.851125603747398 ], [ 8.887981487433699, 40.91047942522291 ], [ 8.764, 40.914 ], [ 9.006, 41.122 ], [ 9.093, 41.135 ], [ 9.231, 41.263 ], [ 9.443, 41.133 ], [ 9.566, 41.119 ], [ 9.521, 41.032 ], [ 9.616, 41.02 ], [ 9.557, 40.931 ], [ 9.724, 40.845 ], [ 9.658, 40.8 ], [ 9.792, 40.557 ], [ 9.827, 40.52 ], [ 9.749, 40.377 ], [ 9.626, 40.263 ], [ 9.655, 40.145 ] ] ] ] } },
{ "type": "Feature", "properties": { "id": "pecheneg", "colorId": "pecheneg", "name": "Печенеги", "parent": null }, "geometry": { "type": "MultiPolygon", "coordinates": [ [ [ [ 31.065837803212268, 47.544537154742954 ], [ 31.576312432684951, 47.482610649030747 ], [ 31.79643159327707, 47.228750015654867 ], [ 31.89423591448098, 47.049001533442279 ], [ 31.984110155587274, 46.985560892661368 ], [ 31.949746475164279, 46.863966331164619 ], [ 31.878375754285752, 46.8348893708067 ], [ 31.970893355424582, 46.626063928236192 ], [ 31.637829991324786, 46.686861208984567 ], [ 31.338, 46.601 ], [ 31.187, 46.629 ], [ 30.991, 46.601 ], [ 30.755, 46.516 ], [ 30.798, 46.446 ], [ 30.494, 46.08 ], [ 30.252112862217707, 46.112647917093973 ], [ 29.380334121665683, 46.865301612353178 ], [ 29.239549977228709, 47.103551702938823 ], [ 29.044618084931361, 47.211847198659576 ], [ 28.724229680182066, 47.313287181266915 ], [ 29.60718412436335, 47.487937510885168 ], [ 30.561292406537255, 47.576879808375971 ], [ 31.065837803212268, 47.544537154742954 ] ] ] ] } },
{ "type": "Feature", "properties": { "id": "alpuent_emirate", "colorId": "alpuent", "name": "Альпуэнте", "parent": null }, "geometry": { "type": "MultiPolygon", "coordinates": [ [ [ [ -0.180848914555601, 40.344178266230863 ], [ -0.260429028455617, 40.173649450730828 ], [ -0.415799727022313, 40.135754158397482 ], [ -0.677277244122363, 39.851539465897432 ], [ -1.037282521289098, 39.79469652739742 ], [ -1.173705573689124, 40.010699693697461 ], [ -1.16991604445579, 40.302493444664194 ], [ -0.180848914555601, 40.344178266230863 ] ] ] ] } },
{ "type": "Feature", "properties": { "id": "georgia1008", "colorId": "georgia", "name": "Грузия", "parent": null }, "geometry": { "type": "MultiPolygon", "coordinates": [ [ [ [ 43.508823171783519, 41.294150576284586 ], [ 43.212397778651855, 41.231272462589992 ], [ 42.853094271825597, 41.231272462589992 ], [ 42.529721115681959, 41.267202813272618 ], [ 42.264734779397592, 41.235763756425321 ], [ 42.143469845843732, 41.181868230401385 ], [ 41.882974803394696, 41.527697855721655 ], [ 41.766398749229566, 41.57448414427266 ], [ 41.676, 41.662 ], [ 41.774, 41.822 ], [ 41.756, 42.006 ], [ 41.664, 42.114 ], [ 41.555, 42.39 ], [ 41.5, 42.641 ], [ 41.383, 42.757 ], [ 41.15, 42.796 ], [ 41.023, 42.99 ], [ 40.934, 42.983 ], [ 40.856, 43.063 ], [ 40.58, 43.089 ], [ 40.398, 43.162 ], [ 40.335, 43.141 ], [ 40.363664024679125, 43.211766940094002 ], [ 40.458927141956991, 43.249429102738738 ], [ 40.800102027091683, 43.247213681406691 ], [ 41.367249888094804, 43.176320198781291 ], [ 42.040737973036009, 42.910469638936078 ], [ 42.381508419116138, 42.625819198459403 ], [ 42.965376617708806, 42.324902511492411 ], [ 43.742370451220594, 42.221602753279861 ], [ 43.984900318328314, 42.257533103962487 ], [ 44.492416521720408, 42.248550516291829 ], [ 44.591224986097629, 42.163215933420595 ], [ 44.595716279932958, 41.920686066312868 ], [ 44.555294635414995, 41.73654301906442 ], [ 44.339712531319243, 41.756753841323395 ], [ 43.625596811502049, 41.478293623533048 ], [ 43.508823171783519, 41.294150576284586 ] ] ] ] } },
{ "type": "Feature", "properties": { "id": "fatimid_sicily1048", "colorId": "fatimid", "name": null, "parent": "fatimid972" }, "geometry": { "type": "MultiPolygon", "coordinates": [ [ [ [ 14.548, 35.89 ], [ 14.528, 35.801 ], [ 14.343, 35.881 ], [ 14.322, 35.973 ], [ 14.428, 35.966 ], [ 14.548, 35.89 ] ] ], [ [ [ 13.894, 37.101 ], [ 13.683, 37.189 ], [ 13.569, 37.274 ], [ 13.453, 37.299 ], [ 13.174, 37.487 ], [ 13.026, 37.493 ], [ 12.943, 37.569 ], [ 12.659, 37.565 ], [ 12.489, 37.683 ], [ 12.427, 37.809 ], [ 12.504, 38.011 ], [ 12.725, 38.126 ], [ 12.761, 38.181 ], [ 12.901, 38.028 ], [ 13.027, 38.062 ], [ 13.101, 38.19 ], [ 13.318, 38.221 ], [ 13.391, 38.103 ], [ 13.514, 38.111 ], [ 13.547, 38.056 ], [ 13.791, 37.974 ], [ 14.021, 38.049 ], [ 14.273, 38.015 ], [ 14.635, 38.081 ], [ 14.734, 38.158 ], [ 14.907, 38.188 ], [ 15.088, 38.128 ], [ 15.241, 38.241 ], [ 15.292, 38.207 ], [ 15.529, 38.303 ], [ 15.584, 38.24 ], [ 15.5, 38.085 ], [ 15.207, 37.748 ], [ 15.164, 37.568 ], [ 15.097, 37.494 ], [ 15.111, 37.322 ], [ 15.252, 37.258 ], [ 15.183, 37.207 ], [ 15.303, 37.101 ], [ 15.332, 37.012 ], [ 15.175, 36.944 ], [ 15.094, 36.8 ], [ 15.135, 36.688 ], [ 15.074, 36.659 ], [ 14.882, 36.731 ], [ 14.781, 36.699 ], [ 14.487, 36.793 ], [ 14.395, 36.945 ], [ 14.279, 37.044 ], [ 14.089, 37.118 ], [ 13.894, 37.101 ] ] ] ] } },
{ "type": "Feature", "properties": { "id": "denia_emirate", "colorId": "denia", "name": "Дения", "parent": null }, "geometry": { "type": "MultiPolygon", "coordinates": [ [ [ [ 0.228, 38.735 ], [ -0.015, 38.624 ], [ -0.09, 38.535 ], [ -0.345, 38.462 ], [ -0.414, 38.365 ], [ -0.51, 38.338 ], [ -0.504, 38.207 ], [ -0.609, 38.178 ], [ -0.655, 37.989 ], [ -0.792016384235829, 38.049231933124773 ], [ -0.838911807847653, 38.13875956002007 ], [ -1.0222302819666, 38.204839475109438 ], [ -1.567922483995096, 38.336999305288238 ], [ -1.734188076800653, 38.277314220691366 ], [ -2.007034177814901, 38.217629136094502 ], [ -2.066719262411767, 38.098258966900765 ], [ -2.299064770306712, 38.098258966900751 ], [ -2.441882651306358, 38.166470492154311 ], [ -2.490167259544802, 38.315739795066818 ], [ -2.49443047987315, 38.554480133454284 ], [ -2.410344163693049, 38.686956608514386 ], [ -1.947241866662176, 38.889231175033615 ], [ -1.707706195784138, 38.894554189942014 ], [ -1.537369718715311, 38.820031981224403 ], [ -1.372356256554885, 38.889231175033615 ], [ -1.276541988203669, 38.889231175033615 ], [ -0.794752650355719, 38.995105859163942 ], [ -0.620434305622352, 38.964789625297264 ], [ -0.400641610088977, 38.964789625297264 ], [ -0.21, 39.079 ], [ -0.121, 38.951 ], [ -0.01, 38.87 ], [ 0.111, 38.85 ], [ 0.228, 38.735 ] ] ], [ [ [ 1.526, 38.678 ], [ 1.383, 38.642 ], [ 1.431, 38.755 ], [ 1.526, 38.678 ] ] ], [ [ [ 1.212, 38.903 ], [ 1.357, 39.078 ], [ 1.537, 39.118 ], [ 1.606, 39.091 ], [ 1.623, 39.029 ], [ 1.415, 38.891 ], [ 1.403, 38.832 ], [ 1.212, 38.903 ] ] ], [ [ [ 2.57, 39.713 ], [ 2.704, 39.814 ], [ 2.933, 39.914 ], [ 3.179, 39.969 ], [ 3.095, 39.881 ], [ 3.163, 39.769 ], [ 3.355, 39.784 ], [ 3.474, 39.75 ], [ 3.406, 39.592 ], [ 3.221, 39.36 ], [ 3.061, 39.269 ], [ 2.959, 39.363 ], [ 2.762, 39.4 ], [ 2.755, 39.503 ], [ 2.655, 39.565 ], [ 2.493, 39.47 ], [ 2.392, 39.524 ], [ 2.358, 39.612 ], [ 2.57, 39.713 ] ] ], [ [ [ 4.015, 39.926 ], [ 3.831, 39.936 ], [ 3.822, 40.048 ], [ 4.105, 40.079 ], [ 4.303, 39.926 ], [ 4.248, 39.816 ], [ 4.015, 39.926 ] ] ] ] } },
{ "type": "Feature", "properties": { "id": "cholan_kalinga", "colorId": "chola", "name": null, "parent": "chola1000" }, "geometry": { "type": "MultiPolygon", "coordinates": [ [ [ [ 81.811767446269613, 18.506587281815456 ], [ 82.077034492602991, 18.589956924948805 ], [ 82.334722480469708, 18.915856439015535 ], [ 82.478724591336402, 19.234176894615594 ], [ 83.031995859403182, 19.65102511028234 ], [ 83.175997970269876, 19.954187448949064 ], [ 83.441265016603268, 20.227033553749113 ], [ 83.842955115336679, 20.749988587949215 ], [ 83.971799109270037, 21.197153037482632 ], [ 84.115801220136731, 21.43968290841601 ], [ 84.471847900163766, 21.732906482048861 ], [ 84.923043627345166, 22.093869430256369 ], [ 85.569789939632429, 22.812476443908889 ], [ 85.641650640997682, 23.099919249369893 ], [ 86.324327303967578, 23.674804860291907 ], [ 86.503979057380704, 23.890386964387663 ], [ 86.971073616254841, 24.141899419166045 ], [ 87.581889577859485, 24.734750205429371 ], [ 88.156775188781495, 24.96829748486644 ], [ 88.623869747655633, 25.094053712255629 ], [ 88.929277728457947, 25.040158186231693 ], [ 89.216720533918959, 25.201844764303509 ], [ 89.656867329781122, 25.282688053339413 ], [ 89.980240485924753, 25.219809939644819 ], [ 90.429369869457574, 25.049140773902344 ], [ 90.626986798212016, 24.689837267076086 ], [ 90.743760437930561, 24.65390691639346 ], [ 90.986290305038281, 24.438324812297704 ], [ 91.131326022606416, 24.154732073345983 ], [ 91.187245494882163, 23.847174975829372 ], [ 91.387623603870267, 23.465058581945097 ], [ 91.508782460467714, 22.989743067601243 ], [ 91.456, 22.785 ], [ 91.182, 22.726 ], [ 91.253, 22.661 ], [ 91.242, 22.575 ], [ 91.127, 22.527 ], [ 91.04, 22.608 ], [ 90.955, 22.576 ], [ 90.774, 22.778 ], [ 90.717, 22.941 ], [ 90.627, 23.087 ], [ 90.667, 23.268 ], [ 90.599, 23.391 ], [ 90.612, 23.606 ], [ 90.498, 23.557 ], [ 90.577, 23.539 ], [ 90.552, 23.385 ], [ 90.259, 23.445 ], [ 90.428, 23.326 ], [ 90.607, 23.247 ], [ 90.566, 23.076 ], [ 90.454, 23.072 ], [ 90.54, 22.897 ], [ 90.476, 22.884 ], [ 90.406, 22.763 ], [ 90.49, 22.72 ], [ 90.513, 22.611 ], [ 90.607, 22.466 ], [ 90.613, 22.315 ], [ 90.558, 22.203 ], [ 90.439, 22.076 ], [ 90.387, 22.103 ], [ 90.309, 21.984 ], [ 90.273, 21.857 ], [ 90.185, 21.801 ], [ 90.093, 21.83 ], [ 90.126, 21.901 ], [ 90.024, 21.862 ], [ 90.086, 22.0 ], [ 89.996, 22.0 ], [ 90.035, 22.105 ], [ 89.934, 21.998 ], [ 89.88, 22.288 ], [ 89.839, 22.268 ], [ 89.874, 22.109 ], [ 89.836, 22.049 ], [ 89.887, 21.9 ], [ 89.814, 21.841 ], [ 89.661, 21.849 ], [ 89.701, 21.785 ], [ 89.537, 21.754 ], [ 89.568, 21.901 ], [ 89.467, 22.229 ], [ 89.522, 21.962 ], [ 89.466, 21.781 ], [ 89.37, 21.743 ], [ 89.383, 21.921 ], [ 89.296, 21.809 ], [ 89.229, 21.644 ], [ 89.174, 21.81 ], [ 89.105, 21.816 ], [ 89.06, 22.13 ], [ 89.061, 21.938 ], [ 89.01, 21.905 ], [ 89.085, 21.675 ], [ 89.0, 21.603 ], [ 88.882, 21.672 ], [ 88.762, 21.556 ], [ 88.685, 21.697 ], [ 88.731, 22.037 ], [ 88.69, 21.946 ], [ 88.626, 21.956 ], [ 88.639, 22.11 ], [ 88.567, 21.851 ], [ 88.624, 21.778 ], [ 88.572, 21.558 ], [ 88.494, 21.535 ], [ 88.53, 21.658 ], [ 88.531, 21.824 ], [ 88.458, 21.759 ], [ 88.456, 21.624 ], [ 88.393, 21.6 ], [ 88.356, 21.685 ], [ 88.306, 21.572 ], [ 88.249, 21.558 ], [ 88.181, 21.685 ], [ 88.204, 21.805 ], [ 88.147, 21.959 ], [ 88.222, 22.078 ], [ 88.198, 22.168 ], [ 88.009, 22.24 ], [ 87.94, 22.413 ], [ 87.948, 22.278 ], [ 88.008, 22.205 ], [ 88.161, 22.157 ], [ 88.141, 22.06 ], [ 88.051, 21.985 ], [ 87.97, 21.836 ], [ 87.890184786537034, 21.781989703130026 ], [ 87.704, 21.656 ], [ 87.621, 21.651 ], [ 87.342, 21.562 ], [ 87.201, 21.552 ], [ 87.064, 21.475 ], [ 86.918, 21.327 ], [ 86.837, 21.175 ], [ 86.844, 21.082 ], [ 86.952, 20.849 ], [ 86.995, 20.671 ], [ 86.774, 20.512 ], [ 86.717, 20.287 ], [ 86.495, 20.184 ], [ 86.397, 19.983 ], [ 86.275, 20.067 ], [ 86.168, 20.073 ], [ 86.372, 19.965 ], [ 86.269, 19.91 ], [ 85.744, 19.766 ], [ 85.45, 19.667 ], [ 85.427, 19.704 ], [ 85.563, 19.757 ], [ 85.57, 19.876 ], [ 85.464, 19.903 ], [ 85.221, 19.736 ], [ 85.103, 19.53 ], [ 85.203, 19.517 ], [ 85.261, 19.656 ], [ 85.391, 19.691 ], [ 85.337, 19.575 ], [ 85.18, 19.475 ], [ 84.872, 19.22 ], [ 84.796749797209515, 19.114577007730571 ], [ 84.665, 18.93 ], [ 84.424, 18.636 ], [ 84.144, 18.375 ], [ 84.077, 18.272 ], [ 83.775, 18.14 ], [ 83.614, 18.045 ], [ 83.466, 17.902 ], [ 83.418, 17.806 ], [ 83.239, 17.593 ], [ 83.088, 17.531 ], [ 82.897, 17.409 ], [ 82.719, 17.349 ], [ 82.475, 17.206 ], [ 82.370950785095275, 17.101950762637287 ], [ 82.299, 17.03 ], [ 82.217247074236354, 17.2522531055819 ], [ 82.080824021836335, 17.41141333338193 ], [ 81.948190498669632, 17.415202862615264 ], [ 81.482078402969549, 17.676680379715311 ], [ 81.247922960263566, 17.683016945295169 ], [ 81.334286762869525, 17.748681435148651 ], [ 81.379761113669531, 17.960895072215358 ], [ 81.523763224536225, 18.192056355448734 ], [ 81.637449101536248, 18.241320235482078 ], [ 81.671554864636263, 18.358795641715432 ], [ 81.811767446269613, 18.506587281815456 ] ] ], [ [ [ 88.163, 21.705 ], [ 88.13, 21.626 ], [ 88.051, 21.705 ], [ 88.147, 21.87 ], [ 88.163, 21.705 ] ] ], [ [ [ 89.116, 21.781 ], [ 89.052, 21.793 ], [ 89.072, 21.89 ], [ 89.116, 21.781 ] ] ], [ [ [ 88.636, 21.921 ], [ 88.646, 21.788 ], [ 88.586, 21.843 ], [ 88.636, 21.921 ] ] ], [ [ [ 90.402, 21.907 ], [ 90.435, 22.041 ], [ 90.486, 21.977 ], [ 90.402, 21.907 ] ] ], [ [ [ 91.187, 22.228 ], [ 91.063, 22.09 ], [ 91.005, 22.117 ], [ 91.059, 22.192 ], [ 91.075, 22.389 ], [ 91.149, 22.357 ], [ 91.187, 22.228 ] ] ], [ [ [ 90.579, 22.757 ], [ 90.651, 22.787 ], [ 90.791, 22.495 ], [ 90.855, 22.435 ], [ 90.836, 22.178 ], [ 90.692, 22.007 ], [ 90.608, 22.072 ], [ 90.688, 22.378 ], [ 90.647, 22.548 ], [ 90.559, 22.603 ], [ 90.579, 22.757 ] ] ], [ [ [ 90.487, 22.87 ], [ 90.645, 22.849 ], [ 90.521, 22.712 ], [ 90.456, 22.767 ], [ 90.487, 22.87 ] ] ], [ [ [ 90.524, 22.953 ], [ 90.586, 23.035 ], [ 90.667, 22.953 ], [ 90.524, 22.953 ] ] ] ] } },
{ "type": "Feature", "properties": { "id": "n_song979", "colorId": "china", "name": "Империя Сун", "parent": null }, "geometry": { "type": "MultiPolygon", "coordinates": [ [ [ [ 109.727, 18.304 ], [ 109.561, 18.169 ], [ 109.44, 18.289 ], [ 109.163, 18.288 ], [ 109.092, 18.369 ], [ 109.001, 18.367 ], [ 108.796, 18.487 ], [ 108.695, 18.505 ], [ 108.694, 18.72 ], [ 108.627, 18.836 ], [ 108.654, 18.921 ], [ 108.615, 19.102 ], [ 108.663, 19.156 ], [ 108.627, 19.275 ], [ 108.687, 19.378 ], [ 108.771, 19.394 ], [ 108.941, 19.514 ], [ 109.016, 19.601 ], [ 109.157, 19.65 ], [ 109.167, 19.805 ], [ 109.304, 19.922 ], [ 109.527, 19.951 ], [ 109.719, 20.011 ], [ 109.835, 19.931 ], [ 109.943, 19.991 ], [ 109.99, 19.906 ], [ 110.157, 20.067 ], [ 110.261, 20.033 ], [ 110.383, 20.081 ], [ 110.564, 19.985 ], [ 110.593, 20.107 ], [ 110.678, 20.164 ], [ 110.788, 20.01 ], [ 110.935, 19.995 ], [ 111.011, 19.684 ], [ 110.876, 19.54 ], [ 110.67, 19.382 ], [ 110.58, 19.155 ], [ 110.513, 18.906 ], [ 110.431, 18.821 ], [ 110.427, 18.681 ], [ 110.271, 18.668 ], [ 110.103, 18.539 ], [ 110.053, 18.39 ], [ 109.993, 18.443 ], [ 109.835, 18.382 ], [ 109.746, 18.396 ], [ 109.727, 18.304 ] ] ], [ [ [ 110.441, 21.006 ], [ 110.267, 20.973 ], [ 110.287, 21.074 ], [ 110.408, 21.048 ], [ 110.507, 21.082 ], [ 110.548, 21.037 ], [ 110.521, 20.972 ], [ 110.441, 21.006 ] ] ], [ [ [ 110.617, 21.191 ], [ 110.565, 21.113 ], [ 110.418, 21.178 ], [ 110.617, 21.191 ] ] ], [ [ [ 111.835, 21.644 ], [ 111.963, 21.658 ], [ 111.981, 21.612 ], [ 111.822, 21.562 ], [ 111.835, 21.644 ] ] ], [ [ [ 112.645, 21.713 ], [ 112.65, 21.64 ], [ 112.518, 21.617 ], [ 112.645, 21.713 ] ] ], [ [ [ 112.798, 21.706 ], [ 112.8, 21.579 ], [ 112.716, 21.68 ], [ 112.778, 21.773 ], [ 112.844, 21.774 ], [ 112.798, 21.706 ] ] ], [ [ [ 113.586, 22.132 ], [ 113.547, 22.105 ], [ 113.559, 22.163 ], [ 113.586, 22.132 ] ] ], [ [ [ 121.678, 30.001 ], [ 121.936, 29.887 ], [ 122.136, 29.885 ], [ 121.983, 29.823 ], [ 121.916, 29.641 ], [ 121.91, 29.525 ], [ 121.971, 29.449 ], [ 121.916, 29.391 ], [ 121.943, 29.196 ], [ 121.785, 29.168 ], [ 121.746, 29.202 ], [ 121.652, 29.183 ], [ 121.621, 29.113 ], [ 121.69, 29.017 ], [ 121.684, 28.915 ], [ 121.67, 28.825 ], [ 121.606, 28.725 ], [ 121.51, 28.657 ], [ 121.584, 28.443 ], [ 121.656, 28.339 ], [ 121.581, 28.301 ], [ 121.473, 28.331 ], [ 121.396, 28.284 ], [ 121.368, 28.162 ], [ 121.262, 28.226 ], [ 121.119, 28.219 ], [ 121.009, 28.103 ], [ 120.965, 27.987 ], [ 120.835, 27.956 ], [ 120.807, 27.835 ], [ 120.597, 27.57 ], [ 120.677, 27.495 ], [ 120.635, 27.38 ], [ 120.546, 27.403 ], [ 120.518, 27.202 ], [ 120.358, 27.098 ], [ 120.244, 27.133 ], [ 120.237, 26.927 ], [ 120.126, 26.927 ], [ 120.025, 26.86 ], [ 120.128, 26.797 ], [ 120.121, 26.646 ], [ 119.96, 26.611 ], [ 119.884, 26.523 ], [ 119.877, 26.313 ], [ 119.674, 26.281 ], [ 119.566, 26.05 ], [ 119.702, 25.985 ], [ 119.583, 25.82 ], [ 119.58, 25.68 ], [ 119.558, 25.564 ], [ 119.576, 25.463 ], [ 119.289, 25.189 ], [ 119.102, 25.197 ], [ 119.134, 25.125 ], [ 118.947, 25.113 ], [ 118.858, 25.098 ], [ 118.997, 24.953 ], [ 118.716, 24.844 ], [ 118.764, 24.752 ], [ 118.647, 24.568 ], [ 118.428, 24.631 ], [ 118.284, 24.598 ], [ 118.219, 24.541 ], [ 118.047, 24.399 ], [ 118.126, 24.262 ], [ 117.968, 24.16 ], [ 117.894, 24.028 ], [ 117.791, 24.002 ], [ 117.649, 23.909 ], [ 117.582, 23.889 ], [ 117.463, 23.788 ], [ 117.293, 23.789 ], [ 117.264, 23.655 ], [ 117.084, 23.551 ], [ 117.068, 23.651 ], [ 116.951, 23.611 ], [ 116.909, 23.655 ], [ 116.867, 23.45 ], [ 116.749, 23.326 ], [ 116.784, 23.212 ], [ 116.715, 23.244 ], [ 116.647, 23.163 ], [ 116.612, 23.239 ], [ 116.534, 23.109 ], [ 116.563, 23.019 ], [ 116.495, 22.939 ], [ 116.298, 22.963 ], [ 116.096, 22.826 ], [ 116.124, 22.895 ], [ 115.826, 22.747 ], [ 115.81, 22.808 ], [ 115.682, 22.888 ], [ 115.591, 22.847 ], [ 115.524, 22.742 ], [ 115.575, 22.668 ], [ 115.374, 22.694 ], [ 115.424, 22.762 ], [ 115.233, 22.788 ], [ 115.303, 22.839 ], [ 115.065, 22.796 ], [ 114.88, 22.559 ], [ 114.754, 22.59 ], [ 114.785, 22.816 ], [ 114.563, 22.733 ], [ 114.5, 22.653 ], [ 114.583, 22.655 ], [ 114.543, 22.569 ], [ 114.618, 22.514 ], [ 114.516, 22.453 ], [ 114.396, 22.614 ], [ 114.23, 22.556 ], [ 114.335, 22.506 ], [ 114.39, 22.366 ], [ 114.256, 22.356 ], [ 114.239, 22.282 ], [ 114.111, 22.366 ], [ 113.914, 22.376 ], [ 114.082, 22.529 ], [ 113.964, 22.538 ], [ 113.89, 22.453 ], [ 113.61, 22.37 ], [ 113.588, 22.238 ], [ 113.484, 22.155 ], [ 113.303, 22.183 ], [ 113.231, 22.043 ], [ 113.157, 22.025 ], [ 113.029, 21.961 ], [ 112.957, 21.876 ], [ 112.879, 21.875 ], [ 112.826, 21.966 ], [ 112.645, 21.849 ], [ 112.608, 21.775 ], [ 112.443, 21.828 ], [ 112.404, 21.812 ], [ 112.363, 21.733 ], [ 112.245, 21.707 ], [ 112.173, 21.814 ], [ 112.0, 21.774 ], [ 111.884, 21.683 ], [ 111.78, 21.675 ], [ 111.63, 21.53 ], [ 111.438, 21.534 ], [ 111.292, 21.451 ], [ 111.301, 21.499 ], [ 111.088, 21.473 ], [ 110.869, 21.385 ], [ 110.791, 21.404 ], [ 110.705, 21.349 ], [ 110.636, 21.23 ], [ 110.424, 21.191 ], [ 110.394, 21.163 ], [ 110.205, 21.082 ], [ 110.157, 20.986 ], [ 110.157, 20.849 ], [ 110.369, 20.849 ], [ 110.301, 20.657 ], [ 110.479, 20.568 ], [ 110.534, 20.478 ], [ 110.4, 20.301 ], [ 110.28, 20.253 ], [ 110.128, 20.248 ], [ 110.027, 20.301 ], [ 109.915, 20.248 ], [ 109.931, 20.318 ], [ 109.863, 20.406 ], [ 109.975, 20.355 ], [ 110.015, 20.418 ], [ 109.931, 20.506 ], [ 109.835, 20.506 ], [ 109.773, 20.822 ], [ 109.689, 20.835 ], [ 109.661, 20.928 ], [ 109.696, 21.17 ], [ 109.773, 21.215 ], [ 109.766, 21.356 ], [ 109.924, 21.363 ], [ 109.944, 21.493 ], [ 109.803, 21.473 ], [ 109.741, 21.474 ], [ 109.65, 21.52 ], [ 109.531, 21.492 ], [ 109.316, 21.459 ], [ 109.139, 21.402 ], [ 109.04, 21.45 ], [ 109.143, 21.51 ], [ 109.136, 21.603 ], [ 108.97, 21.606 ], [ 108.855, 21.685 ], [ 108.752, 21.65 ], [ 108.519, 21.596 ], [ 108.42, 21.557 ], [ 108.284, 21.545 ], [ 108.253, 21.595 ], [ 108.066, 21.562 ], [ 107.991, 21.486 ], [ 107.783, 21.524 ], [ 107.749, 21.411 ], [ 107.635, 21.383 ], [ 107.562, 21.298 ], [ 107.367, 21.273 ], [ 107.46845787908974, 21.50612910677081 ], [ 107.076160422033297, 21.837130086162176 ], [ 106.659344373910841, 22.086402428666783 ], [ 106.356948417429848, 22.356106930393079 ], [ 106.205750439189345, 22.564514954454307 ], [ 106.011644926583301, 22.79539835365939 ], [ 105.921743426007865, 23.032411400630981 ], [ 105.786891175144717, 23.257165152069561 ], [ 106.040704330089739, 23.503198727150618 ], [ 105.835318048887331, 23.969985729883369 ], [ 105.290733212365794, 24.200267317898188 ], [ 104.99510144396838, 24.411877425803702 ], [ 104.615448015079082, 24.567473093381285 ], [ 104.612336101727522, 24.965798002379902 ], [ 104.556321661399593, 25.345451431269204 ], [ 104.388278340415795, 25.681538073236784 ], [ 104.5625454881027, 26.036296195313675 ], [ 104.5625454881027, 26.453292584421597 ], [ 104.363383033603412, 26.552873811671258 ], [ 103.840581590542726, 26.627559732108498 ], [ 103.377953834350535, 26.46455341684559 ], [ 102.887607246191592, 26.216426227656726 ], [ 102.810805973347414, 26.364120983126288 ], [ 102.39726065803265, 26.186887276562814 ], [ 102.101871147093519, 25.956483458030295 ], [ 101.853743957904655, 26.104178213499857 ], [ 101.700141412216311, 26.251872968969423 ], [ 101.570170027403094, 26.547262479908547 ], [ 101.21570261427614, 27.108502550692883 ], [ 100.684001494585701, 27.702235467680527 ], [ 101.239333775151295, 28.402308608606265 ], [ 101.771034894841719, 29.477526428424682 ], [ 101.924637440530063, 29.985596387239976 ], [ 101.865559538342239, 31.084445367933522 ], [ 102.019162084030597, 31.397558249528988 ], [ 102.308643804750929, 31.681132180030538 ], [ 102.716281329846922, 31.769749033312273 ], [ 103.194812337568308, 31.97061390075088 ], [ 103.14164222559927, 32.809520111817996 ], [ 103.555187540914034, 33.116725203194683 ], [ 104.275937947605499, 33.163987524944943 ], [ 104.496246561492555, 33.611629842564227 ], [ 104.310151169600914, 34.203147338219836 ], [ 104.576001729446133, 34.847834945844475 ], [ 104.988070097206204, 35.080454185709037 ], [ 105.466601104927591, 35.160209353662601 ], [ 105.705866608788284, 35.638740361383981 ], [ 106.13787376853675, 35.838128281267892 ], [ 106.430309384366495, 36.150502689086018 ], [ 106.563234664289098, 36.64232622479966 ], [ 106.30403036844001, 37.566156920261783 ], [ 106.682867416219452, 37.433231640339173 ], [ 107.154752159944707, 37.36012273638174 ], [ 107.453834039770555, 37.247136248447525 ], [ 107.932365047491942, 37.247136248447525 ], [ 108.317848359267501, 37.320245152404958 ], [ 108.610283975097232, 37.419939112346917 ], [ 109.068876190830224, 37.486401752308218 ], [ 109.500883350578704, 37.659204616207603 ], [ 109.979414358300076, 37.925055176052815 ], [ 110.457945366021463, 37.991517816014124 ], [ 110.730442189862828, 38.164320679913523 ], [ 110.830136149804773, 38.496633879720036 ], [ 111.049462861677071, 38.902055983483983 ], [ 111.102632973646124, 39.121382695356282 ], [ 111.35519100549908, 39.513512271127972 ], [ 111.421653645460381, 39.560036119100886 ], [ 111.518076810503189, 39.440046124913039 ], [ 111.574855636192794, 39.080446895545514 ], [ 111.934454865560326, 38.998433036216085 ], [ 112.37606795425728, 38.998433036216085 ], [ 112.704123391575024, 39.080446895545521 ], [ 112.906003660693628, 39.206622063744653 ], [ 113.284529165291019, 39.288635923074089 ], [ 113.637819636248594, 39.446354883323004 ], [ 113.965875073566323, 39.458972400142926 ], [ 114.199299134734716, 39.269709647844223 ], [ 114.369635611803545, 39.175078271694879 ], [ 114.804939942090556, 39.130916962825182 ], [ 115.032055244848991, 39.332797231943793 ], [ 115.158230413048116, 39.585147568342052 ], [ 115.448433299906114, 39.818571629510444 ], [ 115.700783636304379, 39.862732938380141 ], [ 116.009912798392264, 39.610382601981875 ], [ 115.618769776974958, 39.061520620315655 ], [ 115.719709911534267, 38.771317733457657 ], [ 115.953133972702659, 38.682995115718263 ], [ 116.173940517051136, 38.424336020910047 ], [ 116.438908370269303, 38.2981608527109 ], [ 116.779581324406948, 38.247690785431253 ], [ 117.003604568742247, 38.436491848739131 ], [ 117.098235944803037, 38.745621010537718 ], [ 117.281189938520569, 38.941192521063364 ], [ 117.709, 38.981 ], [ 117.584, 38.812 ], [ 117.544, 38.621 ], [ 117.716, 38.379 ], [ 117.837, 38.271 ], [ 118.085, 38.139 ], [ 118.216, 38.145 ], [ 118.543, 38.068 ], [ 118.655, 38.146 ], [ 118.84, 38.153 ], [ 119.117, 37.853 ], [ 119.243, 37.769 ], [ 119.256, 37.672 ], [ 119.12, 37.738 ], [ 119.037, 37.722 ], [ 118.977, 37.611 ], [ 118.945, 37.378 ], [ 118.972, 37.281 ], [ 119.146, 37.179 ], [ 119.441, 37.121 ], [ 119.771, 37.152 ], [ 119.897, 37.249 ], [ 119.859, 37.36 ], [ 120.06, 37.44 ], [ 120.298, 37.598 ], [ 120.306, 37.665 ], [ 120.738, 37.834 ], [ 120.926, 37.819 ], [ 121.033, 37.71 ], [ 121.138, 37.701 ], [ 121.191, 37.575 ], [ 121.375, 37.611 ], [ 121.477, 37.468 ], [ 121.592, 37.424 ], [ 121.732, 37.462 ], [ 121.938, 37.464 ], [ 122.122, 37.563 ], [ 122.183, 37.418 ], [ 122.688, 37.41 ], [ 122.571, 37.345 ], [ 122.629, 37.193 ], [ 122.51, 37.155 ], [ 122.409, 37.006 ], [ 122.54, 37.028 ], [ 122.525, 36.944 ], [ 122.32, 36.823 ], [ 122.185, 36.85 ], [ 122.266, 36.898 ], [ 122.04, 36.985 ], [ 121.637, 36.831 ], [ 121.634, 36.747 ], [ 121.453, 36.757 ], [ 121.158, 36.669 ], [ 121.032, 36.59 ], [ 120.95, 36.459 ], [ 120.867, 36.377 ], [ 120.751, 36.459 ], [ 120.644, 36.322 ], [ 120.697, 36.144 ], [ 120.354, 36.041 ], [ 120.189, 35.945 ], [ 120.039, 35.843 ], [ 120.003, 35.728 ], [ 119.938, 35.761 ], [ 119.905, 35.625 ], [ 119.812, 35.648 ], [ 119.648, 35.584 ], [ 119.552, 35.38 ], [ 119.429, 35.321 ], [ 119.358, 35.097 ], [ 119.207, 35.048 ], [ 119.192, 34.718 ], [ 119.347, 34.781 ], [ 119.641, 34.551 ], [ 119.826, 34.47 ], [ 119.94, 34.458 ], [ 120.257, 34.312 ], [ 120.331862630579067, 34.130753631720729 ], [ 120.371, 34.036 ], [ 120.407, 33.86 ], [ 120.498, 33.753 ], [ 120.484, 33.65 ], [ 120.628, 33.478 ], [ 120.662, 33.338 ], [ 120.75, 33.27 ], [ 120.834, 33.026 ], [ 120.896, 33.014 ], [ 120.908, 32.844 ], [ 120.864, 32.671 ], [ 121.12, 32.507 ], [ 121.389, 32.385 ], [ 121.419, 32.25 ], [ 121.367, 32.239 ], [ 121.443, 32.114 ], [ 121.655, 32.063 ], [ 121.822, 31.952 ], [ 121.922, 31.754 ], [ 121.817, 31.691 ], [ 121.725, 31.282 ], [ 121.877, 31.099 ], [ 121.977, 30.915 ], [ 121.907, 30.857 ], [ 121.631, 30.837 ], [ 121.411, 30.767 ], [ 120.978, 30.543 ], [ 120.94, 30.422 ], [ 120.893, 30.17 ], [ 121.15, 30.326 ], [ 121.377, 30.325 ], [ 121.507, 30.22 ], [ 121.678, 30.001 ] ] ], [ [ [ 114.216, 22.286 ], [ 114.208, 22.19 ], [ 114.113, 22.278 ], [ 114.216, 22.286 ] ] ], [ [ [ 114.019, 22.265 ], [ 113.846, 22.197 ], [ 113.893, 22.293 ], [ 114.013, 22.311 ], [ 114.019, 22.265 ] ] ], [ [ [ 118.394, 24.523 ], [ 118.449, 24.416 ], [ 118.284, 24.401 ], [ 118.282, 24.477 ], [ 118.394, 24.523 ] ] ], [ [ [ 119.782, 25.659 ], [ 119.847, 25.536 ], [ 119.757, 25.405 ], [ 119.668, 25.488 ], [ 119.699, 25.613 ], [ 119.782, 25.659 ] ] ], [ [ [ 121.256, 28.14 ], [ 121.285, 28.102 ], [ 121.152, 28.041 ], [ 121.12, 28.136 ], [ 121.231, 28.22 ], [ 121.256, 28.14 ] ] ], [ [ [ 122.011, 30.0 ], [ 121.975, 30.148 ], [ 122.087, 30.148 ], [ 122.327, 30.024 ], [ 122.294, 29.934 ], [ 122.185, 29.994 ], [ 122.011, 30.0 ] ] ], [ [ [ 122.202, 30.242 ], [ 122.074, 30.291 ], [ 122.239, 30.313 ], [ 122.202, 30.242 ] ] ], [ [ [ 122.285, 30.422 ], [ 122.277, 30.48 ], [ 122.399, 30.456 ], [ 122.285, 30.422 ] ] ] ] } },
{ "type": "Feature", "properties": { "id": "wallachia979", "colorId": "romania", "name": "Валахия", "parent": null }, "geometry": { "type": "MultiPolygon", "coordinates": [ [ [ [ 24.706, 43.744 ], [ 24.201689201472611, 43.681349765468639 ], [ 23.378158038168962, 43.857209277799477 ], [ 23.058069539054326, 43.806775589975516 ], [ 22.950095120138272, 43.825154214471858 ], [ 22.814552764477686, 43.944615273698133 ], [ 22.943203135952139, 44.061779004862373 ], [ 22.685902393003232, 44.238673265639747 ], [ 22.557252021528779, 44.358134324866022 ], [ 22.484, 44.5 ], [ 22.621, 44.569 ], [ 22.765, 44.583 ], [ 22.337065818727471, 44.673671517704506 ], [ 22.093400953355786, 44.50039872455131 ], [ 22.02027984936807, 44.637088839811149 ], [ 21.370477733142543, 44.813734075289936 ], [ 21.94911294609858, 45.654524744419035 ], [ 21.991031688561645, 45.876095240295228 ], [ 21.733530842002825, 46.097665736171422 ], [ 21.691612099539761, 46.337201407388932 ], [ 21.85329867761158, 46.552783511484684 ], [ 22.368300370729216, 46.870168275847881 ], [ 22.506033381679277, 47.133657514187149 ], [ 22.745569052896784, 47.30732087581984 ], [ 22.901267239188158, 47.4929610210134 ], [ 22.943185981651222, 47.88220648674185 ], [ 23.024742216554216, 47.984806299366369 ], [ 23.149282036633078, 47.871096028859583 ], [ 23.214259334065527, 47.686993686134308 ], [ 23.474168523795321, 47.400010622474333 ], [ 23.799055010957566, 47.362107198972076 ], [ 24.502975733142431, 47.45957314512075 ], [ 24.968646364741655, 47.400010622474312 ], [ 25.131089608322775, 47.321496388076795 ], [ 25.342265824978234, 47.167175306674729 ], [ 25.705055735642741, 46.706919449861537 ], [ 25.791692132219339, 46.428058548380612 ], [ 25.788984744826319, 46.09504989903931 ], [ 25.651787737267732, 45.921982786594583 ], [ 25.15388165202819, 45.827933859382668 ], [ 24.700233885476614, 45.617706845614855 ], [ 24.390425654660895, 45.130865340047322 ], [ 24.473410002200819, 44.776798790543644 ], [ 24.40702252416888, 44.422732241039974 ], [ 24.56745892941273, 44.135053169568245 ], [ 24.62278182777268, 43.913761576128451 ], [ 24.706, 43.744 ] ] ] ] } },
{ "type": "Feature", "properties": { "id": "alodia", "colorId": "sudan", "name": "Алва", "parent": null }, "geometry": { "type": "MultiPolygon", "coordinates": [ [ [ [ 33.09029031481618, 17.800942085906801 ], [ 33.748438970019343, 17.984138103334484 ], [ 34.36248488028621, 17.933250320715686 ], [ 34.362484880286203, 17.56685828586032 ], [ 34.253924277366096, 17.322596929290075 ], [ 34.257316796207348, 17.020662752418524 ], [ 34.080905816462163, 16.711943537864457 ], [ 33.890924761351975, 16.511784926230504 ], [ 33.582205546797915, 16.274308607342764 ], [ 33.432934717782764, 16.077542514550068 ], [ 33.229383587307559, 15.521169424584507 ], [ 33.032617494514859, 15.215842728871701 ], [ 32.771393543738355, 15.080141975221567 ], [ 32.079319700122653, 15.09371205058658 ], [ 31.81470323050489, 15.202272653506689 ], [ 31.767207966727341, 15.466889123124457 ], [ 31.943618946472519, 16.009692137725001 ], [ 32.025039398662599, 16.471074700135468 ], [ 32.126814963900202, 16.667840792928164 ], [ 32.411786546565487, 16.959597413275951 ], [ 32.571234932104403, 17.007092677053492 ], [ 32.985122230737318, 17.414194938003902 ], [ 33.09029031481618, 17.800942085906801 ] ] ] ] } },
{ "type": "Feature", "properties": { "id": "chernigov1054", "colorId": "chernigov", "name": "Чернигов", "parent": null }, "geometry": { "type": "MultiPolygon", "coordinates": [ [ [ [ 30.479078803237311, 52.495910866155363 ], [ 30.216843145345656, 53.073513793306766 ], [ 30.931615790635263, 53.25463265365164 ], [ 31.517017821392816, 53.607167578251492 ], [ 32.228556201319122, 53.688024212334021 ], [ 32.8754092739794, 53.694492743060628 ], [ 33.646781563126815, 53.983959493076043 ], [ 34.694683540836465, 54.564510125788701 ], [ 35.095732445885837, 55.088461114643529 ], [ 35.787865233632338, 55.088461114643508 ], [ 36.269770772764247, 54.82001708948949 ], [ 36.632008493454002, 54.664772352051024 ], [ 37.337078342653705, 54.92674784647842 ], [ 38.872317546249036, 54.933390812542576 ], [ 38.938039697487874, 54.39309406153366 ], [ 38.724578183509983, 53.888548664858639 ], [ 38.85394879804204, 52.905331994415029 ], [ 38.485242546625678, 52.568968396631682 ], [ 37.518197202998557, 52.556031335178467 ], [ 37.301501423657363, 52.33610129047397 ], [ 37.230347585664731, 52.203496410578616 ], [ 37.249753177844553, 51.765253453851294 ], [ 36.958669295147423, 51.519449286240388 ], [ 35.794333764358925, 51.312456302989098 ], [ 35.457970166575578, 51.040778012471783 ], [ 35.076326853706007, 50.99388116470395 ], [ 34.662340887203428, 50.838636427265484 ], [ 34.203075205614631, 50.799825242905868 ], [ 33.698529808939611, 50.832167896538877 ], [ 33.33305782288658, 50.979326970569062 ], [ 32.731484465312519, 50.901704601849829 ], [ 31.593023057430429, 50.875830478943413 ], [ 31.243722398193874, 50.714117210778348 ], [ 30.849142023871106, 50.720585741504948 ], [ 30.695514419114268, 50.731905670276554 ], [ 30.650234704028044, 50.803059508269186 ], [ 30.789308114650005, 51.339947558577215 ], [ 30.650234704028044, 51.504895092105585 ], [ 30.663831089488806, 51.596087268883871 ], [ 30.879867544822442, 51.838024424525628 ], [ 31.048049343714116, 51.931818120061365 ], [ 30.479078803237311, 52.495910866155363 ] ] ] ] } },
{ "type": "Feature", "properties": { "id": "lavo", "colorId": "lavo", "name": "Лаво", "parent": null }, "geometry": { "type": "MultiPolygon", "coordinates": [ [ [ [ 100.520266087786084, 17.303447464993088 ], [ 100.754820870292548, 16.228443563225721 ], [ 100.868378521538929, 15.906696884694302 ], [ 101.133346374447157, 15.622802756578345 ], [ 101.133346374447157, 15.502936346929387 ], [ 101.205897096076797, 15.383069937280426 ], [ 101.111265720038148, 15.067632017151583 ], [ 101.104956961635565, 14.638636445776354 ], [ 101.231132129687097, 14.215949632803708 ], [ 101.357307297738629, 13.604000067753756 ], [ 101.357307297738643, 13.310642802033934 ], [ 101.294219713712863, 13.004668019508959 ], [ 101.193066643273312, 12.664425943495186 ], [ 101.088, 12.681 ], [ 100.978, 12.639 ], [ 100.858, 12.653 ], [ 100.837, 12.708 ], [ 100.918, 12.826 ], [ 100.869, 12.906 ], [ 100.933, 13.026 ], [ 100.878, 13.098 ], [ 100.945, 13.201 ], [ 100.912, 13.294 ], [ 100.981, 13.359 ], [ 100.963, 13.471 ], [ 100.68, 13.509 ], [ 100.592, 13.555 ], [ 100.556, 13.511 ], [ 100.237, 13.477 ], [ 100.039, 13.403 ], [ 99.967, 13.259 ], [ 100.074, 13.153 ], [ 100.104, 13.057 ], [ 99.988, 12.79 ], [ 99.961, 12.625 ], [ 100.011, 12.383 ], [ 99.982, 12.28 ], [ 100.02, 12.193 ], [ 99.855, 11.968 ], [ 99.817, 11.741 ], [ 99.752, 11.71 ], [ 99.642, 11.523 ], [ 99.569, 11.334 ], [ 99.586, 11.214 ], [ 99.494, 11.115 ], [ 99.512, 10.866 ], [ 99.302, 10.631 ], [ 99.247, 10.444 ], [ 99.278, 10.357 ], [ 99.152, 10.357 ], [ 99.242, 10.215 ], [ 99.16, 10.128 ], [ 98.97399107862546, 10.205519605411681 ], [ 98.871643716659619, 10.426811198851484 ], [ 99.162088933049304, 11.34793745654461 ], [ 99.316993048457164, 12.520782901775521 ], [ 99.234008700917315, 13.173593102422934 ], [ 99.361251367145201, 13.428078434878698 ], [ 99.366783656981198, 13.809806433562343 ], [ 99.25613786026129, 14.556665561421649 ], [ 99.123362904197421, 14.772424865025446 ], [ 99.018249397313525, 15.408638196164855 ], [ 98.896539020921622, 15.873350542388426 ], [ 98.653118268137845, 16.338062888611994 ], [ 98.332245457650146, 16.752984626311608 ], [ 98.243728820274228, 16.968743929915409 ], [ 99.051443136329425, 17.007469958767345 ], [ 99.217411831409265, 17.134712624995228 ], [ 99.527220062224984, 17.267487581059104 ], [ 100.520266087786084, 17.303447464993088 ] ] ] ] } },
{ "type": "Feature", "properties": { "id": "albarasin_emirate", "colorId": "albarasin", "name": "Альбаррасин", "parent": null }, "geometry": { "type": "MultiPolygon", "coordinates": [ [ [ [ -0.199796560722271, 40.742078835730936 ], [ -0.059583979088911, 40.715552131097596 ], [ 0.019996134811104, 40.651130134130916 ], [ 0.129892482577791, 40.651130134130916 ], [ 0.239788830344479, 40.617024371030908 ], [ 0.069260014844446, 40.526075669430895 ], [ -0.101268800655586, 40.370704970864196 ], [ -0.180848914555601, 40.344178266230863 ], [ -1.16991604445579, 40.302493444664194 ], [ -1.507184146222521, 40.397231675497544 ], [ -1.503394616989187, 40.53365472789757 ], [ -1.291180979922479, 40.69660448493093 ], [ -1.014545345889093, 40.836817066564286 ], [ -0.624223834855685, 40.836817066564286 ], [ -0.533275133255668, 40.905028592764303 ], [ -0.446115960888985, 40.931555297397637 ], [ -0.377904434688972, 40.908818121997633 ], [ -0.249060440755614, 40.814079891164283 ], [ -0.199796560722271, 40.742078835730936 ] ] ] ] } },
{ "type": "Feature", "properties": { "id": "silves_emirate", "colorId": "silves", "name": "Сильвес", "parent": null }, "geometry": { "type": "MultiPolygon", "coordinates": [ [ [ [ -8.422689502731803, 37.683568298280839 ], [ -8.364403392740529, 37.540420769551623 ], [ -8.364403392740529, 37.367760346253547 ], [ -8.179, 37.088 ], [ -8.439, 37.083 ], [ -8.627, 37.121 ], [ -8.686, 37.083 ], [ -8.998, 37.021 ], [ -8.881, 37.232 ], [ -8.798, 37.49 ], [ -8.816592605953465, 37.843258745532864 ], [ -8.629306339618029, 37.688263217573265 ], [ -8.422689502731803, 37.683568298280839 ] ] ] ] } },
{ "type": "Feature", "properties": { "id": "micronesia499", "colorId": null, "name": "Микронезия", "parent": null }, "geometry": { "type": "MultiPolygon", "coordinates": [ [ [ [ -157.355, 1.948 ], [ -157.496, 2.034 ], [ -157.322, 1.972 ], [ -157.348, 1.861 ], [ -157.191, 1.764 ], [ -157.179, 1.718 ], [ -157.411, 1.782 ], [ -157.581, 1.88 ], [ -157.429, 1.839 ], [ -157.42, 1.929 ], [ -157.355, 1.948 ] ] ], [ [ [ 134.524, 7.361 ], [ 134.488, 7.47 ], [ 134.569, 7.614 ], [ 134.635, 7.629 ], [ 134.648, 7.719 ], [ 134.658, 7.591 ], [ 134.592, 7.367 ], [ 134.524, 7.361 ] ] ], [ [ [ 144.952, 13.587 ], [ 144.808, 13.446 ], [ 144.76, 13.286 ], [ 144.681, 13.247 ], [ 144.626, 13.345 ], [ 144.654, 13.439 ], [ 144.783, 13.517 ], [ 144.886, 13.64 ], [ 144.952, 13.587 ] ] ], [ [ [ 145.21, 14.111 ], [ 145.126, 14.123 ], [ 145.206, 14.181 ], [ 145.21, 14.111 ] ] ], [ [ [ 145.606, 14.928 ], [ 145.578, 15.017 ], [ 145.647, 15.072 ], [ 145.668, 14.983 ], [ 145.606, 14.928 ] ] ], [ [ [ 145.698, 15.203 ], [ 145.788, 15.267 ], [ 145.753, 15.096 ], [ 145.686, 15.102 ], [ 145.698, 15.203 ] ] ], [ [ [ 166.916, -0.548 ], [ 166.939, -0.49 ], [ 166.958, -0.518 ], [ 166.916, -0.548 ] ] ], [ [ [ 163.019, 5.273 ], [ 162.916, 5.287 ], [ 163.026, 5.341 ], [ 163.019, 5.273 ] ] ], [ [ [ 158.181, 6.979 ], [ 158.291, 6.938 ], [ 158.339, 6.869 ], [ 158.292, 6.795 ], [ 158.194, 6.793 ], [ 158.126, 6.907 ], [ 158.181, 6.979 ] ] ], [ [ [ 171.263, 7.068 ], [ 171.202, 7.072 ], [ 171.394, 7.11 ], [ 171.263, 7.068 ] ] ], [ [ [ 145.771, 18.175 ], [ 145.836, 18.128 ], [ 145.719, 18.054 ], [ 145.771, 18.175 ] ] ] ] } },
{ "type": "Feature", "properties": { "id": "byz_mani961", "colorId": "byzantium", "name": null, "parent": "byzantium961" }, "geometry": { "type": "MultiPolygon", "coordinates": [ [ [ [ 22.355, 36.512 ], [ 22.359, 36.702 ], [ 22.577, 36.783 ], [ 22.484, 36.607 ], [ 22.511, 36.467 ], [ 22.355, 36.512 ] ] ] ] } },
{ "type": "Feature", "properties": { "id": "denmark849", "colorId": "denmark", "name": "Дания", "parent": null }, "geometry": { "type": "MultiPolygon", "coordinates": [ [ [ [ 8.498, 54.756 ], [ 8.566, 54.688 ], [ 8.395, 54.715 ], [ 8.498, 54.756 ] ] ], [ [ [ 10.45, 54.9 ], [ 10.383, 54.831 ], [ 10.211, 54.939 ], [ 10.45, 54.9 ] ] ], [ [ [ 10.855, 55.044 ], [ 10.909, 55.03 ], [ 10.731, 54.74 ], [ 10.641, 54.843 ], [ 10.855, 55.044 ] ] ], [ [ [ 8.446, 54.866 ], [ 8.289, 54.891 ], [ 8.36, 54.948 ], [ 8.446, 54.866 ] ] ], [ [ [ 10.011, 54.976 ], [ 10.065, 54.891 ], [ 9.815, 54.901 ], [ 9.799, 55.017 ], [ 9.628, 55.058 ], [ 9.793, 55.081 ], [ 10.011, 54.976 ] ] ], [ [ [ 10.815, 55.214 ], [ 10.666, 55.064 ], [ 10.538, 55.03 ], [ 10.205, 55.094 ], [ 9.884, 55.253 ], [ 9.885, 55.349 ], [ 9.676, 55.496 ], [ 9.888, 55.509 ], [ 10.294, 55.616 ], [ 10.489, 55.545 ], [ 10.472, 55.443 ], [ 10.605, 55.489 ], [ 10.609, 55.613 ], [ 10.738, 55.509 ], [ 10.657, 55.46 ], [ 10.797, 55.359 ], [ 10.815, 55.214 ] ] ], [ [ [ 8.244, 55.517 ], [ 8.094, 55.564 ], [ 8.194, 55.812 ], [ 8.388, 55.893 ], [ 8.282, 56.076 ], [ 8.106, 56.119 ], [ 8.134, 56.205 ], [ 8.122, 56.552 ], [ 8.27, 56.843 ], [ 8.618, 57.123 ], [ 9.412, 57.165 ], [ 9.573, 57.243 ], [ 9.788, 57.459 ], [ 9.967, 57.591 ], [ 10.198, 57.601 ], [ 10.596, 57.751 ], [ 10.43, 57.571 ], [ 10.547, 57.435 ], [ 10.539, 57.237 ], [ 10.447, 57.185 ], [ 10.266, 56.908 ], [ 10.361, 56.562 ], [ 10.552, 56.516 ], [ 10.789, 56.536 ], [ 10.964, 56.448 ], [ 10.912, 56.334 ], [ 10.75, 56.216 ], [ 10.629, 56.238 ], [ 10.531, 56.1 ], [ 10.505, 56.278 ], [ 10.403, 56.298 ], [ 10.22, 56.148 ], [ 10.245, 55.915 ], [ 9.893, 55.836 ], [ 10.046, 55.814 ], [ 10.06, 55.749 ], [ 9.792, 55.674 ], [ 9.854, 55.627 ], [ 9.707, 55.537 ], [ 9.498, 55.489 ], [ 9.71, 55.249 ], [ 9.494, 55.161 ], [ 9.58, 55.051 ], [ 9.739, 54.981 ], [ 9.746, 54.836 ], [ 9.587, 54.928 ], [ 9.438, 54.81 ], [ 9.58, 54.866 ], [ 9.824, 54.757 ], [ 9.915, 54.791 ], [ 10.034, 54.673 ], [ 10.02, 54.546 ], [ 10.125, 54.496 ], [ 9.868606681948549, 54.389870117735967 ], [ 9.44413467993415, 54.361571984268338 ], [ 9.345091212797456, 54.287996837252507 ], [ 9.135685025137018, 54.375721051002152 ], [ 8.963, 54.318 ], [ 8.652, 54.275 ], [ 8.629, 54.388 ], [ 8.861, 54.414 ], [ 9.012, 54.506 ], [ 8.805, 54.688 ], [ 8.689, 54.735 ], [ 8.661, 54.896 ], [ 8.682, 55.133 ], [ 8.484, 55.068 ], [ 8.689, 55.142 ], [ 8.618, 55.438 ], [ 8.442, 55.464 ], [ 8.31, 55.563 ], [ 8.244, 55.517 ] ] ], [ [ [ 10.855, 57.265 ], [ 11.142, 57.332 ], [ 11.029, 57.202 ], [ 10.855, 57.265 ] ] ], [ [ [ 11.113, 54.415 ], [ 11.006, 54.468 ], [ 11.121, 54.536 ], [ 11.256, 54.479 ], [ 11.314, 54.414 ], [ 11.113, 54.415 ] ] ], [ [ [ 11.611, 54.666 ], [ 11.474, 54.626 ], [ 10.999, 54.787 ], [ 11.108, 54.832 ], [ 11.074, 54.948 ], [ 11.232, 54.961 ], [ 11.595, 54.811 ], [ 11.649, 54.914 ], [ 11.845, 54.732 ], [ 11.811, 54.655 ], [ 11.611, 54.666 ] ] ], [ [ [ 12.287, 54.989 ], [ 12.28, 55.064 ], [ 12.417, 55.03 ], [ 12.503, 54.948 ], [ 12.314, 54.951 ], [ 12.227, 54.893 ], [ 12.129, 54.954 ], [ 12.287, 54.989 ] ] ], [ [ [ 14.684, 55.101 ], [ 14.761, 55.309 ], [ 15.151, 55.133 ], [ 15.073, 54.992 ], [ 14.684, 55.101 ] ] ], [ [ [ 11.252, 55.729 ], [ 11.478, 55.842 ], [ 11.477, 55.941 ], [ 11.768, 55.971 ], [ 11.663, 55.907 ], [ 11.811, 55.679 ], [ 11.869, 55.805 ], [ 11.998, 55.903 ], [ 12.06, 55.654 ], [ 12.095, 55.729 ], [ 12.026, 55.941 ], [ 11.866, 55.973 ], [ 12.245, 56.129 ], [ 12.622, 56.044 ], [ 12.513, 55.921 ], [ 12.602, 55.709 ], [ 12.465, 55.606 ], [ 12.248, 55.546 ], [ 12.225, 55.435 ], [ 12.445, 55.349 ], [ 12.392, 55.255 ], [ 12.183, 55.227 ], [ 12.149, 54.994 ], [ 11.91, 55.01 ], [ 12.04, 54.893 ], [ 12.17, 54.838 ], [ 11.961, 54.694 ], [ 11.969, 54.57 ], [ 11.869, 54.66 ], [ 11.91, 54.722 ], [ 11.75, 54.873 ], [ 11.75, 54.966 ], [ 11.883, 54.976 ], [ 11.649, 55.181 ], [ 11.423, 55.222 ], [ 11.261, 55.201 ], [ 11.242, 55.279 ], [ 11.088, 55.366 ], [ 11.204, 55.392 ], [ 11.148, 55.557 ], [ 10.96, 55.724 ], [ 11.252, 55.729 ] ] ], [ [ [ 12.556, 55.55 ], [ 12.616, 55.688 ], [ 12.674, 55.606 ], [ 12.556, 55.55 ] ] ], [ [ [ 14.181, 55.391 ], [ 13.882, 55.433 ], [ 13.63, 55.418 ], [ 13.281, 55.345 ], [ 12.953, 55.425 ], [ 12.929, 55.579 ], [ 13.061, 55.674 ], [ 12.923, 55.749 ], [ 12.61, 56.117 ], [ 12.505, 56.275 ], [ 12.797, 56.228 ], [ 12.829, 56.279 ], [ 12.622, 56.419 ], [ 12.89, 56.455 ], [ 12.939, 56.527 ], [ 12.872, 56.649 ], [ 12.732, 56.647 ], [ 12.598, 56.821 ], [ 12.375, 56.912 ], [ 12.271, 57.043 ], [ 12.059, 57.459 ], [ 11.934, 57.361 ], [ 11.917, 57.621 ], [ 12.590507253070973, 57.508447157400646 ], [ 12.762234760007797, 57.380878152247575 ], [ 13.341201783394805, 57.223870145905337 ], [ 13.517835790529825, 56.929480134013637 ], [ 13.861290804403474, 56.630183621923749 ], [ 14.243903741792217, 56.508497742997633 ], [ 14.595965896471574, 56.42270108345393 ], [ 16.095, 56.419 ], [ 16.038, 56.255 ], [ 15.852, 56.086 ], [ 15.827, 56.159 ], [ 15.573, 56.206 ], [ 15.321, 56.14 ], [ 14.953, 56.173 ], [ 14.686, 56.147 ], [ 14.768, 56.031 ], [ 14.479, 56.032 ], [ 14.209, 55.821 ], [ 14.196, 55.726 ], [ 14.363, 55.524 ], [ 14.181, 55.391 ] ] ], [ [ [ 11.780934720368796, 57.950032175238206 ], [ 11.687, 57.838 ], [ 11.581, 58.251 ], [ 11.731869718386847, 58.313113189904634 ], [ 11.864345223738111, 58.175731184355172 ], [ 11.78829447066609, 58.107040181580444 ], [ 11.780934720368796, 57.950032175238206 ] ] ] ] } },
{ "type": "Feature", "properties": { "id": "moron_emirate", "colorId": "moron", "name": "Морон", "parent": null }, "geometry": { "type": "MultiPolygon", "coordinates": [ [ [ [ -5.693562469848382, 37.375853803595646 ], [ -5.492126705720661, 37.379590534418192 ], [ -5.402252464614368, 37.255352612888906 ], [ -5.312378223508075, 37.199842052205604 ], [ -5.196070382076401, 37.194555332140531 ], [ -5.046085882480584, 37.081791520166121 ], [ -5.092979340807418, 37.028023650090638 ], [ -5.288587983215232, 37.020093569993023 ], [ -5.383748944386602, 36.935506048951808 ], [ -5.423780558445131, 36.736470673569954 ], [ -5.550280626436497, 36.906429088593889 ], [ -5.723238480102738, 37.006252584973197 ], [ -5.618023534655473, 37.100676253964338 ], [ -5.558671514146758, 37.189704284727405 ], [ -5.693562469848382, 37.375853803595646 ] ] ] ] } },
{ "type": "Feature", "properties": { "id": "chichen_itza", "colorId": "maya", "name": "Чичен-Ица", "parent": null }, "geometry": { "type": "MultiPolygon", "coordinates": [ [ [ [ -87.913, 18.026 ], [ -87.966, 17.914 ], [ -87.905, 18.153 ], [ -87.849, 18.134 ], [ -87.913, 18.026 ] ] ], [ [ [ -88.214, 17.773 ], [ -88.283, 17.58 ], [ -88.55519093239765, 17.568427332293435 ], [ -88.877524359334146, 17.654382912809833 ], [ -89.049435520366941, 17.768990353498364 ], [ -89.335954122088268, 17.76182738845533 ], [ -89.715591269369028, 17.661545877852866 ], [ -89.980620975961259, 17.733175528283198 ], [ -90.138206206907981, 17.890760759229927 ], [ -90.338769228112881, 18.256071976424622 ], [ -90.456958151322922, 18.306212731725854 ], [ -90.57872855705449, 18.442309067543484 ], [ -90.936, 19.163 ], [ -90.73, 19.376 ], [ -90.709, 19.687 ], [ -90.665, 19.782 ], [ -90.478, 19.922 ], [ -90.497, 20.067 ], [ -90.474, 20.409 ], [ -90.49, 20.534 ], [ -90.449, 20.742 ], [ -90.332, 21.032 ], [ -90.099, 21.164 ], [ -89.786, 21.285 ], [ -89.123, 21.363 ], [ -88.703, 21.459 ], [ -88.605, 21.534 ], [ -88.448, 21.575 ], [ -88.283, 21.557 ], [ -88.129, 21.616 ], [ -87.962, 21.6 ], [ -87.71, 21.537 ], [ -87.811, 21.521 ], [ -87.502, 21.499 ], [ -87.493, 21.468 ], [ -87.238, 21.443 ], [ -87.135, 21.558 ], [ -87.272, 21.561 ], [ -87.134, 21.619 ], [ -86.998, 21.566 ], [ -86.925, 21.446 ], [ -86.828, 21.433 ], [ -86.815, 21.205 ], [ -86.742, 21.164 ], [ -86.823, 21.02 ], [ -86.875, 20.855 ], [ -87.067, 20.619 ], [ -87.235, 20.493 ], [ -87.444, 20.191 ], [ -87.475, 19.876 ], [ -87.742, 19.615 ], [ -87.66, 19.568 ], [ -87.674, 19.506 ], [ -87.565, 19.568 ], [ -87.441, 19.554 ], [ -87.433, 19.492 ], [ -87.656, 19.373 ], [ -87.688, 19.242 ], [ -87.639, 19.221 ], [ -87.567, 19.317 ], [ -87.481, 19.32 ], [ -87.606, 19.02 ], [ -87.662, 18.767 ], [ -87.723, 18.681 ], [ -87.771, 18.406 ], [ -87.845, 18.197 ], [ -87.866, 18.328 ], [ -87.935, 18.443 ], [ -88.078, 18.499 ], [ -88.002, 18.69 ], [ -88.036, 18.875 ], [ -88.138, 18.762 ], [ -88.304, 18.481 ], [ -88.384, 18.385 ], [ -88.092, 18.372 ], [ -88.092, 18.118 ], [ -88.208, 17.882 ], [ -88.214, 17.773 ] ] ], [ [ [ -87.008, 20.436 ], [ -86.937, 20.547 ], [ -86.749, 20.592 ], [ -86.797, 20.477 ], [ -86.995, 20.261 ], [ -87.008, 20.436 ] ] ] ] } },
{ "type": "Feature", "properties": { "id": "hre_burgundian", "colorId": "germany", "name": null, "parent": "holy_roman962" }, "geometry": { "type": "MultiPolygon", "coordinates": [ [ [ [ 6.00214501535282, 46.435824795273888 ], [ 5.840373447023874, 46.278629419038069 ], [ 5.490925510112186, 46.278629419038069 ], [ 5.359076838446981, 46.507325538871598 ], [ 5.462690258138451, 46.62820786184497 ], [ 5.462690258138451, 46.752543965474736 ], [ 5.369438180416128, 46.91141787566832 ], [ 5.106950850531072, 47.032300198641707 ], [ 5.231286954160836, 47.180812766866147 ], [ 5.279639883350188, 47.305148870495913 ], [ 5.414337328949099, 47.388039606249087 ], [ 5.400522206323569, 47.574543761693732 ], [ 5.569757458486303, 47.698879865323498 ], [ 5.676824658834155, 47.729963891230938 ], [ 5.707908684741597, 47.864661336829847 ], [ 5.797706981807536, 47.951005853239408 ], [ 5.975387422648844, 47.980864445054856 ], [ 6.0521600754552, 48.05763709786121 ], [ 6.626631305075171, 47.922623122236239 ], [ 6.769239592234298, 47.860786162092111 ], [ 7.050204561937822, 47.737309822358803 ], [ 7.051528228365519, 47.599648513878435 ], [ 7.164341040252396, 47.545307825523579 ], [ 7.120831901811231, 47.478370689460249 ], [ 7.01, 47.499 ], [ 6.867, 47.354 ], [ 7.044, 47.34 ], [ 6.956, 47.245 ], [ 6.599, 46.987 ], [ 6.443, 46.944 ], [ 6.437236399764467, 46.824060184441201 ], [ 6.189568996330145, 46.650023630676543 ], [ 6.00214501535282, 46.435824795273888 ] ] ] ] } },
{ "type": "Feature", "properties": { "id": "munster", "colorId": null, "name": "Манстер", "parent": null }, "geometry": { "type": "MultiPolygon", "coordinates": [ [ [ [ -8.96, 52.652 ], [ -9.0, 52.76 ], [ -9.147, 52.624 ], [ -9.333, 52.598 ], [ -9.553, 52.639 ], [ -9.707, 52.58 ], [ -9.824, 52.595 ], [ -9.581, 52.743 ], [ -9.499, 52.753 ], [ -9.354, 52.933 ], [ -9.478, 52.94 ], [ -9.272, 53.147 ], [ -9.159, 53.111 ], [ -9.046, 53.174 ], [ -8.936, 53.146 ], [ -8.414125554806724, 52.896369925378558 ], [ -8.197291191932973, 52.507563481604933 ], [ -7.808484748159348, 52.343068447700709 ], [ -7.572, 52.088 ], [ -7.59, 51.991 ], [ -7.829, 51.953 ], [ -8.004, 51.83 ], [ -8.246, 51.803 ], [ -8.182, 51.885 ], [ -8.329, 51.861 ], [ -8.302, 51.758 ], [ -8.696, 51.577 ], [ -8.854, 51.596 ], [ -9.272, 51.508 ], [ -9.402, 51.546 ], [ -9.82, 51.446 ], [ -9.834, 51.487 ], [ -9.546, 51.611 ], [ -9.731, 51.601 ], [ -9.459, 51.684 ], [ -9.525, 51.727 ], [ -9.874, 51.656 ], [ -10.029, 51.597 ], [ -10.088, 51.672 ], [ -9.738, 51.837 ], [ -10.085, 51.756 ], [ -10.235, 51.851 ], [ -10.341, 51.788 ], [ -10.382, 51.878 ], [ -10.251, 51.916 ], [ -10.266, 51.988 ], [ -9.93, 52.072 ], [ -9.908, 52.131 ], [ -10.461, 52.103 ], [ -10.461, 52.18 ], [ -10.172, 52.287 ], [ -9.872, 52.233 ], [ -9.834, 52.375 ], [ -9.95, 52.412 ], [ -9.677, 52.483 ], [ -9.618, 52.577 ], [ -9.272, 52.577 ], [ -8.96, 52.652 ] ] ] ] } },
{ "type": "Feature", "properties": { "id": "goryeo936", "colorId": "korea", "name": "Корё", "parent": null }, "geometry": { "type": "MultiPolygon", "coordinates": [ [ [ [ 126.171, 33.269 ], [ 126.206, 33.376 ], [ 126.311, 33.464 ], [ 126.485, 33.521 ], [ 126.792, 33.564 ], [ 126.946, 33.478 ], [ 126.841, 33.31 ], [ 126.286, 33.2 ], [ 126.171, 33.269 ] ] ], [ [ [ 126.764, 34.309 ], [ 126.689, 34.301 ], [ 126.654, 34.395 ], [ 126.764, 34.309 ] ] ], [ [ [ 126.264, 34.576 ], [ 126.38, 34.498 ], [ 126.336, 34.403 ], [ 126.21, 34.359 ], [ 126.103, 34.403 ], [ 126.264, 34.576 ] ] ], [ [ [ 127.954, 34.76 ], [ 127.868, 34.722 ], [ 127.829, 34.869 ], [ 127.902, 34.94 ], [ 127.962, 34.807 ], [ 128.07, 34.815 ], [ 128.06, 34.708 ], [ 127.954, 34.76 ] ] ], [ [ [ 128.529, 34.808 ], [ 128.536, 34.904 ], [ 128.646, 34.891 ], [ 128.624, 34.954 ], [ 128.725, 35.009 ], [ 128.749, 34.869 ], [ 128.678, 34.725 ], [ 128.529, 34.808 ] ] ], [ [ [ 126.405, 36.459 ], [ 126.364, 36.411 ], [ 126.315, 36.582 ], [ 126.36, 36.609 ], [ 126.405, 36.459 ] ] ], [ [ [ 126.761, 34.479 ], [ 126.63, 34.389 ], [ 126.603, 34.3 ], [ 126.48, 34.349 ], [ 126.466, 34.472 ], [ 126.527, 34.569 ], [ 126.391, 34.534 ], [ 126.271, 34.642 ], [ 126.29, 34.75 ], [ 126.37, 34.609 ], [ 126.465, 34.585 ], [ 126.379, 34.711 ], [ 126.603, 34.633 ], [ 126.508, 34.718 ], [ 126.501, 34.808 ], [ 126.37, 34.801 ], [ 126.425, 34.891 ], [ 126.374, 35.017 ], [ 126.269, 35.137 ], [ 126.411, 35.061 ], [ 126.452, 35.1 ], [ 126.357, 35.26 ], [ 126.493, 35.525 ], [ 126.655, 35.596 ], [ 126.513, 35.577 ], [ 126.468, 35.64 ], [ 126.629, 35.775 ], [ 126.791, 35.791 ], [ 126.701, 35.84 ], [ 126.806, 35.867 ], [ 126.612, 35.89 ], [ 126.521, 35.971 ], [ 126.692, 36.0 ], [ 126.589, 36.131 ], [ 126.497, 36.16 ], [ 126.573, 36.343 ], [ 126.527, 36.37 ], [ 126.458, 36.596 ], [ 126.512, 36.603 ], [ 126.441, 36.724 ], [ 126.424, 36.607 ], [ 126.343, 36.74 ], [ 126.229, 36.685 ], [ 126.128, 36.761 ], [ 126.213, 36.857 ], [ 126.323, 36.883 ], [ 126.357, 36.789 ], [ 126.445, 37.003 ], [ 126.484, 36.841 ], [ 126.519, 37.055 ], [ 126.796, 36.956 ], [ 126.851, 36.754 ], [ 126.913, 36.93 ], [ 126.755, 37.049 ], [ 126.802, 37.185 ], [ 126.703, 37.125 ], [ 126.658, 37.254 ], [ 126.792, 37.223 ], [ 126.823, 37.296 ], [ 126.615, 37.38 ], [ 126.604, 37.549 ], [ 126.531, 37.755 ], [ 126.701, 37.743 ], [ 126.667, 37.828 ], [ 126.576, 37.778 ], [ 126.398, 37.892 ], [ 126.149, 37.822 ], [ 126.158, 37.733 ], [ 125.959, 37.912 ], [ 125.986, 37.823 ], [ 125.896, 37.865 ], [ 125.804, 37.989 ], [ 125.597, 38.032 ], [ 125.719, 37.953 ], [ 125.631, 37.925 ], [ 125.62, 37.765 ], [ 125.504, 37.779 ], [ 125.335, 37.686 ], [ 125.377, 37.782 ], [ 125.327, 37.813 ], [ 125.24, 37.823 ], [ 125.24, 37.93 ], [ 125.158, 37.868 ], [ 125.013, 37.906 ], [ 125.014, 38.062 ], [ 124.885, 38.132 ], [ 124.677, 38.115 ], [ 124.856, 38.227 ], [ 124.884, 38.355 ], [ 125.021, 38.515 ], [ 124.998, 38.593 ], [ 125.128, 38.58 ], [ 125.138, 38.662 ], [ 125.137, 38.804 ], [ 125.199, 38.986 ], [ 125.445, 39.311 ], [ 125.459, 39.385 ], [ 125.346, 39.46 ], [ 125.286, 39.521 ], [ 125.117, 39.566 ], [ 124.866, 39.714 ], [ 124.76, 39.748 ], [ 124.649, 39.612 ], [ 124.564, 39.814 ], [ 124.434, 39.831 ], [ 124.322, 39.913 ], [ 124.41, 40.036 ], [ 124.37, 40.098 ], [ 124.577933225800351, 40.291125158675165 ], [ 124.817198729661044, 40.237955046706119 ], [ 125.023232913541079, 40.317710214659684 ], [ 125.275790945394036, 40.317710214659684 ], [ 125.41536248931277, 40.264540102690646 ], [ 125.554934033231504, 40.15155361475643 ], [ 125.794199537092197, 40.078444710798998 ], [ 126.03346504095289, 40.091737238791254 ], [ 126.139805264890981, 40.131614822768036 ], [ 126.256114884823276, 40.091737238791261 ], [ 126.342516316772972, 39.965458222864783 ], [ 126.508672916676232, 39.962135090866717 ], [ 126.656552290590085, 39.869087394920896 ], [ 126.849293946477857, 39.795978490963464 ], [ 127.125113902317267, 39.762747170982813 ], [ 127.367702538176019, 39.835856074940246 ], [ 127.513920346090885, 39.955488826870585 ], [ 127.709985133976758, 40.028597730828025 ], [ 127.851218243894522, 40.028597730828025 ], [ 127.875, 39.893 ], [ 127.624, 39.831 ], [ 127.521, 39.747 ], [ 127.575, 39.595 ], [ 127.52, 39.51 ], [ 127.563, 39.344 ], [ 127.483, 39.437 ], [ 127.378, 39.371 ], [ 127.372, 39.24 ], [ 127.452, 39.166 ], [ 127.77, 39.109 ], [ 128.015, 38.858 ], [ 128.091, 38.844 ], [ 128.21, 38.728 ], [ 128.283, 38.755 ], [ 128.365, 38.624 ], [ 128.632, 38.145 ], [ 128.924, 37.802 ], [ 129.064, 37.679 ], [ 129.148, 37.505 ], [ 129.331, 37.282 ], [ 129.471, 36.772 ], [ 129.423, 36.617 ], [ 129.441, 36.408 ], [ 129.382, 36.202 ], [ 129.433, 35.996 ], [ 129.555, 36.082 ], [ 129.498, 35.748 ], [ 129.443, 35.636 ], [ 129.455, 35.513 ], [ 129.358, 35.452 ], [ 129.36, 35.354 ], [ 129.269, 35.317 ], [ 129.194, 35.156 ], [ 129.12, 35.15 ], [ 128.965, 35.044 ], [ 128.918, 35.082 ], [ 128.478, 35.099 ], [ 128.371, 35.007 ], [ 128.435, 34.843 ], [ 128.224, 34.938 ], [ 128.207, 34.891 ], [ 128.064, 34.928 ], [ 128.054, 35.036 ], [ 127.83, 34.945 ], [ 127.744, 34.96 ], [ 127.576, 34.897 ], [ 127.657, 34.812 ], [ 127.775, 34.829 ], [ 127.75, 34.737 ], [ 127.656, 34.731 ], [ 127.641, 34.618 ], [ 127.556, 34.685 ], [ 127.584, 34.746 ], [ 127.522, 34.859 ], [ 127.382, 34.828 ], [ 127.362, 34.773 ], [ 127.504, 34.591 ], [ 127.344, 34.578 ], [ 127.439, 34.541 ], [ 127.316, 34.445 ], [ 127.223, 34.547 ], [ 127.13, 34.564 ], [ 127.241, 34.671 ], [ 127.358, 34.698 ], [ 127.248, 34.767 ], [ 127.214, 34.706 ], [ 127.01, 34.612 ], [ 126.898, 34.418 ], [ 126.761, 34.479 ] ] ], [ [ [ 126.443, 37.421 ], [ 126.356, 37.466 ], [ 126.563, 37.514 ], [ 126.443, 37.421 ] ] ], [ [ [ 130.904, 37.546 ], [ 130.897, 37.463 ], [ 130.811, 37.487 ], [ 130.904, 37.546 ] ] ], [ [ [ 126.41, 37.602 ], [ 126.37, 37.785 ], [ 126.425, 37.824 ], [ 126.521, 37.751 ], [ 126.508, 37.597 ], [ 126.41, 37.602 ] ] ] ] } },
{ "type": "Feature", "properties": { "id": "kanem", "colorId": "bornu", "name": "Канем", "parent": null }, "geometry": { "type": "MultiPolygon", "coordinates": [ [ [ [ 17.171055355396135, 15.16132818243827 ], [ 17.856359020774907, 14.960463314999664 ], [ 18.246273175214551, 14.564641370341237 ], [ 18.719009572102273, 14.202323552531599 ], [ 18.795810844946445, 13.641083481747263 ], [ 18.766271893852533, 13.133013522931968 ], [ 18.612669348164193, 12.530418920616151 ], [ 18.512236914444891, 11.939639898737902 ], [ 18.175492871974289, 11.573356905173389 ], [ 17.620160591408734, 11.384307618172349 ], [ 16.970303667342659, 11.608803646486084 ], [ 16.273184421526324, 11.691512709549039 ], [ 15.753298882273464, 11.821484094362255 ], [ 15.103441958207389, 12.063703493332337 ], [ 14.955634023352699, 12.115862324655899 ], [ 14.651382827085401, 12.709595241643539 ], [ 14.601166610225752, 13.090647710755006 ], [ 14.577535449350622, 13.52782418694491 ], [ 14.707506834163832, 13.914784446275171 ], [ 14.926095072258784, 14.263344069183331 ], [ 15.434165031074079, 14.52328683880976 ], [ 15.800448024638595, 14.925016573686971 ], [ 16.66298539658084, 15.043172378062621 ], [ 17.171055355396135, 15.16132818243827 ] ] ] ] } },
{ "type": "Feature", "properties": { "id": "holy_roman962", "colorId": "germany", "name": "Священная Римская империя", "parent": null }, "geometry": { "type": "MultiPolygon", "coordinates": [ [ [ [ 14.428, 44.657 ], [ 14.302, 44.943 ], [ 14.39, 44.96 ], [ 14.278, 45.128 ], [ 14.466, 44.984 ], [ 14.452, 44.799 ], [ 14.514, 44.662 ], [ 14.428, 44.657 ] ] ], [ [ [ 6.221158021766103, 49.411584495913672 ], [ 6.270247297850909, 49.507425463507815 ], [ 6.359486580275552, 49.646244232251703 ], [ 6.414448636732926, 49.742318739028605 ], [ 6.537128308604796, 49.886029211792795 ], [ 6.6948593152972, 49.956131881433869 ], [ 6.785992785830589, 50.050770485449313 ], [ 6.71589011618952, 50.173450157321177 ], [ 6.56166424297917, 50.169945023839126 ], [ 6.456510238517566, 50.103347487680111 ], [ 6.270738163968735, 50.229532293034033 ], [ 6.035894220671155, 50.348706831423875 ], [ 5.769504076035094, 50.250563093926381 ], [ 5.587152729463653, 50.325039603639645 ], [ 5.360577868981177, 50.318657213203522 ], [ 5.357386673763115, 50.213347771007442 ], [ 5.250481633958003, 50.095273547939108 ], [ 4.955296076287173, 50.095273547939108 ], [ 4.872, 50.14 ], [ 4.682, 50.084 ], [ 4.657, 49.989 ], [ 4.340571230802936, 50.024031654685963 ], [ 3.920974353622951, 50.089403094986793 ], [ 3.776436263535372, 50.053860941686565 ], [ 3.321496701292498, 50.051491464799881 ], [ 3.165296368598411, 50.115776576828182 ], [ 3.485873719712107, 50.318710863313001 ], [ 3.568223864952322, 50.421648544863267 ], [ 3.494696949559272, 50.486352230409153 ], [ 3.444698647091999, 50.665757903968192 ], [ 3.577047094799488, 50.815752811370018 ], [ 3.582929248030932, 50.921631569536004 ], [ 3.682925852965479, 51.027510327701989 ], [ 3.90644767576035, 51.02456925108627 ], [ 4.159380264712439, 51.127506932636543 ], [ 4.312316248729982, 51.271619686806915 ], [ 4.261, 51.369 ], [ 3.943, 51.45 ], [ 3.827, 51.391 ], [ 3.69, 51.454 ], [ 3.535, 51.459 ], [ 3.458, 51.555 ], [ 3.56, 51.595 ], [ 3.829, 51.613 ], [ 4.129, 51.441 ], [ 4.283, 51.448 ], [ 4.24, 51.519 ], [ 3.988, 51.59 ], [ 4.177, 51.686 ], [ 4.072, 51.717 ], [ 3.963, 51.847 ], [ 4.078, 51.844 ], [ 4.01, 51.98 ], [ 4.142, 52.006 ], [ 4.508, 52.336 ], [ 4.577920906471894, 52.470342549506455 ], [ 4.597, 52.507 ], [ 4.669, 52.797 ], [ 4.745, 52.968 ], [ 4.913, 52.906 ], [ 5.078, 52.954 ], [ 5.379, 53.097 ], [ 5.447, 53.221 ], [ 5.592, 53.303 ], [ 5.981, 53.406 ], [ 6.346, 53.413 ], [ 6.73, 53.461 ], [ 6.867, 53.434 ], [ 6.901, 53.352 ], [ 7.195, 53.245 ], [ 7.303, 53.333 ], [ 7.024, 53.376 ], [ 7.087, 53.587 ], [ 7.226, 53.666 ], [ 7.951, 53.722 ], [ 8.168, 53.553 ], [ 8.059, 53.502 ], [ 8.205, 53.411 ], [ 8.32, 53.509 ], [ 8.257, 53.604 ], [ 8.566, 53.547 ], [ 8.484, 53.684 ], [ 8.573, 53.858 ], [ 8.685, 53.888 ], [ 8.861, 53.831 ], [ 9.008, 53.892 ], [ 8.833, 54.036 ], [ 8.997, 54.03 ], [ 8.977, 54.146 ], [ 8.861, 54.125 ], [ 8.84, 54.256 ], [ 8.963, 54.318 ], [ 9.135685025137018, 54.375721051002152 ], [ 9.345091212797456, 54.287996837252507 ], [ 9.44413467993415, 54.361571984268338 ], [ 9.868606681948549, 54.389870117735967 ], [ 10.125, 54.496 ], [ 10.07067142704536, 54.415854686849109 ], [ 10.129553172136077, 54.363281700160968 ], [ 10.352462635693792, 54.08149049151254 ], [ 10.34405095782369, 53.70296498735793 ], [ 10.520696193095841, 53.538937268890933 ], [ 10.516490354160789, 53.442202973384759 ], [ 10.642669136247239, 53.298891605610059 ], [ 10.813005613316067, 53.199528660653243 ], [ 10.89817385185048, 53.085971009274026 ], [ 11.086253711947309, 53.011448800556408 ], [ 11.497900198196975, 53.014997477162012 ], [ 11.85631653536263, 52.851758353304383 ], [ 11.984068893164253, 52.684970552841158 ], [ 11.98052021655865, 52.479147309716318 ], [ 11.884705948207436, 52.301713479436287 ], [ 11.795989033067421, 52.22364259411308 ], [ 11.6611393220546, 52.063952146861055 ], [ 11.725015500955411, 51.957491848693039 ], [ 12.072785808304266, 51.86877493355302 ], [ 12.275060374823497, 51.932651112453833 ], [ 13.481610420727684, 51.961040525298642 ], [ 13.538681036663689, 51.639040978876551 ], [ 13.709283372504768, 51.489763935015624 ], [ 13.801692971085352, 51.347595321814723 ], [ 13.950970014946295, 51.186470893520372 ], [ 14.103900756557593, 51.059044684139138 ], [ 14.163463279204004, 50.949395494721884 ], [ 14.057875170876276, 50.91961423339869 ], [ 13.762769945037235, 50.727389728494366 ], [ 13.513690304879514, 50.610972070594556 ], [ 13.03719012370822, 50.421454953083249 ], [ 12.628374627362394, 50.437699277441361 ], [ 12.238510842767699, 50.29691513300439 ], [ 12.237157149071189, 50.012639456737425 ], [ 12.353574806970997, 49.806878014867998 ], [ 12.623, 49.51 ], [ 12.895052285574739, 49.379110806771045 ], [ 13.076447240906992, 49.322255671517652 ], [ 13.287623457562452, 49.15169026575748 ], [ 13.609, 48.946 ], [ 13.799319674842984, 48.809205760540621 ], [ 14.183768684651641, 48.719861976571003 ], [ 14.305601117337483, 48.71715458917798 ], [ 14.419311387844269, 48.776717111824397 ], [ 14.652146703643878, 48.847109184042878 ], [ 14.92017805555273, 48.9797711663008 ], [ 15.158428146138375, 49.10160359898665 ], [ 15.621391390344574, 48.94186774279855 ], [ 16.062695535406625, 48.94186774279855 ], [ 16.325312112529438, 48.903964319296293 ], [ 16.40382634692698, 48.944575130191566 ], [ 16.582513914866215, 48.874183057973077 ], [ 16.685394635800925, 48.917501256261374 ], [ 16.873, 48.719 ], [ 16.77879950086005, 48.17161602948466 ], [ 16.600111932920814, 48.02541711026165 ], [ 16.329373193618942, 47.998343236331465 ], [ 15.7878957150152, 47.527257829946208 ], [ 15.7878957150152, 47.353985036793006 ], [ 15.939509409024248, 47.148223594923586 ], [ 15.80955481415935, 46.888314405193789 ], [ 15.80955481415935, 46.704212062468514 ], [ 15.876855146018627, 46.565904290813585 ], [ 15.743672744800293, 46.401384854014466 ], [ 15.602656084686762, 46.260368193900938 ], [ 15.59, 46.114 ], [ 15.698, 46.036 ], [ 15.622241731924754, 45.95091496754069 ], [ 15.457722295125635, 45.919577931959907 ], [ 15.269700081640927, 45.813815436874762 ], [ 14.905407043014305, 45.664964517866032 ], [ 14.783976030138765, 45.496527951619314 ], [ 14.689964923396412, 45.547450634438093 ], [ 14.494108451016507, 45.692384423999222 ], [ 14.266914943055818, 45.649296000075644 ], [ 14.266914943055818, 45.390765456534169 ], [ 14.33, 45.354 ], [ 14.154, 45.072 ], [ 14.024093426270923, 45.099769442048824 ], [ 13.929454822255481, 45.01564623847954 ], [ 13.838321351722092, 45.096264308566766 ], [ 13.841826485204145, 45.282036383115603 ], [ 13.75419814815281, 45.36615958668488 ], [ 13.712, 45.593 ], [ 13.787, 45.611 ], [ 13.726, 45.704 ], [ 13.551, 45.792 ], [ 13.423, 45.724 ], [ 13.222, 45.776 ], [ 13.07, 45.714 ], [ 12.972062459533385, 45.743776034759222 ], [ 12.865236704565955, 45.943643576311189 ], [ 12.985846427916279, 46.115943181097371 ], [ 12.927264562288979, 46.174525046724668 ], [ 12.920372578097531, 46.336486675223675 ], [ 12.83, 46.61 ], [ 12.405, 46.69 ], [ 12.269, 46.789 ], [ 12.267, 46.868 ], [ 12.142, 46.919 ], [ 12.111, 46.993 ], [ 11.944, 47.038 ], [ 11.746, 46.972 ], [ 11.596, 47.0 ], [ 11.314, 46.987 ], [ 11.092, 46.912 ], [ 10.997, 46.769 ], [ 10.717, 46.795 ], [ 10.662, 46.861 ], [ 10.454, 46.864 ], [ 10.369, 46.672 ], [ 10.467, 46.604 ], [ 10.426, 46.535 ], [ 10.230589166513631, 46.586347994692879 ], [ 10.223343620895703, 46.646123746040793 ], [ 10.082055481346087, 46.615330177164594 ], [ 10.042204980447476, 46.54649749379427 ], [ 10.082055481346087, 46.461362332783601 ], [ 10.179870347188128, 46.296526169975714 ], [ 10.143642619098484, 46.247618737054694 ], [ 10.015034184380243, 46.24580735065021 ], [ 9.911785159324753, 46.407020740649138 ], [ 9.730646518876526, 46.359924694132594 ], [ 9.679927699551023, 46.309205874807091 ], [ 9.560376196855195, 46.307394488402629 ], [ 9.437201921350402, 46.405209354244676 ], [ 9.411842511687649, 46.517515311322576 ], [ 9.241572189666316, 46.517515311322576 ], [ 9.216212780003564, 46.399775195031225 ], [ 9.1002840501167, 46.27297814671747 ], [ 8.9879780930388, 46.32550835244745 ], [ 8.984355320229835, 46.401586581435708 ], [ 8.870237976747452, 46.479476196828443 ], [ 8.739818155624727, 46.477664810423946 ], [ 8.643814676187167, 46.535629175367376 ], [ 8.471732967761353, 46.542874720985324 ], [ 8.225384416751762, 46.376227171772953 ], [ 8.062359640348358, 46.184220212897834 ], [ 7.870352681473238, 45.948739980315139 ], [ 7.838778920205112, 45.822613737665698 ], [ 7.510878447257685, 45.940928341306531 ], [ 7.362, 45.908 ], [ 7.184, 45.88 ], [ 7.022, 45.925 ], [ 6.834794997881547, 45.984873765515992 ], [ 6.834794997881546, 46.099807951909916 ], [ 6.919305429053564, 46.197840052069481 ], [ 6.865218753103473, 46.654196380398368 ], [ 7.000435442978702, 46.870543084198722 ], [ 6.856430214361076, 46.936179887347286 ], [ 6.625209128574944, 46.867162666951842 ], [ 6.533937862909165, 46.867162666951842 ], [ 6.437236399764467, 46.824060184441201 ], [ 6.443, 46.944 ], [ 6.599, 46.987 ], [ 6.956, 47.245 ], [ 7.044, 47.34 ], [ 6.867, 47.354 ], [ 7.01, 47.499 ], [ 7.120831901811231, 47.478370689460249 ], [ 7.164341040252396, 47.545307825523579 ], [ 7.051528228365519, 47.599648513878435 ], [ 7.050204561937822, 47.737309822358803 ], [ 6.769239592234298, 47.860786162092111 ], [ 6.626631305075171, 47.922623122236239 ], [ 6.0521600754552, 48.05763709786121 ], [ 5.975387422648844, 47.980864445054856 ], [ 5.797706981807536, 47.951005853239408 ], [ 5.725177588023508, 48.071888176212781 ], [ 5.393614645010805, 48.265299892970191 ], [ 5.241648296129982, 48.448350267758464 ], [ 4.965345843619397, 48.655577107141404 ], [ 4.958438282306632, 49.00440895343602 ], [ 4.803018152769428, 49.19782067019343 ], [ 4.585429971417342, 49.194366889537044 ], [ 4.443824964505666, 49.318702993166809 ], [ 4.488724113038637, 49.37741726432531 ], [ 4.654505584544988, 49.415408851545514 ], [ 4.709766075047106, 49.512114709924219 ], [ 4.564707287479047, 49.608820568302924 ], [ 4.52326191960246, 49.68825752339972 ], [ 4.654505584544988, 49.802232285060335 ], [ 4.709766075047106, 49.905845704751805 ], [ 4.788, 49.974 ], [ 4.858, 49.787 ], [ 4.95, 49.796 ], [ 5.100286217829693, 49.661706045488579 ], [ 5.100286217829693, 49.521450970960565 ], [ 5.83779415138952, 49.491062371479543 ], [ 5.882208258323392, 49.411584495913672 ], [ 6.008437825398609, 49.329769035772323 ], [ 6.113629131294622, 49.332106620347794 ], [ 6.221158021766103, 49.411584495913672 ] ] ], [ [ [ 3.94, 51.741 ], [ 4.037, 51.686 ], [ 3.978, 51.623 ], [ 3.689, 51.725 ], [ 3.94, 51.741 ] ] ], [ [ [ 4.714, 53.055 ], [ 4.854, 53.188 ], [ 4.893, 53.111 ], [ 4.796, 53.0 ], [ 4.714, 53.055 ] ] ], [ [ [ 5.208, 53.353 ], [ 5.179, 53.385 ], [ 5.424, 53.43 ], [ 5.208, 53.353 ] ] ], [ [ [ 5.679, 53.43 ], [ 5.674, 53.468 ], [ 5.955, 53.461 ], [ 5.679, 53.43 ] ] ] ] } },
{ "type": "Feature", "properties": { "id": "papal_states756", "colorId": "vatican", "name": "Папская область", "parent": null }, "geometry": { "type": "MultiPolygon", "coordinates": [ [ [ [ 11.95589762595402, 42.999730913490097 ], [ 12.123728264186372, 42.934942166075324 ], [ 12.299854260083826, 42.775431830168202 ], [ 12.359670636049, 42.502935006326858 ], [ 12.499242179967736, 42.406564178382965 ], [ 12.632167459890342, 42.403241046384899 ], [ 12.931249339716206, 42.207176258499061 ], [ 13.057528355642681, 42.054312186588064 ], [ 13.256916275526592, 41.954618226646105 ], [ 13.358271801467581, 41.893140284681898 ], [ 13.454642629411467, 41.813385116728341 ], [ 13.408566401564084, 41.543408016335754 ], [ 13.277545180376556, 41.371011672667954 ], [ 13.324, 41.295 ], [ 13.045, 41.228 ], [ 12.894, 41.399 ], [ 12.635, 41.447 ], [ 12.448, 41.631 ], [ 12.239, 41.736 ], [ 12.147, 41.903 ], [ 11.917, 42.038 ], [ 11.827, 42.034 ], [ 11.714046646348301, 42.197748920681654 ], [ 11.760289227410359, 42.542789699767191 ], [ 11.554629437187652, 42.658279100688901 ], [ 11.557121786186199, 42.905021651545241 ], [ 11.656815746128155, 42.999730913490097 ], [ 11.95589762595402, 42.999730913490097 ] ] ] ] } },
{ "type": "Feature", "properties": { "id": "scotland1018", "colorId": "scotland", "name": "Шотландия", "parent": null }, "geometry": { "type": "MultiPolygon", "coordinates": [ [ [ [ -5.314, 56.012 ], [ -5.131889064821189, 56.151350583550368 ], [ -5.019606718937982, 56.200754815738982 ], [ -4.844446259360182, 56.366932687646127 ], [ -4.754620382653616, 56.690305843789758 ], [ -4.884867903878136, 57.175365578005206 ], [ -4.813007202512884, 57.584073317020071 ], [ -4.664794505947053, 57.777198951939184 ], [ -4.446966754933634, 57.880498710151748 ], [ -4.152787008719634, 57.790672833445186 ], [ -4.04, 57.818 ], [ -3.79, 57.831 ], [ -4.249, 57.497 ], [ -3.591, 57.641 ], [ -3.492, 57.713 ], [ -3.285, 57.72 ], [ -3.079, 57.669 ], [ -2.916, 57.703 ], [ -2.526, 57.669 ], [ -1.932, 57.682 ], [ -1.759, 57.474 ], [ -1.98, 57.319 ], [ -2.049, 57.119 ], [ -2.22, 56.873 ], [ -2.441, 56.735 ], [ -2.53, 56.581 ], [ -2.765, 56.476 ], [ -2.885, 56.458 ], [ -2.838, 56.366 ], [ -2.577, 56.284 ], [ -2.784, 56.192 ], [ -2.635, 56.058 ], [ -2.359188907517928, 55.954254544318708 ], [ -2.732174143071981, 55.67166378435342 ], [ -2.909207415934604, 55.221704215827586 ], [ -2.547764483840082, 54.579958601700575 ], [ -2.817720665670543, 54.193401626935682 ], [ -3.145, 54.1 ], [ -3.241, 54.112 ], [ -3.474, 54.394 ], [ -3.634, 54.513 ], [ -3.388, 54.883 ], [ -3.598, 54.878 ], [ -3.844, 54.866 ], [ -3.964, 54.772 ], [ -4.174, 54.792 ], [ -4.403, 54.907 ], [ -4.348, 54.807 ], [ -4.372, 54.682 ], [ -4.859, 54.866 ], [ -4.954, 54.81 ], [ -4.859, 54.633 ], [ -5.128, 54.849 ], [ -5.171, 55.009 ], [ -5.061, 54.931 ], [ -5.008, 55.141 ], [ -4.882, 55.219 ], [ -4.833, 55.331 ], [ -4.618, 55.496 ], [ -4.671, 55.584 ], [ -4.921, 55.709 ], [ -4.861, 55.757 ], [ -4.893, 55.893 ], [ -4.786, 55.957 ], [ -4.852, 56.113 ], [ -4.983, 55.871 ], [ -5.172, 55.936 ], [ -5.335, 55.897 ], [ -5.314, 56.012 ] ] ] ] } },
{ "type": "Feature", "properties": { "id": "seljuq_persia1055", "colorId": "turkey", "name": null, "parent": "seljuq1035" }, "geometry": { "type": "MultiPolygon", "coordinates": [ [ [ [ 54.037, 26.488 ], [ 53.903, 26.536 ], [ 54.033, 26.55 ], [ 54.037, 26.488 ] ] ], [ [ [ 56.081, 26.785 ], [ 55.947, 26.696 ], [ 55.877, 26.743 ], [ 55.706, 26.695 ], [ 55.503, 26.595 ], [ 55.298, 26.544 ], [ 55.285, 26.66 ], [ 55.352, 26.647 ], [ 55.774, 26.797 ], [ 55.758, 26.954 ], [ 55.898, 26.907 ], [ 56.041, 26.976 ], [ 56.212, 27.003 ], [ 56.287, 26.955 ], [ 56.194, 26.925 ], [ 56.081, 26.785 ] ] ], [ [ [ 58.046, 25.575 ], [ 57.963, 25.693 ], [ 57.772, 25.636 ], [ 57.735, 25.748 ], [ 57.632, 25.735 ], [ 57.326, 25.777 ], [ 57.254, 25.959 ], [ 57.165, 26.095 ], [ 57.213, 26.166 ], [ 57.133, 26.264 ], [ 57.076, 26.447 ], [ 57.09, 26.619 ], [ 57.025, 26.851 ], [ 56.844, 27.04 ], [ 56.809, 27.14 ], [ 56.583, 27.153 ], [ 56.353, 27.202 ], [ 56.124, 27.161 ], [ 55.939, 27.027 ], [ 55.685, 27.003 ], [ 55.609, 26.954 ], [ 55.554, 26.811 ], [ 55.484, 26.768 ], [ 55.271, 26.793 ], [ 55.103, 26.701 ], [ 54.802, 26.498 ], [ 54.62, 26.508 ], [ 54.561, 26.585 ], [ 54.389, 26.605 ], [ 54.308, 26.715 ], [ 54.15, 26.708 ], [ 53.995, 26.746 ], [ 53.716, 26.709 ], [ 53.492, 26.854 ], [ 53.412, 26.994 ], [ 53.072, 27.097 ], [ 52.848, 27.215 ], [ 52.579, 27.393 ], [ 52.679, 27.425 ], [ 52.423, 27.647 ], [ 52.245, 27.681 ], [ 52.011, 27.833 ], [ 51.723, 27.825 ], [ 51.585, 27.849 ], [ 51.38, 27.991 ], [ 51.265, 28.161 ], [ 51.265, 28.27 ], [ 51.142, 28.401 ], [ 51.073, 28.565 ], [ 51.059, 28.736 ], [ 50.979, 28.817 ], [ 50.876, 28.832 ], [ 50.813, 28.915 ], [ 50.932, 29.031 ], [ 50.84, 29.141 ], [ 50.644, 29.143 ], [ 50.689, 29.291 ], [ 50.655, 29.449 ], [ 50.456, 29.634 ], [ 50.397, 29.655 ], [ 50.244, 29.867 ], [ 50.145, 29.938 ], [ 50.128, 30.121 ], [ 50.073, 30.196 ], [ 49.915, 30.204 ], [ 49.601, 30.03 ], [ 49.532, 30.023 ], [ 49.679094640727072, 30.314955691937097 ], [ 49.620016738539249, 30.486281608281789 ], [ 49.761803703790029, 30.55717509090718 ], [ 50.006976997869501, 30.427203706093966 ], [ 50.116271116916977, 30.433111496312748 ], [ 50.116271116916991, 30.885057448049619 ], [ 49.944945200572299, 31.493559840584215 ], [ 49.336442808037702, 32.102062233118815 ], [ 48.857911800316323, 32.379728373401591 ], [ 48.397104163251278, 32.556962079965061 ], [ 47.794509560935474, 32.704656835434619 ], [ 47.404595406495829, 32.740103576747309 ], [ 46.831539755273923, 32.899613912654438 ], [ 46.32937758667741, 33.230450164906259 ], [ 45.974910173550462, 33.596733158470776 ], [ 45.996999956555364, 34.20464325721894 ], [ 46.203599472980464, 35.120867199625906 ], [ 46.491531390598766, 35.632832571165018 ], [ 46.668765097162236, 35.810066277728495 ], [ 46.857814384163277, 35.904590921229016 ], [ 47.029140300507969, 36.093640208230056 ], [ 47.235912958165358, 36.217703802824488 ], [ 47.507671308229355, 36.270873914793533 ], [ 47.696720595230389, 36.56626342573265 ], [ 47.921216623544126, 36.619433537701696 ], [ 48.16934381273299, 36.838021775796648 ], [ 48.576981337828983, 37.49969428030029 ], [ 48.718768303079763, 37.682835777082545 ], [ 49.014, 37.739 ], [ 49.132, 37.623 ], [ 49.442, 37.495 ], [ 49.935, 37.454 ], [ 50.149, 37.404 ], [ 50.322, 37.153 ], [ 50.479, 37.035 ], [ 51.089, 36.737 ], [ 51.909, 36.583 ], [ 52.779, 36.74 ], [ 53.116, 36.822 ], [ 53.492, 36.888 ], [ 54.004, 36.915 ], [ 53.818, 36.875 ], [ 53.609, 36.877 ], [ 53.701, 36.817 ], [ 53.889, 36.794 ], [ 54.014, 36.821 ], [ 54.034, 36.949 ], [ 53.914, 37.343 ], [ 53.875846642450838, 37.515333002146654 ], [ 53.825, 37.745 ], [ 53.807, 38.032 ], [ 53.859, 38.206 ], [ 53.863, 38.381 ], [ 53.827, 38.525 ], [ 53.863, 38.679 ], [ 53.978, 38.902 ], [ 54.594065675658769, 39.097751534480963 ], [ 56.18916903473005, 39.345878723669834 ], [ 57.087153147984992, 39.688530556359218 ], [ 58.487285394438828, 40.606310473510121 ], [ 59.277753109456597, 41.013521114579888 ], [ 60.343686846374496, 41.241080002236515 ], [ 61.500683656613781, 41.314169426960312 ], [ 61.728133580036896, 41.26986100031943 ], [ 61.799027062662283, 41.314169426960298 ], [ 62.168263951336201, 41.207829203022222 ], [ 62.271650280164884, 41.048318867115107 ], [ 62.360267133446627, 40.729298195300849 ], [ 62.519777469353748, 40.504802166987112 ], [ 62.637933273729402, 40.472309320783815 ], [ 62.747227392776878, 40.265536663126426 ], [ 62.756089078105063, 40.100118537000526 ], [ 63.405946002171106, 39.639310899935509 ], [ 63.919923751205182, 39.373460340090297 ], [ 64.055802926237178, 39.172595472651693 ], [ 64.416178129582917, 39.018992926963342 ], [ 64.658397528552996, 38.971730605213082 ], [ 64.98923378080481, 38.782681318212042 ], [ 65.320070033056638, 38.664525513836395 ], [ 66.040820439748103, 38.256887988740395 ], [ 66.283039838718196, 38.256887988740395 ], [ 66.519351447469489, 38.191902296333787 ], [ 66.729078000236271, 38.056023121301791 ], [ 66.950620133440623, 38.032391960426658 ], [ 66.950620133440609, 37.926051736488574 ], [ 66.847233804611918, 37.790172561456579 ], [ 66.882680545924615, 37.559768742924057 ], [ 66.826556538846177, 37.296872078188237 ], [ 66.864957175268259, 37.255517546656762 ], [ 66.767780229929144, 37.077704848103025 ], [ 66.754487701936881, 36.499479880439694 ], [ 66.608269894022015, 36.03424140071057 ], [ 66.262664166223232, 35.602234240962098 ], [ 66.099830698318016, 35.499217149022094 ], [ 65.830116220545506, 35.272493002663566 ], [ 65.628235951663058, 34.943502934855111 ], [ 65.553465481706581, 34.674329243011833 ], [ 65.433832729776242, 33.919147496451529 ], [ 65.478695011750119, 33.021901856973933 ], [ 65.441309776771888, 32.019977559557276 ], [ 65.620758904667397, 31.070392591110174 ], [ 65.964703066467152, 29.948835541763177 ], [ 65.972180113462784, 29.38057997009404 ], [ 65.762822797584676, 28.819801445420545 ], [ 65.374016353811058, 28.273977014738342 ], [ 64.813237829137563, 27.915078758947306 ], [ 64.065533129572898, 27.787968960021317 ], [ 63.295397289021295, 27.451501845217223 ], [ 62.869205610269439, 27.294483858308645 ], [ 62.719664670356508, 27.174851106378298 ], [ 61.695309231952926, 26.958016743504547 ], [ 61.381273258135771, 26.913154461530667 ], [ 60.715816075523222, 26.958016743504547 ], [ 60.282147349775713, 26.91315446153067 ], [ 59.799172429986498, 26.699563618145589 ], [ 59.204979027653103, 26.426305932555461 ], [ 58.909589516713993, 26.089561890084855 ], [ 58.84460382430737, 25.794172379145735 ], [ 58.924, 25.513 ], [ 58.814, 25.564 ], [ 58.419, 25.612 ], [ 58.17, 25.544 ], [ 58.046, 25.575 ] ] ] ] } },
{ "type": "Feature", "properties": { "id": "venice814", "colorId": "venice", "name": "Венеция", "parent": null }, "geometry": { "type": "MultiPolygon", "coordinates": [ [ [ [ 15.145, 44.195 ], [ 15.224169852242365, 44.20651607833161 ], [ 15.351922210043986, 44.15446882144947 ], [ 15.301057845363708, 44.062270999569584 ], [ 15.145, 44.195 ] ] ], [ [ [ 13.613, 45.118 ], [ 13.603, 45.279 ], [ 13.507, 45.512 ], [ 13.59, 45.489 ], [ 13.712, 45.593 ], [ 13.75419814815281, 45.36615958668488 ], [ 13.841826485204145, 45.282036383115603 ], [ 13.838321351722092, 45.096264308566766 ], [ 13.929454822255481, 45.01564623847954 ], [ 14.024093426270923, 45.099769442048824 ], [ 14.154, 45.072 ], [ 14.164, 44.996 ], [ 14.039, 44.949 ], [ 13.964, 44.812 ], [ 13.799, 44.865 ], [ 13.808, 44.915 ], [ 13.613, 45.118 ] ] ], [ [ [ 12.209, 45.309 ], [ 12.068779603191262, 45.365985735073899 ], [ 12.189389326541587, 45.562407284530146 ], [ 12.308167879178178, 45.628150680099751 ], [ 12.559227721741269, 45.628150680099751 ], [ 12.666671741806331, 45.517636830840424 ], [ 12.41, 45.436 ], [ 12.563, 45.532 ], [ 12.507, 45.573 ], [ 12.273, 45.464 ], [ 12.209, 45.309 ] ] ] ] } },
{ "type": "Feature", "properties": { "id": "toltec", "colorId": "toltec", "name": "Тольтеки", "parent": null }, "geometry": { "type": "MultiPolygon", "coordinates": [ [ [ [ -98.729376215222061, 20.236628648394177 ], [ -99.432218632812848, 19.451538713851281 ], [ -100.583683870142423, 19.47396985483822 ], [ -101.241664005759318, 20.1917663664203 ], [ -100.523867494177253, 20.924516971993661 ], [ -99.521943196760603, 20.924516971993665 ], [ -98.729376215222061, 20.236628648394177 ] ] ] ] } },
{ "type": "Feature", "properties": { "id": "carmona_emirate", "colorId": "carmona", "name": "Кармона", "parent": null }, "geometry": { "type": "MultiPolygon", "coordinates": [ [ [ [ -5.53169332300643, 38.139336612866828 ], [ -5.124699661197873, 38.12501806359392 ], [ -4.987244939505896, 37.850108620209966 ], [ -4.728195656317168, 37.622779657411691 ], [ -4.426852612607833, 37.511758536045093 ], [ -4.321118211306311, 37.332010053832512 ], [ -4.140451213920918, 37.256729476885781 ], [ -4.220296437546931, 37.134300133992561 ], [ -4.422571004066162, 37.144946163809365 ], [ -4.654122152581598, 37.083731492362787 ], [ -4.868293738041685, 37.057100610448558 ], [ -5.046085882480584, 37.081791520166121 ], [ -5.196070382076401, 37.194555332140531 ], [ -5.312378223508075, 37.199842052205604 ], [ -5.402252464614368, 37.255352612888906 ], [ -5.492126705720661, 37.379590534418192 ], [ -5.693562469848382, 37.375853803595646 ], [ -5.693562469848382, 37.553909865121788 ], [ -5.542484599462561, 37.847972148551314 ], [ -5.591045343515145, 37.993654380709074 ], [ -5.53169332300643, 38.139336612866828 ] ] ] ] } },
{ "type": "Feature", "properties": { "id": "hausa", "colorId": "nigeria", "name": "хауса", "parent": null }, "geometry": { "type": "MultiPolygon", "coordinates": [ [ [ [ 6.402328048935264, 10.344635043787543 ], [ 6.354420914691763, 10.590159106785492 ], [ 6.605933369470145, 11.05126527387919 ], [ 6.887387783150714, 11.332719687559759 ], [ 6.887387783150714, 11.512371440972888 ], [ 6.707736029737585, 11.602197317679455 ], [ 6.570003018787519, 11.871674947799146 ], [ 6.570003018787519, 12.189059712162342 ], [ 6.665817287274521, 12.452548950501598 ], [ 6.761631555761523, 12.584293569671226 ], [ 6.755643163981086, 12.781910498425669 ], [ 6.546049451665768, 13.039411344984487 ], [ 6.354420914691763, 13.11127204634974 ], [ 6.270583429765637, 13.237028273738931 ], [ 6.049012933889443, 13.296912191543308 ], [ 5.803488870891499, 13.542436254541251 ], [ 5.665755859941433, 13.823890668221821 ], [ 5.689709427063184, 14.165228999706766 ], [ 5.92924509828069, 14.650288733922217 ], [ 6.168780769498196, 14.967673498285411 ], [ 6.758989053425075, 15.100461546790486 ], [ 7.02333466737972, 15.074026985395028 ], [ 7.234811158543434, 14.968288739813172 ], [ 7.39341852691622, 14.756812248649457 ], [ 7.525591333893542, 14.413162950508422 ], [ 7.875472426922923, 14.225112917511138 ], [ 8.212889930175614, 13.937340845390072 ], [ 8.490452824827988, 13.844819880505947 ], [ 8.635842912503042, 13.606908827946768 ], [ 8.635842912503042, 13.329345933294391 ], [ 8.503670105525721, 13.091434880735214 ], [ 8.609408351107579, 12.919610231664695 ], [ 9.177751421110059, 12.57596093352366 ], [ 9.402445192971507, 12.100138828405303 ], [ 9.468531596460167, 11.716837688171069 ], [ 9.336358789482848, 11.241015583052713 ], [ 9.138099579016863, 10.870931723516211 ], [ 8.616016991456444, 10.355457776304654 ], [ 8.219498570524479, 10.249719530722798 ], [ 7.935356344727299, 10.051203846546098 ], [ 7.671867106388042, 9.955389578059096 ], [ 7.174830588611718, 9.961377969839534 ], [ 6.905352958492023, 10.075157413667849 ], [ 6.492153925641828, 10.1470181150331 ], [ 6.402328048935264, 10.344635043787543 ] ] ] ] } },
{ "type": "Feature", "properties": { "id": "smolensk", "colorId": "smolensk", "name": "Смоленск", "parent": null }, "geometry": { "type": "MultiPolygon", "coordinates": [ [ [ [ 33.284195220592814, 57.361918501716545 ], [ 33.720945098027521, 57.01340092275349 ], [ 33.766449381568968, 56.912586779545464 ], [ 33.96050530336705, 56.74440498065379 ], [ 34.180435348071533, 56.592394508578629 ], [ 34.002550753089956, 56.498600813042884 ], [ 34.662340887203442, 56.256030910795282 ], [ 35.06015552688951, 56.178408542076049 ], [ 35.451501635848977, 56.178408542076049 ], [ 36.179211342591792, 55.958478497371559 ], [ 36.945732233694237, 55.460401631423153 ], [ 37.337078342653705, 54.92674784647842 ], [ 36.632008493454002, 54.664772352051024 ], [ 36.269770772764247, 54.82001708948949 ], [ 35.787865233632338, 55.088461114643508 ], [ 35.095732445885837, 55.088461114643529 ], [ 34.694683540836465, 54.564510125788701 ], [ 33.646781563126815, 53.983959493076043 ], [ 32.8754092739794, 53.694492743060628 ], [ 32.228556201319122, 53.688024212334021 ], [ 31.517017821392816, 53.607167578251492 ], [ 30.931615790635263, 53.25463265365164 ], [ 30.216843145345656, 53.073513793306766 ], [ 30.579740190042962, 53.326419238250118 ], [ 30.463306636964113, 53.889181411464563 ], [ 30.64442549730899, 53.940929657277387 ], [ 30.463306636964113, 54.354915623779966 ], [ 30.696173743121815, 54.639530975750489 ], [ 31.019600279451957, 54.891803674088003 ], [ 31.01732382276278, 55.416739049018574 ], [ 31.49761222921304, 55.880856128652319 ], [ 31.449169508618912, 55.902308272945177 ], [ 31.351354642776869, 56.46383805833468 ], [ 31.510756646371306, 56.844229203275958 ], [ 31.858542836031901, 57.076086663049686 ], [ 32.512162608965788, 57.428092725570295 ], [ 33.284195220592814, 57.361918501716545 ] ] ] ] } },
{ "type": "Feature", "properties": { "id": "polynesia1000m", "colorId": null, "name": "Полинезия", "parent": null }, "geometry": { "type": "MultiPolygon", "coordinates": [ [ [ [ -174.92, -21.454 ], [ -174.984, -21.398 ], [ -174.915, -21.292 ], [ -174.92, -21.454 ] ] ], [ [ [ -159.743, -21.254 ], [ -159.846, -21.234 ], [ -159.798, -21.186 ], [ -159.743, -21.254 ] ] ], [ [ [ -175.066, -21.124 ], [ -175.149, -21.268 ], [ -175.326, -21.174 ], [ -175.365, -21.114 ], [ -175.25, -21.111 ], [ -175.155, -21.172 ], [ -175.066, -21.124 ] ] ], [ [ [ -173.923, -18.637 ], [ -174.072, -18.634 ], [ -173.956, -18.567 ], [ -173.923, -18.637 ] ] ], [ [ [ -170.591, -14.265 ], [ -170.749, -14.375 ], [ -170.831, -14.319 ], [ -170.661, -14.252 ], [ -170.591, -14.265 ] ] ], [ [ [ -178.142, -14.244 ], [ -178.047, -14.319 ], [ -178.147, -14.31 ], [ -178.142, -14.244 ] ] ], [ [ [ -172.061, -13.906 ], [ -172.044, -13.846 ], [ -171.88, -13.805 ], [ -171.568, -13.897 ], [ -171.564, -13.949 ], [ -171.438, -14.006 ], [ -171.441, -14.052 ], [ -171.743, -14.052 ], [ -171.941, -13.99 ], [ -172.061, -13.906 ] ] ], [ [ [ -172.597, -13.701 ], [ -172.783, -13.52 ], [ -172.639, -13.522 ], [ -172.366, -13.463 ], [ -172.281, -13.494 ], [ -172.201, -13.593 ], [ -172.181, -13.702 ], [ -172.213, -13.801 ], [ -172.298, -13.77 ], [ -172.523, -13.805 ], [ -172.597, -13.701 ] ] ], [ [ [ -176.155, -13.209 ], [ -176.142, -13.336 ], [ -176.2, -13.291 ], [ -176.155, -13.209 ] ] ], [ [ [ -156.893, 20.914 ], [ -156.848, 20.877 ], [ -156.831, 20.764 ], [ -156.962, 20.732 ], [ -157.055, 20.911 ], [ -156.893, 20.914 ] ] ], [ [ [ -156.756, 21.096 ], [ -156.87, 21.053 ], [ -157.072, 21.099 ], [ -157.273, 21.087 ], [ -157.26, 21.222 ], [ -156.897, 21.165 ], [ -156.749, 21.171 ], [ -156.756, 21.096 ] ] ], [ [ [ -157.707, 21.352 ], [ -157.647, 21.306 ], [ -157.795, 21.255 ], [ -157.999, 21.311 ], [ -158.094, 21.294 ], [ -158.279, 21.575 ], [ -158.121, 21.586 ], [ -157.962, 21.705 ], [ -157.836, 21.534 ], [ -157.842, 21.461 ], [ -157.707, 21.352 ] ] ], [ [ [ -160.235, 21.793 ], [ -160.234, 21.874 ], [ -160.114, 22.0 ], [ -160.06, 22.001 ], [ -160.085, 21.894 ], [ -160.235, 21.793 ] ] ], [ [ [ -159.605, 21.892 ], [ -159.76, 21.979 ], [ -159.787, 22.066 ], [ -159.717, 22.158 ], [ -159.548, 22.231 ], [ -159.4, 22.235 ], [ -159.301, 22.151 ], [ -159.334, 21.958 ], [ -159.437, 21.869 ], [ -159.605, 21.892 ] ] ], [ [ [ -140.679, -17.78 ], [ -140.785, -17.859 ], [ -140.839, -17.843 ], [ -140.782, -17.752 ], [ -140.652, -17.684 ], [ -140.679, -17.78 ] ] ], [ [ [ -149.588, -17.731 ], [ -149.642, -17.601 ], [ -149.604, -17.526 ], [ -149.43, -17.502 ], [ -149.354, -17.54 ], [ -149.304, -17.712 ], [ -149.183, -17.731 ], [ -149.19, -17.869 ], [ -149.276, -17.845 ], [ -149.343, -17.725 ], [ -149.45, -17.759 ], [ -149.588, -17.731 ] ] ], [ [ [ -149.862, -17.567 ], [ -149.937, -17.512 ], [ -149.797, -17.464 ], [ -149.862, -17.567 ] ] ], [ [ [ -151.479, -16.738 ], [ -151.352, -16.859 ], [ -151.458, -16.903 ], [ -151.479, -16.738 ] ] ], [ [ [ -138.62, -10.511 ], [ -138.686, -10.542 ], [ -138.699, -10.426 ], [ -138.62, -10.511 ] ] ], [ [ [ -138.869, -9.792 ], [ -139.055, -9.806 ], [ -139.062, -9.854 ], [ -139.169, -9.761 ], [ -139.051, -9.701 ], [ -138.837, -9.741 ], [ -138.869, -9.792 ] ] ], [ [ [ -140.159, -9.372 ], [ -140.077, -9.323 ], [ -140.063, -9.436 ], [ -140.159, -9.372 ] ] ], [ [ [ -139.514, -8.884 ], [ -139.613, -8.939 ], [ -139.597, -8.858 ], [ -139.514, -8.884 ] ] ], [ [ [ -140.049, -8.823 ], [ -140.056, -8.879 ], [ -140.228, -8.927 ], [ -140.248, -8.787 ], [ -140.049, -8.823 ] ] ], [ [ [ 179.191, -8.542 ], [ 179.204, -8.519 ], [ 179.199, -8.461 ], [ 179.218, -8.521 ], [ 179.191, -8.542 ] ] ], [ [ [ -155.883, 20.105 ], [ -155.867, 20.263 ], [ -155.738, 20.244 ], [ -155.586, 20.123 ], [ -155.332, 20.047 ], [ -155.168, 19.947 ], [ -155.087, 19.86 ], [ -155.085, 19.727 ], [ -155.019, 19.746 ], [ -154.9, 19.567 ], [ -154.817, 19.48 ], [ -154.982, 19.339 ], [ -155.203, 19.256 ], [ -155.291, 19.26 ], [ -155.503, 19.138 ], [ -155.675, 18.906 ], [ -155.878, 19.029 ], [ -155.92, 19.139 ], [ -155.886, 19.334 ], [ -155.982, 19.608 ], [ -156.06, 19.731 ], [ -155.926, 19.869 ], [ -155.824, 20.02 ], [ -155.883, 20.105 ] ] ], [ [ [ -156.562, 20.598 ], [ -156.545, 20.513 ], [ -156.701, 20.525 ], [ -156.562, 20.598 ] ] ], [ [ [ -156.696, 20.916 ], [ -156.666, 21.003 ], [ -156.542, 21.003 ], [ -156.482, 20.904 ], [ -156.298, 20.953 ], [ -156.119, 20.836 ], [ -156.002, 20.8 ], [ -156.003, 20.686 ], [ -156.303, 20.581 ], [ -156.408, 20.587 ], [ -156.464, 20.781 ], [ -156.62, 20.807 ], [ -156.696, 20.916 ] ] ] ] } },
{ "type": "Feature", "properties": { "id": "badajoz_emirate", "colorId": "badajoz", "name": "Бадахос", "parent": null }, "geometry": { "type": "MultiPolygon", "coordinates": [ [ [ [ -5.514992609017838, 40.438228513378284 ], [ -5.512331101563638, 40.190708320137638 ], [ -5.825058227432189, 39.945849634351198 ], [ -5.920872495783404, 39.671714366568544 ], [ -5.920872495783404, 39.432178695690503 ], [ -6.006040734317818, 39.224581114262875 ], [ -6.008702241772021, 39.027629562652052 ], [ -5.934180033054409, 38.926492279392434 ], [ -5.534953914924345, 38.857293085583223 ], [ -5.399217034760124, 38.756155802323612 ], [ -5.356632915492916, 38.673649071243396 ], [ -5.356632915492916, 38.572511787983778 ], [ -5.489708288202938, 38.412821340731753 ], [ -5.617460646004558, 38.407498325823354 ], [ -5.782474108164984, 38.279745968021729 ], [ -6.037978823768224, 38.237161848754525 ], [ -6.527696195341102, 38.269099938204931 ], [ -6.926922313471166, 38.269099938204931 ], [ -7.091935775631592, 38.178608684762118 ], [ -7.427285714860846, 38.109409490952906 ], [ -7.666821385738883, 37.971011103334483 ], [ -7.83715786280771, 38.002949192784889 ], [ -8.09266257841095, 37.917780954250475 ], [ -8.183153831853765, 37.800674626265653 ], [ -8.422689502731803, 37.683568298280839 ], [ -8.629306339618029, 37.688263217573265 ], [ -8.816592605953465, 37.843258745532864 ], [ -8.821, 37.927 ], [ -8.895, 37.953 ], [ -8.774, 38.187 ], [ -8.795, 38.359 ], [ -8.943, 38.481 ], [ -9.049, 38.441 ], [ -9.2, 38.412 ], [ -9.184, 38.552 ], [ -9.253, 38.665 ], [ -9.492, 38.708 ], [ -9.492, 38.819 ], [ -9.423, 38.931 ], [ -9.437, 39.029 ], [ -9.341, 39.267 ], [ -9.398, 39.378 ], [ -9.24, 39.42 ], [ -9.09, 39.579 ], [ -9.072, 39.68 ], [ -8.868, 40.125 ], [ -8.865, 40.275 ], [ -8.753, 40.641 ], [ -8.701, 40.778 ], [ -8.655, 40.994 ], [ -8.666, 41.133 ], [ -8.737, 41.25 ], [ -8.518360803828335, 41.146518093089647 ], [ -8.286015295933389, 41.065516906851045 ], [ -8.115486482799485, 41.123070381283739 ], [ -7.966273771307318, 41.125201991447909 ], [ -7.804271398830108, 41.197676737029823 ], [ -7.567662670606815, 41.197676737029816 ], [ -7.354501654189434, 41.233914109820773 ], [ -7.218078603682311, 41.150781313417994 ], [ -7.045418180384232, 41.150781313417994 ], [ -6.874889367250328, 41.056990466194343 ], [ -6.746992757399898, 41.052727245866002 ], [ -6.717150215101465, 40.99091055110496 ], [ -6.608247447199676, 40.914537539537726 ], [ -6.406367178317218, 40.830420760836702 ], [ -6.360102950031655, 40.737892304265579 ], [ -6.111958452863632, 40.636952169824347 ], [ -5.905872345046123, 40.603305458343939 ], [ -5.775491338059535, 40.510777001772809 ], [ -5.514992609017838, 40.438228513378284 ] ] ] ] } },
{ "type": "Feature", "properties": { "id": "kara_khanid", "colorId": "khitan", "name": "Караханидское ханство", "parent": null }, "geometry": { "type": "MultiPolygon", "coordinates": [ [ [ [ 80.800005628970268, 47.223557256821934 ], [ 81.651688014314431, 47.053220779753111 ], [ 82.574343931770571, 46.783521357727473 ], [ 83.397636904269902, 46.471237816434623 ], [ 84.47643459237247, 45.832476027426523 ], [ 85.157780500647789, 45.264687770530429 ], [ 85.668789931854263, 44.696899513634342 ], [ 86.108825830948732, 44.058137724626235 ], [ 86.350135840129582, 43.504544174152549 ], [ 86.506277610775996, 42.87997709156685 ], [ 86.563056436465615, 42.212825889713947 ], [ 86.492082904353595, 41.531479981438636 ], [ 86.307551720862364, 40.93530231169774 ], [ 86.023657592414338, 40.182982871310422 ], [ 85.626205812587074, 39.558415788724723 ], [ 85.200364619915007, 39.061601063940643 ], [ 84.41965576668288, 38.309281623553325 ], [ 83.383442197847515, 37.642130421700415 ], [ 82.829848647373822, 37.372430999674776 ], [ 82.020750381296892, 37.088536871226729 ], [ 80.998731518883929, 36.847226862045893 ], [ 79.856057651880576, 36.712377151033067 ], [ 78.188179647248319, 36.797545389567475 ], [ 76.640956647206465, 37.223386582239542 ], [ 74.994370702207803, 37.556962183166 ], [ 74.149785670074863, 37.592448949222003 ], [ 74.000741252639642, 37.52147541710999 ], [ 73.532315940700371, 37.556962183166 ], [ 73.276811225097134, 37.336944233618766 ], [ 72.950332977381876, 37.194997169394739 ], [ 72.623854729666633, 36.9252977473691 ], [ 72.35415530764098, 36.868518921679488 ], [ 72.041871766348137, 36.620111559287452 ], [ 71.857340582856907, 36.556235380386639 ], [ 71.676358075971265, 36.588173469837038 ], [ 71.611, 36.705 ], [ 71.463, 36.948 ], [ 71.431, 37.067 ], [ 71.487, 37.267 ], [ 71.497, 37.567 ], [ 71.538, 37.779 ], [ 71.598, 37.898 ], [ 71.501, 37.946 ], [ 71.341, 37.893 ], [ 71.258, 37.926 ], [ 71.365, 38.207 ], [ 71.334, 38.281 ], [ 71.035445854530437, 38.412447869102181 ], [ 70.982275742561399, 38.613312736540784 ], [ 70.350142189151683, 39.050489212730689 ], [ 70.20244743368211, 39.345878723669813 ], [ 70.054752678212552, 39.594005912858677 ], [ 69.534867138959697, 40.078444710798841 ], [ 69.452158075896733, 40.302940739112579 ], [ 69.257200998676907, 40.362018641300402 ], [ 69.254130189801998, 40.633064461172637 ], [ 68.881939406018688, 41.011163035174718 ], [ 68.19663574063992, 41.271105804801145 ], [ 68.332514915671922, 41.477878462458534 ], [ 68.255713642827743, 41.773267973397658 ], [ 68.503840832016621, 42.281337932212963 ], [ 68.373869447203404, 43.002088338904429 ], [ 68.090295516701843, 43.108428562842512 ], [ 68.023832876740542, 43.355078804476669 ], [ 67.684134939160543, 43.476188503961716 ], [ 67.306036365158462, 43.990166252995792 ], [ 66.756611874811682, 44.037428574746052 ], [ 66.029953677901432, 44.787717932531415 ], [ 65.510068138648577, 45.059476282595412 ], [ 64.724332039550504, 45.154000926095932 ], [ 64.399403577517461, 45.484837178347746 ], [ 64.074475115484432, 45.55573066097314 ], [ 63.98585826220269, 45.792042269724426 ], [ 64.798179417285297, 46.087431780663572 ], [ 65.570739902156532, 46.429319195990004 ], [ 67.230828953634415, 46.45885814708393 ], [ 69.180399725832643, 46.872403462398722 ], [ 71.372189897000979, 46.801509979773328 ], [ 73.640781341013479, 47.191424134212966 ], [ 79.834765592246924, 47.266141376089145 ], [ 80.800005628970268, 47.223557256821934 ] ] ] ] } },
{ "type": "Feature", "properties": { "id": "volhynia", "colorId": "volhynia", "name": "Волынь", "parent": null }, "geometry": { "type": "MultiPolygon", "coordinates": [ [ [ [ 22.531868726491389, 50.384523148190929 ], [ 22.803350198166196, 50.973539401487059 ], [ 22.751831946085151, 51.209051411000424 ], [ 22.747163361982707, 51.367960848842927 ], [ 22.81806969876078, 52.003904443108013 ], [ 22.913746452625585, 52.22469695202679 ], [ 22.906386702328291, 52.651562469269756 ], [ 23.179701614377823, 52.999393184507205 ], [ 23.894544230850506, 53.164811310633112 ], [ 24.615294637541975, 53.093917828007726 ], [ 25.404102084679039, 52.690456079473421 ], [ 26.384975151649382, 50.765550248517563 ], [ 27.016807243366156, 50.498835507311725 ], [ 27.49183053158082, 50.116300184470404 ], [ 28.802466960285884, 49.537171840532068 ], [ 29.4501285831298, 49.118738769593584 ], [ 29.315502290740895, 48.75852247374219 ], [ 28.831575347829432, 48.522016824950875 ], [ 28.580515505266341, 48.292788273045446 ], [ 28.3967604241085, 48.070117909205216 ], [ 28.234363235171209, 48.653171377198994 ], [ 26.99151186789484, 49.065239744959079 ], [ 26.200606452355331, 49.357675360788811 ], [ 24.66531946924923, 49.384260416773323 ], [ 23.980754277647808, 49.636818448626279 ], [ 23.429114365968992, 50.115349456347658 ], [ 22.531868726491389, 50.384523148190929 ] ] ] ] } },
{ "type": "Feature", "properties": { "id": "apulia_and_calabria", "colorId": "apulia", "name": "Апулия и Калабрия", "parent": null }, "geometry": { "type": "MultiPolygon", "coordinates": [ [ [ [ 17.104, 38.899 ], [ 16.981, 38.937 ], [ 16.839, 38.918 ], [ 16.611, 38.817 ], [ 16.539, 38.723 ], [ 16.57, 38.43 ], [ 16.34, 38.301 ], [ 16.169, 38.143 ], [ 16.09, 37.949 ], [ 16.001, 37.919 ], [ 15.761, 37.925 ], [ 15.666, 37.967 ], [ 15.624, 38.092 ], [ 15.651, 38.241 ], [ 15.786, 38.278 ], [ 15.905, 38.474 ], [ 15.844, 38.66 ], [ 16.003, 38.725 ], [ 16.179, 38.748 ], [ 16.22, 38.899 ], [ 16.083, 39.075 ], [ 15.995, 39.439 ], [ 15.868, 39.564 ], [ 15.936536804655701, 39.581916232586053 ], [ 16.021801211222652, 39.726865723749874 ], [ 16.211514515834121, 39.803603689660129 ], [ 16.492, 39.805 ], [ 16.516, 39.69 ], [ 16.625, 39.625 ], [ 16.75, 39.62 ], [ 16.846, 39.553 ], [ 17.159, 39.406 ], [ 17.122, 39.338 ], [ 17.122, 39.121 ], [ 17.206, 39.029 ], [ 17.104, 38.899 ] ] ], [ [ [ 15.537925703955194, 40.948278347821464 ], [ 14.87392913781505, 40.94827834782145 ], [ 14.650014632882028, 40.982005654729264 ], [ 14.658997220552685, 41.076322825271156 ], [ 14.82517509245983, 41.240255050260636 ], [ 14.77127956643589, 41.505241386544995 ], [ 15.130583073262148, 41.662436670781481 ], [ 15.193461186956743, 41.806158073511988 ], [ 15.296760945169297, 41.860053599535924 ], [ 15.300882167796262, 41.91913396025231 ], [ 15.446, 41.907 ], [ 16.027, 41.944 ], [ 16.14, 41.92 ], [ 16.193, 41.791 ], [ 15.925, 41.64 ], [ 15.912, 41.503 ], [ 16.022, 41.428 ], [ 16.501822880835665, 41.242613888336095 ], [ 16.346752514378302, 41.137245562050857 ], [ 16.215382169752512, 40.970506278487356 ], [ 16.023379358376356, 40.849241344986595 ], [ 15.894469806954451, 40.802485482190207 ], [ 15.537925703955194, 40.948278347821464 ] ] ] ] } },
{ "type": "Feature", "properties": { "id": "chola1000", "colorId": "chola", "name": "Чола", "parent": null }, "geometry": { "type": "MultiPolygon", "coordinates": [ [ [ [ 75.4, 11.92 ], [ 75.194, 12.022 ], [ 75.131, 12.208 ], [ 74.955, 12.537 ], [ 74.851, 12.826 ], [ 74.818, 12.862 ], [ 74.677, 13.527 ], [ 74.66, 13.66 ], [ 74.584, 13.904 ], [ 74.505, 14.01 ], [ 74.433028307009181, 14.291061869706551 ], [ 75.009570053714214, 14.583767679569261 ], [ 75.129301038414823, 14.786389345985668 ], [ 75.313502553338822, 14.892305217066973 ], [ 75.511519181882136, 14.892305217066973 ], [ 75.727955961917843, 14.989011012402075 ], [ 75.902947401095645, 15.122557110721981 ], [ 76.170039597735453, 15.35741404225009 ], [ 76.46936705948697, 15.389649307361791 ], [ 76.731854218253673, 15.486355102696896 ], [ 76.879215430192886, 15.748842261463606 ], [ 77.095652210228593, 15.933043776387613 ], [ 77.39497967198011, 15.983699192991715 ], [ 77.933769103132818, 15.87317828403731 ], [ 78.030474898467929, 15.822522867433209 ], [ 78.343617473838748, 16.025144533849616 ], [ 78.721230579432955, 16.085010026199917 ], [ 78.945071960786038, 16.154372296282009 ], [ 79.03487019931147, 16.182002523520612 ], [ 79.239794384664449, 16.384624189937018 ], [ 79.290449801268551, 16.495145098891424 ], [ 79.410180785969146, 16.578035780607227 ], [ 79.630388460205353, 16.658661506891583 ], [ 79.941932085023964, 16.706016137864012 ], [ 80.031656648971719, 16.845587681782749 ], [ 80.45037128072795, 17.194516541579592 ], [ 80.948841080437717, 17.54843009937353 ], [ 81.247922960263566, 17.683016945295169 ], [ 81.482078402969549, 17.676680379715311 ], [ 81.948190498669632, 17.415202862615264 ], [ 82.080824021836335, 17.41141333338193 ], [ 82.217247074236354, 17.2522531055819 ], [ 82.299, 17.03 ], [ 82.268, 16.867 ], [ 82.362, 16.859 ], [ 82.307, 16.58 ], [ 81.993, 16.408 ], [ 81.763, 16.323 ], [ 81.411, 16.383 ], [ 81.249, 16.32 ], [ 81.155, 15.986 ], [ 80.999, 15.847 ], [ 81.005, 15.779 ], [ 80.89, 15.895 ], [ 80.807, 15.716 ], [ 80.776, 15.884 ], [ 80.67, 15.908 ], [ 80.554, 15.881 ], [ 80.36, 15.776 ], [ 80.263, 15.675 ], [ 80.091, 15.305 ], [ 80.055, 15.014 ], [ 80.111, 14.705 ], [ 80.197, 14.565 ], [ 80.175, 14.345 ], [ 80.128, 14.257 ], [ 80.164, 13.988 ], [ 80.237, 13.84 ], [ 80.221, 13.697 ], [ 80.31, 13.479 ], [ 80.142, 13.729 ], [ 80.053, 13.619 ], [ 80.119, 13.501 ], [ 80.22, 13.488 ], [ 80.348, 13.349 ], [ 80.286, 13.068 ], [ 80.229, 12.675 ], [ 80.156, 12.475 ], [ 79.862, 12.022 ], [ 79.786, 11.769 ], [ 79.752, 11.577 ], [ 79.786, 11.426 ], [ 79.696, 11.303 ], [ 79.833, 11.342 ], [ 79.855, 11.16 ], [ 79.841, 10.95 ], [ 79.847674948477376, 10.784290207133669 ], [ 79.864, 10.379 ], [ 79.851, 10.282 ], [ 79.633, 10.329 ], [ 79.76, 10.258 ], [ 79.58, 10.296 ], [ 79.587, 10.344 ], [ 79.398, 10.325 ], [ 79.305, 10.268 ], [ 79.236, 10.167 ], [ 79.279, 10.036 ], [ 79.2, 9.97 ], [ 79.114658284690421, 9.851924445674781 ], [ 78.981, 9.667 ], [ 78.913, 9.474 ], [ 79.04, 9.315 ], [ 79.252, 9.289 ], [ 79.32, 9.323 ], [ 79.424, 9.159 ], [ 79.293, 9.25 ], [ 78.957, 9.275 ], [ 78.619, 9.141 ], [ 78.45, 9.117 ], [ 78.24, 8.966 ], [ 78.178, 8.861 ], [ 78.169, 8.734 ], [ 78.115, 8.658 ], [ 78.128, 8.488 ], [ 78.063, 8.373 ], [ 77.511, 8.076 ], [ 77.316, 8.128 ], [ 76.996, 8.368 ], [ 76.696, 8.74 ], [ 76.559, 8.891 ], [ 76.363, 9.325 ], [ 76.312, 9.493 ], [ 76.261, 9.885 ], [ 76.346, 9.816 ], [ 76.394, 9.679 ], [ 76.357, 9.521 ], [ 76.503, 9.535 ], [ 76.407, 9.569 ], [ 76.415, 9.683 ], [ 76.359, 9.915 ], [ 76.243, 9.987 ], [ 76.052, 10.514 ], [ 75.922, 10.766 ], [ 75.833, 11.098 ], [ 75.695, 11.42 ], [ 75.617, 11.474 ], [ 75.531, 11.694 ], [ 75.308, 11.932 ], [ 75.4, 11.92 ] ] ], [ [ [ 80.943, 15.741 ], [ 80.869, 15.812 ], [ 80.968, 15.795 ], [ 80.943, 15.741 ] ] ] ] } },
{ "type": "Feature", "properties": { "id": "norwegian_greenland", "colorId": "norway", "name": "норвежцы", "parent": null }, "geometry": { "type": "MultiPolygon", "coordinates": [ [ [ [ -47.160176140662195, 66.06472934310554 ], [ -40.604, 64.683 ], [ -43.138, 60.081 ], [ -44.975, 60.04 ], [ -48.195, 60.814 ], [ -50.308, 62.491 ], [ -52.161, 64.256 ], [ -53.65, 66.124 ], [ -53.965, 67.078 ], [ -53.34, 68.272 ], [ -51.569, 68.524 ], [ -47.160176140662195, 66.06472934310554 ] ] ] ] } },
{ "type": "Feature", "properties": { "id": "chauhan971", "colorId": "chauhan", "name": "Чаухан", "parent": null }, "geometry": { "type": "MultiPolygon", "coordinates": [ [ [ [ 76.520198433362452, 29.619555314780687 ], [ 76.781585695360164, 29.330128358736129 ], [ 76.979260125307576, 28.976837888191827 ], [ 77.033936031463242, 28.602518222972268 ], [ 77.30731556224157, 28.350167886869198 ], [ 77.482245146802299, 28.353442023517879 ], [ 77.482245146802299, 28.054360143692016 ], [ 77.626801388718135, 27.830048733822615 ], [ 77.626801388718135, 27.615706719947411 ], [ 77.77634232863106, 27.371456518089623 ], [ 77.995669040503358, 27.291701350136059 ], [ 78.125271188427888, 27.177053296202807 ], [ 78.234934544364052, 27.147145108220222 ], [ 78.275995406221426, 27.020079145614421 ], [ 77.774765488463942, 26.792777206166257 ], [ 77.553291803873435, 26.326516817554644 ], [ 77.296848590137046, 26.279890778693485 ], [ 77.122000944407688, 26.19829521068645 ], [ 76.579973242646687, 25.825286899797156 ], [ 76.410953851774977, 25.516389392341964 ], [ 76.20113667689975, 25.207491884886768 ], [ 75.933036953448067, 25.102583297449158 ], [ 75.433264099405008, 24.630494653979909 ], [ 75.159336121095677, 24.630494653979905 ], [ 74.499286258467393, 25.265774433463232 ], [ 74.02719761499813, 25.924367232377126 ], [ 73.840693459553478, 26.291547288408783 ], [ 73.438543874375966, 26.769464186735689 ], [ 73.349930507208285, 27.027512356289865 ], [ 73.27017533925472, 27.984574371732631 ], [ 73.479532655132829, 28.353442023517864 ], [ 73.958063662854215, 28.552829943401772 ], [ 74.247176146685888, 28.64255450734953 ], [ 74.685829570430485, 28.682432091326312 ], [ 74.989896148253436, 28.861881219221836 ], [ 75.094574806192497, 29.066253837102842 ], [ 75.513289437948714, 29.160963099047695 ], [ 75.902095881722332, 29.390259206914191 ], [ 76.520198433362452, 29.619555314780687 ] ] ] ] } },
{ "type": "Feature", "properties": { "id": "japan269", "colorId": "japan", "name": "Япония", "parent": null }, "geometry": { "type": "MultiPolygon", "coordinates": [ [ [ [ 130.675, 30.375 ], [ 130.577, 30.236 ], [ 130.438, 30.239 ], [ 130.376, 30.394 ], [ 130.499, 30.468 ], [ 130.675, 30.375 ] ] ], [ [ [ 130.939, 30.672 ], [ 131.052, 30.84 ], [ 131.088, 30.783 ], [ 131.036, 30.557 ], [ 130.962, 30.373 ], [ 130.87, 30.344 ], [ 130.851, 30.47 ], [ 130.93, 30.541 ], [ 130.939, 30.672 ] ] ], [ [ [ 129.659, 31.642 ], [ 129.783, 31.8 ], [ 129.729, 31.644 ], [ 129.659, 31.642 ] ] ], [ [ [ 129.995, 32.191 ], [ 129.975, 32.355 ], [ 130.033, 32.522 ], [ 130.16, 32.546 ], [ 130.203, 32.339 ], [ 129.995, 32.191 ] ] ], [ [ [ 130.242, 32.395 ], [ 130.219, 32.456 ], [ 130.41, 32.512 ], [ 130.393, 32.397 ], [ 130.242, 32.395 ] ] ], [ [ [ 131.51, 33.273 ], [ 131.903, 33.266 ], [ 131.81, 33.128 ], [ 131.93, 33.047 ], [ 131.903, 32.983 ], [ 132.025, 32.924 ], [ 131.882, 32.783 ], [ 131.66, 32.477 ], [ 131.447, 31.877 ], [ 131.475, 31.762 ], [ 131.338, 31.373 ], [ 131.213, 31.455 ], [ 131.072, 31.45 ], [ 131.014, 31.363 ], [ 131.132, 31.28 ], [ 131.008, 31.221 ], [ 130.924, 31.113 ], [ 130.658, 31.003 ], [ 130.743, 31.121 ], [ 130.795, 31.344 ], [ 130.703, 31.459 ], [ 130.696, 31.546 ], [ 130.591, 31.586 ], [ 130.712, 31.614 ], [ 130.759, 31.564 ], [ 130.805, 31.687 ], [ 130.686, 31.726 ], [ 130.613, 31.682 ], [ 130.529, 31.513 ], [ 130.573, 31.315 ], [ 130.66, 31.271 ], [ 130.64, 31.186 ], [ 130.522, 31.169 ], [ 130.451, 31.249 ], [ 130.222, 31.246 ], [ 130.197, 31.354 ], [ 130.293, 31.445 ], [ 130.336, 31.626 ], [ 130.171, 31.79 ], [ 130.22, 31.93 ], [ 130.18, 32.093 ], [ 130.279, 32.101 ], [ 130.431, 32.257 ], [ 130.599, 32.505 ], [ 130.57, 32.555 ], [ 130.668, 32.649 ], [ 130.448, 32.621 ], [ 130.626, 32.704 ], [ 130.593, 32.816 ], [ 130.433, 32.942 ], [ 130.422, 33.083 ], [ 130.241, 33.188 ], [ 130.132, 33.102 ], [ 130.222, 32.975 ], [ 130.105, 32.876 ], [ 130.339, 32.857 ], [ 130.361, 32.688 ], [ 130.166, 32.593 ], [ 130.128, 32.684 ], [ 130.21, 32.733 ], [ 130.178, 32.793 ], [ 129.955, 32.745 ], [ 129.786, 32.583 ], [ 129.834, 32.694 ], [ 129.733, 32.806 ], [ 129.632, 32.979 ], [ 129.682, 33.094 ], [ 129.823, 32.98 ], [ 129.794, 32.875 ], [ 130.003, 32.845 ], [ 129.931, 32.929 ], [ 129.946, 33.016 ], [ 129.746, 33.066 ], [ 129.646, 33.197 ], [ 129.564, 33.211 ], [ 129.592, 33.381 ], [ 129.807, 33.348 ], [ 129.852, 33.28 ], [ 129.869, 33.397 ], [ 129.787, 33.455 ], [ 129.853, 33.553 ], [ 130.017, 33.446 ], [ 130.156, 33.525 ], [ 130.092, 33.566 ], [ 130.16, 33.63 ], [ 130.391, 33.605 ], [ 130.489, 33.855 ], [ 130.684, 33.934 ], [ 130.828, 33.94 ], [ 130.914, 33.891 ], [ 131.007, 33.966 ], [ 131.01, 33.746 ], [ 131.064, 33.653 ], [ 131.284, 33.582 ], [ 131.418, 33.582 ], [ 131.521, 33.676 ], [ 131.667, 33.667 ], [ 131.73, 33.58 ], [ 131.697, 33.406 ], [ 131.498, 33.341 ], [ 131.51, 33.273 ] ] ], [ [ [ 128.808, 32.8 ], [ 128.878, 32.674 ], [ 128.899, 32.643 ], [ 128.653, 32.591 ], [ 128.642, 32.761 ], [ 128.808, 32.8 ] ] ], [ [ [ 129.093, 32.907 ], [ 128.979, 32.948 ], [ 129.124, 33.109 ], [ 129.098, 32.988 ], [ 129.176, 32.967 ], [ 129.093, 32.907 ] ] ], [ [ [ 129.447, 33.199 ], [ 129.376, 33.17 ], [ 129.443, 33.348 ], [ 129.556, 33.411 ], [ 129.447, 33.199 ] ] ], [ [ [ 129.657, 33.743 ], [ 129.689, 33.871 ], [ 129.776, 33.773 ], [ 129.721, 33.698 ], [ 129.657, 33.743 ] ] ], [ [ [ 129.277, 34.129 ], [ 129.172, 34.107 ], [ 129.199, 34.316 ], [ 129.313, 34.28 ], [ 129.277, 34.129 ] ] ], [ [ [ 129.388, 34.367 ], [ 129.272, 34.356 ], [ 129.323, 34.648 ], [ 129.423, 34.695 ], [ 129.453, 34.619 ], [ 129.388, 34.367 ] ] ], [ [ [ 139.877, 33.088 ], [ 139.788, 33.058 ], [ 139.791, 33.135 ], [ 139.877, 33.088 ] ] ], [ [ [ 132.42, 33.304 ], [ 132.381, 33.466 ], [ 132.308, 33.464 ], [ 132.011, 33.349 ], [ 132.155, 33.437 ], [ 132.412, 33.535 ], [ 132.501, 33.625 ], [ 132.677, 33.716 ], [ 132.712, 33.905 ], [ 132.77, 33.996 ], [ 132.919, 34.068 ], [ 132.942, 34.141 ], [ 133.087, 33.949 ], [ 133.147, 33.932 ], [ 133.323, 33.991 ], [ 133.511, 33.965 ], [ 133.621, 34.046 ], [ 133.641, 34.185 ], [ 133.558, 34.259 ], [ 133.701, 34.231 ], [ 133.947, 34.376 ], [ 134.081, 34.348 ], [ 134.153, 34.386 ], [ 134.258, 34.294 ], [ 134.44, 34.208 ], [ 134.647, 34.239 ], [ 134.595, 34.046 ], [ 134.696, 33.952 ], [ 134.69, 33.828 ], [ 134.376, 33.636 ], [ 134.273, 33.508 ], [ 134.19, 33.248 ], [ 133.925, 33.494 ], [ 133.739, 33.538 ], [ 133.608, 33.516 ], [ 133.455, 33.415 ], [ 133.269, 33.347 ], [ 133.253, 33.219 ], [ 133.097, 33.048 ], [ 133.018, 33.024 ], [ 133.002, 32.869 ], [ 132.955, 32.815 ], [ 133.028, 32.721 ], [ 132.915, 32.778 ], [ 132.812, 32.74 ], [ 132.623, 32.799 ], [ 132.709, 32.909 ], [ 132.472, 32.934 ], [ 132.501, 32.993 ], [ 132.424, 33.199 ], [ 132.548, 33.227 ], [ 132.42, 33.304 ] ] ], [ [ [ 132.236, 33.869 ], [ 132.254, 33.95 ], [ 132.381, 33.886 ], [ 132.236, 33.869 ] ] ], [ [ [ 132.519, 34.174 ], [ 132.555, 34.071 ], [ 132.455, 34.088 ], [ 132.519, 34.174 ] ] ], [ [ [ 135.003, 34.608 ], [ 135.03, 34.579 ], [ 134.903, 34.419 ], [ 134.958, 34.27 ], [ 134.729, 34.191 ], [ 134.657, 34.288 ], [ 134.799, 34.447 ], [ 135.003, 34.608 ] ] ], [ [ [ 134.367, 34.554 ], [ 134.347, 34.431 ], [ 134.262, 34.421 ], [ 134.175, 34.52 ], [ 134.367, 34.554 ] ] ], [ [ [ 139.454, 34.679 ], [ 139.359, 34.702 ], [ 139.418, 34.781 ], [ 139.454, 34.679 ] ] ], [ [ [ 138.047, 34.655 ], [ 137.792, 34.639 ], [ 137.684, 34.671 ], [ 137.428, 34.668 ], [ 137.141, 34.589 ], [ 137.016, 34.579 ], [ 137.324, 34.767 ], [ 137.223, 34.816 ], [ 136.916, 34.776 ], [ 136.971, 34.696 ], [ 136.856, 34.74 ], [ 136.823, 34.955 ], [ 136.88, 35.044 ], [ 136.659, 34.984 ], [ 136.616, 34.854 ], [ 136.535, 34.766 ], [ 136.54, 34.616 ], [ 136.633, 34.591 ], [ 136.916, 34.434 ], [ 136.9, 34.283 ], [ 136.703, 34.295 ], [ 136.472, 34.239 ], [ 136.299, 34.154 ], [ 136.219, 34.068 ], [ 136.28, 34.017 ], [ 136.199, 33.921 ], [ 136.069, 33.847 ], [ 135.96, 33.593 ], [ 135.766, 33.482 ], [ 135.445, 33.551 ], [ 135.328, 33.671 ], [ 135.402, 33.701 ], [ 135.233, 33.782 ], [ 135.153, 33.876 ], [ 135.065, 33.886 ], [ 135.076, 33.977 ], [ 135.163, 34.04 ], [ 135.094, 34.068 ], [ 135.187, 34.136 ], [ 135.061, 34.267 ], [ 135.32, 34.429 ], [ 135.414, 34.558 ], [ 135.341, 34.709 ], [ 135.242, 34.651 ], [ 134.96, 34.644 ], [ 134.744, 34.767 ], [ 134.381, 34.74 ], [ 134.155, 34.637 ], [ 133.983, 34.529 ], [ 133.936, 34.451 ], [ 133.7, 34.526 ], [ 133.47, 34.424 ], [ 133.422, 34.445 ], [ 133.341, 34.348 ], [ 133.247, 34.426 ], [ 133.203, 34.289 ], [ 133.093, 34.253 ], [ 133.079, 34.382 ], [ 133.018, 34.323 ], [ 132.836, 34.311 ], [ 132.771, 34.235 ], [ 132.566, 34.192 ], [ 132.497, 34.362 ], [ 132.383, 34.366 ], [ 132.223, 34.239 ], [ 132.213, 33.99 ], [ 132.143, 33.946 ], [ 132.15, 33.83 ], [ 132.041, 33.776 ], [ 132.099, 33.872 ], [ 131.972, 33.917 ], [ 131.741, 34.056 ], [ 131.39, 34.04 ], [ 131.272, 33.927 ], [ 131.178, 33.93 ], [ 131.036, 34.048 ], [ 130.932, 33.945 ], [ 130.862, 34.113 ], [ 130.923, 34.184 ], [ 130.872, 34.279 ], [ 130.955, 34.403 ], [ 131.253, 34.437 ], [ 131.209, 34.369 ], [ 131.414, 34.424 ], [ 131.455, 34.519 ], [ 131.597, 34.66 ], [ 131.79, 34.686 ], [ 132.236, 35.035 ], [ 132.317, 35.062 ], [ 132.408, 35.175 ], [ 132.639, 35.295 ], [ 132.635, 35.441 ], [ 132.97, 35.517 ], [ 133.091, 35.601 ], [ 133.156, 35.563 ], [ 133.326, 35.569 ], [ 133.265, 35.496 ], [ 133.417, 35.457 ], [ 133.58, 35.534 ], [ 133.731, 35.503 ], [ 134.238, 35.547 ], [ 134.537, 35.672 ], [ 134.927, 35.641 ], [ 135.084, 35.739 ], [ 135.227, 35.772 ], [ 135.304, 35.689 ], [ 135.188, 35.565 ], [ 135.335, 35.508 ], [ 135.452, 35.572 ], [ 135.558, 35.492 ], [ 135.649, 35.543 ], [ 135.724, 35.491 ], [ 135.81, 35.527 ], [ 135.816, 35.631 ], [ 135.981, 35.63 ], [ 135.956, 35.728 ], [ 136.02, 35.765 ], [ 136.069, 35.662 ], [ 136.099, 35.776 ], [ 135.957, 35.973 ], [ 136.135, 36.225 ], [ 136.43, 36.433 ], [ 136.64, 36.663 ], [ 136.761, 36.871 ], [ 136.768, 36.981 ], [ 136.674, 37.175 ], [ 136.749, 37.358 ], [ 136.935, 37.399 ], [ 137.114, 37.488 ], [ 137.296, 37.531 ], [ 137.351, 37.446 ], [ 137.254, 37.429 ], [ 137.23, 37.292 ], [ 137.109, 37.283 ], [ 137.014, 37.185 ], [ 136.93, 37.222 ], [ 136.875, 37.07 ], [ 137.054, 37.08 ], [ 137.054, 36.967 ], [ 136.988, 36.871 ], [ 137.157, 36.761 ], [ 137.333, 36.763 ], [ 137.427, 36.922 ], [ 137.897, 37.058 ], [ 138.098, 37.171 ], [ 138.245, 37.184 ], [ 138.551, 37.378 ], [ 138.766, 37.635 ], [ 138.858, 37.828 ], [ 139.06, 37.946 ], [ 139.305, 38.042 ], [ 139.432, 38.169 ], [ 139.462, 38.375 ], [ 139.599, 38.648 ], [ 139.774, 38.817 ], [ 139.866725231633495, 38.770781822017021 ], [ 139.866725231633495, 38.531516318156328 ], [ 139.772015969688624, 38.172618062365295 ], [ 139.607520935784407, 37.743934034614888 ], [ 139.597551539790203, 37.026137523032816 ], [ 139.517796371836624, 36.766933227183728 ], [ 139.42807180788887, 36.607422891276606 ], [ 139.298469659964326, 36.338249199433328 ], [ 139.198775700022395, 35.71017725179901 ], [ 139.3682554319237, 35.545682217894779 ], [ 139.681, 35.438 ], [ 139.648, 35.298 ], [ 139.728, 35.207 ], [ 139.611, 35.142 ], [ 139.624, 35.212 ], [ 139.544, 35.308 ], [ 139.415, 35.319 ], [ 139.146, 35.235 ], [ 139.076, 35.053 ], [ 139.141, 34.871 ], [ 138.941, 34.661 ], [ 138.835, 34.596 ], [ 138.771, 34.647 ], [ 138.754, 34.879 ], [ 138.786, 35.026 ], [ 138.908, 35.031 ], [ 138.803, 35.122 ], [ 138.696, 35.139 ], [ 138.554, 35.096 ], [ 138.514, 34.98 ], [ 138.367, 34.917 ], [ 138.341, 34.826 ], [ 138.216, 34.712 ], [ 138.233, 34.595 ], [ 138.047, 34.655 ] ] ], [ [ [ 133.326, 36.158 ], [ 133.188, 36.216 ], [ 133.292, 36.342 ], [ 133.367, 36.274 ], [ 133.326, 36.158 ] ] ], [ [ [ 136.905, 37.144 ], [ 137.048, 37.152 ], [ 136.944, 37.097 ], [ 136.905, 37.144 ] ] ], [ [ [ 138.31, 38.168 ], [ 138.514, 38.323 ], [ 138.459, 38.07 ], [ 138.575, 38.074 ], [ 138.487, 37.892 ], [ 138.265, 37.798 ], [ 138.343, 37.967 ], [ 138.248, 37.979 ], [ 138.31, 38.168 ] ] ] ] } },
{ "type": "Feature", "properties": { "id": "haripunjaya749", "colorId": "haripunjaya", "name": "Харипунчайя", "parent": null }, "geometry": { "type": "MultiPolygon", "coordinates": [ [ [ [ 98.151210493841305, 17.300753445846091 ], [ 97.914915936589253, 17.731883568243926 ], [ 97.798610668711405, 18.17834572558149 ], [ 97.644787572485853, 18.455977655354431 ], [ 97.528482304608019, 18.932454075370153 ], [ 97.637393135370061, 19.052515702379118 ], [ 97.899254851479355, 19.177914270656807 ], [ 98.397160931405494, 19.340194770780879 ], [ 99.472904499735293, 19.573116126635803 ], [ 99.815556332424677, 19.413605790728678 ], [ 100.418150934740495, 19.301357776571809 ], [ 100.825788459836488, 19.11821627978955 ], [ 101.206270027449435, 18.304791925308162 ], [ 101.150947129089488, 17.900934767280532 ], [ 100.973913854337653, 17.436222421056964 ], [ 100.520266087786084, 17.303447464993088 ], [ 99.527220062224984, 17.267487581059104 ], [ 99.217411831409265, 17.134712624995228 ], [ 99.051443136329425, 17.007469958767345 ], [ 98.243728820274228, 16.968743929915409 ], [ 98.151210493841305, 17.300753445846091 ] ] ] ] } },
{ "type": "Feature", "properties": { "id": "hammadid1048", "colorId": "hammadid", "name": "Хаммадиды", "parent": null }, "geometry": { "type": "MultiPolygon", "coordinates": [ [ [ [ 3.827, 36.913 ], [ 4.105, 36.884 ], [ 4.441, 36.912 ], [ 4.787, 36.895 ], [ 5.105, 36.781 ], [ 5.085, 36.733 ], [ 5.236, 36.651 ], [ 5.465, 36.665 ], [ 5.576, 36.761 ], [ 5.759, 36.833 ], [ 5.869, 36.823 ], [ 6.197, 36.902 ], [ 6.339, 37.069 ], [ 6.462, 37.094 ], [ 6.583, 36.99 ], [ 6.822, 36.953 ], [ 6.909, 36.893 ], [ 7.157, 36.915 ], [ 7.127922741446826, 36.52419258264193 ], [ 6.460137605996603, 36.126993421742732 ], [ 5.921182345757214, 35.899434534086105 ], [ 4.951062877326314, 35.588038161503341 ], [ 4.292339781478174, 35.516177460138096 ], [ 3.370127447290774, 35.516177460138096 ], [ 2.675474000760008, 35.588038161503341 ], [ 1.7203255117802, 35.872486771074115 ], [ 0.953811363884181, 36.207836710778622 ], [ 0.865, 36.377 ], [ 1.045, 36.487 ], [ 1.914, 36.57 ], [ 2.06, 36.57 ], [ 2.373, 36.634 ], [ 2.457, 36.59 ], [ 2.633, 36.605 ], [ 2.933, 36.809 ], [ 3.179, 36.743 ], [ 3.238, 36.813 ], [ 3.461, 36.775 ], [ 3.65, 36.824 ], [ 3.827, 36.913 ] ] ] ] } },
{ "type": "Feature", "properties": { "id": "hre_bohemia", "colorId": "germany", "name": null, "parent": "holy_roman962" }, "geometry": { "type": "MultiPolygon", "coordinates": [ [ [ [ 14.163463279204004, 50.949395494721884 ], [ 14.103900756557593, 51.059044684139138 ], [ 13.950970014946295, 51.186470893520372 ], [ 13.801692971085352, 51.347595321814723 ], [ 13.709283372504768, 51.489763935015624 ], [ 13.538681036663689, 51.639040978876551 ], [ 13.481610420727684, 51.961040525298642 ], [ 13.662592927613321, 52.063952146861055 ], [ 13.864867494132552, 52.117182295945064 ], [ 13.907451613399759, 52.188155828057077 ], [ 14.215525697538331, 52.300317702518363 ], [ 14.223937375408433, 52.161525017661674 ], [ 14.35011254345997, 52.077408238960651 ], [ 14.829788862270938, 51.986976045673423 ], [ 14.968053703102786, 51.914205076814554 ], [ 15.24458338476648, 51.586735716949654 ], [ 15.390125322484215, 51.299290389957136 ], [ 15.386486774041272, 51.015483611407554 ], [ 15.470173388228968, 50.888134415904538 ], [ 15.823112587194473, 50.793532156388011 ], [ 15.99412436401281, 50.680737154656768 ], [ 16.074172429757567, 50.59705054046907 ], [ 16.136027753287603, 50.484255538737827 ], [ 16.339786466092431, 50.371460537006584 ], [ 16.732749697930313, 50.313243761919487 ], [ 16.907400023191592, 50.131316339772319 ], [ 17.122074381325252, 49.978497305168702 ], [ 17.285809061257702, 49.712883268833835 ], [ 17.660579550880865, 49.658305042189689 ], [ 17.817037133927425, 49.581895524887855 ], [ 17.817037133927425, 49.370859715197142 ], [ 17.678772293095577, 49.188932293049973 ], [ 17.511399064720184, 49.112522775748168 ], [ 17.158459865754679, 49.017920516231641 ], [ 16.950857735641254, 48.83640824898913 ], [ 16.873, 48.719 ], [ 16.685394635800925, 48.917501256261374 ], [ 16.582513914866215, 48.874183057973077 ], [ 16.40382634692698, 48.944575130191566 ], [ 16.325312112529438, 48.903964319296293 ], [ 16.062695535406625, 48.94186774279855 ], [ 15.621391390344574, 48.94186774279855 ], [ 15.158428146138375, 49.10160359898665 ], [ 14.92017805555273, 48.9797711663008 ], [ 14.652146703643878, 48.847109184042878 ], [ 14.419311387844269, 48.776717111824397 ], [ 14.305601117337483, 48.71715458917798 ], [ 14.183768684651641, 48.719861976571003 ], [ 13.799319674842984, 48.809205760540621 ], [ 13.609, 48.946 ], [ 13.287623457562452, 49.15169026575748 ], [ 13.076447240906992, 49.322255671517652 ], [ 12.895052285574739, 49.379110806771045 ], [ 12.623, 49.51 ], [ 12.353574806970997, 49.806878014867998 ], [ 12.237157149071189, 50.012639456737425 ], [ 12.238510842767699, 50.29691513300439 ], [ 12.628374627362394, 50.437699277441361 ], [ 13.03719012370822, 50.421454953083249 ], [ 13.513690304879514, 50.610972070594556 ], [ 13.762769945037235, 50.727389728494366 ], [ 14.057875170876276, 50.91961423339869 ], [ 14.163463279204004, 50.949395494721884 ] ] ] ] } },
{ "type": "Feature", "properties": { "id": "pala995", "colorId": "pala", "name": "Пала", "parent": null }, "geometry": { "type": "MultiPolygon", "coordinates": [ [ [ [ 91.131326022606416, 24.154732073345983 ], [ 90.986290305038281, 24.438324812297704 ], [ 90.743760437930561, 24.65390691639346 ], [ 90.626986798212016, 24.689837267076086 ], [ 90.429369869457574, 25.049140773902344 ], [ 89.980240485924753, 25.219809939644819 ], [ 89.656867329781122, 25.282688053339413 ], [ 89.216720533918959, 25.201844764303509 ], [ 88.929277728457947, 25.040158186231693 ], [ 88.623869747655633, 25.094053712255629 ], [ 88.156775188781495, 24.96829748486644 ], [ 87.581889577859485, 24.734750205429371 ], [ 86.971073616254841, 24.141899419166045 ], [ 86.503979057380704, 23.890386964387663 ], [ 86.324327303967578, 23.674804860291907 ], [ 85.641650640997682, 23.099919249369893 ], [ 85.569789939632429, 22.812476443908889 ], [ 84.923043627345166, 22.093869430256369 ], [ 84.471847900163766, 21.732906482048861 ], [ 84.115906773581912, 21.891214870886667 ], [ 83.661302894685591, 22.136001574907763 ], [ 83.195042506073975, 22.240910162345376 ], [ 83.400055880245333, 22.532356092571849 ], [ 83.532981160167935, 22.884608084366754 ], [ 83.77889292802476, 23.223567548169402 ], [ 84.077974807850623, 23.462833052030092 ], [ 84.476750647618445, 24.260384731565729 ], [ 84.330532839703579, 24.509619631420613 ], [ 84.024804695881585, 24.589374799374173 ], [ 83.662583308092479, 24.582728535378049 ], [ 83.47316478420278, 24.552820347395468 ], [ 83.526334896171818, 24.709007551304531 ], [ 83.626028856113777, 24.802055247250351 ], [ 83.719076552059605, 25.061259543099435 ], [ 83.626028856113777, 25.858811222635072 ], [ 83.572858744144725, 27.075077533926919 ], [ 83.847814758690305, 27.784837815246586 ], [ 84.028489436982312, 27.662775071880237 ], [ 84.337772409753413, 27.618591790055795 ], [ 85.103615961377059, 27.375583740021369 ], [ 85.427626694756299, 27.338764338501001 ], [ 85.869459513000706, 27.13257568998694 ], [ 86.1492869645555, 27.066300767250279 ], [ 86.561664261583616, 26.911659280864733 ], [ 87.075439870105399, 26.839135162064299 ], [ 87.15813856621358, 26.874839879344364 ], [ 87.524013430204263, 27.019018569302006 ], [ 87.682967202214826, 27.278235489811582 ], [ 87.439806987844449, 27.878168570774392 ], [ 88.850506082000706, 27.555273020765334 ], [ 89.810275065975034, 27.499972387431587 ], [ 92.390321027515398, 27.707391085822415 ], [ 93.349017561417952, 28.094387851801429 ], [ 94.571575526669832, 28.639701476590041 ], [ 95.046526103098628, 28.415419259943107 ], [ 95.116889151458437, 28.309874687403376 ], [ 95.380750582807764, 28.138364757026313 ], [ 95.670998157292033, 28.191137043296177 ], [ 96.1802976212564, 27.860681001567649 ], [ 96.180297621256372, 27.693006031715395 ], [ 96.31204224042601, 27.47742392761964 ], [ 96.138378878793318, 27.321725741328262 ], [ 95.904831599356243, 27.315737349547835 ], [ 94.928723739144928, 26.663002645480123 ], [ 94.545466665196912, 26.507304459188745 ], [ 94.467617572051211, 26.339629489336495 ], [ 94.16819798302933, 26.159977735923366 ], [ 93.856801610446581, 25.668929609927481 ], [ 93.359765092670244, 25.351544845564284 ], [ 92.772902698187337, 25.117997566127215 ], [ 92.132144777680509, 25.30962610310122 ], [ 91.515340424295431, 25.321602886662095 ], [ 91.386590001016017, 25.267707360638148 ], [ 91.259633438636129, 25.314560628601452 ], [ 91.266464747272806, 24.718586752126438 ], [ 91.131326022606416, 24.154732073345983 ] ] ] ] } },
{ "type": "Feature", "properties": { "id": "connacht", "colorId": null, "name": "Коннахт", "parent": null }, "geometry": { "type": "MultiPolygon", "coordinates": [ [ [ [ -9.916, 53.954 ], [ -9.812, 53.942 ], [ -10.011, 54.218 ], [ -9.992, 54.301 ], [ -9.765, 54.256 ], [ -9.844, 54.329 ], [ -9.22, 54.281 ], [ -9.135, 54.146 ], [ -9.051, 54.289 ], [ -8.621, 54.256 ], [ -8.47, 54.277 ], [ -7.886176416166918, 54.228085351777004 ], [ -7.212688331225714, 54.267962935753786 ], [ -7.270137364472792, 53.853431940821324 ], [ -7.44210944537266, 53.378639456597767 ], [ -8.010365017041803, 53.019741200806735 ], [ -8.414125554806724, 52.896369925378558 ], [ -8.936, 53.146 ], [ -8.943, 53.269 ], [ -9.612, 53.236 ], [ -9.601, 53.365 ], [ -9.887, 53.317 ], [ -9.786, 53.393 ], [ -10.026, 53.385 ], [ -10.18, 53.555 ], [ -9.854, 53.618 ], [ -9.908, 53.762 ], [ -9.566, 53.796 ], [ -9.566, 53.899 ], [ -9.911, 53.859 ], [ -9.916, 53.954 ] ] ], [ [ [ -10.266, 53.982 ], [ -9.976, 54.021 ], [ -9.964, 53.954 ], [ -10.266, 53.982 ] ] ] ] } },
{ "type": "Feature", "properties": { "id": "malagasy", "colorId": null, "name": "малагасийцы", "parent": null }, "geometry": { "type": "MultiPolygon", "coordinates": [ [ [ [ 44.453, -16.187 ], [ 44.755, -16.197 ], [ 44.854, -16.225 ], [ 45.04, -16.118 ], [ 45.139, -15.991 ], [ 45.266, -15.924 ], [ 45.379, -15.974 ], [ 45.612, -15.981 ], [ 45.621, -15.851 ], [ 45.694, -15.783 ], [ 45.802, -15.817 ], [ 45.956, -15.783 ], [ 46.051, -15.749 ], [ 46.219, -15.707 ], [ 46.333, -15.63 ], [ 46.482, -15.491 ], [ 46.701, -15.364 ], [ 46.879, -15.225 ], [ 46.971, -15.198 ], [ 47.092, -15.135 ], [ 47.206, -15.047 ], [ 47.292, -14.923 ], [ 47.32, -14.8 ], [ 47.459, -14.662 ], [ 47.709, -14.37 ], [ 47.814, -14.216 ], [ 47.907, -14.1 ], [ 47.941, -14.004 ], [ 47.917, -13.898 ], [ 47.876, -13.784 ], [ 47.904, -13.603 ], [ 47.966, -13.521 ], [ 48.015, -13.58 ], [ 48.084, -13.529 ], [ 48.142, -13.595 ], [ 48.332, -13.661 ], [ 48.428, -13.524 ], [ 48.596, -13.443 ], [ 48.747, -13.412 ], [ 48.839, -13.26 ], [ 48.844, -13.081 ], [ 48.942, -12.928 ], [ 48.955, -12.812 ], [ 48.866, -12.637 ], [ 48.887, -12.565 ], [ 48.73, -12.435 ], [ 48.853, -12.414 ], [ 48.955, -12.469 ], [ 48.985, -12.333 ], [ 49.12, -12.243 ], [ 49.13, -12.097 ], [ 49.26, -11.944 ], [ 49.323, -12.0 ], [ 49.367, -12.199 ], [ 49.455, -12.351 ], [ 49.512, -12.349 ], [ 49.593, -12.503 ], [ 49.563, -12.617 ], [ 49.712, -12.749 ], [ 49.805, -12.805 ], [ 49.942, -13.034 ], [ 49.935, -13.168 ], [ 49.973, -13.331 ], [ 50.033, -13.361 ], [ 50.041, -13.497 ], [ 50.143, -13.783 ], [ 50.174, -14.057 ], [ 50.162, -14.202 ], [ 50.213, -14.287 ], [ 50.191, -14.457 ], [ 50.232, -14.738 ], [ 50.355, -15.033 ], [ 50.477, -15.195 ], [ 50.504, -15.316 ], [ 50.483, -15.443 ], [ 50.337, -15.811 ], [ 50.23, -15.971 ], [ 49.85, -16.241 ], [ 49.849, -16.552 ], [ 49.723, -16.708 ], [ 49.625, -16.886 ], [ 49.529, -17.042 ], [ 49.431, -17.284 ], [ 49.504, -17.663 ], [ 49.498, -17.797 ], [ 47.126, -24.934 ], [ 46.955, -25.071 ], [ 46.926, -25.047 ], [ 46.77, -25.153 ], [ 46.654, -25.184 ], [ 46.387, -25.165 ], [ 46.238, -25.198 ], [ 45.774, -25.408 ], [ 45.674, -25.494 ], [ 45.492, -25.574 ], [ 45.136, -25.584 ], [ 45.118, -25.53 ], [ 44.981, -25.472 ], [ 44.835, -25.344 ], [ 44.728, -25.304 ], [ 44.369, -25.257 ], [ 44.187, -25.067 ], [ 44.029, -24.999 ], [ 44.001, -24.865 ], [ 43.928, -24.775 ], [ 43.928, -24.652 ], [ 43.84, -24.506 ], [ 43.707, -24.406 ], [ 43.656, -24.185 ], [ 43.664, -23.867 ], [ 43.629, -23.339 ], [ 43.583, -23.076 ], [ 43.488, -23.002 ], [ 43.357, -22.83 ], [ 43.285, -22.587 ], [ 43.278, -22.426 ], [ 43.225, -22.234 ], [ 43.295, -22.234 ], [ 43.247, -22.035 ], [ 43.347, -21.75 ], [ 43.473, -21.672 ], [ 43.473, -21.405 ], [ 43.507, -21.31 ], [ 43.735, -21.282 ], [ 43.813, -21.224 ], [ 43.902, -20.883 ], [ 43.965, -20.767 ], [ 44.036, -20.726 ], [ 44.126, -20.498 ], [ 44.255, -20.376 ], [ 44.356, -20.138 ], [ 44.439, -20.055 ], [ 44.479, -19.913 ], [ 44.371, -19.774 ], [ 44.405, -19.61 ], [ 44.484, -19.523 ], [ 44.46, -19.418 ], [ 44.228, -19.055 ], [ 44.257, -18.804 ], [ 44.186, -18.611 ], [ 44.05, -18.427 ], [ 44.042, -18.198 ], [ 44.001, -17.938 ], [ 44.036, -17.769 ], [ 43.929, -17.602 ], [ 43.943, -17.456 ], [ 44.18, -17.095 ], [ 44.238, -16.971 ], [ 44.431, -16.7 ], [ 44.417, -16.549 ], [ 44.463, -16.485 ], [ 44.401, -16.373 ], [ 44.453, -16.187 ] ] ] ] } },
{ "type": "Feature", "properties": { "id": "iceland882", "colorId": "iceland", "name": "Исландия", "parent": null }, "geometry": { "type": "MultiPolygon", "coordinates": [ [ [ [ -15.302, 66.268 ], [ -15.015, 66.268 ], [ -15.179, 66.111 ], [ -15.076, 66.05 ], [ -14.677, 66.056 ], [ -14.398, 65.73 ], [ -13.61, 65.514 ], [ -13.527, 65.055 ], [ -13.986, 64.74 ], [ -14.442, 64.676 ], [ -14.545, 64.405 ], [ -15.992, 64.144 ], [ -16.783, 63.843 ], [ -17.006, 63.798 ], [ -17.591, 63.747 ], [ -17.965, 63.523 ], [ -18.732, 63.397 ], [ -20.186, 63.544 ], [ -21.168, 63.876 ], [ -22.718, 63.828 ], [ -22.69, 64.09 ], [ -22.543, 63.983 ], [ -22.199, 64.021 ], [ -21.915, 64.11 ], [ -21.963, 64.297 ], [ -22.1, 64.315 ], [ -22.34, 64.556 ], [ -22.32, 64.754 ], [ -23.946, 64.761 ], [ -24.06, 64.891 ], [ -23.85, 64.931 ], [ -23.224, 64.949 ], [ -23.21, 65.017 ], [ -22.757, 65.072 ], [ -22.674, 65.008 ], [ -22.49, 65.234 ], [ -22.547, 65.561 ], [ -23.183, 65.576 ], [ -23.247, 65.485 ], [ -23.898, 65.405 ], [ -23.968, 65.465 ], [ -24.54, 65.508 ], [ -24.278, 65.636 ], [ -24.087, 65.651 ], [ -24.05, 65.804 ], [ -23.821, 65.926 ], [ -23.793, 66.07 ], [ -23.461, 66.204 ], [ -23.135, 66.433 ], [ -22.575, 66.466 ], [ -22.269, 66.376 ], [ -22.217, 66.268 ], [ -21.979, 66.275 ], [ -21.319, 65.988 ], [ -21.278, 65.857 ], [ -21.483, 65.563 ], [ -21.055, 65.452 ], [ -20.689, 65.693 ], [ -20.501, 65.495 ], [ -20.263, 65.745 ], [ -20.449, 66.029 ], [ -20.092, 66.131 ], [ -19.708, 65.871 ], [ -19.363, 66.088 ], [ -19.078, 66.072 ], [ -19.078, 66.159 ], [ -18.854, 66.205 ], [ -18.545, 66.083 ], [ -18.54, 65.974 ], [ -18.228, 65.939 ], [ -18.297, 66.18 ], [ -17.913, 66.152 ], [ -17.598, 65.967 ], [ -17.419, 65.994 ], [ -17.217, 66.194 ], [ -16.992, 66.2 ], [ -16.933, 66.139 ], [ -16.487, 66.19 ], [ -16.422, 66.287 ], [ -16.543, 66.507 ], [ -16.023, 66.537 ], [ -15.938, 66.424 ], [ -15.707, 66.396 ], [ -15.775, 66.289 ], [ -15.38, 66.15 ], [ -15.302, 66.268 ] ] ] ] } },
{ "type": "Feature", "properties": { "id": "wales", "colorId": "wales", "name": "Уэльс", "parent": null }, "geometry": { "type": "MultiPolygon", "coordinates": [ [ [ [ -4.516, 52.789 ], [ -4.763, 52.789 ], [ -4.596, 52.928 ], [ -4.358, 53.028 ], [ -4.341, 53.113 ], [ -4.152, 53.228 ], [ -3.831, 53.289 ], [ -3.562, 53.294 ], [ -3.33, 53.352 ], [ -3.185, 53.377 ], [ -3.058, 53.435 ], [ -2.980578308923676, 53.329718876991805 ], [ -2.784182019745859, 53.304823572729831 ], [ -2.726092976467913, 53.349081891417789 ], [ -2.562890426306064, 53.252266819287875 ], [ -2.502035238110121, 53.138854877649983 ], [ -2.557112089375844, 53.026515657958896 ], [ -2.683287257574975, 52.966582453064305 ], [ -2.964027006818042, 52.903494868964742 ], [ -3.317317477775609, 52.875105456119933 ], [ -3.705306119987937, 52.755239046330765 ], [ -4.049, 52.722 ], [ -4.149, 52.812 ], [ -4.1, 52.914 ], [ -4.407, 52.893 ], [ -4.516, 52.789 ] ] ], [ [ [ -4.571, 53.275 ], [ -4.571, 53.393 ], [ -4.277, 53.401 ], [ -4.203, 53.298 ], [ -4.098, 53.31 ], [ -4.098, 53.25 ], [ -4.413, 53.132 ], [ -4.571, 53.275 ] ] ] ] } },
{ "type": "Feature", "properties": { "id": "hre_luxembourg962", "colorId": "germany", "name": null, "parent": "holy_roman962" }, "geometry": { "type": "MultiPolygon", "coordinates": [ [ [ [ 6.456510238517566, 50.103347487680111 ], [ 6.56166424297917, 50.169945023839126 ], [ 6.71589011618952, 50.173450157321177 ], [ 6.785992785830589, 50.050770485449313 ], [ 6.6948593152972, 49.956131881433869 ], [ 6.537128308604796, 49.886029211792795 ], [ 6.414448636732926, 49.742318739028605 ], [ 6.359486580275552, 49.646244232251703 ], [ 6.270247297850909, 49.507425463507815 ], [ 6.221158021766103, 49.411584495913672 ], [ 6.113629131294622, 49.332106620347794 ], [ 6.008437825398609, 49.329769035772323 ], [ 5.882208258323392, 49.411584495913672 ], [ 5.83779415138952, 49.491062371479543 ], [ 5.100286217829693, 49.521450970960565 ], [ 5.100286217829693, 49.661706045488579 ], [ 4.95, 49.796 ], [ 4.858, 49.787 ], [ 4.788, 49.974 ], [ 4.709766075047106, 49.905845704751805 ], [ 4.657, 49.989 ], [ 4.682, 50.084 ], [ 4.872, 50.14 ], [ 4.955296076287173, 50.095273547939108 ], [ 5.250481633958003, 50.095273547939108 ], [ 5.357386673763115, 50.213347771007442 ], [ 5.360577868981177, 50.318657213203522 ], [ 5.587152729463653, 50.325039603639645 ], [ 5.769504076035094, 50.250563093926381 ], [ 6.035894220671155, 50.348706831423875 ], [ 6.270738163968735, 50.229532293034033 ], [ 6.456510238517566, 50.103347487680111 ] ] ] ] } },
{ "type": "Feature", "properties": { "id": "sunda1025", "colorId": "sunda", "name": "Сунда", "parent": null }, "geometry": { "type": "MultiPolygon", "coordinates": [ [ [ [ 106.495, -6.035 ], [ 106.549, -6.007 ], [ 106.721, -6.031 ], [ 106.793, -6.104 ], [ 106.994, -6.079 ], [ 107.044, -5.914 ], [ 107.15, -5.973 ], [ 107.354, -5.976 ], [ 107.47, -6.145 ], [ 107.678, -6.238 ], [ 107.811, -6.189 ], [ 108.094, -6.327 ], [ 108.204, -6.276 ], [ 108.198, -6.228 ], [ 108.36, -6.246 ], [ 108.372, -6.34 ], [ 108.54, -6.487 ], [ 108.605, -6.762 ], [ 108.749, -6.812 ], [ 108.835, -6.788 ], [ 108.673, -7.721 ], [ 108.54, -7.692 ], [ 108.454, -7.819 ], [ 108.327, -7.817 ], [ 107.954, -7.74 ], [ 107.865, -7.745 ], [ 107.807, -7.687 ], [ 107.687, -7.662 ], [ 107.591, -7.57 ], [ 107.411, -7.496 ], [ 107.107, -7.456 ], [ 106.523, -7.411 ], [ 106.398, -7.378 ], [ 106.381, -7.247 ], [ 106.541, -7.055 ], [ 106.537, -6.983 ], [ 106.283, -6.983 ], [ 106.053, -6.837 ], [ 105.96, -6.818 ], [ 105.486, -6.868 ], [ 105.261, -6.767 ], [ 105.364, -6.665 ], [ 105.454, -6.809 ], [ 105.628, -6.616 ], [ 105.619, -6.533 ], [ 105.678, -6.475 ], [ 105.711, -6.535 ], [ 105.824, -6.435 ], [ 105.832, -6.229 ], [ 105.888, -6.071 ], [ 106.053, -5.881 ], [ 106.176, -6.014 ], [ 106.257, -5.942 ], [ 106.495, -6.035 ] ] ], [ [ [ 105.188, -6.548 ], [ 105.264, -6.528 ], [ 105.256, -6.628 ], [ 105.183, -6.672 ], [ 105.188, -6.548 ] ] ] ] } },
{ "type": "Feature", "properties": { "id": "panjalu", "colorId": "panjalu", "name": "Кедири", "parent": null }, "geometry": { "type": "MultiPolygon", "coordinates": [ [ [ [ 111.74, -6.782 ], [ 111.673, -8.368 ], [ 111.631, -8.324 ], [ 111.449, -8.313 ], [ 111.442, -8.276 ], [ 111.266, -8.249 ], [ 111.171, -8.283 ], [ 111.058, -8.255 ], [ 110.691, -8.176 ], [ 110.477, -8.112 ], [ 110.149549885022495, -7.944209535102094 ], [ 110.198, -6.891 ], [ 110.356, -6.973 ], [ 110.472, -6.946 ], [ 110.572, -6.836 ], [ 110.645, -6.688 ], [ 110.671, -6.5 ], [ 110.925, -6.404 ], [ 111.052, -6.457 ], [ 111.157, -6.692 ], [ 111.429, -6.699 ], [ 111.493, -6.623 ], [ 111.61, -6.665 ], [ 111.74, -6.782 ] ] ] ] } },
{ "type": "Feature", "properties": { "id": "byz_serbia1018", "colorId": "byzantium", "name": null, "parent": "byzantium961" }, "geometry": { "type": "MultiPolygon", "coordinates": [ [ [ [ 17.324, 42.791 ], [ 17.659, 42.743 ], [ 17.749, 42.695 ], [ 17.324, 42.791 ] ] ], [ [ [ 17.132, 42.97 ], [ 17.2, 42.922 ], [ 16.851, 42.901 ], [ 16.638, 42.935 ], [ 16.72, 42.99 ], [ 16.824, 42.962 ], [ 17.132, 42.97 ] ] ], [ [ [ 16.121, 43.013 ], [ 16.049, 43.065 ], [ 16.241, 43.072 ], [ 16.121, 43.013 ] ] ], [ [ [ 16.693, 43.127 ], [ 16.372, 43.196 ], [ 16.521, 43.229 ], [ 16.751, 43.162 ], [ 17.193, 43.127 ], [ 16.693, 43.127 ] ] ], [ [ [ 16.501, 43.284 ], [ 16.426, 43.394 ], [ 16.688, 43.377 ], [ 16.892, 43.312 ], [ 16.813, 43.268 ], [ 16.501, 43.284 ] ] ], [ [ [ 16.391, 43.346 ], [ 16.207, 43.387 ], [ 16.277, 43.412 ], [ 16.391, 43.346 ] ] ], [ [ [ 17.316, 43.127 ], [ 17.073, 43.239 ], [ 16.881, 43.406 ], [ 16.787929180260985, 43.42169393576858 ], [ 16.626, 43.449 ], [ 16.725654353812036, 43.482586050789138 ], [ 17.328140781962887, 43.514129842838912 ], [ 17.473242225391889, 43.469968533969215 ], [ 17.69404876974037, 43.510975463633933 ], [ 17.83599583396439, 43.605606839783277 ], [ 18.085191791157676, 43.533056118068778 ], [ 18.881672540414691, 43.077248322949416 ], [ 18.928988228489366, 43.104060546191732 ], [ 18.840665610749973, 43.335907417757639 ], [ 18.839088421147483, 43.55513677250363 ], [ 18.995230191793908, 43.700238215932629 ], [ 19.373755696391299, 43.794869592081973 ], [ 19.26650680342204, 43.990441102790626 ], [ 19.468387072540647, 43.987286723585655 ], [ 19.54093779425515, 44.059837445300161 ], [ 19.386373213211215, 44.261717714418765 ], [ 19.26650680342204, 44.305879023288462 ], [ 19.110365032775618, 44.444671708307503 ], [ 19.186070133695097, 44.615008185376333 ], [ 19.369024127583835, 44.804270937675028 ], [ 19.372178506788813, 44.993533689973738 ], [ 19.204996408924963, 45.064507222085759 ], [ 19.11351941198059, 45.231689319949602 ], [ 19.059894965495964, 45.509274689987691 ], [ 19.318554060304184, 45.291622524844186 ], [ 19.703388323311533, 45.189105200682391 ], [ 19.851582539799708, 45.229175904613733 ], [ 20.070083369336164, 45.179157642430667 ], [ 20.286526129453048, 45.105182684797441 ], [ 20.296864105740219, 44.955282028633469 ], [ 20.868931439550998, 44.637088839811163 ], [ 21.370477733142543, 44.813734075289936 ], [ 22.02027984936807, 44.637088839811149 ], [ 22.093400953355786, 44.50039872455131 ], [ 22.116602087793417, 44.184086570374419 ], [ 22.093191752995924, 44.00664313137333 ], [ 22.138476017690621, 43.807049094514326 ], [ 21.882896415733558, 43.698830704496466 ], [ 21.739613619757616, 43.653972525609198 ], [ 21.30726668159604, 43.609032465971012 ], [ 21.217468443070587, 43.272864701234703 ], [ 21.309569200532589, 43.125503489295497 ], [ 21.106947534116184, 42.738680307955086 ], [ 21.106947534116181, 42.335739494058821 ], [ 21.07899581302614, 42.266593880350278 ], [ 20.820658873577162, 42.13560613640432 ], [ 20.675116935859428, 42.13560613640432 ], [ 20.376755963538074, 42.044642425330736 ], [ 20.322177736893924, 41.957317262700094 ], [ 20.238491122706229, 41.950040165814208 ], [ 20.141040840233444, 41.883870152760885 ], [ 19.944420775940351, 41.875601669174365 ], [ 19.585, 41.819 ], [ 19.520005264632672, 41.828749210010272 ], [ 19.365, 41.852 ], [ 19.17, 41.938 ], [ 19.139, 42.042 ], [ 18.872, 42.29 ], [ 18.779, 42.271 ], [ 18.654, 42.452 ], [ 18.496, 42.416 ], [ 18.239, 42.559 ], [ 18.218, 42.62 ], [ 18.076, 42.651 ], [ 17.876878770602847, 42.770176643327368 ], [ 17.807, 42.812 ], [ 17.749, 42.791 ], [ 17.44, 42.873 ], [ 17.202, 42.984 ], [ 17.028, 43.004 ], [ 17.24, 43.023 ], [ 17.465, 42.921 ], [ 17.653, 42.891 ], [ 17.581, 42.942 ], [ 17.316, 43.127 ] ] ] ] } },
{ "type": "Feature", "properties": { "id": "aragon1035", "colorId": "aragon", "name": "Арагон", "parent": null }, "geometry": { "type": "MultiPolygon", "coordinates": [ [ [ [ 0.748677317441396, 42.601292385505701 ], [ 0.64865905863294, 41.955328396836912 ], [ -0.288383393912575, 42.355989511803429 ], [ -0.970498655912705, 42.374937157970102 ], [ -1.348366637085187, 42.342294803770812 ], [ -1.341971806592666, 42.457401752636194 ], [ -1.239654518712323, 42.553324210024016 ], [ -1.186364264607978, 42.65990471823271 ], [ -1.060599264921723, 42.738774294307142 ], [ -0.932702655071294, 42.922092768426083 ], [ -0.76, 42.947 ], [ -0.73, 42.878 ], [ -0.583, 42.796 ], [ -0.424, 42.791 ], [ -0.323, 42.843 ], [ -0.161, 42.795 ], [ -0.039, 42.685 ], [ 0.212432852595088, 42.771628862574531 ], [ 0.417467500918677, 42.699078140860031 ], [ 0.698207250161743, 42.70223252006501 ], [ 0.748677317441396, 42.601292385505701 ] ] ] ] } },
{ "type": "Feature", "properties": { "id": "arcos_emirate", "colorId": "arcos", "name": "Аркос", "parent": null }, "geometry": { "type": "MultiPolygon", "coordinates": [ [ [ [ -5.723238480102738, 37.006252584973197 ], [ -5.550280626436497, 36.906429088593889 ], [ -5.423780558445131, 36.736470673569954 ], [ -5.330881743735841, 36.568079004429016 ], [ -5.56085406656665, 36.494064923517954 ], [ -5.642798227575328, 36.414764122541811 ], [ -5.8701271903736, 36.356610201825973 ], [ -5.960001431479893, 36.28259612091491 ], [ -6.159, 36.304 ], [ -6.231, 36.473 ], [ -6.235, 36.576 ], [ -6.395, 36.637 ], [ -6.433, 36.751 ], [ -6.388, 36.808 ], [ -6.122515708979544, 36.95769184092061 ], [ -5.723238480102738, 37.006252584973197 ] ] ] ] } },
{ "type": "Feature", "properties": { "id": "malwa914", "colorId": "malwa", "name": "Малва", "parent": null }, "geometry": { "type": "MultiPolygon", "coordinates": [ [ [ [ 76.250763218173077, 19.488723794743819 ], [ 75.956666036344302, 19.114871444961491 ], [ 75.752293418463296, 19.030131579010828 ], [ 74.87997126897119, 19.030131579010828 ], [ 74.236945227345586, 18.955361109054362 ], [ 73.843154085574866, 18.965330505048559 ], [ 73.419454755821562, 19.065024464990511 ], [ 72.988, 18.999 ], [ 72.975, 19.163 ], [ 72.934, 19.034 ], [ 72.796, 18.985 ], [ 72.818, 19.175 ], [ 72.785, 19.314 ], [ 72.973, 19.294 ], [ 72.788, 19.345 ], [ 72.747, 19.468 ], [ 72.796, 19.527 ], [ 72.718, 19.607 ], [ 72.65, 19.842 ], [ 72.708, 20.013 ], [ 72.748, 20.28 ], [ 72.879, 20.512 ], [ 72.886731042408186, 20.597041638527926 ], [ 72.899, 20.732 ], [ 72.945, 20.77 ], [ 72.837, 20.836 ], [ 72.865, 20.897 ], [ 72.767, 21.039 ], [ 72.85, 21.048 ], [ 72.816, 21.121 ], [ 72.7, 21.075 ], [ 72.721, 21.199 ], [ 72.606, 21.267 ], [ 72.565, 21.386 ], [ 72.62, 21.487 ], [ 72.81, 21.635 ], [ 72.936, 21.658 ], [ 73.126, 21.767 ], [ 73.496826422952481, 21.882472488600193 ], [ 73.782410910977092, 21.824189940023739 ], [ 74.336095122453372, 21.89412899831548 ], [ 75.082111744231952, 22.115602682905994 ], [ 75.006344431082567, 22.412843680645899 ], [ 75.093768253947246, 23.048123460129222 ], [ 74.848981549926151, 23.794140081907805 ], [ 75.029657450513156, 24.254572215661774 ], [ 75.143308420237219, 24.35656667567056 ], [ 75.216161605957794, 24.490616537396399 ], [ 75.376438614543034, 24.566383850545787 ], [ 75.433264099405008, 24.630494653979909 ], [ 75.933036953448067, 25.102583297449158 ], [ 76.20113667689975, 25.207491884886768 ], [ 76.410953851774977, 25.516389392341964 ], [ 76.579973242646687, 25.825286899797156 ], [ 77.122000944407688, 26.19829521068645 ], [ 77.425070197005297, 26.131270279823511 ], [ 77.605746097592302, 25.863170556371834 ], [ 77.605746097592302, 25.268688560892024 ], [ 78.141945544495655, 24.744145623703961 ], [ 78.281823661079159, 24.551813213401665 ], [ 78.369247483943838, 24.301198254522923 ], [ 78.410045267947339, 24.033098531071243 ], [ 78.351762719370896, 23.695059749327825 ], [ 78.208970475358583, 23.199658086427984 ], [ 78.20605634792976, 22.899502961259252 ], [ 78.141945544495684, 22.724655315529894 ], [ 77.908815350189883, 22.453641464649394 ], [ 77.803906762752277, 22.246738417202991 ], [ 77.477524490724136, 21.873730106313698 ], [ 77.378444158144177, 21.611458637719664 ], [ 76.579973242646787, 21.206394925113326 ], [ 76.195308422042203, 20.868356143369908 ], [ 76.195308422042203, 20.530317361626487 ], [ 76.250763218173077, 19.488723794743819 ] ] ] ] } },
{ "type": "Feature", "properties": { "id": "libyan669", "colorId": null, "name": "ливийцы", "parent": null }, "geometry": { "type": "MultiPolygon", "coordinates": [ [ [ [ 9.362489688518917, 31.904563624987944 ], [ 9.707053096863426, 33.525629099358135 ], [ 9.808444089386136, 33.875448684434133 ], [ 10.028447435068589, 34.070903366054708 ], [ 10.049, 33.983 ], [ 10.163, 33.836 ], [ 10.33, 33.703 ], [ 10.489, 33.647 ], [ 10.717, 33.707 ], [ 10.737, 33.603 ], [ 10.674, 33.546 ], [ 10.717, 33.484 ], [ 10.909, 33.54 ], [ 10.978, 33.643 ], [ 11.108, 33.55 ], [ 11.09, 33.454 ], [ 11.171, 33.332 ], [ 11.18, 33.211 ], [ 11.505, 33.181 ], [ 11.636, 33.109 ], [ 11.847, 33.083 ], [ 12.122, 32.921 ], [ 12.348, 32.833 ], [ 12.344934315023634, 31.899529959308989 ], [ 12.584469985901672, 31.492319318816325 ], [ 12.901854749815072, 31.18092294667488 ], [ 13.380926091571148, 30.953364059340743 ], [ 14.075579537117459, 30.845573007445626 ], [ 15.03372222062961, 30.74975873909441 ], [ 16.159539873756387, 30.534176635304178 ], [ 17.429078929409989, 30.270687397338335 ], [ 18.506989448361153, 29.983244592284692 ], [ 19.321410729346482, 29.989232984056642 ], [ 20.135832010331811, 30.276675789110289 ], [ 20.758624754614708, 30.827607832129775 ], [ 21.453278200161019, 30.935398884024892 ], [ 22.219647327369167, 30.814376689266144 ], [ 22.702357089639001, 30.676459614331904 ], [ 23.371254903070056, 30.531646685650955 ], [ 23.844891267931494, 30.321568005960572 ], [ 24.303088435721186, 30.195018311999611 ], [ 24.647827257201044, 29.972465401930332 ], [ 24.707829267268728, 29.850279490519753 ], [ 24.805, 29.755 ], [ 24.90747231894855, 29.695365209981336 ], [ 25.217300880025387, 29.210985346889377 ], [ 25.692953178016591, 28.83570004755687 ], [ 26.229698431713082, 28.626238485138735 ], [ 26.639893991448616, 28.556417964332688 ], [ 27.556288327027996, 28.669876310642518 ], [ 28.555594531064557, 28.571691203259014 ], [ 28.87415065724214, 28.436413944197291 ], [ 29.197070565970115, 28.331683162988224 ], [ 29.694541776713201, 28.080765666341488 ], [ 30.146193270677319, 27.725117388485678 ], [ 30.268379182087902, 27.550566086470557 ], [ 30.399292658599244, 27.245101307944097 ], [ 30.665483394172295, 26.882907356262724 ], [ 30.831307131086664, 26.73453874954987 ], [ 30.940401694846113, 26.538168534782859 ], [ 31.080042736458211, 26.420346405922654 ], [ 31.197864865318415, 26.359253450217363 ], [ 31.717154988813398, 25.791961718668222 ], [ 31.930980333781918, 25.447222897188361 ], [ 32.36735858881972, 24.648650690469189 ], [ 32.482254480682116, 23.886131522191736 ], [ 32.54033705893184, 23.79097779540481 ], [ 32.442207054967938, 23.727193292828272 ], [ 32.37351605219321, 23.506400783909498 ], [ 32.196882045058189, 23.167852270234022 ], [ 31.971183035941223, 22.932340260720665 ], [ 30.891752992338322, 22.108048227423904 ], [ 30.666053983221353, 21.656650209189966 ], [ 30.126338961419904, 21.067870185406566 ], [ 30.008582956663226, 20.744041172325698 ], [ 30.003676456465033, 20.307362654686347 ], [ 29.905546452501124, 19.944281640019916 ], [ 27.66263116767918, 18.400255797605571 ], [ 24.856356228866591, 17.830453779572562 ], [ 22.249511996365555, 18.001394384982465 ], [ 19.685402915216997, 18.457235999408873 ], [ 18.117800700131884, 18.833229574030739 ], [ 17.142107863789896, 19.246658741972258 ], [ 16.397935361495161, 19.238390158613424 ], [ 15.456365035281499, 19.033069734244432 ], [ 14.15993671519338, 19.078162893204016 ], [ 13.136242059535149, 19.329961500443012 ], [ 12.049778760852613, 19.882352697697932 ], [ 10.820990179203864, 20.378377446253392 ], [ 9.25760645052446, 20.49492986925674 ], [ 9.327279288667549, 21.014261445644443 ], [ 9.937040056702212, 23.039393894424339 ], [ 10.051000460308813, 25.470549171365192 ], [ 9.272271035663696, 27.635796839890642 ], [ 9.063343629051591, 29.801044508416091 ], [ 9.362489688518917, 31.904563624987944 ] ] ] ] } },
{ "type": "Feature", "properties": { "id": "cordoba1039", "colorId": "cordoba", "name": "Кордова", "parent": null }, "geometry": { "type": "MultiPolygon", "coordinates": [ [ [ [ -3.911434367862087, 38.247807878571322 ], [ -3.923675094951682, 37.934181575679709 ], [ -3.682671931798444, 37.711847251554076 ], [ -3.650733842348038, 37.55481831175625 ], [ -3.741225095790853, 37.408435401775229 ], [ -4.140451213920918, 37.256729476885781 ], [ -4.321118211306311, 37.332010053832512 ], [ -4.426852612607833, 37.511758536045093 ], [ -4.728195656317168, 37.622779657411691 ], [ -4.987244939505896, 37.850108620209966 ], [ -5.124699661197873, 38.12501806359392 ], [ -5.53169332300643, 38.139336612866828 ], [ -5.410291462874969, 38.347068684647333 ], [ -5.489708288202938, 38.412821340731753 ], [ -5.356632915492916, 38.572511787983778 ], [ -5.356632915492916, 38.673649071243396 ], [ -5.258157139687501, 38.772124847048801 ], [ -5.050559558259868, 38.836001025949614 ], [ -4.858931021557439, 38.772124847048801 ], [ -4.773762783023025, 38.639049474338776 ], [ -4.331952545625755, 38.527266161262361 ], [ -4.246784307091342, 38.458066967453149 ], [ -4.071124815114113, 38.415482848185945 ], [ -4.015233158575904, 38.290391997838526 ], [ -3.911434367862087, 38.247807878571322 ] ] ] ] } },
{ "type": "Feature", "properties": { "id": "chandela914", "colorId": "chandela", "name": "Чандела", "parent": null }, "geometry": { "type": "MultiPolygon", "coordinates": [ [ [ [ 79.05698155714596, 23.068522352130962 ], [ 78.544095129673181, 23.016068058412152 ], [ 78.20605634792976, 22.899502961259252 ], [ 78.208970475358583, 23.199658086427984 ], [ 78.351762719370896, 23.695059749327825 ], [ 78.410045267947339, 24.033098531071243 ], [ 78.369247483943838, 24.301198254522923 ], [ 78.281823661079159, 24.551813213401665 ], [ 78.141945544495655, 24.744145623703961 ], [ 77.605746097592302, 25.268688560892024 ], [ 77.605746097592302, 25.863170556371834 ], [ 77.425070197005297, 26.131270279823511 ], [ 77.122000944407688, 26.19829521068645 ], [ 77.296848590137046, 26.279890778693485 ], [ 77.553291803873435, 26.326516817554644 ], [ 77.774765488463942, 26.792777206166257 ], [ 78.275995406221426, 27.020079145614421 ], [ 78.54409512967311, 26.979281361610905 ], [ 78.876305656558884, 26.816090225596838 ], [ 79.097779341149405, 26.664555599298065 ], [ 79.464959397181048, 26.361486346700516 ], [ 79.802998178924469, 26.233264739832322 ], [ 80.047784882945564, 26.023447564957095 ], [ 80.350854135543116, 25.970993271238289 ], [ 80.595332473878329, 25.875426882625419 ], [ 80.924322541686792, 26.031614086534486 ], [ 81.20346562952426, 26.290818382383566 ], [ 81.416146077400427, 26.649716638174603 ], [ 81.529132565334649, 27.148186437884377 ], [ 81.635472789272725, 27.261172925818592 ], [ 81.668704109253383, 27.427329525721852 ], [ 81.848153237148907, 27.706472613559324 ], [ 81.901323349117945, 27.959030645412277 ], [ 82.0874187410096, 28.251466261242008 ], [ 82.260221604908992, 28.357806485180085 ], [ 83.041157624454314, 28.005554493385173 ], [ 83.469469522610993, 27.89937792197605 ], [ 83.847814758690305, 27.784837815246586 ], [ 83.572858744144725, 27.075077533926919 ], [ 83.626028856113777, 25.858811222635072 ], [ 83.719076552059605, 25.061259543099435 ], [ 83.626028856113777, 24.802055247250351 ], [ 83.526334896171818, 24.709007551304531 ], [ 83.47316478420278, 24.552820347395468 ], [ 83.157467244386581, 24.512942763418685 ], [ 82.848415968566528, 24.6159598553587 ], [ 82.482871448779363, 24.615959855358703 ], [ 82.130619456984448, 24.55614347939353 ], [ 81.605564601290155, 24.323524239528968 ], [ 81.259958873491385, 24.277000391556054 ], [ 80.967523257661654, 24.170660167617971 ], [ 80.661795113839659, 23.938040927753409 ], [ 79.924059810269185, 23.559203879973982 ], [ 79.54072671033046, 23.272511272148577 ], [ 79.05698155714596, 23.068522352130962 ] ] ] ] } },
{ "type": "Feature", "properties": { "id": "sami", "colorId": null, "name": "саамы", "parent": null }, "geometry": { "type": "MultiPolygon", "coordinates": [ [ [ [ 17.7666839474158, 62.977650911359177 ], [ 16.736974738062834, 63.261457689908781 ], [ 16.056566179232426, 63.654420921746684 ], [ 15.867361660199373, 63.88364947365212 ], [ 15.565362139435075, 64.331190932134149 ], [ 15.241531328013117, 64.924274328333908 ], [ 15.146929068496593, 65.204442558440519 ], [ 15.13237487472483, 66.208681928692968 ], [ 15.037772615208304, 66.543428385443761 ], [ 15.034134066765358, 66.859982099979817 ], [ 14.899507774376456, 67.169258717630015 ], [ 14.328, 67.242 ], [ 14.653, 67.426 ], [ 14.727, 67.489 ], [ 14.836, 67.643 ], [ 14.793, 67.729 ], [ 15.015, 67.747 ], [ 14.789, 67.823 ], [ 14.999, 67.895 ], [ 15.282, 68.037 ], [ 15.508, 68.132 ], [ 15.925, 68.132 ], [ 15.964, 68.247 ], [ 16.103, 68.283 ], [ 16.172, 68.318 ], [ 16.22, 68.351 ], [ 16.535, 68.438 ], [ 16.629, 68.642 ], [ 17.679, 69.092 ], [ 18.003, 69.286 ], [ 18.301, 69.487 ], [ 18.843137133517985, 70.012730363510528 ], [ 19.325184479001344, 70.087611504556492 ], [ 20.417, 69.89 ], [ 20.512, 69.769 ], [ 21.17, 69.876 ], [ 21.253, 70.003 ], [ 21.209, 70.208 ], [ 21.586, 70.312 ], [ 21.822, 70.269 ], [ 22.267, 70.295 ], [ 22.473702456418163, 70.393571166798964 ], [ 22.904269017432426, 70.440371879952679 ], [ 23.320795364500572, 70.557373662836994 ], [ 23.643720285261267, 70.707135944928908 ], [ 24.064926703644787, 70.665015303090556 ], [ 24.292, 70.764 ], [ 24.396, 70.867 ], [ 24.616, 70.78 ], [ 24.666, 70.978 ], [ 25.143, 70.922 ], [ 25.423, 70.86 ], [ 25.925, 70.856 ], [ 28.191, 71.086 ], [ 28.185, 70.997 ], [ 29.994, 70.713 ], [ 30.812, 70.415 ], [ 30.926, 70.456 ], [ 31.077, 70.284 ], [ 30.549, 70.249 ], [ 30.159, 70.071 ], [ 29.686, 69.97 ], [ 30.841, 69.806 ], [ 31.452, 69.689 ], [ 31.699, 69.744 ], [ 31.754, 69.854 ], [ 31.918, 69.926 ], [ 32.054, 69.964 ], [ 32.625, 69.783 ], [ 32.92, 69.78 ], [ 33.119, 69.661 ], [ 33.085, 69.476 ], [ 33.329, 69.452 ], [ 33.524, 69.428 ], [ 33.62, 69.328 ], [ 33.614381690655577, 69.20502657145677 ], [ 33.501586688924341, 69.132255602597894 ], [ 33.294189427676564, 69.081315924396691 ], [ 33.057683778885249, 69.055846085296096 ], [ 33.028575391341704, 68.968520922665462 ], [ 32.566479739087896, 68.89211140536365 ], [ 32.042528763304055, 68.564642045498744 ], [ 31.16927713699765, 68.411823010895134 ], [ 30.223254541832379, 68.091630747916113 ], [ 29.706580662934417, 67.662282031648772 ], [ 25.352, 65.484 ], [ 25.085, 65.605 ], [ 24.82, 65.662 ], [ 24.687, 65.632 ], [ 24.544, 65.809 ], [ 24.405, 65.769 ], [ 24.163, 65.823 ], [ 23.926, 65.76 ], [ 23.69, 65.83 ], [ 23.374, 65.823 ], [ 23.13, 65.715 ], [ 22.685, 65.862 ], [ 22.678, 65.765 ], [ 22.477, 65.857 ], [ 22.319, 65.802 ], [ 22.388, 65.673 ], [ 22.258, 65.693 ], [ 22.405, 65.542 ], [ 22.177, 65.54 ], [ 21.577, 65.238 ], [ 21.619, 65.148 ], [ 21.378, 64.96 ], [ 21.256, 64.957 ], [ 21.181, 64.836 ], [ 21.042, 64.82 ], [ 21.492, 64.454 ], [ 21.373, 64.33 ], [ 21.244, 64.307 ], [ 20.948, 64.13 ], [ 20.786, 63.879 ], [ 20.543, 63.775 ], [ 20.503, 63.822 ], [ 20.308, 63.654 ], [ 20.074, 63.666 ], [ 19.753, 63.524 ], [ 19.687, 63.431 ], [ 19.133, 63.308 ], [ 19.037, 63.178 ], [ 18.913, 63.212 ], [ 18.643, 63.147 ], [ 18.393, 62.945 ], [ 18.471, 62.868 ], [ 18.077, 62.774 ], [ 17.926, 62.822 ], [ 17.7666839474158, 62.977650911359177 ] ] ] ] } },
{ "type": "Feature", "properties": { "id": "murcia_emirate", "colorId": "murcia", "name": "Мурсия", "parent": null }, "geometry": { "type": "MultiPolygon", "coordinates": [ [ [ [ -1.243, 37.579 ], [ -1.316591805014271, 37.757092878275451 ], [ -1.492251296991499, 37.847584131718264 ], [ -1.790340131861946, 37.898152773348087 ], [ -1.931400026934569, 38.007274578970303 ], [ -2.016568265468982, 38.004613071516104 ], [ -2.066719262411767, 38.098258966900765 ], [ -2.007034177814901, 38.217629136094502 ], [ -1.734188076800653, 38.277314220691366 ], [ -1.567922483995096, 38.336999305288238 ], [ -1.0222302819666, 38.204839475109438 ], [ -0.838911807847653, 38.13875956002007 ], [ -0.792016384235829, 38.049231933124773 ], [ -0.655, 37.989 ], [ -0.718, 37.943 ], [ -0.853, 37.724 ], [ -0.705, 37.62 ], [ -0.925, 37.556 ], [ -1.07, 37.583 ], [ -1.106, 37.532 ], [ -1.243, 37.579 ] ] ] ] } },
{ "type": "Feature", "properties": { "id": "kashmir750", "colorId": "kashmir", "name": "Кашмир", "parent": null }, "geometry": { "type": "MultiPolygon", "coordinates": [ [ [ [ 75.772847524333926, 33.857172155002765 ], [ 75.973536823818407, 33.678183030500847 ], [ 76.355472874901324, 33.075472518825798 ], [ 76.211408559961072, 32.920418386966546 ], [ 76.03982076218422, 32.585084415140294 ], [ 75.786171743036547, 32.463896550436417 ], [ 75.39724324701011, 32.37371023251724 ], [ 74.794122245925649, 32.751365438803781 ], [ 74.52356329216812, 32.754183761238743 ], [ 74.340372333894805, 32.821823499678125 ], [ 74.162818020491429, 32.855643368897816 ], [ 73.89507738916889, 32.979649556036676 ], [ 73.596335211061628, 33.182568771354816 ], [ 73.353959481653845, 33.224843607879436 ], [ 73.154127121741141, 33.385656866695669 ], [ 73.034494369810787, 33.525228410614403 ], [ 73.089037172766268, 33.74059661347971 ], [ 73.031894486547159, 33.92814771783668 ], [ 73.029402137548658, 34.131274161218428 ], [ 72.993214209977154, 34.529726895272482 ], [ 73.026857551267724, 34.579211429233432 ], [ 73.232816352103129, 34.663276245900946 ], [ 73.539652932939589, 34.612837355900439 ], [ 74.035635351277932, 34.688495690901206 ], [ 75.006583983787763, 34.478333649232411 ], [ 75.452190325111815, 34.239892037945275 ], [ 75.593555326919414, 33.998537156810357 ], [ 75.772847524333926, 33.857172155002765 ] ] ] ] } },
{ "type": "Feature", "properties": { "id": "fatimid972", "colorId": "fatimid", "name": "Фатимиды", "parent": null }, "geometry": { "type": "MultiPolygon", "coordinates": [ [ [ [ 36.9, 25.361 ], [ 36.776, 25.489 ], [ 36.942, 25.418 ], [ 36.9, 25.361 ] ] ], [ [ [ 36.523, 25.662 ], [ 36.683, 25.572 ], [ 36.498, 25.624 ], [ 36.523, 25.662 ] ] ], [ [ [ 36.228435864716474, 35.57897917082942 ], [ 36.327244329093695, 35.870913270125762 ], [ 36.601213253048719, 36.117934431068811 ], [ 36.695530423590611, 36.153864781751437 ], [ 36.812304063309142, 36.33351653516457 ], [ 36.812304063309142, 36.490711819401056 ], [ 36.906621233851041, 36.567063814601632 ], [ 36.991955816722275, 36.737732980344106 ], [ 37.256942153006641, 36.939841202933877 ], [ 37.38269838039583, 37.016193198134459 ], [ 37.674632479692164, 37.038649667311098 ], [ 37.81835388242267, 37.092545193335049 ], [ 37.946355756729531, 36.971280259781196 ], [ 37.950847050564853, 36.791628506368063 ], [ 38.161937860825283, 36.602994165284279 ], [ 38.215833386849219, 36.481729231730412 ], [ 38.141727038566287, 36.418851118035803 ], [ 38.137235744730965, 36.329025241329241 ], [ 38.013725164259448, 36.167338663257425 ], [ 38.027199045765428, 36.064038905044875 ], [ 38.224815974519871, 35.960739146832324 ], [ 38.642506301205394, 35.902352326973059 ], [ 38.700893121064659, 35.987686909844292 ], [ 38.898510049819102, 35.983195616008963 ], [ 39.729399409354826, 35.817017744101818 ], [ 39.846173049073364, 35.641857284524022 ], [ 40.084211622345755, 35.44424035576958 ], [ 40.259372081923559, 35.349923185227688 ], [ 40.411141939318547, 35.138021226825927 ], [ 40.555797475055222, 35.044515204425366 ], [ 40.663588527103101, 34.851389569506253 ], [ 40.79383604832762, 34.74808981129371 ], [ 40.677062408609089, 34.483103475009344 ], [ 40.519867124372603, 34.357347247620154 ], [ 40.39640025816589, 34.364853579441814 ], [ 40.265986392910087, 34.415422221071616 ], [ 39.818853140604418, 34.287669863269997 ], [ 39.531410335550774, 34.330253982537201 ], [ 38.903294576359471, 34.287669863269997 ], [ 37.971766967389314, 34.287669863269997 ], [ 37.559233311988251, 34.21314765455238 ], [ 37.254711864933064, 34.031303201386237 ], [ 36.914943726304038, 33.823685387463463 ], [ 36.805080378051947, 33.661781505828799 ], [ 36.576680259317335, 33.375558572224669 ], [ 36.319368733147961, 32.800221564272924 ], [ 36.249981355304534, 32.343421326803707 ], [ 36.295744367503808, 31.582087948987645 ], [ 36.440796644373961, 31.100230807109007 ], [ 36.722215866117118, 30.486951261190498 ], [ 36.923852535375708, 30.072206817191375 ], [ 37.337608954041002, 29.500278030903338 ], [ 37.983458795562385, 28.835707904120451 ], [ 38.432745641838139, 28.442581913629166 ], [ 38.685469492868243, 28.236658775752772 ], [ 39.087955625990276, 27.815452357369253 ], [ 39.508333200045413, 27.286222520787828 ], [ 39.927729242113514, 26.647808545639709 ], [ 40.198006691446295, 25.287101386929844 ], [ 40.980879303306764, 24.504228775069379 ], [ 41.269796576731459, 24.000953524587651 ], [ 41.232516928547625, 23.497678274105922 ], [ 41.44221494958169, 23.045662539876968 ], [ 41.69851253084552, 22.593646805648007 ], [ 42.173828045189374, 22.109011379258195 ], [ 42.509344878843862, 21.32147881137475 ], [ 42.733022767946849, 21.149060438524529 ], [ 42.816901976360477, 20.934702461467495 ], [ 42.774962372153666, 20.697044704295571 ], [ 42.956700657049844, 20.035330949032556 ], [ 43.157078766037941, 19.965431608687872 ], [ 43.255215376746996, 19.674442588891441 ], [ 43.399396479232841, 19.387597061838481 ], [ 43.596369984477178, 19.240771477370028 ], [ 43.665013972542646, 19.066060096252933 ], [ 43.931742310720402, 18.876487743692042 ], [ 44.056450278472873, 18.688603658391635 ], [ 44.342284296294004, 18.494857165553199 ], [ 44.524426163133029, 17.994689816931835 ], [ 44.021367673768189, 17.93975814280579 ], [ 43.772729569829245, 17.812547950092842 ], [ 43.151134309981884, 17.809656809349367 ], [ 42.616273272438811, 17.679555475892943 ], [ 42.460151672291104, 17.523433875745233 ], [ 42.302, 17.454 ], [ 41.869, 17.821 ], [ 41.719, 17.909 ], [ 41.674, 18.009 ], [ 41.472, 18.279 ], [ 41.438, 18.464 ], [ 41.21, 18.698 ], [ 41.249, 18.834 ], [ 41.137, 18.958 ], [ 41.177, 19.067 ], [ 41.069, 19.125 ], [ 41.036, 19.265 ], [ 40.956, 19.343 ], [ 40.945, 19.506 ], [ 40.785, 19.596 ], [ 40.791, 19.714 ], [ 40.725, 19.789 ], [ 40.629, 19.792 ], [ 40.523, 19.972 ], [ 40.268, 20.125 ], [ 40.068, 20.287 ], [ 39.923, 20.264 ], [ 39.76, 20.351 ], [ 39.646, 20.462 ], [ 39.493, 20.706 ], [ 39.506, 20.746 ], [ 39.297, 20.924 ], [ 39.17, 21.191 ], [ 39.081, 21.315 ], [ 39.171, 21.404 ], [ 39.159, 21.508 ], [ 39.092, 21.577 ], [ 39.079, 21.706 ], [ 38.95, 21.922 ], [ 38.933, 22.025 ], [ 39.006, 22.002 ], [ 39.04, 22.236 ], [ 39.143, 22.391 ], [ 39.07, 22.366 ], [ 39.082, 22.547 ], [ 38.913, 22.862 ], [ 38.894, 22.965 ], [ 38.814, 22.983 ], [ 38.806, 23.093 ], [ 38.711, 23.236 ], [ 38.6, 23.568 ], [ 38.54, 23.543 ], [ 38.453, 23.784 ], [ 38.365, 23.87 ], [ 38.185, 23.976 ], [ 38.079, 24.07 ], [ 37.866, 24.15 ], [ 37.676, 24.291 ], [ 37.523, 24.268 ], [ 37.429, 24.367 ], [ 37.457, 24.441 ], [ 37.149, 24.851 ], [ 37.257, 24.871 ], [ 37.28, 24.964 ], [ 37.23, 25.194 ], [ 37.105, 25.322 ], [ 36.936, 25.646 ], [ 36.817, 25.758 ], [ 36.725, 25.754 ], [ 36.663, 25.856 ], [ 36.696, 26.022 ], [ 36.537, 26.082 ], [ 36.383, 26.335 ], [ 36.23, 26.626 ], [ 36.098, 26.754 ], [ 36.032, 26.907 ], [ 35.832, 27.093 ], [ 35.813, 27.191 ], [ 35.56, 27.456 ], [ 35.492, 27.632 ], [ 35.255, 27.953 ], [ 35.164, 28.009 ], [ 35.216, 28.054 ], [ 35.052, 28.12 ], [ 34.928, 28.079 ], [ 34.866, 28.113 ], [ 34.647, 28.099 ], [ 34.675, 28.277 ], [ 34.804, 28.527 ], [ 34.778, 28.665 ], [ 34.836, 28.816 ], [ 34.853, 29.045 ], [ 34.997, 29.534 ], [ 34.956, 29.559 ], [ 34.887, 29.49 ], [ 34.737, 29.305 ], [ 34.675, 29.107 ], [ 34.633, 28.771 ], [ 34.407, 28.308 ], [ 34.455, 28.167 ], [ 34.427, 27.983 ], [ 34.272, 27.812 ], [ 34.078, 27.801 ], [ 33.879, 27.935 ], [ 33.716, 28.075 ], [ 33.565, 28.297 ], [ 33.434, 28.366 ], [ 33.238, 28.566 ], [ 33.195, 28.675 ], [ 33.136, 29.035 ], [ 32.886, 29.243 ], [ 32.817, 29.414 ], [ 32.721, 29.467 ], [ 32.681, 29.6 ], [ 32.691, 29.734 ], [ 32.605, 29.824 ], [ 32.57, 29.956 ], [ 32.468, 29.915 ], [ 32.492, 29.854 ], [ 32.393, 29.734 ], [ 32.338, 29.6 ], [ 32.388, 29.526 ], [ 32.591, 29.35 ], [ 32.66, 29.089 ], [ 32.625, 28.973 ], [ 32.821, 28.748 ], [ 32.869, 28.579 ], [ 33.003, 28.489 ], [ 33.126, 28.288 ], [ 33.338, 28.085 ], [ 33.513, 27.959 ], [ 33.592, 27.791 ], [ 33.482, 27.846 ], [ 33.537, 27.708 ], [ 33.496, 27.647 ], [ 33.633, 27.496 ], [ 33.692, 27.342 ], [ 33.825, 27.26 ], [ 33.837, 27.121 ], [ 34.004, 26.849 ], [ 33.96, 26.85 ], [ 33.941, 26.654 ], [ 34.014, 26.612 ], [ 34.339, 26.002 ], [ 34.547, 25.725 ], [ 34.682, 25.429 ], [ 34.99, 24.905 ], [ 35.235, 24.4 ], [ 35.392, 24.283 ], [ 35.290590967116898, 24.23911304189555 ], [ 35.073371570376082, 24.072319576540998 ], [ 34.610880142570124, 23.923453300756073 ], [ 33.943596115615605, 23.830229796990366 ], [ 33.266499088264695, 23.810603796197586 ], [ 33.084958580931477, 23.717380292431884 ], [ 32.805288069634372, 23.707567292035495 ], [ 32.54033705893184, 23.79097779540481 ], [ 32.482254480682116, 23.886131522191736 ], [ 32.36735858881972, 24.648650690469189 ], [ 31.930980333781918, 25.447222897188361 ], [ 31.717154988813398, 25.791961718668222 ], [ 31.197864865318415, 26.359253450217363 ], [ 31.080042736458211, 26.420346405922654 ], [ 30.940401694846113, 26.538168534782859 ], [ 30.831307131086664, 26.73453874954987 ], [ 30.665483394172295, 26.882907356262724 ], [ 30.399292658599244, 27.245101307944097 ], [ 30.268379182087902, 27.550566086470557 ], [ 30.146193270677319, 27.725117388485678 ], [ 29.694541776713201, 28.080765666341488 ], [ 29.197070565970115, 28.331683162988224 ], [ 28.87415065724214, 28.436413944197291 ], [ 28.555594531064557, 28.571691203259014 ], [ 27.556288327027996, 28.669876310642518 ], [ 26.639893991448616, 28.556417964332688 ], [ 26.229698431713082, 28.626238485138735 ], [ 25.692953178016591, 28.83570004755687 ], [ 25.217300880025387, 29.210985346889377 ], [ 24.90747231894855, 29.695365209981336 ], [ 24.805, 29.755 ], [ 24.707829267268728, 29.850279490519753 ], [ 24.647827257201044, 29.972465401930332 ], [ 24.303088435721186, 30.195018311999611 ], [ 23.844891267931494, 30.321568005960572 ], [ 23.371254903070056, 30.531646685650955 ], [ 22.702357089639001, 30.676459614331904 ], [ 22.219647327369167, 30.814376689266144 ], [ 21.453278200161019, 30.935398884024892 ], [ 20.758624754614708, 30.827607832129775 ], [ 20.135832010331811, 30.276675789110289 ], [ 19.728621369839146, 30.109000819495662 ], [ 19.321410729346482, 29.989232984056642 ], [ 18.506989448361153, 29.983244592284692 ], [ 17.429078929409989, 30.270687397338335 ], [ 16.159539873756387, 30.534176635304178 ], [ 15.03372222062961, 30.74975873909441 ], [ 14.075579537117459, 30.845573007445626 ], [ 13.380926091571148, 30.953364059340743 ], [ 12.901854749815072, 31.18092294667488 ], [ 12.584469985901672, 31.492319318816325 ], [ 12.344934315023634, 31.899529959308989 ], [ 12.348, 32.833 ], [ 12.73, 32.799 ], [ 13.074, 32.866 ], [ 13.165, 32.913 ], [ 13.352, 32.904 ], [ 13.571, 32.803 ], [ 13.787, 32.8 ], [ 14.176, 32.718 ], [ 14.469, 32.519 ], [ 14.727, 32.451 ], [ 14.911, 32.444 ], [ 15.196, 32.39 ], [ 15.283, 32.317 ], [ 15.37, 32.159 ], [ 15.37, 31.929 ], [ 15.49, 31.665 ], [ 15.623, 31.497 ], [ 15.761, 31.388 ], [ 16.045, 31.276 ], [ 16.359, 31.227 ], [ 16.728, 31.224 ], [ 17.16, 31.119 ], [ 17.366, 31.087 ], [ 17.467, 31.03 ], [ 17.849, 30.924 ], [ 17.927, 30.855 ], [ 18.175, 30.786 ], [ 18.324, 30.657 ], [ 18.653, 30.422 ], [ 18.926, 30.293 ], [ 19.057, 30.266 ], [ 19.339, 30.299 ], [ 19.616, 30.421 ], [ 19.749, 30.511 ], [ 20.036, 30.819 ], [ 20.147, 31.046 ], [ 20.147, 31.217 ], [ 20.022, 31.397 ], [ 19.989290369243552, 31.500957340010117 ], [ 19.921, 31.718 ], [ 19.94, 31.958 ], [ 20.072, 32.176 ], [ 20.262, 32.34 ], [ 20.563, 32.558 ], [ 20.797, 32.643 ], [ 21.097, 32.781 ], [ 21.287, 32.771 ], [ 21.455, 32.813 ], [ 21.609, 32.931 ], [ 21.716, 32.95 ], [ 21.877, 32.903 ], [ 22.15, 32.948 ], [ 22.207, 32.888 ], [ 22.379, 32.87 ], [ 22.514, 32.791 ], [ 23.086, 32.646 ], [ 23.096, 32.324 ], [ 23.244, 32.221 ], [ 23.405, 32.191 ], [ 23.67, 32.183 ], [ 23.999, 32.094 ], [ 24.091, 32.006 ], [ 24.546, 31.991 ], [ 24.67, 32.032 ], [ 24.982, 31.968 ], [ 25.022, 31.855 ], [ 25.151, 31.656 ], [ 25.191, 31.531 ], [ 25.402, 31.503 ], [ 25.824, 31.615 ], [ 25.967, 31.617 ], [ 26.362, 31.522 ], [ 26.966, 31.45 ], [ 27.117, 31.39 ], [ 27.342, 31.368 ], [ 27.383, 31.269 ], [ 27.478, 31.214 ], [ 27.66, 31.18 ], [ 27.863, 31.234 ], [ 27.897, 31.114 ], [ 28.318, 31.06 ], [ 28.405, 31.086 ], [ 28.818, 30.951 ], [ 28.829, 30.915 ], [ 29.028, 30.827 ], [ 29.219, 30.838 ], [ 29.503, 30.957 ], [ 29.838, 31.154 ], [ 30.07, 31.333 ], [ 30.165, 31.217 ], [ 30.288, 31.278 ], [ 30.543, 31.395 ], [ 30.734, 31.388 ], [ 30.799, 31.446 ], [ 30.981, 31.437 ], [ 31.111, 31.54 ], [ 31.012, 31.597 ], [ 31.221, 31.58 ], [ 31.524, 31.45 ], [ 31.597, 31.444 ], [ 31.838, 31.525 ], [ 31.918, 31.524 ], [ 31.769, 31.299 ], [ 31.927, 31.211 ], [ 32.037, 31.217 ], [ 32.091, 31.08 ], [ 32.272, 31.119 ], [ 32.331, 31.271 ], [ 32.602, 31.061 ], [ 32.77, 31.046 ], [ 32.985, 31.11 ], [ 33.099, 31.19 ], [ 33.133, 31.046 ], [ 33.406, 31.155 ], [ 33.648, 31.117 ], [ 34.047, 31.229 ], [ 34.2, 31.314 ], [ 34.481, 31.583 ], [ 34.712, 31.952 ], [ 34.838, 32.281 ], [ 34.942, 32.725 ], [ 34.948, 32.814 ], [ 35.063, 32.858 ], [ 35.105, 33.089 ], [ 35.175, 33.17 ], [ 35.271, 33.458 ], [ 35.349, 33.514 ], [ 35.477, 33.804 ], [ 35.47, 33.902 ], [ 35.578, 33.917 ], [ 35.648, 34.119 ], [ 35.627, 34.201 ], [ 35.824, 34.461 ], [ 35.983, 34.539 ], [ 36.412578911964935, 34.586403233221887 ], [ 36.322753035258373, 35.035532616754708 ], [ 36.223944570881152, 35.462205531110889 ], [ 36.228435864716474, 35.57897917082942 ] ] ] ] } },
{ "type": "Feature", "properties": { "id": "pereyaslavl", "colorId": "pereyaslavl", "name": "Переяславль", "parent": null }, "geometry": { "type": "MultiPolygon", "coordinates": [ [ [ [ 35.457970166575578, 51.040778012471783 ], [ 35.076326853706007, 50.99388116470395 ], [ 34.662340887203428, 50.838636427265484 ], [ 34.203075205614631, 50.799825242905868 ], [ 33.698529808939611, 50.832167896538877 ], [ 33.33305782288658, 50.979326970569062 ], [ 32.731484465312519, 50.901704601849829 ], [ 31.593023057430429, 50.875830478943413 ], [ 31.243722398193874, 50.714117210778348 ], [ 30.849142023871106, 50.720585741504948 ], [ 30.695514419114268, 50.731905670276554 ], [ 30.828119299009622, 50.282342784777654 ], [ 31.025409486171007, 50.127098047339189 ], [ 31.263127990373661, 50.020367290350244 ], [ 31.605960118883608, 50.007430228897036 ], [ 31.683582487602841, 49.748688999832929 ], [ 32.071694331199012, 49.541696016581639 ], [ 35.03104713861979, 48.537456621276498 ], [ 35.45150163584897, 48.763855196707595 ], [ 35.45150163584897, 49.507736230266914 ], [ 35.367410736403137, 50.542701146523363 ], [ 35.457970166575578, 51.040778012471783 ] ] ] ] } },
{ "type": "Feature", "properties": { "id": "valencia_emirate1009", "colorId": "valencia_emirate", "name": "Эмират Валенсия", "parent": null }, "geometry": { "type": "MultiPolygon", "coordinates": [ [ [ [ -0.21, 39.079 ], [ -0.400641610088977, 38.964789625297264 ], [ -0.620434305622352, 38.964789625297264 ], [ -0.794752650355719, 38.995105859163942 ], [ -1.124441693655781, 39.264162434730657 ], [ -1.245706629122471, 39.302057727063996 ], [ -1.366971564589161, 39.593851478030714 ], [ -1.457920266189178, 39.703747825797407 ], [ -1.370761093822495, 39.965225342897455 ], [ -1.173705573689124, 40.010699693697461 ], [ -1.037282521289098, 39.79469652739742 ], [ -0.677277244122363, 39.851539465897432 ], [ -0.415799727022313, 40.135754158397482 ], [ -0.260429028455617, 40.173649450730828 ], [ 0.066, 40.032 ], [ -0.194, 39.715 ], [ -0.323, 39.516 ], [ -0.301, 39.322 ], [ -0.215, 39.182 ], [ -0.21, 39.079 ] ] ] ] } },
{ "type": "Feature", "properties": { "id": "ghaznavids1035", "colorId": "persia", "name": "Газневиды", "parent": null }, "geometry": { "type": "MultiPolygon", "coordinates": [ [ [ [ 76.83921910517671, 30.367260014345348 ], [ 76.580014809327622, 29.978453570571723 ], [ 76.520198433362452, 29.619555314780687 ], [ 75.902095881722332, 29.390259206914191 ], [ 75.513289437948714, 29.160963099047695 ], [ 75.094574806192497, 29.066253837102842 ], [ 74.989896148253436, 28.861881219221836 ], [ 74.685829570430485, 28.682432091326312 ], [ 74.247176146685888, 28.64255450734953 ], [ 73.958063662854215, 28.552829943401772 ], [ 73.479532655132829, 28.353442023517864 ], [ 73.27017533925472, 27.984574371732631 ], [ 73.349930507208285, 27.027512356289865 ], [ 73.438543874375966, 26.769464186735689 ], [ 73.281180993219536, 26.751979422162751 ], [ 73.112161602347825, 26.676212109013367 ], [ 72.721668526885608, 26.717009893016883 ], [ 72.302034177135155, 26.827746735312139 ], [ 71.917369356530571, 26.827746735312139 ], [ 71.660926142794182, 27.002594381041494 ], [ 71.107241931317887, 27.218239810774367 ], [ 71.174109831475079, 27.341548330107038 ], [ 71.577870369239989, 27.717893028887922 ], [ 71.74236540314422, 27.892357458786336 ], [ 71.891906343057158, 28.430704842472892 ], [ 72.171049430894627, 28.93914403817686 ], [ 72.181018826888817, 29.637001757770545 ], [ 72.310620974813361, 29.946053033590601 ], [ 70.98069126074148, 29.91421965567374 ], [ 70.563484326830618, 29.906175449613812 ], [ 70.045075735132443, 30.105563369497723 ], [ 69.965320567178878, 29.811466187668955 ], [ 69.835718419254349, 29.597124173793752 ], [ 69.55657533141688, 29.228256522008522 ], [ 69.177738283637453, 29.068746186101393 ], [ 68.679268483927686, 29.178409542037542 ], [ 68.350278416119238, 29.44758323388082 ], [ 68.033750093303539, 29.562231287814072 ], [ 67.86427036140222, 29.472506723866314 ], [ 67.747129958470424, 29.452567931877926 ], [ 67.659897743521213, 29.367828065927259 ], [ 67.485433313622792, 29.0537920921101 ], [ 67.430601635654725, 28.674955044330677 ], [ 67.485433313622792, 28.355934372516419 ], [ 67.256137205756303, 27.957158532748601 ], [ 67.325922977715663, 27.687984840905322 ], [ 67.126535057831759, 27.383918263082364 ], [ 67.186351433796929, 26.990127121311644 ], [ 67.13650445382595, 26.78076980543354 ], [ 67.13650445382595, 26.501626717596064 ], [ 67.330907675712766, 26.257376515738276 ], [ 67.455525125640207, 26.033065105868879 ], [ 67.42063223966052, 25.748937320034308 ], [ 67.151458547817242, 25.310283896289707 ], [ 67.021856399892698, 25.026156110455137 ], [ 66.907208345959447, 25.001232620469647 ], [ 66.68, 24.831 ], [ 66.718, 25.231 ], [ 66.548, 25.366 ], [ 66.587, 25.426 ], [ 66.437, 25.598 ], [ 66.258, 25.612 ], [ 66.094, 25.475 ], [ 66.336, 25.553 ], [ 66.484, 25.401 ], [ 66.36, 25.465 ], [ 66.252, 25.473 ], [ 65.858, 25.418 ], [ 65.672, 25.347 ], [ 65.395, 25.392 ], [ 65.232, 25.371 ], [ 65.155, 25.296 ], [ 64.807, 25.329 ], [ 64.719, 25.314 ], [ 64.669, 25.207 ], [ 64.518, 25.276 ], [ 64.439, 25.235 ], [ 64.361, 25.283 ], [ 64.067, 25.346 ], [ 63.944, 25.335 ], [ 63.805, 25.375 ], [ 63.573, 25.365 ], [ 63.485, 25.284 ], [ 63.5, 25.194 ], [ 63.178, 25.258 ], [ 63.028, 25.22 ], [ 62.771, 25.262 ], [ 62.477, 25.259 ], [ 62.489, 25.214 ], [ 62.343, 25.155 ], [ 62.381, 25.088 ], [ 62.256, 25.099 ], [ 62.318, 25.142 ], [ 62.254, 25.212 ], [ 62.145, 25.218 ], [ 62.059, 25.162 ], [ 62.097, 25.107 ], [ 61.881, 25.103 ], [ 61.847, 25.038 ], [ 61.72, 25.037 ], [ 61.78, 25.191 ], [ 61.588, 25.202 ], [ 61.483, 25.194 ], [ 61.497, 25.125 ], [ 61.412, 25.059 ], [ 61.185, 25.123 ], [ 61.031, 25.21 ], [ 60.728984571369729, 25.25932394421832 ], [ 60.633, 25.275 ], [ 60.55, 25.447 ], [ 60.395, 25.378 ], [ 60.467, 25.29 ], [ 60.271, 25.38 ], [ 60.209, 25.32 ], [ 60.082, 25.366 ], [ 59.904, 25.33 ], [ 59.775, 25.39 ], [ 59.538, 25.4 ], [ 59.454, 25.462 ], [ 59.024, 25.403 ], [ 58.924, 25.513 ], [ 58.84460382430737, 25.794172379145735 ], [ 58.909589516713993, 26.089561890084855 ], [ 59.204979027653103, 26.426305932555461 ], [ 59.799172429986498, 26.699563618145589 ], [ 60.282147349775713, 26.91315446153067 ], [ 60.715816075523222, 26.958016743504547 ], [ 61.381273258135771, 26.913154461530667 ], [ 61.695309231952926, 26.958016743504547 ], [ 62.719664670356508, 27.174851106378298 ], [ 62.869205610269439, 27.294483858308645 ], [ 63.295397289021295, 27.451501845217223 ], [ 64.065533129572898, 27.787968960021317 ], [ 64.813237829137563, 27.915078758947306 ], [ 65.374016353811058, 28.273977014738342 ], [ 65.762822797584676, 28.819801445420545 ], [ 65.972180113462784, 29.38057997009404 ], [ 65.964703066467152, 29.948835541763177 ], [ 65.620758904667397, 31.070392591110174 ], [ 65.441309776771888, 32.019977559557276 ], [ 65.478695011750119, 33.021901856973933 ], [ 65.433832729776242, 33.919147496451529 ], [ 65.553465481706581, 34.674329243011833 ], [ 65.628235951663058, 34.943502934855111 ], [ 65.830116220545506, 35.272493002663566 ], [ 66.099830698318016, 35.499217149022094 ], [ 66.262664166223232, 35.602234240962098 ], [ 66.608269894022015, 36.03424140071057 ], [ 66.754487701936881, 36.499479880439694 ], [ 66.767780229929144, 37.077704848103025 ], [ 66.864957175268259, 37.255517546656762 ], [ 67.709771176554185, 37.225978595562779 ], [ 68.022884058149657, 36.912865713967307 ], [ 68.158763233181659, 36.859695601998261 ], [ 68.903144800748251, 37.202347434687645 ], [ 69.047885661108424, 37.205301329797038 ], [ 69.310782325844244, 37.081237735202606 ], [ 69.508693298173455, 37.081237735202606 ], [ 69.733189326487178, 37.302779868406951 ], [ 69.733189326487178, 37.46229020431408 ], [ 69.86906850151918, 37.536137582048859 ], [ 70.208766439099179, 37.453428518985902 ], [ 70.448031942959872, 37.533183686939466 ], [ 70.518925425585252, 37.642477805986942 ], [ 70.501202054928896, 37.9585445826918 ], [ 70.696159132148708, 38.171225030567975 ], [ 70.743421453898975, 38.375043793115971 ], [ 71.035445854530437, 38.412447869102181 ], [ 71.334, 38.281 ], [ 71.365, 38.207 ], [ 71.258, 37.926 ], [ 71.341, 37.893 ], [ 71.501, 37.946 ], [ 71.598, 37.898 ], [ 71.538, 37.779 ], [ 71.497, 37.567 ], [ 71.487, 37.267 ], [ 71.431, 37.067 ], [ 71.463, 36.948 ], [ 71.611, 36.705 ], [ 71.676358075971265, 36.588173469837038 ], [ 72.291422145257556, 36.040936364476359 ], [ 72.706420121447422, 35.54047092218623 ], [ 72.908698498017628, 35.31060913062916 ], [ 73.090289313347668, 34.984205386618193 ], [ 73.223609152450777, 34.892260669995359 ], [ 73.026857551267724, 34.579211429233432 ], [ 72.993214209977154, 34.529726895272482 ], [ 73.029402137548658, 34.131274161218428 ], [ 73.031894486547159, 33.92814771783668 ], [ 73.089037172766268, 33.74059661347971 ], [ 73.034494369810787, 33.525228410614403 ], [ 73.154127121741141, 33.385656866695669 ], [ 73.353959481653845, 33.224843607879436 ], [ 73.596335211061628, 33.182568771354816 ], [ 73.89507738916889, 32.979649556036676 ], [ 74.162818020491429, 32.855643368897816 ], [ 74.340372333894805, 32.821823499678125 ], [ 74.52356329216812, 32.754183761238743 ], [ 74.794122245925649, 32.751365438803781 ], [ 75.39724324701011, 32.37371023251724 ], [ 75.786171743036547, 32.463896550436417 ], [ 77.641755482709428, 30.960439075999957 ], [ 77.068515213043199, 30.656372498177017 ], [ 76.83921910517671, 30.367260014345348 ] ] ] ] } },
{ "type": "Feature", "properties": { "id": "norway1035", "colorId": "norway", "name": "Норвегия", "parent": null }, "geometry": { "type": "MultiPolygon", "coordinates": [ [ [ [ -3.173, 58.82 ], [ -3.248, 58.792 ], [ -3.43, 58.875 ], [ -3.349, 58.929 ], [ -3.173, 58.82 ] ] ], [ [ [ -6.737, 61.579 ], [ -6.655, 61.396 ], [ -6.87, 61.502 ], [ -6.963, 61.629 ], [ -6.737, 61.579 ] ] ], [ [ [ -6.668, 61.749 ], [ -6.907, 61.91 ], [ -6.613, 61.821 ], [ -6.668, 61.749 ] ] ], [ [ [ -7.185, 62.027 ], [ -7.384, 62.095 ], [ -7.286, 62.155 ], [ -7.038, 62.089 ], [ -7.185, 62.027 ] ] ], [ [ [ -6.716, 62.034 ], [ -6.734, 61.938 ], [ -7.031, 62.117 ], [ -7.223, 62.171 ], [ -7.19, 62.31 ], [ -6.716, 62.034 ] ] ], [ [ [ -6.722, 62.184 ], [ -6.564, 62.136 ], [ -6.691, 62.073 ], [ -6.958, 62.19 ], [ -7.055, 62.29 ], [ -6.941, 62.337 ], [ -6.737, 62.262 ], [ -6.722, 62.184 ] ] ], [ [ [ -6.537, 62.191 ], [ -6.572, 62.347 ], [ -6.387, 62.26 ], [ -6.537, 62.191 ] ] ], [ [ [ -3.367, 59.016 ], [ -3.324, 59.127 ], [ -3.085, 59.128 ], [ -2.994, 59.073 ], [ -3.132, 59.005 ], [ -2.728, 58.971 ], [ -2.839, 58.883 ], [ -2.981, 58.96 ], [ -3.203, 58.916 ], [ -3.367, 59.016 ] ] ], [ [ [ 5.209, 59.416 ], [ 5.277, 59.299 ], [ 5.297, 59.169 ], [ 5.166, 59.196 ], [ 5.209, 59.416 ] ] ], [ [ [ -1.446, 60.492 ], [ -1.609, 60.483 ], [ -1.419, 60.608 ], [ -1.326, 60.611 ], [ -1.295, 60.492 ], [ -1.097, 60.416 ], [ -1.075, 60.321 ], [ -1.199, 60.204 ], [ -1.165, 60.06 ], [ -1.275, 59.882 ], [ -1.376, 59.909 ], [ -1.263, 60.115 ], [ -1.268, 60.245 ], [ -1.455, 60.156 ], [ -1.504, 60.243 ], [ -1.615, 60.216 ], [ -1.657, 60.306 ], [ -1.364, 60.321 ], [ -1.446, 60.492 ] ] ], [ [ [ -0.987, 60.698 ], [ -1.032, 60.501 ], [ -1.154, 60.508 ], [ -1.171, 60.646 ], [ -1.092, 60.735 ], [ -0.987, 60.698 ] ] ], [ [ [ -0.905, 60.684 ], [ -0.966, 60.725 ], [ -0.881, 60.845 ], [ -0.761, 60.8 ], [ -0.905, 60.684 ] ] ], [ [ [ 13.256, 66.724 ], [ 13.547, 66.724 ], [ 13.542, 66.803 ], [ 13.801, 66.81 ], [ 13.59, 66.938 ], [ 14.043, 66.995 ], [ 14.328, 67.242 ], [ 14.899507774376456, 67.169258717630015 ], [ 15.034134066765358, 66.859982099979817 ], [ 15.037772615208304, 66.543428385443761 ], [ 15.13237487472483, 66.208681928692968 ], [ 15.146929068496593, 65.204442558440519 ], [ 14.901126306099465, 65.069660941810184 ], [ 14.680084488190657, 64.747308290693169 ], [ 14.422202367297047, 64.530871510657462 ], [ 14.058404375322137, 63.955241776519955 ], [ 13.538035095661817, 63.619074011783646 ], [ 13.017665816001497, 63.015814050407499 ], [ 12.819649187458189, 62.288218066457674 ], [ 12.741363543615485, 61.71719337019325 ], [ 12.902539869173989, 61.35800041609145 ], [ 12.819649187458186, 61.178403939040543 ], [ 12.640052710407279, 61.044857840720638 ], [ 12.465061271229471, 60.998807461989635 ], [ 12.352933941216236, 60.929530938488803 ], [ 12.632532213844666, 60.523560565237339 ], [ 12.569346163533156, 60.18551519607076 ], [ 12.447, 60.051 ], [ 12.108087996259133, 59.828514011810725 ], [ 11.890096122684422, 59.689504701125394 ], [ 11.757405417030251, 59.449397709941657 ], [ 11.807954257279459, 59.095555828197199 ], [ 11.564687963580145, 58.798581391733101 ], [ 11.415, 58.432 ], [ 11.232, 58.34 ], [ 11.286, 58.58 ], [ 11.179, 58.736 ], [ 11.232, 58.8 ], [ 11.117, 58.969 ], [ 11.22, 59.09 ], [ 11.355, 59.092 ], [ 11.438, 58.992 ], [ 11.37, 59.101 ], [ 10.902, 59.197 ], [ 10.823, 59.164 ], [ 10.361, 59.271 ], [ 10.314, 59.128 ], [ 9.957, 58.957 ], [ 9.846, 58.956 ], [ 9.69, 58.957 ], [ 9.399, 58.899 ], [ 9.271, 58.833 ], [ 9.45, 58.833 ], [ 8.949, 58.58 ], [ 8.944, 58.526 ], [ 8.501, 58.257 ], [ 8.354, 58.245 ], [ 8.123, 58.102 ], [ 8.03, 58.225 ], [ 7.916, 58.082 ], [ 7.654, 58.065 ], [ 7.579, 58.018 ], [ 6.999, 58.031 ], [ 6.531, 58.121 ], [ 6.698, 58.225 ], [ 6.001, 58.39 ], [ 5.964, 58.468 ], [ 5.704, 58.521 ], [ 5.478, 58.755 ], [ 5.297, 59.345 ], [ 5.182, 59.511 ], [ 5.223, 60.211 ], [ 5.178, 60.389 ], [ 5.298, 60.396 ], [ 5.3, 60.561 ], [ 4.927, 60.8 ], [ 5.047, 60.844 ], [ 5.016, 61.047 ], [ 5.135, 61.077 ], [ 5.021, 61.216 ], [ 5.058, 61.323 ], [ 4.948, 61.416 ], [ 5.29, 61.48 ], [ 5.146, 61.595 ], [ 4.993, 61.63 ], [ 4.974, 61.739 ], [ 5.071, 62.164 ], [ 5.182, 62.213 ], [ 5.431, 62.186 ], [ 6.028, 62.306 ], [ 6.305, 62.459 ], [ 6.263, 62.527 ], [ 6.32, 62.609 ], [ 6.537, 62.616 ], [ 6.613, 62.561 ], [ 6.777, 62.65 ], [ 7.017, 62.842 ], [ 6.91, 62.929 ], [ 7.271, 63.014 ], [ 7.501, 62.911 ], [ 7.668, 62.979 ], [ 7.961, 63.028 ], [ 8.087, 63.11 ], [ 8.236, 63.151 ], [ 8.639, 63.392 ], [ 8.823, 63.429 ], [ 9.115, 63.418 ], [ 9.162, 63.507 ], [ 9.544, 63.666 ], [ 9.546, 63.774 ], [ 9.936, 63.959 ], [ 10.17, 64.199 ], [ 10.397, 64.264 ], [ 10.45, 64.35 ], [ 10.607, 64.366 ], [ 10.605, 64.452 ], [ 10.762, 64.48 ], [ 10.892, 64.475 ], [ 10.957, 64.603 ], [ 11.245, 64.858 ], [ 11.401, 64.922 ], [ 11.835, 64.987 ], [ 12.349, 65.638 ], [ 12.567, 65.767 ], [ 12.712, 66.042 ], [ 12.869, 66.134 ], [ 13.032, 66.198 ], [ 13.0, 66.357 ], [ 13.171, 66.412 ], [ 13.251, 66.633 ], [ 13.48, 66.675 ], [ 13.256, 66.724 ] ] ], [ [ [ 7.401, 63.055 ], [ 7.64, 63.055 ], [ 7.706, 63.007 ], [ 7.527, 62.946 ], [ 7.401, 63.055 ] ] ] ] } },
{ "type": "Feature", "properties": { "id": "mosul932", "colorId": "mosul", "name": "Мосул", "parent": null }, "geometry": { "type": "MultiPolygon", "coordinates": [ [ [ [ 43.699481819795842, 37.445674535231596 ], [ 43.868656861878272, 36.753114206706634 ], [ 43.826363101357664, 36.488778203452831 ], [ 43.699481819795835, 36.282596120914867 ], [ 43.424572376411881, 36.060553878181672 ], [ 43.053146047939826, 35.92601594690958 ], [ 42.470319404665666, 35.637616272975599 ], [ 42.311717802713382, 35.51073499141377 ], [ 41.709031715294714, 35.405000590112252 ], [ 41.029688186932425, 35.447294350632873 ], [ 40.725701783190566, 35.367993549656717 ], [ 40.411141939318547, 35.138021226825927 ], [ 40.259372081923559, 35.349923185227688 ], [ 40.084211622345755, 35.44424035576958 ], [ 39.846173049073364, 35.641857284524022 ], [ 39.729399409354826, 35.817017744101818 ], [ 38.898510049819102, 35.983195616008963 ], [ 38.700893121064659, 35.987686909844292 ], [ 38.642506301205394, 35.902352326973059 ], [ 38.224815974519871, 35.960739146832324 ], [ 38.027199045765428, 36.064038905044875 ], [ 38.013725164259448, 36.167338663257425 ], [ 38.137235744730965, 36.329025241329241 ], [ 38.141727038566287, 36.418851118035803 ], [ 38.215833386849219, 36.481729231730412 ], [ 38.161937860825283, 36.602994165284279 ], [ 37.950847050564853, 36.791628506368063 ], [ 37.946355756729531, 36.971280259781196 ], [ 37.81835388242267, 37.092545193335049 ], [ 37.771195297151728, 37.177879776206282 ], [ 37.829582117010993, 37.357531529619408 ], [ 37.923899287552885, 37.424900937149332 ], [ 38.386502552591693, 37.496761638514585 ], [ 38.624541125864091, 37.622517865903774 ], [ 38.741314765582622, 37.627009159739103 ], [ 38.87605358064247, 37.743782799457641 ], [ 38.920966518995755, 37.874030320682159 ], [ 39.020400904344307, 37.952565627703969 ], [ 39.156759445350467, 38.031225604918639 ], [ 39.165742033021118, 38.165964419978486 ], [ 39.026511924125941, 38.174947007649145 ], [ 39.080407450149885, 38.287229353532346 ], [ 38.90973828440741, 38.300703235038334 ], [ 38.661192735363642, 38.414816888103552 ], [ 38.418336912911649, 38.437946014051363 ], [ 38.233303905329173, 38.568047347507786 ], [ 38.374969801759498, 38.712604384681576 ], [ 38.900755696736745, 38.880080139795638 ], [ 39.125320388503155, 38.871097552124979 ], [ 39.376832843281534, 38.754323912406448 ], [ 39.439710956976135, 38.655515448029227 ], [ 39.691223411754521, 38.628567685017259 ], [ 40.050526918580779, 38.722884855559151 ], [ 40.342461017877113, 38.709410974053164 ], [ 40.607447354161479, 38.812710732265714 ], [ 40.876924984281175, 38.857623670618999 ], [ 41.0565767376943, 38.713902267888493 ], [ 41.254193666448742, 38.835167201442353 ], [ 41.433845419861875, 38.835167201442353 ], [ 41.712305637652221, 38.673480623370537 ], [ 42.035678793795846, 38.538741808310697 ], [ 42.242278310220946, 38.547724395981355 ], [ 42.080591732149131, 38.260281590520343 ], [ 42.080591732149131, 38.053682074095249 ], [ 42.197365371867662, 37.883012908352775 ], [ 42.727338044436394, 37.676413391927682 ], [ 43.257310717005126, 37.671922098092352 ], [ 43.699481819795842, 37.445674535231596 ] ] ] ] } },
{ "type": "Feature", "properties": { "id": "kilwa", "colorId": "kilwa", "name": "Килва", "parent": null }, "geometry": { "type": "MultiPolygon", "coordinates": [ [ [ [ 39.362, -8.611 ], [ 39.354, -8.714 ], [ 39.439, -8.755 ], [ 39.521, -8.923 ], [ 39.449, -8.859 ], [ 39.389, -8.899 ], [ 39.204351869047976, -8.976671117573064 ], [ 38.983778982676398, -8.943024406092654 ], [ 38.722082337828766, -8.763575278197136 ], [ 38.669743008859243, -8.243920511999697 ], [ 38.890315895230813, -7.892499303204307 ], [ 39.305, -7.792 ], [ 39.396, -7.78 ], [ 39.454, -8.01 ], [ 39.28, -8.309 ], [ 39.303, -8.505 ], [ 39.362, -8.611 ] ] ], [ [ [ 39.801, -8.007 ], [ 39.719, -8.093 ], [ 39.742, -7.995 ], [ 39.801, -8.007 ] ] ], [ [ [ 39.715, -7.812 ], [ 39.845, -7.738 ], [ 39.896, -7.638 ], [ 39.893, -7.754 ], [ 39.823, -7.914 ], [ 39.65, -7.994 ], [ 39.587, -7.945 ], [ 39.715, -7.812 ] ] ] ] } }
]
}
