{
"type": "FeatureCollection",
"name": "1470",
"crs": { "type": "name", "properties": { "name": "urn:ogc:def:crs:OGC:1.3:CRS84" } },
"features": [
{ "type": "Feature", "properties": { "id": "vietnam1426", "colorId": "vietnam", "name": "Вьетнам", "parent": null }, "geometry": { "type": "MultiPolygon", "coordinates": [ [ [ [ 106.635, 17.47 ], [ 106.764, 17.336 ], [ 107.112, 17.088 ], [ 107.201, 16.914 ], [ 107.663, 16.552 ], [ 107.703326456300331, 16.508231086036218 ], [ 107.165384493257775, 16.223820710467564 ], [ 106.830606493370752, 16.142555338463335 ], [ 106.775820284307102, 16.175261184298709 ], [ 106.726770499342393, 16.265280266407565 ], [ 106.440720270238742, 16.833294292770525 ], [ 106.306766952359823, 17.084447385575483 ], [ 106.24865797355487, 17.192900295072249 ], [ 106.064768540559669, 17.352271137001424 ], [ 105.729681129323964, 17.801778639878584 ], [ 105.443630900220342, 18.118477107814758 ], [ 105.353729399644877, 18.355490154786356 ], [ 104.937, 18.731 ], [ 104.699900304550852, 19.364838820337798 ], [ 104.642690258730141, 20.280199553469469 ], [ 104.744851054838577, 20.835954284299412 ], [ 104.614085235819758, 20.946287944096532 ], [ 104.434282234668899, 21.068880899426667 ], [ 103.764107412197504, 21.371276855907666 ], [ 103.563872251824947, 21.677759244233002 ], [ 103.563872251824947, 22.143612474487515 ], [ 103.645600888711698, 22.629897863963713 ], [ 104.025639050235128, 22.72184258046131 ], [ 104.348467165937819, 22.88529985423482 ], [ 104.769369645904604, 22.999719945876279 ], [ 105.116716352673322, 23.163177219649789 ], [ 105.786891175144717, 23.257165152069561 ], [ 105.921743426007865, 23.032411400630981 ], [ 106.011644926583301, 22.79539835365939 ], [ 106.205750439189345, 22.564514954454307 ], [ 106.356948417429848, 22.356106930393079 ], [ 106.659344373910841, 22.086402428666783 ], [ 107.076160422033297, 21.837130086162176 ], [ 107.46845787908974, 21.50612910677081 ], [ 107.367, 21.273 ], [ 107.388, 21.185 ], [ 107.354, 21.082 ], [ 107.374, 21.028 ], [ 107.245, 21.003 ], [ 107.149, 20.931 ], [ 106.868, 20.883 ], [ 106.789, 20.731 ], [ 106.519, 20.541 ], [ 106.594, 20.448 ], [ 106.57, 20.232 ], [ 106.395, 20.205 ], [ 106.161, 19.984 ], [ 106.025, 19.999 ], [ 105.956, 19.925 ], [ 105.929, 19.78 ], [ 105.826, 19.642 ], [ 105.783, 19.394 ], [ 105.813, 19.307 ], [ 105.746, 19.237 ], [ 105.737, 19.108 ], [ 105.614, 18.999 ], [ 105.648, 18.893 ], [ 105.717, 18.855 ], [ 105.826, 18.594 ], [ 105.977, 18.402 ], [ 106.098, 18.29 ], [ 106.271, 18.204 ], [ 106.35, 18.084 ], [ 106.435, 18.124 ], [ 106.439, 18.052 ], [ 106.525, 17.95 ], [ 106.443, 17.847 ], [ 106.49, 17.703 ], [ 106.635, 17.47 ] ] ], [ [ [ 107.08, 20.8 ], [ 107.046, 20.704 ], [ 106.91, 20.819 ], [ 106.948, 20.87 ], [ 107.08, 20.8 ] ] ], [ [ [ 107.471, 21.096 ], [ 107.373, 21.06 ], [ 107.467, 21.277 ], [ 107.581, 21.212 ], [ 107.471, 21.096 ] ] ] ] } },
{ "type": "Feature", "properties": { "id": "granada1238", "colorId": "granada", "name": "Гранада", "parent": null }, "geometry": { "type": "MultiPolygon", "coordinates": [ [ [ [ -3.601, 36.743 ], [ -3.955296818186172, 36.746884831786659 ], [ -4.057, 36.748 ], [ -4.225, 36.712 ], [ -4.433, 36.711 ], [ -4.525, 36.581 ], [ -4.723, 36.493 ], [ -4.903, 36.507 ], [ -5.187, 36.411 ], [ -5.243762052942942, 36.310172667461195 ], [ -5.422467642732478, 36.468775789301318 ], [ -5.422467642732478, 36.723381592095762 ], [ -5.349023661157155, 36.855580758931346 ], [ -5.236409556074992, 36.968194864013512 ], [ -4.937737364335343, 37.075912703657316 ], [ -4.81533072837647, 37.178734277862773 ], [ -4.727197950486082, 37.301140913821641 ], [ -4.32570418454098, 37.501887796794193 ], [ -3.814044446232892, 37.560642982054446 ], [ -2.795621235055073, 37.920518491773535 ], [ -2.350061080164777, 37.861763306513275 ], [ -2.176243657103178, 37.815248784848905 ], [ -2.004874366760757, 37.646327627225659 ], [ -1.904500925274481, 37.440684478814759 ], [ -1.671, 37.363 ], [ -1.813, 37.207 ], [ -1.899, 36.95 ], [ -2.003, 36.887 ], [ -2.127, 36.736 ], [ -2.204, 36.737 ], [ -2.362, 36.837 ], [ -2.482724112484073, 36.822400804641745 ], [ -2.577, 36.811 ], [ -2.659, 36.695 ], [ -2.757, 36.68 ], [ -2.933, 36.752 ], [ -3.33, 36.745 ], [ -3.415, 36.696 ], [ -3.601, 36.743 ] ] ] ] } },
{ "type": "Feature", "properties": { "id": "jailolo", "colorId": "jailolo", "name": "Хальмахера", "parent": null }, "geometry": { "type": "MultiPolygon", "coordinates": [ [ [ [ 127.519, 1.532 ], [ 127.581, 1.752 ], [ 127.69, 1.925 ], [ 127.917, 2.172 ], [ 128.047, 2.204 ], [ 128.05, 2.148 ], [ 127.943, 1.981 ], [ 127.865, 1.929 ], [ 127.852, 1.825 ], [ 127.941, 1.8 ], [ 128.015, 1.719 ], [ 127.996, 1.627 ], [ 128.035, 1.538 ], [ 127.974, 1.298 ], [ 127.894, 1.157 ], [ 127.834, 1.144 ], [ 127.638, 1.001 ], [ 127.655, 0.89 ], [ 127.625, 0.832 ], [ 127.508, 0.886 ], [ 127.471, 1.066 ], [ 127.404, 1.043 ], [ 127.406, 1.23 ], [ 127.541, 1.476 ], [ 127.519, 1.532 ] ] ], [ [ [ 128.289, 2.04 ], [ 128.197, 2.266 ], [ 128.321, 2.459 ], [ 128.467, 2.594 ], [ 128.566, 2.634 ], [ 128.686, 2.484 ], [ 128.642, 2.261 ], [ 128.567, 2.11 ], [ 128.49, 2.054 ], [ 128.289, 2.04 ] ] ] ] } },
{ "type": "Feature", "properties": { "id": "ott_mani1461", "colorId": "turkey", "name": null, "parent": "ottoman1461" }, "geometry": { "type": "MultiPolygon", "coordinates": [ [ [ [ 22.355, 36.512 ], [ 22.359, 36.702 ], [ 22.577, 36.783 ], [ 22.484, 36.607 ], [ 22.511, 36.467 ], [ 22.355, 36.512 ] ] ] ] } },
{ "type": "Feature", "properties": { "id": "kazakh1468", "colorId": "kazakhstan", "name": "Казахстан", "parent": null }, "geometry": { "type": "MultiPolygon", "coordinates": [ [ [ [ 80.145799562762491, 46.957072845521338 ], [ 78.598826417898124, 46.342525168757483 ], [ 76.017243067461763, 46.534171094335733 ], [ 75.566311477865895, 46.663813926344545 ], [ 75.194292916449299, 46.646903991734696 ], [ 74.613718494844619, 46.46653135589635 ], [ 74.123330391159115, 45.95923331760099 ], [ 73.732436442638161, 45.882180447439204 ], [ 73.108734314568409, 45.587214756184402 ], [ 72.263237584076137, 44.955910530750181 ], [ 71.609386779162136, 44.640258418033071 ], [ 70.966809263988011, 44.054047351558438 ], [ 70.142933647032777, 42.446985554342881 ], [ 69.504376904508675, 41.817959509468402 ], [ 68.589429930145783, 41.136514627521038 ], [ 67.762032759274859, 40.813459523607925 ], [ 66.341905818160768, 40.32800796720668 ], [ 64.233452043343419, 40.154114872376368 ], [ 63.059673653238903, 40.270043602263236 ], [ 62.3858379107715, 40.617829791923832 ], [ 61.736858320073743, 40.824384279496172 ], [ 61.417579948811699, 40.90062986069308 ], [ 60.621766695068978, 41.348572650224909 ], [ 59.058732280532375, 41.953771950975359 ], [ 57.448044377747706, 42.010956136873055 ], [ 56.632874690135857, 42.016220096184135 ], [ 55.741672579130579, 42.450952833259876 ], [ 55.524306210592712, 43.081315302019703 ], [ 55.582270575536143, 43.921798593699478 ], [ 55.546042847446493, 44.631862064256516 ], [ 55.227238840257613, 45.204260168072913 ], [ 54.14765254318619, 45.899832547394105 ], [ 53.305612303736822, 45.675326980864583 ], [ 52.850204503511051, 45.507348693896056 ], [ 52.738, 45.526 ], [ 52.746, 45.639 ], [ 52.92, 45.796 ], [ 53.087, 46.02 ], [ 53.157, 46.272 ], [ 53.072, 46.545 ], [ 53.188, 46.718 ], [ 53.106, 46.737 ], [ 53.052, 46.898 ], [ 53.633327446181248, 47.284592524869858 ], [ 54.348315369582188, 48.431336440662676 ], [ 54.469207047451924, 49.574626308516372 ], [ 55.153108539400648, 50.693737840796103 ], [ 55.89572884631469, 51.729952222536561 ], [ 57.13573205646415, 51.336190757475173 ], [ 58.299746211952645, 51.139310024944479 ], [ 59.104539381771097, 51.878476283919369 ], [ 59.20470677200602, 53.70566764372176 ], [ 60.795220013257214, 53.704896802161173 ], [ 61.475970091116189, 53.329611502828662 ], [ 62.261450950184226, 53.40379580618508 ], [ 63.828048885769924, 53.665622759207764 ], [ 64.30370118376112, 53.787808670618347 ], [ 65.490650037463936, 54.167457752501242 ], [ 66.411408155593705, 54.468558748477314 ], [ 69.439873245556043, 54.472922531027692 ], [ 70.460998362344498, 54.232914490756905 ], [ 71.399211610675778, 54.036544275989897 ], [ 71.831226083163187, 53.914358364579314 ], [ 73.733835275128001, 53.713624367261929 ], [ 75.645172032193557, 53.386340675983583 ], [ 76.675024714082767, 52.923779725643513 ], [ 77.112639212655807, 52.350840513311759 ], [ 77.12659244708351, 52.057822590329963 ], [ 77.517283011059234, 51.932243480480622 ], [ 77.635885503694723, 51.616551551553805 ], [ 78.954466157112776, 50.73052116539457 ], [ 82.421844912397347, 50.360760453060401 ], [ 82.648994472818941, 49.998144347821281 ], [ 82.414535445430744, 49.515434585551446 ], [ 81.904242268174059, 49.018933115788187 ], [ 81.573241288331886, 48.425889693570959 ], [ 81.083635672315339, 47.8121587101136 ], [ 80.656092740019204, 47.363928216577321 ], [ 80.256133222709906, 47.198427726656242 ], [ 80.145799562762491, 46.957072845521338 ] ] ] ] } },
{ "type": "Feature", "properties": { "id": "en_ireland1318", "colorId": "britain", "name": null, "parent": "england1282" }, "geometry": { "type": "MultiPolygon", "coordinates": [ [ [ [ -5.976, 55.053 ], [ -5.798, 54.845 ], [ -5.702, 54.825 ], [ -5.748, 54.68 ], [ -5.537, 54.657 ], [ -5.433, 54.466 ], [ -5.502, 54.34 ], [ -5.553, 54.299 ], [ -5.862, 54.231 ], [ -5.912, 54.091 ], [ -6.041, 54.036 ], [ -6.27, 54.098 ], [ -6.111, 54.001 ], [ -6.348, 54.004 ], [ -6.379, 53.917 ], [ -6.243, 53.865 ], [ -6.223, 53.646 ], [ -6.092, 53.577 ], [ -6.123, 53.393 ], [ -6.215, 53.358 ], [ -6.097, 53.286 ], [ -5.997, 52.965 ], [ -6.215, 52.666 ], [ -6.209, 52.546 ], [ -6.39, 52.359 ], [ -6.496, 52.364 ], [ -6.318, 52.241 ], [ -6.37, 52.18 ], [ -6.597, 52.18 ], [ -6.832, 52.241 ], [ -6.897, 52.152 ], [ -6.97, 52.247 ], [ -7.017, 52.138 ], [ -7.435, 52.126 ], [ -7.572, 52.088 ], [ -7.59, 51.991 ], [ -7.829, 51.953 ], [ -8.004, 51.83 ], [ -8.246, 51.803 ], [ -8.182, 51.885 ], [ -8.329, 51.861 ], [ -8.302, 51.758 ], [ -8.696, 51.577 ], [ -8.854, 51.596 ], [ -9.272, 51.508 ], [ -9.402, 51.546 ], [ -9.82, 51.446 ], [ -9.834, 51.487 ], [ -9.546, 51.611 ], [ -9.731, 51.601 ], [ -9.459, 51.684 ], [ -9.525, 51.727 ], [ -9.874, 51.656 ], [ -10.029, 51.597 ], [ -10.088, 51.672 ], [ -9.738, 51.837 ], [ -10.085, 51.756 ], [ -10.235, 51.851 ], [ -10.341, 51.788 ], [ -10.382, 51.878 ], [ -10.251, 51.916 ], [ -10.266, 51.988 ], [ -9.93, 52.072 ], [ -9.908, 52.131 ], [ -10.461, 52.103 ], [ -10.461, 52.18 ], [ -10.172, 52.287 ], [ -9.872, 52.233 ], [ -9.834, 52.375 ], [ -9.95, 52.412 ], [ -9.677, 52.483 ], [ -9.618, 52.577 ], [ -9.272, 52.577 ], [ -8.96, 52.652 ], [ -9.0, 52.76 ], [ -9.147, 52.624 ], [ -9.333, 52.598 ], [ -9.553, 52.639 ], [ -9.707, 52.58 ], [ -9.824, 52.595 ], [ -9.581, 52.743 ], [ -9.499, 52.753 ], [ -9.354, 52.933 ], [ -9.478, 52.94 ], [ -9.272, 53.147 ], [ -9.159, 53.111 ], [ -9.046, 53.174 ], [ -8.936, 53.146 ], [ -8.943, 53.269 ], [ -9.612, 53.236 ], [ -9.601, 53.365 ], [ -9.887, 53.317 ], [ -9.786, 53.393 ], [ -10.026, 53.385 ], [ -10.18, 53.555 ], [ -9.854, 53.618 ], [ -9.908, 53.762 ], [ -9.566, 53.796 ], [ -9.566, 53.899 ], [ -9.911, 53.859 ], [ -9.916, 53.954 ], [ -9.812, 53.942 ], [ -10.011, 54.218 ], [ -9.992, 54.301 ], [ -9.765, 54.256 ], [ -9.844, 54.329 ], [ -9.22, 54.281 ], [ -9.135, 54.146 ], [ -9.051, 54.289 ], [ -8.621, 54.256 ], [ -8.47, 54.277 ], [ -8.664, 54.359 ], [ -8.271, 54.524 ], [ -8.121, 54.647 ], [ -8.292, 54.606 ], [ -8.419, 54.641 ], [ -8.673, 54.619 ], [ -8.796, 54.698 ], [ -8.637, 54.768 ], [ -8.457, 54.763 ], [ -8.554, 54.828 ], [ -8.326, 54.838 ], [ -8.463, 54.941 ], [ -8.278, 55.161 ], [ -8.115, 55.155 ], [ -7.792, 55.206 ], [ -7.644, 55.273 ], [ -7.532, 55.1 ], [ -7.641, 55.044 ], [ -7.469, 55.044 ], [ -7.541, 55.198 ], [ -7.524, 55.29 ], [ -7.328, 55.308 ], [ -7.384, 55.386 ], [ -7.195, 55.339 ], [ -6.943, 55.219 ], [ -7.159, 55.151 ], [ -7.247, 55.069 ], [ -7.065, 55.044 ], [ -6.963, 55.195 ], [ -6.755, 55.178 ], [ -6.476, 55.249 ], [ -6.101, 55.212 ], [ -6.062, 55.074 ], [ -5.976, 55.053 ] ] ], [ [ [ -9.964, 53.954 ], [ -10.266, 53.982 ], [ -9.976, 54.021 ], [ -9.964, 53.954 ] ] ] ] } },
{ "type": "Feature", "properties": { "id": "kazan", "colorId": "kazan", "name": "Казанское ханство", "parent": null }, "geometry": { "type": "MultiPolygon", "coordinates": [ [ [ [ 45.034085156004402, 56.414007492715371 ], [ 46.394747684945386, 56.96980798623273 ], [ 47.38050705080628, 57.216247827697963 ], [ 48.534055244898823, 57.27916863828483 ], [ 49.383486187821518, 57.090406206524214 ], [ 50.547521183678541, 57.074676003877499 ], [ 51.47560313983481, 57.263438435638101 ], [ 52.241139668641679, 57.672423704452726 ], [ 53.038136602741979, 57.892646541506757 ], [ 53.709291915668544, 57.950323951211381 ], [ 55.450101008571828, 57.924106946800187 ], [ 55.953636768123339, 58.059900904871768 ], [ 56.241711321088971, 57.919926707913895 ], [ 58.918511969716178, 56.616919818164995 ], [ 58.941058549195972, 55.523410713395016 ], [ 59.1890709234737, 54.531361216284104 ], [ 59.20470677200602, 53.70566764372176 ], [ 59.104539381771097, 51.878476283919369 ], [ 58.299746211952645, 51.139310024944479 ], [ 57.13573205646415, 51.336190757475173 ], [ 55.89572884631469, 51.729952222536561 ], [ 55.481243093618467, 51.819757468954073 ], [ 54.472661095391061, 51.667779359632149 ], [ 53.975278192155621, 51.522709346188478 ], [ 52.993297118336073, 51.925363539700882 ], [ 51.753990645590527, 52.856087677867208 ], [ 50.853129313996376, 53.070104458301174 ], [ 49.962222251259618, 53.259235566591656 ], [ 49.165880742668115, 53.433435271596032 ], [ 48.185369086229926, 53.907661871005203 ], [ 44.740454706599024, 53.734629641891324 ], [ 43.229434821730635, 53.722992211041657 ], [ 42.428856219163102, 54.02797453582928 ], [ 42.066689708477796, 54.466386627711501 ], [ 41.916883331513418, 54.618142690548602 ], [ 42.519874432970873, 54.840987228043751 ], [ 43.065188124723718, 55.0638317655389 ], [ 43.893645464117448, 55.540981245822636 ], [ 44.365551543518947, 55.606523756850621 ], [ 44.719481103070081, 55.690418170966396 ], [ 45.034085156004402, 56.414007492715371 ] ] ] ] } },
{ "type": "Feature", "properties": { "id": "mosc_vyatka1462", "colorId": "russia", "name": null, "parent": "moscow1462" }, "geometry": { "type": "MultiPolygon", "coordinates": [ [ [ [ 50.547521183678541, 57.074676003877499 ], [ 51.47560313983481, 57.263438435638101 ], [ 52.241139668641679, 57.672423704452726 ], [ 51.978900223821107, 58.199625871079704 ], [ 51.996853197095049, 58.319584374319327 ], [ 51.820587641314276, 58.371811205661778 ], [ 51.706341447752656, 58.466472337469959 ], [ 51.686756385999239, 58.583982707990479 ], [ 51.530075891971876, 58.708021432428801 ], [ 51.582302723314328, 58.871230280373965 ], [ 51.510490830218458, 58.988740650894485 ], [ 50.825013668848776, 59.458782132976552 ], [ 50.524709388629674, 59.746029705360044 ], [ 48.935871253883519, 60.194854037209311 ], [ 48.466645816041179, 60.239736470394242 ], [ 47.895414848233102, 60.272378239983276 ], [ 47.448222604863361, 60.258505487907925 ], [ 47.018983334767597, 59.994923198476506 ], [ 46.779066328288195, 59.648920440832768 ], [ 46.532620967890999, 59.546098866627311 ], [ 46.402053889534876, 59.420428053709536 ], [ 46.193146564165062, 58.798602343038461 ], [ 46.242109218548613, 58.671299441641239 ], [ 46.797019301562166, 58.418325727326234 ], [ 47.123436997452501, 58.062530438805773 ], [ 47.462911401178431, 57.714895592682581 ], [ 47.769744035315334, 57.515780798189475 ], [ 48.534055244898823, 57.27916863828483 ], [ 49.383486187821518, 57.090406206524214 ], [ 50.547521183678541, 57.074676003877499 ] ] ] ] } },
{ "type": "Feature", "properties": { "id": "inca1470", "colorId": "inca", "name": "Империя инков", "parent": null }, "geometry": { "type": "MultiPolygon", "coordinates": [ [ [ [ -71.313681434055709, -12.72723486402605 ], [ -71.374746773198268, -12.957926145231282 ], [ -71.001569700660383, -13.202187501801529 ], [ -70.750523306407644, -13.473589009101801 ], [ -70.608037515074997, -13.534654348244363 ], [ -70.435019054171065, -13.724635403354554 ], [ -70.492691874472371, -13.894261345417235 ], [ -70.458766686059832, -14.057102249797397 ], [ -70.309495857044681, -14.247083304907589 ], [ -70.112729764251981, -14.762746168778108 ], [ -69.956673897554325, -14.912016997793259 ], [ -69.848113294634217, -15.115568128268464 ], [ -69.848113294634217, -15.461605050076312 ], [ -69.685272390254056, -15.841567160296693 ], [ -69.997384123649368, -15.848352197979199 ], [ -70.377346233869744, -15.488745200806338 ], [ -70.553757213614929, -15.217343693506065 ], [ -70.608037515074983, -14.979867374618326 ], [ -70.811588645550188, -14.742391055730588 ], [ -71.462952263070846, -14.470989548430314 ], [ -71.680073468911061, -14.572765113667911 ], [ -72.748716903905873, -14.555802519461643 ], [ -73.332230144601468, -14.454026954224041 ], [ -73.712192254821844, -14.277615974478865 ], [ -74.078584289677224, -14.05370973095614 ], [ -74.363555872342502, -13.843373562798426 ], [ -74.539966852087687, -13.619467319275703 ], [ -74.729947907197882, -13.504121678673087 ], [ -74.926713999990568, -13.151299719182731 ], [ -75.109910017418258, -13.052916672786383 ], [ -75.262573365274662, -12.740804939391069 ], [ -75.493264646479886, -12.655991968359732 ], [ -75.761273634938917, -12.71366478866104 ], [ -76.056422774127952, -12.937571032183765 ], [ -76.409304476123069, -13.126572370717209 ], [ -76.483, -13.036 ], [ -76.812, -12.483 ], [ -76.791, -12.381 ], [ -76.854, -12.303 ], [ -77.038, -12.204 ], [ -77.054, -12.114 ], [ -77.175, -12.072 ], [ -77.146, -11.932 ], [ -77.32, -11.494 ], [ -77.647, -11.292 ], [ -77.595, -11.165 ], [ -77.671, -10.928 ], [ -78.056, -10.348 ], [ -78.105, -10.201 ], [ -78.167, -10.141 ], [ -78.235, -9.953 ], [ -78.229, -9.794 ], [ -78.37, -9.615 ], [ -78.427, -9.42 ], [ -78.655, -8.933 ], [ -78.94, -8.436 ], [ -78.902, -8.377 ], [ -78.986, -8.217 ], [ -79.125, -8.065 ], [ -79.3, -7.939 ], [ -79.435, -7.674 ], [ -79.583, -7.464 ], [ -79.613, -7.266 ], [ -79.708, -7.107 ], [ -79.932, -6.883 ], [ -79.965, -6.787 ], [ -80.119, -6.651 ], [ -80.298, -6.544 ], [ -80.791, -6.3 ], [ -81.101, -6.072 ], [ -81.15, -5.883 ], [ -81.075, -5.787 ], [ -80.94, -5.851 ], [ -80.864, -5.744 ], [ -80.856, -5.65 ], [ -80.932, -5.464 ], [ -81.198, -5.208 ], [ -81.171, -5.087 ], [ -81.338, -4.678 ], [ -81.329, -4.477 ], [ -81.28, -4.396 ], [ -81.253, -4.239 ], [ -80.993, -3.972 ], [ -80.536, -3.505 ], [ -80.368, -3.466 ], [ -80.341, -3.393 ], [ -80.136, -3.328 ], [ -80.06, -3.204 ], [ -79.747483273411703, -3.262107296929025 ], [ -79.666062821221615, -3.133191580961395 ], [ -79.591427406714047, -2.76001450842352 ], [ -79.482866803793939, -2.617528717090877 ], [ -79.326810937096283, -2.542893302583301 ], [ -79.27253063563623, -2.33255713442559 ], [ -79.333595974778788, -2.006875325665262 ], [ -79.530362067571488, -1.850819458967605 ], [ -79.883184027061844, -1.762613969095016 ], [ -80.297071325694759, -1.810109232872564 ], [ -80.507407493852469, -1.898314722745153 ], [ -80.745, -2.103 ], [ -80.733, -1.904 ], [ -80.782, -1.737 ], [ -80.85, -1.616 ], [ -80.771, -1.478 ], [ -80.744, -1.344 ], [ -80.834, -1.231 ], [ -80.916, -1.066 ], [ -80.816, -0.946 ], [ -80.616, -0.941 ], [ -80.547, -0.888 ], [ -80.462, -0.618 ], [ -80.496, -0.381 ], [ -80.371, -0.223 ], [ -80.232, -0.14 ], [ -80.066, 0.052 ], [ -80.055502240765946, 0.096887090807439 ], [ -80.037, 0.176 ], [ -80.048, 0.318 ], [ -79.991, 0.365 ], [ -80.036, 0.439 ], [ -80.017, 0.559 ], [ -80.109, 0.738 ], [ -80.046, 0.84 ], [ -79.862, 0.876 ], [ -79.766, 0.955 ], [ -79.510006954523888, 0.771597605321277 ], [ -79.455726653063849, 0.544298842957298 ], [ -79.109689731255997, 0.388242976259641 ], [ -78.288700171672673, 0.21861703419697 ], [ -78.037653777419919, -0.012074247008262 ], [ -77.922721934288987, -0.44915601988004 ], [ -77.97987372635491, -0.963206063474914 ], [ -78.236785437117831, -1.619007009369767 ], [ -78.3314371200305, -2.024657078995449 ], [ -78.338197954524233, -2.673697190396542 ], [ -78.426088802943141, -3.457953991672861 ], [ -78.634737093480524, -3.716704821656986 ], [ -78.919708676145817, -3.89990083908467 ], [ -79.068979505160968, -4.212012572479984 ], [ -79.191110183446085, -4.401993627590175 ], [ -79.089334618208483, -5.317973714728597 ], [ -78.899353563098288, -5.670795674218952 ], [ -78.526176490560417, -5.847206653964129 ], [ -78.128612085217654, -6.101440278733559 ], [ -77.939308719392329, -6.453003672409151 ], [ -77.702679512110691, -6.74371955564089 ], [ -77.608027829198022, -6.966827093935016 ], [ -77.28350777349749, -7.291347149635561 ], [ -76.607424324121354, -8.623231544906552 ], [ -75.924580040251442, -9.813138415808554 ], [ -75.458082460181913, -10.495982699678454 ], [ -75.295822432331633, -10.793459417403955 ], [ -75.011867383593653, -10.901632769304136 ], [ -74.633260651943019, -10.976001948735512 ], [ -74.441583805691351, -11.085255744859396 ], [ -74.156612223026059, -11.71626424933253 ], [ -73.844500489630747, -12.191216887108009 ], [ -73.579884020012983, -12.387982979900706 ], [ -73.342407701125239, -12.442263281360761 ], [ -72.90816528944481, -12.354057791488172 ], [ -72.663903932874561, -12.211572000155529 ], [ -72.453567764716851, -12.184431849425502 ], [ -71.985400164623883, -12.299777490028118 ], [ -71.279756245643171, -12.299777490028118 ], [ -71.157625567358053, -12.489758545138308 ], [ -71.313681434055709, -12.72723486402605 ] ] ] ] } },
{ "type": "Feature", "properties": { "id": "hre_florence1453", "colorId": "tuscany", "name": "Флоренция", "parent": "holy_roman1453" }, "geometry": { "type": "MultiPolygon", "coordinates": [ [ [ [ 11.782302312632114, 43.014522576036896 ], [ 11.609184565150379, 43.087906638883503 ], [ 11.609184565150379, 43.205980257296744 ], [ 11.528397352551844, 43.233945061657778 ], [ 11.522182951582726, 43.327161076194542 ], [ 11.422752536076837, 43.411055489277636 ], [ 11.310893318632713, 43.470092298484261 ], [ 11.049888477929755, 43.473199498968818 ], [ 10.972208465815781, 43.404841088308523 ], [ 10.919386057578278, 43.230837861173214 ], [ 10.851027646917979, 43.153157849059241 ], [ 10.729846828020179, 43.150050648574684 ], [ 10.644254400169155, 43.141554545234598 ], [ 10.547, 43.147 ], [ 10.437, 43.389 ], [ 10.326, 43.477 ], [ 10.297764305048194, 43.62819715611414 ], [ 10.264, 43.809 ], [ 10.354351873245529, 43.834014482540162 ], [ 10.470332988034688, 43.800877021171836 ], [ 10.663634846016619, 43.909494255656917 ], [ 10.805888232330258, 44.168466489120924 ], [ 10.89079380453042, 44.10671698206626 ], [ 11.23620510961744, 44.15302911235726 ], [ 11.417594286590512, 44.226356651984673 ], [ 11.512148219267965, 44.137591735593595 ], [ 11.79966936149124, 44.222497307793752 ], [ 11.952113457032439, 44.176185177502759 ], [ 11.900012310455066, 44.106716982066246 ], [ 11.9077309988369, 44.029530098247918 ], [ 12.035089357137142, 43.927257477188633 ], [ 12.118065257241843, 43.622369286106242 ], [ 12.214548862014755, 43.541323058096999 ], [ 12.166307059628299, 43.371511913696665 ], [ 11.967550833796102, 43.124513885478009 ], [ 11.828614442923111, 43.089779787759767 ], [ 11.782302312632114, 43.014522576036896 ] ] ] ] } },
{ "type": "Feature", "properties": { "id": "marwar", "colorId": "marwar", "name": "Марвар", "parent": null }, "geometry": { "type": "MultiPolygon", "coordinates": [ [ [ [ 74.602768969772654, 26.346151486465132 ], [ 74.410157395636318, 26.044570967295602 ], [ 74.205664761229002, 25.82959153112381 ], [ 74.090309941819754, 25.688019707303365 ], [ 73.712785078298552, 25.530717680836197 ], [ 73.363372189976445, 25.237240192923469 ], [ 73.02468733715952, 25.383278615697737 ], [ 72.636287276589641, 25.258990596315382 ], [ 72.328674428618314, 25.218596990016113 ], [ 71.940274368048449, 24.799124924600651 ], [ 71.514587901663873, 24.454225670814601 ], [ 71.191439051269711, 24.320616049978558 ], [ 70.712930176647632, 24.261579240771937 ], [ 70.361816521892464, 24.295758446102084 ], [ 70.190920495241713, 24.379652859185178 ], [ 70.072470607518298, 25.975617824120253 ], [ 70.977831159851547, 26.10845064647031 ], [ 71.666464475718911, 26.461506305874391 ], [ 72.23624737158886, 26.933412385275886 ], [ 72.390053797467871, 27.248016438210215 ], [ 73.183555130980011, 27.251512038798381 ], [ 73.948543165556615, 27.381951893804295 ], [ 74.092411283901413, 27.206069231152313 ], [ 74.211261703898828, 27.209564831740472 ], [ 74.497900952127893, 26.744649953515296 ], [ 74.602768969772654, 26.346151486465132 ] ] ] ] } },
{ "type": "Feature", "properties": { "id": "hre_milan1453", "colorId": "milan", "name": "Милан", "parent": "holy_roman1453" }, "geometry": { "type": "MultiPolygon", "coordinates": [ [ [ [ 10.286744851031466, 45.198789462916821 ], [ 10.449766921455996, 45.03217845964717 ], [ 10.395425329321528, 44.907192797737892 ], [ 10.398727420188571, 44.602642710598978 ], [ 10.267509717697411, 44.459846975535065 ], [ 10.221532234491228, 44.36317308092503 ], [ 9.965522955991068, 44.285887261000454 ], [ 9.914880853919509, 44.360173996212104 ], [ 9.65194431924624, 44.374941403334887 ], [ 9.56703874704608, 44.436690910389551 ], [ 9.32775940720926, 44.479143696489636 ], [ 9.11163613251794, 44.633517464126292 ], [ 8.945418045295476, 44.666614492545811 ], [ 8.638896528512173, 44.621050483294241 ], [ 8.361238397087938, 44.809377931895852 ], [ 8.236252735178661, 44.87458784245721 ], [ 8.334067601020704, 44.945231912232025 ], [ 8.272480463268307, 44.995950731557528 ], [ 8.361053384848191, 45.278366560917874 ], [ 8.375809121556184, 45.432258475308245 ], [ 8.261293534742453, 45.633434506197233 ], [ 8.078687599012449, 45.701524855113504 ], [ 7.838778920205112, 45.822613737665698 ], [ 7.870352681473238, 45.948739980315139 ], [ 8.062359640348358, 46.184220212897834 ], [ 8.225384416751762, 46.376227171772953 ], [ 8.471732967761353, 46.542874720985324 ], [ 8.643814676187167, 46.535629175367376 ], [ 8.739818155624727, 46.477664810423946 ], [ 8.870237976747452, 46.479476196828443 ], [ 8.984355320229835, 46.401586581435708 ], [ 8.9879780930388, 46.32550835244745 ], [ 9.1002840501167, 46.27297814671747 ], [ 9.216212780003564, 46.399775195031225 ], [ 9.241572189666316, 46.517515311322576 ], [ 9.411842511687649, 46.517515311322576 ], [ 9.437201921350402, 46.405209354244676 ], [ 9.560376196855195, 46.307394488402629 ], [ 9.679927699551023, 46.309205874807091 ], [ 9.730646518876526, 46.359924694132594 ], [ 9.911785159324753, 46.407020740649138 ], [ 10.015034184380243, 46.24580735065021 ], [ 10.143642619098484, 46.247618737054694 ], [ 10.179870347188128, 46.296526169975714 ], [ 10.082055481346087, 46.461362332783601 ], [ 10.042204980447476, 46.54649749379427 ], [ 10.082055481346087, 46.615330177164594 ], [ 10.223343620895703, 46.646123746040793 ], [ 10.230589166513631, 46.586347994692879 ], [ 10.426, 46.535 ], [ 10.623347852786043, 46.447925230306588 ], [ 10.518071911155809, 46.373043362849991 ], [ 10.588489016362782, 46.310910622961487 ], [ 10.505645363178106, 46.095517124681329 ], [ 10.29813653484813, 46.193371088449517 ], [ 10.080818258960818, 46.102237617916124 ], [ 9.632161173257977, 46.042650348721217 ], [ 9.504223218316241, 45.999458799640635 ], [ 9.478692519642051, 45.908694848775141 ], [ 9.371593101940721, 45.754739435829478 ], [ 9.547161686318194, 45.338994802198954 ], [ 9.732933760867025, 45.237345931219409 ], [ 10.052777191104397, 45.147088744056518 ], [ 10.286744851031466, 45.198789462916821 ] ] ] ] } },
{ "type": "Feature", "properties": { "id": "den_iceland", "colorId": "denmark", "name": null, "parent": "denmark849" }, "geometry": { "type": "MultiPolygon", "coordinates": [ [ [ [ -15.302, 66.268 ], [ -15.015, 66.268 ], [ -15.179, 66.111 ], [ -15.076, 66.05 ], [ -14.677, 66.056 ], [ -14.398, 65.73 ], [ -13.61, 65.514 ], [ -13.527, 65.055 ], [ -13.986, 64.74 ], [ -14.442, 64.676 ], [ -14.545, 64.405 ], [ -15.992, 64.144 ], [ -16.783, 63.843 ], [ -17.006, 63.798 ], [ -17.591, 63.747 ], [ -17.965, 63.523 ], [ -18.732, 63.397 ], [ -20.186, 63.544 ], [ -21.168, 63.876 ], [ -22.718, 63.828 ], [ -22.69, 64.09 ], [ -22.543, 63.983 ], [ -22.199, 64.021 ], [ -21.915, 64.11 ], [ -21.963, 64.297 ], [ -22.1, 64.315 ], [ -22.34, 64.556 ], [ -22.32, 64.754 ], [ -23.946, 64.761 ], [ -24.06, 64.891 ], [ -23.85, 64.931 ], [ -23.224, 64.949 ], [ -23.21, 65.017 ], [ -22.757, 65.072 ], [ -22.674, 65.008 ], [ -22.49, 65.234 ], [ -22.547, 65.561 ], [ -23.183, 65.576 ], [ -23.247, 65.485 ], [ -23.898, 65.405 ], [ -23.968, 65.465 ], [ -24.54, 65.508 ], [ -24.278, 65.636 ], [ -24.087, 65.651 ], [ -24.05, 65.804 ], [ -23.821, 65.926 ], [ -23.793, 66.07 ], [ -23.461, 66.204 ], [ -23.135, 66.433 ], [ -22.575, 66.466 ], [ -22.269, 66.376 ], [ -22.217, 66.268 ], [ -21.979, 66.275 ], [ -21.319, 65.988 ], [ -21.278, 65.857 ], [ -21.483, 65.563 ], [ -21.055, 65.452 ], [ -20.689, 65.693 ], [ -20.501, 65.495 ], [ -20.263, 65.745 ], [ -20.449, 66.029 ], [ -20.092, 66.131 ], [ -19.708, 65.871 ], [ -19.363, 66.088 ], [ -19.078, 66.072 ], [ -19.078, 66.159 ], [ -18.854, 66.205 ], [ -18.545, 66.083 ], [ -18.54, 65.974 ], [ -18.228, 65.939 ], [ -18.297, 66.18 ], [ -17.913, 66.152 ], [ -17.598, 65.967 ], [ -17.419, 65.994 ], [ -17.217, 66.194 ], [ -16.992, 66.2 ], [ -16.933, 66.139 ], [ -16.487, 66.19 ], [ -16.422, 66.287 ], [ -16.543, 66.507 ], [ -16.023, 66.537 ], [ -15.938, 66.424 ], [ -15.707, 66.396 ], [ -15.775, 66.289 ], [ -15.38, 66.15 ], [ -15.302, 66.268 ] ] ] ] } },
{ "type": "Feature", "properties": { "id": "palembang", "colorId": "palembang", "name": "Палембанг", "parent": null }, "geometry": { "type": "MultiPolygon", "coordinates": [ [ [ [ 106.723, -2.966 ], [ 106.813, -2.892 ], [ 106.909, -2.93 ], [ 106.895, -3.018 ], [ 106.723, -2.966 ] ] ], [ [ [ 103.698738682480339, -3.064762380860389 ], [ 103.792340108787798, -2.727797246153575 ], [ 103.573481904203021, -2.339164161488116 ], [ 103.680367637277058, -2.097809280353199 ], [ 103.852763980944843, -1.966788059165673 ], [ 103.935514225905393, -1.787495861751163 ], [ 104.156181545800166, -1.566828541856381 ], [ 104.454, -1.531 ], [ 104.538, -1.761 ], [ 104.537, -1.854 ], [ 104.637, -1.922 ], [ 104.692, -2.046 ], [ 104.773, -1.998 ], [ 104.874, -2.08 ], [ 104.876, -2.165 ], [ 104.743, -2.341 ], [ 104.709, -2.574 ], [ 104.768, -2.43 ], [ 104.883, -2.285 ], [ 104.929, -2.375 ], [ 105.002, -2.332 ], [ 105.117, -2.38 ], [ 105.202, -2.347 ], [ 105.624, -2.402 ], [ 105.608, -2.552 ], [ 105.673, -2.663 ], [ 105.778, -2.69 ], [ 105.792, -2.862 ], [ 105.879, -2.951 ], [ 106.016, -2.969 ], [ 106.054, -3.047 ], [ 106.073, -3.256 ], [ 105.929, -3.365 ], [ 105.881, -3.451 ], [ 105.82, -3.673 ], [ 105.952, -3.834 ], [ 105.87, -4.004 ], [ 105.813, -4.239 ], [ 105.836653760234014, -4.336571760812848 ], [ 105.299323072337714, -4.328381636010945 ], [ 104.798555441592868, -4.230100138388124 ], [ 104.372668951893971, -4.042897285773227 ], [ 104.148025528756094, -3.85569443315833 ], [ 104.021663603241038, -3.673171651858805 ], [ 103.937422319564334, -3.462568442667046 ], [ 103.698738682480339, -3.064762380860389 ] ] ], [ [ [ 106.354, -2.463 ], [ 106.769, -2.56 ], [ 106.675, -2.7 ], [ 106.613, -2.943 ], [ 106.738, -3.005 ], [ 106.707, -3.094 ], [ 106.517, -3.095 ], [ 106.447, -2.981 ], [ 106.094, -2.841 ], [ 105.987, -2.821 ], [ 105.902, -2.629 ], [ 105.944, -2.499 ], [ 105.829, -2.395 ], [ 105.796, -2.172 ], [ 105.607, -2.115 ], [ 105.566, -2.067 ], [ 105.45, -2.123 ], [ 105.306, -2.135 ], [ 105.23, -2.07 ], [ 105.147, -2.08 ], [ 105.154, -1.936 ], [ 105.376, -1.822 ], [ 105.395, -1.738 ], [ 105.35, -1.649 ], [ 105.46, -1.563 ], [ 105.594, -1.526 ], [ 105.703, -1.655 ], [ 105.652, -1.707 ], [ 105.813, -1.793 ], [ 105.751, -1.703 ], [ 105.72, -1.524 ], [ 105.876, -1.489 ], [ 106.046, -1.594 ], [ 106.035, -1.678 ], [ 106.175, -1.879 ], [ 106.163, -2.007 ], [ 106.264, -2.351 ], [ 106.354, -2.463 ] ] ] ] } },
{ "type": "Feature", "properties": { "id": "hungary894", "colorId": "hungary", "name": "Венгрия", "parent": null }, "geometry": { "type": "MultiPolygon", "coordinates": [ [ [ [ 15.876855146018627, 46.565904290813585 ], [ 15.80955481415935, 46.704212062468514 ], [ 15.80955481415935, 46.888314405193789 ], [ 15.939509409024248, 47.148223594923586 ], [ 15.7878957150152, 47.353985036793006 ], [ 15.7878957150152, 47.527257829946208 ], [ 16.329373193618942, 47.998343236331465 ], [ 16.600111932920814, 48.02541711026165 ], [ 16.77879950086005, 48.17161602948466 ], [ 16.873, 48.719 ], [ 16.950857735641254, 48.83640824898913 ], [ 17.080834068870633, 48.871295153573719 ], [ 17.459663990161154, 48.871701168377776 ], [ 17.849129822884272, 49.084618525619184 ], [ 18.01364925968339, 49.147292596780751 ], [ 18.175970756667784, 49.292501571957231 ], [ 18.295682579910455, 49.425408787560215 ], [ 18.523466051834188, 49.497839700919194 ], [ 18.770924822634505, 49.53732780264265 ], [ 18.833, 49.51 ], [ 19.061534389407736, 49.449856637372832 ], [ 19.499723830843848, 49.289767022801378 ], [ 19.859806354115335, 49.143568103578367 ], [ 20.1440820303823, 49.00007657174838 ], [ 20.271329237854182, 48.867414589490473 ], [ 20.57455662587228, 48.737459994625574 ], [ 21.021275545720368, 48.607505399760669 ], [ 21.514020051249773, 48.558772426686332 ], [ 21.855150862770131, 48.607505399760669 ], [ 22.337065818727464, 48.515454228398035 ], [ 22.802736450326684, 48.331351885672767 ], [ 23.024742216554216, 47.984806299366369 ], [ 23.149282036633078, 47.871096028859583 ], [ 23.214259334065527, 47.686993686134308 ], [ 23.474168523795321, 47.400010622474333 ], [ 23.799055010957566, 47.362107198972076 ], [ 24.502975733142431, 47.45957314512075 ], [ 24.968646364741655, 47.400010622474312 ], [ 25.131089608322775, 47.321496388076795 ], [ 25.342265824978234, 47.167175306674729 ], [ 25.491172131594261, 46.950584315233222 ], [ 25.705055735642741, 46.706919449861537 ], [ 25.791692132219339, 46.428058548380612 ], [ 25.788984744826319, 46.09504989903931 ], [ 25.918939339691217, 45.94343620503026 ], [ 26.216751952923278, 45.851385033667626 ], [ 26.078675195879324, 45.653745753977255 ], [ 25.504709068559357, 45.461521249072931 ], [ 25.122967446143718, 45.299078005491808 ], [ 24.603149066684132, 45.293663230705775 ], [ 23.85591014621097, 45.139342149303722 ], [ 23.406483838969862, 45.014802329224864 ], [ 22.808151225112738, 45.006680167045801 ], [ 22.415580053125012, 44.91192160829015 ], [ 22.450776089234274, 45.106853500587519 ], [ 22.408950177972269, 45.304338261309233 ], [ 22.324670689687178, 45.641456214449597 ], [ 22.245348818360036, 45.780269489272101 ], [ 22.16602694703289, 45.973616550632016 ], [ 21.903273248261723, 46.087641740664786 ], [ 21.66035001732234, 46.092599357622731 ], [ 21.452130105088585, 46.152090761118089 ], [ 20.951410792335984, 46.077726506748888 ], [ 20.644038540943299, 46.132260293286301 ], [ 20.396157693045971, 46.231412632445235 ], [ 20.173064929938374, 46.271073568108804 ], [ 20.039209272073816, 45.988489401505852 ], [ 20.04912450598971, 45.735650936650579 ], [ 20.199077834966115, 45.129139380247636 ], [ 20.070083369336164, 45.179157642430667 ], [ 19.851582539799708, 45.229175904613733 ], [ 19.627816630033465, 45.160729861626407 ], [ 19.104, 45.299 ], [ 18.976, 45.391 ], [ 19.018, 45.567 ], [ 18.942, 45.539 ], [ 18.968, 45.669 ], [ 18.849, 45.81 ], [ 18.901, 45.931 ], [ 18.763, 45.884 ], [ 18.674, 45.91 ], [ 18.412, 45.743 ], [ 18.211, 45.785 ], [ 17.87, 45.773 ], [ 17.657, 45.845 ], [ 17.591, 45.936 ], [ 17.345, 45.956 ], [ 17.197, 46.121 ], [ 16.975, 46.211 ], [ 16.865, 46.359 ], [ 16.58488585912356, 46.463569735012996 ], [ 16.344, 46.547 ], [ 16.235, 46.493 ], [ 15.876855146018627, 46.565904290813585 ] ] ] ] } },
{ "type": "Feature", "properties": { "id": "hre_burgundian1453", "colorId": "germany", "name": null, "parent": "holy_roman1453" }, "geometry": { "type": "MultiPolygon", "coordinates": [ [ [ [ 6.00214501535282, 46.435824795273888 ], [ 5.840373447023874, 46.278629419038069 ], [ 5.490925510112186, 46.278629419038069 ], [ 5.175471384970688, 46.368887659210557 ], [ 5.149659634281962, 46.452002609797866 ], [ 5.359548509144846, 46.76046990518104 ], [ 5.268549550259294, 47.078123941366322 ], [ 5.372935936357512, 47.095155585497693 ], [ 5.530238206106338, 47.453269263436518 ], [ 5.640684480610833, 47.583796678760017 ], [ 5.692122807121946, 47.79819847803283 ], [ 5.845668112734657, 47.946449117934762 ], [ 5.975387422648844, 47.980864445054856 ], [ 6.0521600754552, 48.05763709786121 ], [ 6.626631305075171, 47.922623122236239 ], [ 6.769239592234298, 47.860786162092111 ], [ 7.050204561937822, 47.737309822358803 ], [ 7.051528228365519, 47.599648513878435 ], [ 7.164341040252396, 47.545307825523579 ], [ 7.120831901811231, 47.478370689460249 ], [ 7.01, 47.499 ], [ 6.867, 47.354 ], [ 7.044, 47.34 ], [ 6.956, 47.245 ], [ 6.599, 46.987 ], [ 6.443, 46.944 ], [ 6.437236399764467, 46.824060184441201 ], [ 6.189568996330145, 46.650023630676543 ], [ 6.00214501535282, 46.435824795273888 ] ] ] ] } },
{ "type": "Feature", "properties": { "id": "champa", "colorId": "south_vietnam", "name": "Тямпа", "parent": null }, "geometry": { "type": "MultiPolygon", "coordinates": [ [ [ [ 109.207, 12.387 ], [ 109.214, 12.068 ], [ 109.287, 11.967 ], [ 109.278, 11.865 ], [ 109.243, 11.736 ], [ 109.136, 11.57 ], [ 109.018, 11.356 ], [ 108.933, 11.311 ], [ 108.788, 11.301 ], [ 108.729, 11.182 ], [ 108.577, 11.179 ], [ 108.472, 11.053 ], [ 108.347653167447874, 11.524760599445985 ], [ 108.349638667092066, 11.803723299455303 ], [ 108.448913649301801, 12.015179011562015 ], [ 108.540246632934725, 12.330873454988936 ], [ 108.539750258023687, 12.48524605232506 ], [ 108.411189156062122, 12.728966133649928 ], [ 108.415160155350506, 13.495368996308992 ], [ 107.707514141983481, 14.123989979974555 ], [ 107.707514141983481, 14.736954756625227 ], [ 107.629871936941072, 14.998486394662848 ], [ 107.486846822389225, 15.243672305323113 ], [ 107.364253867059091, 15.656401921601232 ], [ 107.09454936533281, 15.975143605459582 ], [ 106.830606493370752, 16.142555338463335 ], [ 107.165384493257775, 16.223820710467564 ], [ 107.703326456300331, 16.508231086036218 ], [ 107.827, 16.374 ], [ 107.812, 16.313 ], [ 107.896, 16.278 ], [ 107.945, 16.357 ], [ 108.043, 16.346 ], [ 108.094, 16.237 ], [ 108.204, 16.217 ], [ 108.245, 16.162 ], [ 108.317, 16.135 ], [ 108.259, 16.071 ], [ 108.306, 15.955 ], [ 108.415, 15.867 ], [ 108.455, 15.747 ], [ 108.619, 15.529 ], [ 108.621, 15.475 ], [ 108.773, 15.387 ], [ 108.827, 15.429 ], [ 108.91, 15.209 ], [ 108.919, 15.058 ], [ 109.012, 14.822 ], [ 109.081, 14.729 ], [ 109.074, 14.579 ], [ 109.239, 14.133 ], [ 109.174, 14.172 ], [ 109.307, 13.876 ], [ 109.27, 13.756 ], [ 109.304, 13.48 ], [ 109.232, 13.393 ], [ 109.321, 13.259 ], [ 109.307, 13.133 ], [ 109.465, 12.913 ], [ 109.369, 12.825 ], [ 109.472, 12.656 ], [ 109.451, 12.571 ], [ 109.342, 12.66 ], [ 109.363, 12.793 ], [ 109.205, 12.646 ], [ 109.205, 12.55 ], [ 109.346, 12.396 ], [ 109.297, 12.351 ], [ 109.185, 12.459 ], [ 109.207, 12.387 ] ] ] ] } },
{ "type": "Feature", "properties": { "id": "ott_greece1461", "colorId": "turkey", "name": null, "parent": "ottoman1461" }, "geometry": { "type": "MultiPolygon", "coordinates": [ [ [ [ 23.484, 37.679 ], [ 23.426, 37.768 ], [ 23.546, 37.774 ], [ 23.484, 37.679 ] ] ], [ [ [ 23.081, 36.579 ], [ 23.196, 36.433 ], [ 23.095, 36.443 ], [ 23.036, 36.528 ], [ 22.819, 36.665 ], [ 22.765, 36.804 ], [ 22.577, 36.783 ], [ 22.359, 36.702 ], [ 22.222, 36.898 ], [ 22.138, 36.917 ], [ 22.153, 37.021 ], [ 22.048, 37.035 ], [ 21.937, 36.98 ], [ 21.929, 36.822 ], [ 21.874, 36.727 ], [ 21.823, 36.809 ], [ 21.707, 36.818 ], [ 21.703, 36.957 ], [ 21.599, 37.046 ], [ 21.568, 37.156 ], [ 21.682, 37.284 ], [ 21.675, 37.396 ], [ 21.55, 37.561 ], [ 21.343, 37.669 ], [ 21.295, 37.772 ], [ 21.122, 37.837 ], [ 21.134, 37.946 ], [ 21.208, 37.946 ], [ 21.367, 38.121 ], [ 21.374, 38.221 ], [ 21.603, 38.152 ], [ 21.764, 38.296 ], [ 21.956, 38.337 ], [ 22.227, 38.186 ], [ 22.331, 38.179 ], [ 22.68, 38.067 ], [ 22.867, 37.94 ], [ 22.975, 37.979 ], [ 22.854, 38.035 ], [ 22.943, 38.083 ], [ 23.069, 38.059 ], [ 23.217, 38.103 ], [ 23.128, 38.172 ], [ 22.691, 38.322 ], [ 22.646, 38.39 ], [ 22.546, 38.303 ], [ 22.402, 38.453 ], [ 22.382, 38.343 ], [ 22.148, 38.364 ], [ 21.988, 38.411 ], [ 21.831, 38.397 ], [ 21.763, 38.328 ], [ 21.6, 38.351 ], [ 21.524, 38.296 ], [ 21.37, 38.408 ], [ 21.156, 38.304 ], [ 21.087, 38.536 ], [ 20.907, 38.699 ], [ 20.86, 38.804 ], [ 20.729, 38.804 ], [ 20.817, 38.921 ], [ 21.027, 38.933 ], [ 21.085, 38.864 ], [ 21.16, 38.998 ], [ 21.287474029543798, 39.177313133789028 ], [ 21.480557934172776, 39.284581969694017 ], [ 21.639928776088759, 39.284581969694017 ], [ 21.805429265770744, 39.14360007107603 ], [ 21.900438806143733, 39.12521112777803 ], [ 21.983189050984723, 39.017942291873041 ], [ 22.265152848220694, 38.981164405277049 ], [ 22.482755343913674, 39.079238769533035 ], [ 22.645191009712654, 39.079238769533035 ], [ 22.755524669500645, 39.008747820224045 ], [ 22.95960933987757, 39.102578495844192 ], [ 23.073, 39.042 ], [ 22.985, 38.954 ], [ 22.792, 38.878 ], [ 22.622, 38.914 ], [ 22.563, 38.836 ], [ 22.703, 38.851 ], [ 22.77, 38.785 ], [ 23.059, 38.728 ], [ 23.091, 38.649 ], [ 23.205, 38.683 ], [ 23.321, 38.643 ], [ 23.351, 38.502 ], [ 23.519, 38.491 ], [ 23.673, 38.356 ], [ 23.951, 38.291 ], [ 24.081, 38.166 ], [ 23.989, 38.123 ], [ 24.033, 38.008 ], [ 24.012, 37.892 ], [ 24.082, 37.753 ], [ 24.033, 37.652 ], [ 23.95, 37.677 ], [ 23.903, 37.782 ], [ 23.764, 37.816 ], [ 23.68, 37.946 ], [ 23.553, 37.98 ], [ 23.581, 38.046 ], [ 23.395, 37.988 ], [ 23.227, 37.974 ], [ 23.013, 37.848 ], [ 23.182, 37.809 ], [ 23.169, 37.614 ], [ 23.323, 37.537 ], [ 23.312, 37.617 ], [ 23.409, 37.626 ], [ 23.395, 37.515 ], [ 23.526, 37.439 ], [ 23.23, 37.385 ], [ 23.204, 37.303 ], [ 23.073, 37.355 ], [ 23.132, 37.449 ], [ 23.005, 37.46 ], [ 22.964, 37.522 ], [ 22.723, 37.542 ], [ 22.758, 37.398 ], [ 22.956, 37.124 ], [ 22.991, 36.987 ], [ 23.114, 36.781 ], [ 23.026, 36.716 ], [ 23.081, 36.579 ] ] ], [ [ [ 23.537, 37.988 ], [ 23.543, 37.929 ], [ 23.408, 37.899 ], [ 23.537, 37.988 ] ] ], [ [ [ 23.138, 39.009 ], [ 23.299, 39.042 ], [ 23.426, 38.954 ], [ 23.451, 38.875 ], [ 23.591, 38.774 ], [ 23.703, 38.765 ], [ 23.858, 38.683 ], [ 24.073, 38.679 ], [ 24.231, 38.522 ], [ 24.185, 38.408 ], [ 24.245, 38.241 ], [ 24.344, 38.159 ], [ 24.588, 38.159 ], [ 24.552, 37.978 ], [ 24.43, 38.021 ], [ 24.372, 37.972 ], [ 24.209, 38.179 ], [ 24.025, 38.331 ], [ 24.039, 38.395 ], [ 23.639, 38.416 ], [ 23.636, 38.529 ], [ 23.202, 38.83 ], [ 22.969, 38.889 ], [ 23.138, 39.009 ] ] ] ] } },
{ "type": "Feature", "properties": { "id": "sibir", "colorId": "sibir", "name": "Сибирское ханство", "parent": null }, "geometry": { "type": "MultiPolygon", "coordinates": [ [ [ [ 76.675024714082767, 52.923779725643513 ], [ 75.645172032193557, 53.386340675983583 ], [ 73.733835275128001, 53.713624367261929 ], [ 71.831226083163187, 53.914358364579314 ], [ 71.399211610675778, 54.036544275989897 ], [ 70.460998362344498, 54.232914490756905 ], [ 69.439873245556043, 54.472922531027692 ], [ 66.411408155593705, 54.468558748477314 ], [ 65.490650037463936, 54.167457752501242 ], [ 64.30370118376112, 53.787808670618347 ], [ 63.828048885769924, 53.665622759207764 ], [ 62.261450950184226, 53.40379580618508 ], [ 61.475970091116189, 53.329611502828662 ], [ 60.795220013257214, 53.704896802161173 ], [ 59.20470677200602, 53.70566764372176 ], [ 59.1890709234737, 54.531361216284104 ], [ 58.941058549195972, 55.523410713395016 ], [ 58.918511969716178, 56.616919818164995 ], [ 59.256710661913083, 57.146764435940142 ], [ 59.549816195150399, 58.578472232907025 ], [ 60.71096503835976, 59.525428571058349 ], [ 61.060437020296554, 60.28073898363143 ], [ 61.252082945874797, 61.182602162823166 ], [ 61.973573489228187, 61.768813229297798 ], [ 63.055809304258275, 62.061918762535107 ], [ 64.205684857727732, 61.937912575396247 ], [ 64.938448690821019, 62.614309959790049 ], [ 65.204749045683357, 63.048131402067064 ], [ 65.819143336507736, 63.611795889061909 ], [ 65.86423649546731, 63.792168524900262 ], [ 66.027699196695821, 63.84853497359974 ], [ 65.931876233906692, 64.085274058137571 ], [ 66.072792355655409, 64.152913796576954 ], [ 66.196798542794269, 64.164187086316844 ], [ 65.75714024293832, 64.603845386172807 ], [ 65.886783074947132, 64.665848479742237 ], [ 65.621860766059555, 64.79549131175105 ], [ 65.81914333650775, 65.032230396288881 ], [ 65.368211746911882, 65.094233489858311 ], [ 66.033335841565787, 65.911546996000837 ], [ 66.033335841565787, 66.091919631839176 ], [ 65.886783074947132, 66.182105949758352 ], [ 66.653366777260104, 66.678130698313808 ], [ 68.248537275455476, 66.593581025264569 ], [ 69.032030912378303, 66.689403988053684 ], [ 69.759158100601638, 66.520304641955235 ], [ 70.971036747640525, 66.401935099686312 ], [ 73.186238181530243, 67.061422549470265 ], [ 74.189560968381031, 69.135707861611266 ], [ 76.33127161206059, 69.075031415718982 ], [ 77.293259003225003, 68.700925208043927 ], [ 77.400146491132162, 67.685494072925934 ], [ 78.348772946308188, 67.578606585018775 ], [ 78.615991666076098, 66.910559785599006 ], [ 79.377565017414668, 65.796591747566609 ], [ 79.404286889391443, 64.700994996518261 ], [ 78.856488513867276, 63.137765485876081 ], [ 77.841057378749269, 61.654701591164269 ], [ 77.434890367496507, 60.297648918241265 ], [ 77.22069786243847, 58.843394541794595 ], [ 76.713399824143124, 57.885164913903374 ], [ 76.273741524287161, 57.298953847428749 ], [ 75.834083224431183, 56.983301734711645 ], [ 75.197142354127024, 55.917975854291413 ], [ 75.433881438664841, 55.884155985071715 ], [ 74.949129979849289, 55.523410713395016 ], [ 73.438509154703127, 55.320491498076876 ], [ 73.979627062218171, 54.779373590561832 ], [ 75.524067756584017, 54.226982393306898 ], [ 76.155371982018238, 53.618224747352471 ], [ 76.675024714082767, 52.923779725643513 ] ] ] ] } },
{ "type": "Feature", "properties": { "id": "mewar", "colorId": "mewar", "name": "Мевар", "parent": null }, "geometry": { "type": "MultiPolygon", "coordinates": [ [ [ [ 75.081666250350438, 24.343172349449912 ], [ 74.887306875920032, 24.219867460276497 ], [ 74.494051809752122, 23.805638790579632 ], [ 74.38394039122511, 23.616876358819034 ], [ 74.250233668728015, 23.496278138527543 ], [ 74.155852452847711, 23.488413037204186 ], [ 74.009037228145019, 23.336354411619258 ], [ 73.795273057330149, 23.270382286197606 ], [ 73.605733827772042, 23.500315122054975 ], [ 73.350943388038218, 23.922894387955008 ], [ 73.248405772047775, 24.44490406936092 ], [ 73.307442581254392, 24.777374521208735 ], [ 73.434837801121304, 25.001092956096983 ], [ 73.363372189976445, 25.237240192923469 ], [ 73.712785078298552, 25.530717680836197 ], [ 74.090309941819754, 25.688019707303365 ], [ 74.205664761229002, 25.82959153112381 ], [ 74.410157395636318, 26.044570967295602 ], [ 74.602768969772654, 26.346151486465132 ], [ 75.266933081522893, 26.39508989469936 ], [ 75.696891953866469, 26.26924827352563 ], [ 76.266674849736432, 26.118937448234782 ], [ 76.65119091443394, 25.947653019414979 ], [ 76.860926949723492, 25.674996173538563 ], [ 77.014733375602503, 25.496720543542441 ], [ 77.021724576778823, 25.206585694725227 ], [ 76.721102926197133, 24.933928848848808 ], [ 76.273666050912752, 24.853530035321146 ], [ 75.749325962688872, 24.699723609442138 ], [ 75.277419883287379, 24.507465577093384 ], [ 75.081666250350438, 24.343172349449912 ] ] ] ] } },
{ "type": "Feature", "properties": { "id": "tibet1354", "colorId": "tibet", "name": "Тибет", "parent": null }, "geometry": { "type": "MultiPolygon", "coordinates": [ [ [ [ 78.914613439540318, 33.612008806647097 ], [ 78.957259050468281, 33.964938000533735 ], [ 79.361657085130048, 34.161990133787114 ], [ 79.585178907924927, 34.456097795359305 ], [ 79.996929634126005, 34.726676844005731 ], [ 80.878887334085562, 34.955380349502121 ], [ 82.149907180522661, 36.143866439677069 ], [ 82.372748322430468, 36.214020132499883 ], [ 82.797797167180534, 36.333694079080004 ], [ 83.338393270697608, 36.416227835342148 ], [ 83.907876188906428, 36.412101147529043 ], [ 84.646553307452663, 36.548281845361586 ], [ 85.447130743195501, 36.787629738521822 ], [ 86.01661366140435, 37.051737758560698 ], [ 86.800684345894766, 37.348859281104438 ], [ 87.205099751579297, 37.588207174264667 ], [ 88.030437314200768, 37.910088823687047 ], [ 88.542146603026097, 38.207210346230788 ], [ 89.185909901870858, 38.248477224361864 ], [ 89.573818556302967, 38.124676589968637 ], [ 90.135048098885576, 38.009129331201628 ], [ 90.18456835264287, 38.12467658996863 ], [ 90.448676372681746, 38.231970473109428 ], [ 91.344167628126073, 38.508458556587627 ], [ 91.905397170708696, 38.615752439728418 ], [ 92.268545698262145, 38.78081995225272 ], [ 93.118643387762276, 38.929380713524587 ], [ 93.242444022155496, 38.991281030721197 ], [ 93.263077461221044, 39.049054660104701 ], [ 93.605592549708973, 39.016041157599844 ], [ 93.8490671306823, 39.069688099170236 ], [ 94.648865680690278, 39.067346277152438 ], [ 94.896036490764956, 38.945270536894704 ], [ 94.971110782956814, 38.903744917540202 ], [ 95.357804905676645, 38.774846876633589 ], [ 96.111362683284511, 38.561669347441892 ], [ 96.805429057397021, 38.678173345953624 ], [ 97.558986835004902, 38.673215728995672 ], [ 97.935765723808842, 38.812029003818182 ], [ 98.235701549764585, 39.015291299093995 ], [ 98.592030268616952, 38.911181342977088 ], [ 99.008470093084469, 38.732707132491008 ], [ 99.226605239234118, 38.569105772878778 ], [ 99.87109544376716, 38.440207731972166 ], [ 100.153679610370119, 38.197284501032783 ], [ 100.104103440790652, 37.875039398766262 ], [ 100.199156844294848, 37.589781299524482 ], [ 100.311478555863786, 37.103053882725753 ], [ 100.306798484548423, 36.466564183835104 ], [ 100.456560766640337, 36.017277337559356 ], [ 100.81692625792401, 35.259105784469021 ], [ 100.8626188353565, 34.226233317717622 ], [ 101.079010251584847, 33.382397187004685 ], [ 101.088370394215588, 33.022031695721004 ], [ 100.990088896592766, 32.511903922345418 ], [ 100.915207755546803, 32.18897900158472 ], [ 100.802886043977864, 31.903494651347003 ], [ 100.681204189778185, 31.510368660855708 ], [ 99.979193492472334, 30.948760103011015 ], [ 99.347383864897054, 30.410551901743183 ], [ 98.987018373613353, 30.274829833597391 ], [ 98.682813738114149, 30.19994869255143 ], [ 98.514331170760769, 30.001045661648106 ], [ 98.345848603407362, 29.72024138272576 ], [ 98.186726178684694, 29.406676604595809 ], [ 98.186726178684694, 28.994830328843033 ], [ 98.280327604992138, 28.863788332012607 ], [ 98.275647533676761, 28.377060915213875 ], [ 98.119, 28.141 ], [ 97.819464392686498, 28.067752187062062 ], [ 97.685140416591906, 28.144961292810052 ], [ 96.926538801462598, 28.294482770574671 ], [ 96.506559356564907, 28.177943971728713 ], [ 96.031608780136111, 28.129569375981333 ], [ 95.952450350731311, 28.024024803441602 ], [ 95.670998157292033, 28.191137043296177 ], [ 95.380750582807764, 28.138364757026313 ], [ 95.116889151458437, 28.309874687403376 ], [ 95.046526103098628, 28.415419259943107 ], [ 94.571575526669832, 28.639701476590041 ], [ 93.349017561417952, 28.094387851801429 ], [ 92.390321027515398, 27.707391085822415 ], [ 89.810275065975034, 27.499972387431587 ], [ 87.548424222329515, 27.640683430968014 ], [ 87.439806987844449, 27.878168570774392 ], [ 86.869106264278756, 28.021764236703827 ], [ 86.003850328550115, 28.018082296551786 ], [ 85.55097168984959, 28.073311398832342 ], [ 85.341101101183483, 28.22427094506585 ], [ 84.888222462482958, 28.412049892819727 ], [ 84.439025763934481, 28.540917798141013 ], [ 84.196017713900048, 28.662421823158226 ], [ 83.791004297176002, 28.610874661029708 ], [ 83.654772511550632, 28.548281678445086 ], [ 81.791710794620016, 29.384082092957442 ], [ 81.143689327861537, 29.929009235458885 ], [ 80.436756818670474, 30.422389215831817 ], [ 80.000446910654048, 30.674602116246334 ], [ 78.951093967323658, 31.158777246239172 ], [ 77.847835135358181, 31.878934584830617 ], [ 78.10162643586429, 32.182246139094012 ], [ 78.487169508167014, 32.348043915347056 ], [ 79.117336591489206, 33.058977083820864 ], [ 78.914613439540318, 33.612008806647097 ] ] ] ] } },
{ "type": "Feature", "properties": { "id": "hre_bohemia1453", "colorId": "germany", "name": null, "parent": "holy_roman1453" }, "geometry": { "type": "MultiPolygon", "coordinates": [ [ [ [ 14.163463279204004, 50.949395494721884 ], [ 14.103900756557593, 51.059044684139138 ], [ 13.950970014946295, 51.186470893520372 ], [ 13.801692971085352, 51.347595321814723 ], [ 13.709283372504768, 51.489763935015624 ], [ 13.538681036663689, 51.639040978876551 ], [ 13.53631155977701, 51.899683436411543 ], [ 13.496030452703422, 52.148478509513119 ], [ 13.676110696091229, 52.264582876960503 ], [ 14.05522699796029, 52.387795675067949 ], [ 14.403540100302489, 52.316711368467502 ], [ 14.619162496990517, 52.205345954793465 ], [ 15.102826092897958, 52.139157843561087 ], [ 15.161631394234739, 52.194868129038035 ], [ 15.353522377544236, 52.269148509673968 ], [ 15.621759304208284, 52.358040707552398 ], [ 15.656940828388219, 52.278882278147542 ], [ 15.788871544062969, 52.102974657247877 ], [ 16.030744522800017, 51.891885512168272 ], [ 16.532081242364068, 51.80393170171844 ], [ 16.624432743336396, 51.698387129178634 ], [ 16.853112650505963, 51.610433318728802 ], [ 17.015827199838157, 51.672000986043685 ], [ 17.345653989025035, 51.672000986043685 ], [ 17.917353756948955, 51.232231933794516 ], [ 18.153594165691164, 51.227418556406434 ], [ 18.31154657258498, 51.074731229742405 ], [ 18.41684817718086, 51.03787566813385 ], [ 18.822259354874998, 50.790416897333529 ], [ 18.967049061194331, 50.645627191014206 ], [ 18.86437999671335, 50.511367645154458 ], [ 18.988109382113507, 50.282336655158424 ], [ 19.133938899741203, 50.190032986969634 ], [ 19.127144678534158, 50.129413652253177 ], [ 18.985127623355282, 50.094633965270596 ], [ 18.903975020395922, 50.025074591305405 ], [ 18.869195333413337, 49.665684492485383 ], [ 18.770924822634505, 49.53732780264265 ], [ 18.523466051834188, 49.497839700919194 ], [ 18.295682579910455, 49.425408787560215 ], [ 18.175970756667784, 49.292501571957231 ], [ 18.01364925968339, 49.147292596780751 ], [ 17.849129822884272, 49.084618525619184 ], [ 17.459663990161154, 48.871701168377776 ], [ 17.080834068870633, 48.871295153573719 ], [ 16.950857735641254, 48.83640824898913 ], [ 16.873, 48.719 ], [ 16.685394635800925, 48.917501256261374 ], [ 16.582513914866215, 48.874183057973077 ], [ 16.40382634692698, 48.944575130191566 ], [ 16.325312112529438, 48.903964319296293 ], [ 16.062695535406625, 48.94186774279855 ], [ 15.621391390344574, 48.94186774279855 ], [ 15.158428146138375, 49.10160359898665 ], [ 14.92017805555273, 48.9797711663008 ], [ 14.652146703643878, 48.847109184042878 ], [ 14.419311387844269, 48.776717111824397 ], [ 14.305601117337483, 48.71715458917798 ], [ 14.183768684651641, 48.719861976571003 ], [ 13.799319674842984, 48.809205760540621 ], [ 13.609, 48.946 ], [ 13.287623457562452, 49.15169026575748 ], [ 13.076447240906992, 49.322255671517652 ], [ 12.895052285574739, 49.379110806771045 ], [ 12.623, 49.51 ], [ 12.353574806970997, 49.806878014867998 ], [ 12.237157149071189, 50.012639456737425 ], [ 12.238510842767699, 50.29691513300439 ], [ 12.628374627362394, 50.437699277441361 ], [ 13.03719012370822, 50.421454953083249 ], [ 13.513690304879514, 50.610972070594556 ], [ 13.762769945037235, 50.727389728494366 ], [ 14.057875170876276, 50.91961423339869 ], [ 14.163463279204004, 50.949395494721884 ] ] ] ] } },
{ "type": "Feature", "properties": { "id": "antarctica", "colorId": "antarctica", "name": "Антарктида", "parent": null }, "geometry": { "type": "MultiPolygon", "coordinates": [ [ [ [ -54.162, -80.877 ], [ -54.408, -80.74 ], [ -54.378, -80.577 ], [ -53.343, -80.107 ], [ -50.713, -79.282 ], [ -50.367, -78.691 ], [ -49.072, -78.042 ], [ -47.223, -77.773 ], [ -44.515, -78.042 ], [ -43.718, -78.367 ], [ -42.972, -79.43 ], [ -43.532, -80.2 ], [ -54.162, -80.877 ] ] ], [ [ [ 180.0, -84.353 ], [ 180.0, -90.0 ], [ -180.0, -90.0 ], [ -180.0, -84.353 ], [ -167.442, -84.867 ], [ -160.07, -83.479 ], [ -154.804, -81.966 ], [ -156.528, -78.664 ], [ -158.637, -77.865 ], [ -158.22, -77.074 ], [ -151.421, -77.509 ], [ -149.483, -76.293 ], [ -139.567, -75.148 ], [ -88.714, -73.12 ], [ -75.39331635053486, -71.007032259062939 ], [ -72.107906287143393, -69.069482734498763 ], [ -70.45116104150155, -68.676356744007492 ], [ -68.825, -69.431 ], [ -68.009, -69.327 ], [ -67.163, -68.49 ], [ -67.472, -67.549 ], [ -67.119, -66.936 ], [ -63.874, -65.046 ], [ -61.019, -64.082 ], [ -57.287, -63.215 ], [ -55.562833271604354, -63.122551324755477 ], [ -55.060970261821168, -63.300294474053693 ], [ -55.907864090830302, -63.289838994683208 ], [ -58.733, -64.031 ], [ -63.812, -66.189 ], [ -65.337, -67.658 ], [ -65.244, -68.629 ], [ -63.447, -68.947 ], [ -61.354, -70.561 ], [ -60.492, -72.791 ], [ -61.055, -74.103 ], [ -63.162, -75.409 ], [ -70.094, -76.675 ], [ -74.892, -78.168 ], [ -75.939, -79.569 ], [ -72.557, -80.799 ], [ -68.68, -80.961 ], [ -62.414, -81.558 ], [ -61.192, -83.199 ], [ -59.47, -83.46 ], [ -55.85, -82.462 ], [ -55.225, -82.518 ], [ -54.762, -82.3 ], [ -48.38, -81.89 ], [ -44.011, -82.391 ], [ -33.721, -77.311 ], [ -30.692, -76.85 ], [ -28.859, -76.353 ], [ -20.399, -75.472 ], [ -17.802, -74.777 ], [ -12.381, -71.395 ], [ -7.856, -70.826 ], [ -2.887, -71.268 ], [ 2.52, -70.901 ], [ 26.446, -71.032 ], [ 32.745, -70.013 ], [ 35.708, -69.666 ], [ 39.209, -69.707 ], [ 39.858, -68.83 ], [ 52.222, -65.973 ], [ 55.612, -66.028 ], [ 57.563, -66.994 ], [ 69.107, -67.846 ], [ 72.766, -70.069 ], [ 75.883, -69.779 ], [ 78.747, -68.262 ], [ 87.966, -66.77 ], [ 113.204, -65.765 ], [ 118.89, -67.42 ], [ 121.515, -67.093 ], [ 123.15, -66.733 ], [ 125.148, -66.66 ], [ 125.898, -66.306 ], [ 130.872, -66.183 ], [ 136.945, -66.328 ], [ 143.471, -66.846 ], [ 146.048, -67.587 ], [ 147.03, -68.416 ], [ 153.845, -68.76 ], [ 154.986, -68.886 ], [ 156.35, -69.202 ], [ 157.873, -69.172 ], [ 159.754, -69.502 ], [ 161.249, -70.462 ], [ 162.708, -70.3 ], [ 167.701, -70.791 ], [ 170.282, -71.299 ], [ 170.946, -71.861 ], [ 169.631, -73.044 ], [ 168.304, -73.164 ], [ 162.546, -75.101 ], [ 160.387, -79.168 ], [ 161.383, -79.947 ], [ 161.011, -81.549 ], [ 166.53, -82.703 ], [ 180.0, -84.353 ] ] ] ] } },
{ "type": "Feature", "properties": { "id": "michoacan", "colorId": "michoacan", "name": "Мичоакан", "parent": null }, "geometry": { "type": "MultiPolygon", "coordinates": [ [ [ [ -100.443776698486744, 19.407435622262653 ], [ -100.274021262751418, 19.109224573541958 ], [ -100.21041616639495, 18.837457343655206 ], [ -100.245109855316656, 18.721811713916164 ], [ -100.460680691937057, 18.681677224106039 ], [ -100.70026776428503, 18.574718709664982 ], [ -100.837174662769584, 18.437811811180428 ], [ -100.91846313374478, 18.2025030794101 ], [ -101.132380162626902, 18.108379586701968 ], [ -101.547379198658206, 18.232451463453593 ], [ -101.68428609714276, 18.176833035944245 ], [ -101.885368104291956, 18.172554695366603 ], [ -101.923873169490733, 18.065596180925542 ], [ -102.037, 17.991 ], [ -102.191, 17.916 ], [ -102.597, 18.049 ], [ -102.742, 18.067 ], [ -103.024, 18.186 ], [ -103.362, 18.267 ], [ -103.498, 18.333 ], [ -103.575, 18.492 ], [ -103.71, 18.601 ], [ -103.7, 18.654 ], [ -103.747220576137664, 18.69127050108527 ], [ -103.74380339609408, 18.758078597063623 ], [ -103.643024706970948, 18.866463224988497 ], [ -103.528935624944765, 19.102247327842612 ], [ -103.35494977485483, 19.217287152219019 ], [ -103.183816151815549, 19.365602958853056 ], [ -102.911903839653149, 19.538638066592767 ], [ -102.913805324353589, 19.7230820825351 ], [ -103.13627903430465, 19.981684001794452 ], [ -103.13627903430465, 20.285921553864277 ], [ -102.311034674315252, 20.335360156075623 ], [ -102.079053540862006, 20.42092696759526 ], [ -101.527622977735447, 20.166128017736781 ], [ -101.373602717000125, 20.164226533036341 ], [ -101.06366071082897, 20.021615180503616 ], [ -100.849358270703135, 19.820445196437074 ], [ -100.814664581781429, 19.661432455545889 ], [ -100.667216403864145, 19.609391922163319 ], [ -100.443776698486744, 19.407435622262653 ] ] ] ] } },
{ "type": "Feature", "properties": { "id": "ott_kosovo1461", "colorId": "turkey", "name": null, "parent": "ottoman1461" }, "geometry": { "type": "MultiPolygon", "coordinates": [ [ [ [ 21.098, 42.196 ], [ 21.144562202852516, 42.161625965728923 ], [ 21.287137762047795, 42.057898534468158 ], [ 21.497529496606369, 42.255914284640923 ], [ 21.621289340464351, 42.367298144113107 ], [ 21.667335629116856, 42.487814200929741 ], [ 21.662937938594361, 42.610949535559506 ], [ 21.555194520793314, 42.69450565548685 ], [ 21.293531934705062, 42.738482560711766 ], [ 21.26274810104762, 42.830834061684094 ], [ 21.130817385372868, 42.879208657431505 ], [ 21.095635861192935, 42.984753229971304 ], [ 20.959307454995692, 43.125479326691035 ], [ 20.839, 43.17 ], [ 20.699843714168683, 43.187046994005918 ], [ 20.598, 43.185 ], [ 20.669, 43.11 ], [ 20.596, 43.007 ], [ 20.476, 42.966 ], [ 20.476, 42.856 ], [ 20.345, 42.827 ], [ 20.183, 42.743 ], [ 20.311497659634053, 42.687011074079543 ], [ 20.484761441035225, 42.521997948935571 ], [ 20.501, 42.211 ], [ 20.599, 41.948 ], [ 20.567, 41.873 ], [ 20.681, 41.844 ], [ 20.75, 41.907 ], [ 20.765, 42.064 ], [ 21.098, 42.196 ] ] ] ] } },
{ "type": "Feature", "properties": { "id": "hung_serbia", "colorId": "hungary", "name": null, "parent": "hungary894" }, "geometry": { "type": "MultiPolygon", "coordinates": [ [ [ [ 20.199077834966115, 45.129139380247636 ], [ 20.04912450598971, 45.735650936650579 ], [ 20.039209272073816, 45.988489401505852 ], [ 20.173064929938374, 46.271073568108804 ], [ 20.396157693045971, 46.231412632445235 ], [ 20.644038540943299, 46.132260293286301 ], [ 20.951410792335984, 46.077726506748888 ], [ 21.452130105088585, 46.152090761118089 ], [ 21.66035001732234, 46.092599357622731 ], [ 21.903273248261723, 46.087641740664786 ], [ 22.16602694703289, 45.973616550632016 ], [ 22.245348818360036, 45.780269489272101 ], [ 22.324670689687178, 45.641456214449597 ], [ 22.408950177972269, 45.304338261309233 ], [ 22.450776089234274, 45.106853500587519 ], [ 22.415580053125012, 44.91192160829015 ], [ 22.337065818727471, 44.673671517704506 ], [ 22.093400953355786, 44.50039872455131 ], [ 22.017594106351261, 44.652012418560354 ], [ 21.338039870703572, 44.825285211713556 ], [ 20.623289598946631, 44.603279445486017 ], [ 20.439187256221359, 44.662841968132433 ], [ 19.91395410197573, 44.70074539163469 ], [ 19.778584732324791, 44.760307914281107 ], [ 19.708192660106306, 44.91733638307619 ], [ 19.551164191311237, 44.99043584268771 ], [ 19.627816630033465, 45.160729861626407 ], [ 19.851582539799708, 45.229175904613733 ], [ 20.070083369336164, 45.179157642430667 ], [ 20.199077834966115, 45.129139380247636 ] ] ] ] } },
{ "type": "Feature", "properties": { "id": "den_finland", "colorId": "denmark", "name": null, "parent": "denmark849" }, "geometry": { "type": "MultiPolygon", "coordinates": [ [ [ [ 20.034, 60.064 ], [ 20.163, 60.088 ], [ 20.175, 59.971 ], [ 20.034, 60.064 ] ] ], [ [ [ 22.451, 60.189 ], [ 22.844, 60.242 ], [ 22.847, 60.111 ], [ 22.682, 59.998 ], [ 22.47, 59.998 ], [ 22.451, 60.189 ] ] ], [ [ [ 19.763, 60.074 ], [ 19.647, 60.266 ], [ 19.893, 60.307 ], [ 19.793, 60.361 ], [ 20.093, 60.355 ], [ 20.278, 60.279 ], [ 20.209, 60.225 ], [ 20.045, 60.087 ], [ 19.763, 60.074 ] ] ], [ [ [ 22.107, 60.313 ], [ 22.332, 60.269 ], [ 22.08, 60.269 ], [ 22.107, 60.313 ] ] ], [ [ [ 21.998, 60.334 ], [ 21.785, 60.385 ], [ 21.892, 60.449 ], [ 21.998, 60.334 ] ] ], [ [ [ 21.12, 63.272 ], [ 21.287, 63.211 ], [ 21.422, 63.247 ], [ 21.243, 63.151 ], [ 21.12, 63.272 ] ] ], [ [ [ 25.887, 69.521 ], [ 26.032, 69.697 ], [ 26.198, 69.715 ], [ 26.501, 69.918 ], [ 26.865, 69.938 ], [ 27.1, 69.902 ], [ 27.897, 70.071 ], [ 28.405, 69.802 ], [ 29.131, 69.674 ], [ 29.345, 69.464 ], [ 28.865, 69.217 ], [ 28.871347143902778, 69.120022710118306 ], [ 29.083020412446338, 69.018925029619894 ], [ 29.18095879042918, 69.056836659806791 ], [ 29.872249541028296, 68.451095566308453 ], [ 29.54915929360806, 67.95403364720039 ], [ 29.574012389563467, 67.427976449477711 ], [ 29.963377559531441, 66.566402456357068 ], [ 29.971661924849911, 65.994781249382811 ], [ 29.747984061251284, 65.058647968395974 ], [ 29.880533906346773, 64.685851529064919 ], [ 29.865684098646049, 64.202890307439716 ], [ 29.686451390551735, 64.106716659193978 ], [ 29.564048565511705, 63.958084657359656 ], [ 29.052579618023003, 63.625848417965287 ], [ 28.781544791148637, 63.311098296433777 ], [ 29.148753266268731, 62.471764639016413 ], [ 29.559677036045979, 61.969038750459148 ], [ 29.559677036045986, 61.34391003686185 ], [ 29.240555385048761, 61.090361327850353 ], [ 29.123419258242993, 61.015138040098122 ], [ 28.927458863746537, 60.937941521054064 ], [ 28.655, 60.682 ], [ 28.401, 60.665 ], [ 28.216, 60.548 ], [ 27.808, 60.553 ], [ 27.457, 60.464 ], [ 27.178, 60.567 ], [ 26.998, 60.488 ], [ 26.687, 60.418 ], [ 26.486, 60.444 ], [ 26.324, 60.383 ], [ 26.014, 60.463 ], [ 25.93, 60.245 ], [ 25.736, 60.247 ], [ 25.669, 60.365 ], [ 25.503, 60.246 ], [ 25.198, 60.245 ], [ 25.177, 60.183 ], [ 24.951, 60.143 ], [ 24.597, 60.127 ], [ 24.468, 59.996 ], [ 24.368, 60.074 ], [ 23.771, 59.968 ], [ 23.429, 59.957 ], [ 23.251, 59.841 ], [ 22.905, 59.811 ], [ 23.247, 59.922 ], [ 23.101, 59.94 ], [ 23.258, 60.04 ], [ 22.997, 60.062 ], [ 22.867, 60.184 ], [ 23.008, 60.277 ], [ 22.877, 60.301 ], [ 22.525, 60.204 ], [ 22.449, 60.245 ], [ 22.628, 60.375 ], [ 22.292, 60.383 ], [ 22.064, 60.436 ], [ 21.874, 60.53 ], [ 21.841, 60.629 ], [ 21.662, 60.567 ], [ 21.641, 60.496 ], [ 21.38, 60.647 ], [ 21.422, 60.759 ], [ 21.319, 60.865 ], [ 21.428, 60.903 ], [ 21.299, 61.06 ], [ 21.454, 61.055 ], [ 21.435, 61.143 ], [ 21.558, 61.204 ], [ 21.572, 61.416 ], [ 21.508, 61.57 ], [ 21.716, 61.527 ], [ 21.538, 61.65 ], [ 21.486, 61.811 ], [ 21.371, 61.939 ], [ 21.237, 61.985 ], [ 21.339, 62.356 ], [ 21.134, 62.404 ], [ 21.194, 62.601 ], [ 21.079, 62.678 ], [ 21.227, 62.858 ], [ 21.463, 62.951 ], [ 21.495, 63.072 ], [ 21.688, 63.027 ], [ 21.497, 63.209 ], [ 21.647, 63.198 ], [ 21.895, 63.26 ], [ 21.906, 63.175 ], [ 22.043, 63.246 ], [ 22.203, 63.239 ], [ 22.374, 63.321 ], [ 22.191, 63.458 ], [ 22.428, 63.489 ], [ 22.589, 63.703 ], [ 22.829, 63.646 ], [ 22.991, 63.815 ], [ 23.373, 63.901 ], [ 23.382, 64.048 ], [ 23.605, 64.028 ], [ 23.566, 64.097 ], [ 23.943, 64.247 ], [ 23.996, 64.38 ], [ 24.344, 64.531 ], [ 24.423, 64.676 ], [ 24.773, 64.866 ], [ 25.074, 64.916 ], [ 25.26, 64.816 ], [ 25.369, 64.899 ], [ 25.221, 64.991 ], [ 25.444, 64.967 ], [ 25.282, 65.191 ], [ 25.352, 65.484 ], [ 25.085, 65.605 ], [ 24.82, 65.662 ], [ 24.687, 65.632 ], [ 24.544, 65.809 ], [ 24.405, 65.769 ], [ 24.163, 65.823 ], [ 24.02, 66.049 ], [ 23.724, 66.207 ], [ 23.642, 66.436 ], [ 23.882, 66.564 ], [ 23.892, 66.751 ], [ 24.001, 66.812 ], [ 23.581, 67.153 ], [ 23.735, 67.29 ], [ 23.765, 67.42 ], [ 23.431, 67.486 ], [ 23.554, 67.587 ], [ 23.499, 67.882 ], [ 23.661, 67.933 ], [ 23.152, 68.13 ], [ 23.052, 68.298 ], [ 22.808, 68.395 ], [ 22.303, 68.476 ], [ 22.072, 68.477 ], [ 21.919, 68.568 ], [ 21.464, 68.687 ], [ 20.935, 68.967 ], [ 20.623, 69.036 ], [ 20.744, 69.104 ], [ 21.033, 69.041 ], [ 21.156, 69.088 ], [ 21.034, 69.181 ], [ 21.314, 69.291 ], [ 21.663, 69.263 ], [ 22.023, 69.012 ], [ 22.371, 68.823 ], [ 22.429, 68.71 ], [ 23.019, 68.687 ], [ 23.198, 68.618 ], [ 23.735, 68.715 ], [ 23.929, 68.816 ], [ 24.332, 68.709 ], [ 24.663, 68.666 ], [ 24.861, 68.563 ], [ 25.118, 68.638 ], [ 25.201, 68.813 ], [ 25.652, 68.883 ], [ 25.801, 69.013 ], [ 25.734, 69.191 ], [ 25.877, 69.371 ], [ 25.887, 69.521 ] ] ], [ [ [ 24.993, 65.055 ], [ 24.632, 64.968 ], [ 24.563, 65.037 ], [ 24.835, 65.095 ], [ 24.993, 65.055 ] ] ] ] } },
{ "type": "Feature", "properties": { "id": "mamluk1250", "colorId": "egypt", "name": "Мамлюки", "parent": null }, "geometry": { "type": "MultiPolygon", "coordinates": [ [ [ [ 32.602, 31.061 ], [ 32.77, 31.046 ], [ 32.985, 31.11 ], [ 33.099, 31.19 ], [ 33.133, 31.046 ], [ 33.406, 31.155 ], [ 33.648, 31.117 ], [ 34.047, 31.229 ], [ 34.2, 31.314 ], [ 34.481, 31.583 ], [ 34.712, 31.952 ], [ 34.838, 32.281 ], [ 34.942, 32.725 ], [ 34.948, 32.814 ], [ 35.063, 32.858 ], [ 35.105, 33.089 ], [ 35.175, 33.17 ], [ 35.271, 33.458 ], [ 35.349, 33.514 ], [ 35.477, 33.804 ], [ 35.47, 33.902 ], [ 35.578, 33.917 ], [ 35.648, 34.119 ], [ 35.627, 34.201 ], [ 35.824, 34.461 ], [ 35.983, 34.539 ], [ 35.97, 34.65 ], [ 35.867, 34.924 ], [ 35.888, 35.109 ], [ 35.962, 35.198 ], [ 35.919, 35.418 ], [ 35.737, 35.562 ], [ 35.839, 35.742 ], [ 35.799, 35.85 ], [ 35.911, 35.918 ], [ 35.975, 36.019 ], [ 35.789, 36.32 ], [ 35.919, 36.448 ], [ 36.189, 36.604 ], [ 36.189, 36.802 ], [ 36.02, 36.926 ], [ 35.805, 36.775 ], [ 35.684, 36.765 ], [ 35.631, 36.607 ], [ 35.513, 36.613 ], [ 35.348, 36.544 ], [ 34.771, 36.816 ], [ 34.555, 36.768 ], [ 34.472324453170167, 36.71436460856544 ], [ 34.47972929965276, 36.892080925082603 ], [ 34.762072639937657, 37.352195998139472 ], [ 35.160021295014047, 37.533018961343302 ], [ 35.243864376574855, 37.570603791008494 ], [ 35.654406362148464, 37.570603791008494 ], [ 35.842330510474412, 37.611079761417152 ], [ 36.325151014634912, 37.492542990934631 ], [ 36.47549033329566, 37.524345539112872 ], [ 36.547768851882559, 37.547474665060683 ], [ 36.611373948239034, 37.515672116882442 ], [ 36.703890452030272, 37.324856827813022 ], [ 36.848447489204077, 37.269925153686977 ], [ 37.065283044964779, 37.235231464765263 ], [ 37.640620052916525, 37.232340324021784 ], [ 37.77361252711642, 37.272816294430449 ], [ 37.72157199373391, 37.162952946178414 ], [ 37.773612527116484, 37.032851612721991 ], [ 37.877693593881617, 36.975028797852467 ], [ 37.915278423546809, 36.789995790269998 ], [ 38.140787401537914, 36.59050707897012 ], [ 38.172589949716169, 36.466188027000662 ], [ 38.077182305181459, 36.388127226926805 ], [ 38.080073445924931, 36.24646133049648 ], [ 37.967318956929368, 36.104795434066155 ], [ 38.004903786594554, 36.009387789531438 ], [ 38.189936794177022, 35.893742159792396 ], [ 38.606261061237582, 35.830137063435927 ], [ 38.68143072056796, 35.899524441279347 ], [ 38.811532054024383, 35.902415582022819 ], [ 39.372413358258747, 35.798334515257679 ], [ 39.730914810449775, 35.694253448492546 ], [ 39.7887376253193, 35.572825537266546 ], [ 40.347829031301615, 35.102888095651117 ], [ 40.557414900608222, 34.920345564319561 ], [ 40.888695790802529, 34.470750070484428 ], [ 41.037434149665273, 34.369337553078005 ], [ 40.550654066114447, 34.227360028709015 ], [ 40.305889878471731, 34.260176531305611 ], [ 39.800155468385199, 34.145836577720829 ], [ 37.992704663641135, 34.233790388170661 ], [ 37.357288260055881, 34.104126039580642 ], [ 36.914943726304038, 33.823685387463463 ], [ 36.805080378051947, 33.661781505828799 ], [ 36.576680259317335, 33.375558572224669 ], [ 36.319368733147961, 32.800221564272924 ], [ 36.249981355304534, 32.343421326803707 ], [ 36.295744367503808, 31.582087948987645 ], [ 36.440796644373961, 31.100230807109007 ], [ 36.722215866117118, 30.486951261190498 ], [ 36.744797944615684, 30.355596835429481 ], [ 36.347148408195721, 29.737030889887297 ], [ 35.880769322271057, 29.535751494909288 ], [ 34.997, 29.534 ], [ 34.956, 29.559 ], [ 34.887, 29.49 ], [ 34.737, 29.305 ], [ 34.675, 29.107 ], [ 34.633, 28.771 ], [ 34.407, 28.308 ], [ 34.455, 28.167 ], [ 34.427, 27.983 ], [ 34.272, 27.812 ], [ 34.078, 27.801 ], [ 33.879, 27.935 ], [ 33.716, 28.075 ], [ 33.565, 28.297 ], [ 33.434, 28.366 ], [ 33.238, 28.566 ], [ 33.195, 28.675 ], [ 33.136, 29.035 ], [ 32.886, 29.243 ], [ 32.817, 29.414 ], [ 32.721, 29.467 ], [ 32.681, 29.6 ], [ 32.691, 29.734 ], [ 32.605, 29.824 ], [ 32.57, 29.956 ], [ 32.468, 29.915 ], [ 32.492, 29.854 ], [ 32.393, 29.734 ], [ 32.338, 29.6 ], [ 32.388, 29.526 ], [ 32.591, 29.35 ], [ 32.66, 29.089 ], [ 32.625, 28.973 ], [ 32.821, 28.748 ], [ 32.869, 28.579 ], [ 33.003, 28.489 ], [ 33.126, 28.288 ], [ 33.338, 28.085 ], [ 33.513, 27.959 ], [ 33.592, 27.791 ], [ 33.482, 27.846 ], [ 33.537, 27.708 ], [ 33.496, 27.647 ], [ 33.633, 27.496 ], [ 33.692, 27.342 ], [ 33.825, 27.26 ], [ 33.837, 27.121 ], [ 34.004, 26.849 ], [ 33.96, 26.85 ], [ 33.941, 26.654 ], [ 34.014, 26.612 ], [ 34.339, 26.002 ], [ 34.547, 25.725 ], [ 34.682, 25.429 ], [ 34.99, 24.905 ], [ 35.235, 24.4 ], [ 35.392, 24.283 ], [ 35.290590967116898, 24.23911304189555 ], [ 35.073371570376082, 24.072319576540998 ], [ 34.712632215074379, 23.921041782382218 ], [ 33.925211901888936, 23.75812723482661 ], [ 33.413194752428453, 23.76200615262556 ], [ 32.963240287751049, 23.606849440667837 ], [ 32.575348507856745, 23.69994346784247 ], [ 32.482254480682116, 23.886131522191736 ], [ 32.36735858881972, 24.648650690469189 ], [ 31.930980333781918, 25.447222897188361 ], [ 31.717154988813398, 25.791961718668222 ], [ 31.197864865318415, 26.359253450217363 ], [ 31.080042736458211, 26.420346405922654 ], [ 30.940401694846113, 26.538168534782859 ], [ 30.831307131086664, 26.73453874954987 ], [ 30.665483394172295, 26.882907356262724 ], [ 30.399292658599244, 27.245101307944097 ], [ 30.268379182087902, 27.550566086470557 ], [ 30.146193270677319, 27.725117388485678 ], [ 29.694541776713201, 28.080765666341488 ], [ 29.197070565970115, 28.331683162988224 ], [ 28.87415065724214, 28.436413944197291 ], [ 28.555594531064557, 28.571691203259014 ], [ 27.556288327027996, 28.669876310642518 ], [ 26.639893991448616, 28.556417964332688 ], [ 26.229698431713082, 28.626238485138735 ], [ 25.692953178016591, 28.83570004755687 ], [ 25.217300880025387, 29.210985346889377 ], [ 24.90747231894855, 29.695365209981336 ], [ 24.805, 29.755 ], [ 24.707829267268728, 29.850279490519753 ], [ 24.647827257201044, 29.972465401930332 ], [ 24.303088435721186, 30.195018311999611 ], [ 23.844891267931494, 30.321568005960572 ], [ 23.371254903070056, 30.531646685650955 ], [ 22.702357089639001, 30.676459614331904 ], [ 22.219647327369167, 30.814376689266144 ], [ 19.989290369243552, 31.500957340010117 ], [ 19.921, 31.718 ], [ 19.94, 31.958 ], [ 20.072, 32.176 ], [ 20.262, 32.34 ], [ 20.563, 32.558 ], [ 20.797, 32.643 ], [ 21.097, 32.781 ], [ 21.287, 32.771 ], [ 21.455, 32.813 ], [ 21.609, 32.931 ], [ 21.716, 32.95 ], [ 21.877, 32.903 ], [ 22.15, 32.948 ], [ 22.207, 32.888 ], [ 22.379, 32.87 ], [ 22.514, 32.791 ], [ 23.086, 32.646 ], [ 23.096, 32.324 ], [ 23.244, 32.221 ], [ 23.405, 32.191 ], [ 23.67, 32.183 ], [ 23.999, 32.094 ], [ 24.091, 32.006 ], [ 24.546, 31.991 ], [ 24.67, 32.032 ], [ 24.982, 31.968 ], [ 25.022, 31.855 ], [ 25.151, 31.656 ], [ 25.191, 31.531 ], [ 25.402, 31.503 ], [ 25.824, 31.615 ], [ 25.967, 31.617 ], [ 26.362, 31.522 ], [ 26.966, 31.45 ], [ 27.117, 31.39 ], [ 27.342, 31.368 ], [ 27.383, 31.269 ], [ 27.478, 31.214 ], [ 27.66, 31.18 ], [ 27.863, 31.234 ], [ 27.897, 31.114 ], [ 28.318, 31.06 ], [ 28.405, 31.086 ], [ 28.818, 30.951 ], [ 28.829, 30.915 ], [ 29.028, 30.827 ], [ 29.219, 30.838 ], [ 29.503, 30.957 ], [ 29.838, 31.154 ], [ 30.07, 31.333 ], [ 30.165, 31.217 ], [ 30.288, 31.278 ], [ 30.543, 31.395 ], [ 30.734, 31.388 ], [ 30.799, 31.446 ], [ 30.981, 31.437 ], [ 31.111, 31.54 ], [ 31.012, 31.597 ], [ 31.221, 31.58 ], [ 31.524, 31.45 ], [ 31.597, 31.444 ], [ 31.838, 31.525 ], [ 31.918, 31.524 ], [ 31.769, 31.299 ], [ 31.927, 31.211 ], [ 32.037, 31.217 ], [ 32.091, 31.08 ], [ 32.272, 31.119 ], [ 32.331, 31.271 ], [ 32.602, 31.061 ] ] ] ] } },
{ "type": "Feature", "properties": { "id": "zanzibar1442", "colorId": "zanzibar", "name": "Занзибар", "parent": null }, "geometry": { "type": "MultiPolygon", "coordinates": [ [ [ [ 39.313, -5.718 ], [ 39.431, -6.186 ], [ 39.525, -6.175 ], [ 39.543, -6.321 ], [ 39.57, -6.421 ], [ 39.508, -6.463 ], [ 39.3, -6.239 ], [ 39.264, -6.302 ], [ 39.177, -6.158 ], [ 39.213, -6.114 ], [ 39.186, -5.994 ], [ 39.28, -5.842 ], [ 39.313, -5.718 ] ] ], [ [ [ 39.774, -5.26 ], [ 39.691, -5.137 ], [ 39.684, -4.89 ], [ 39.814, -4.969 ], [ 39.856, -5.253 ], [ 39.796, -5.407 ], [ 39.643, -5.414 ], [ 39.664, -5.287 ], [ 39.774, -5.26 ] ] ] ] } },
{ "type": "Feature", "properties": { "id": "hre_savoy1453", "colorId": "savoy", "name": "Савойя", "parent": "holy_roman1453" }, "geometry": { "type": "MultiPolygon", "coordinates": [ [ [ [ 7.04639063301958, 44.676459475764133 ], [ 6.99847915162502, 44.811738952642898 ], [ 6.722283552997551, 44.907561915432019 ], [ 6.63903291582013, 45.115520979529713 ], [ 6.554653976015076, 45.138325910351391 ], [ 6.410943503250886, 45.054202706782107 ], [ 6.347851100573924, 45.131315643387282 ], [ 6.137543091650718, 45.166366978207819 ], [ 6.176099559953307, 45.415231455433606 ], [ 6.011358286296796, 45.446777656772099 ], [ 5.941255616655728, 45.516880326413165 ], [ 5.899194014871085, 45.404716054987453 ], [ 5.699401406394039, 45.47481872462852 ], [ 5.653834671127345, 45.555436794715746 ], [ 5.470948391869017, 45.71642045426961 ], [ 5.44558348995425, 45.80378844975381 ], [ 5.346942204730153, 45.871428188193185 ], [ 5.251119241941032, 45.769968580534119 ], [ 4.921375517049054, 45.834789996538525 ], [ 4.867827390784544, 45.910884702282829 ], [ 4.822734231824958, 46.175807011170399 ], [ 4.910102227309157, 46.277266618829472 ], [ 5.149659634281962, 46.452002609797866 ], [ 5.175471384970688, 46.368887659210557 ], [ 5.490925510112186, 46.278629419038069 ], [ 5.840373447023874, 46.278629419038069 ], [ 6.00214501535282, 46.435824795273888 ], [ 6.189568996330145, 46.650023630676543 ], [ 6.437236399764467, 46.824060184441201 ], [ 6.533937862909165, 46.867162666951842 ], [ 6.625209128574944, 46.867162666951842 ], [ 6.856430214361076, 46.936179887347286 ], [ 7.000435442978702, 46.870543084198722 ], [ 6.865218753103473, 46.654196380398368 ], [ 6.919305429053564, 46.197840052069481 ], [ 6.834794997881546, 46.099807951909916 ], [ 6.834794997881547, 45.984873765515992 ], [ 7.022, 45.925 ], [ 7.184, 45.88 ], [ 7.362, 45.908 ], [ 7.510878447257685, 45.940928341306531 ], [ 7.838778920205112, 45.822613737665698 ], [ 8.078687599012449, 45.701524855113504 ], [ 8.261293534742453, 45.633434506197233 ], [ 8.375809121556184, 45.432258475308245 ], [ 8.361053384848191, 45.278366560917874 ], [ 8.242093664131245, 45.195530664544357 ], [ 8.020982338141362, 45.1999975600189 ], [ 7.962912696972301, 45.157562053010736 ], [ 7.887794970284893, 45.116106533067601 ], [ 7.887794970284893, 44.999482138050219 ], [ 7.918218725506819, 44.886238160279717 ], [ 7.886104761661453, 44.789896268743618 ], [ 7.886104761661453, 44.607353737412069 ], [ 8.091894303799734, 44.515445828545161 ], [ 8.181232213290595, 44.343470352775249 ], [ 8.237104810566494, 44.322813331829401 ], [ 8.233, 44.104 ], [ 8.168, 43.956 ], [ 8.051321834741696, 44.051945373922123 ], [ 7.996524028363787, 43.98469352064015 ], [ 7.690154474523659, 43.902496811073284 ], [ 7.636488324977592, 43.991438719090702 ], [ 7.553644671792917, 43.933448161861428 ], [ 7.502, 43.792 ], [ 7.437, 43.743 ], [ 7.152, 43.655 ], [ 7.001558494976889, 43.75204561819924 ], [ 6.619498945433065, 43.860704756142901 ], [ 6.752694017751095, 44.039466563727622 ], [ 6.654550280253599, 44.141115434707174 ], [ 6.451252538294501, 44.246269439168778 ], [ 6.388160135617539, 44.3724542445227 ], [ 6.472283339186821, 44.400495312379128 ], [ 6.60673233316361, 44.411537166876563 ], [ 6.657462136993145, 44.524270064275534 ], [ 6.871654642051181, 44.648276251414394 ], [ 7.04639063301958, 44.676459475764133 ] ] ] ] } },
{ "type": "Feature", "properties": { "id": "gujarat1438", "colorId": "gujarat", "name": "Гуджарат", "parent": null }, "geometry": { "type": "MultiPolygon", "coordinates": [ [ [ [ 72.85, 21.048 ], [ 72.816, 21.121 ], [ 72.7, 21.075 ], [ 72.721, 21.199 ], [ 72.606, 21.267 ], [ 72.565, 21.386 ], [ 72.62, 21.487 ], [ 72.81, 21.635 ], [ 72.936, 21.658 ], [ 73.126, 21.767 ], [ 72.927, 21.685 ], [ 72.616, 21.685 ], [ 72.532, 21.714 ], [ 72.623, 21.967 ], [ 72.559, 21.915 ], [ 72.502, 21.976 ], [ 72.542, 22.157 ], [ 72.634, 22.21 ], [ 72.748, 22.164 ], [ 72.847, 22.24 ], [ 72.553, 22.282 ], [ 72.479, 22.233 ], [ 72.392, 22.253 ], [ 72.397, 22.367 ], [ 72.306, 22.23 ], [ 72.308, 22.079 ], [ 72.258, 22.012 ], [ 72.128, 21.984 ], [ 72.169, 21.841 ], [ 72.004, 21.858 ], [ 72.022, 21.774 ], [ 72.166, 21.794 ], [ 72.296, 21.654 ], [ 72.242, 21.481 ], [ 72.105, 21.315 ], [ 72.105, 21.205 ], [ 71.462, 20.885 ], [ 71.319, 20.849 ], [ 70.982, 20.71 ], [ 70.84, 20.702 ], [ 70.542, 20.808 ], [ 70.337, 20.927 ], [ 70.054, 21.153 ], [ 69.815, 21.434 ], [ 69.63, 21.616 ], [ 69.198, 21.98 ], [ 68.994, 22.204 ], [ 68.945, 22.295 ], [ 68.974, 22.405 ], [ 69.074, 22.482 ], [ 69.072, 22.399 ], [ 69.206, 22.399 ], [ 69.212, 22.274 ], [ 69.485, 22.348 ], [ 69.548, 22.452 ], [ 69.616, 22.356 ], [ 69.733, 22.48 ], [ 69.789, 22.423 ], [ 69.962, 22.535 ], [ 70.178, 22.562 ], [ 70.375, 22.903 ], [ 70.527, 23.024 ], [ 70.467, 23.13 ], [ 70.399, 23.069 ], [ 70.399, 22.946 ], [ 70.233, 23.0 ], [ 70.204, 22.952 ], [ 69.833, 22.858 ], [ 69.716, 22.747 ], [ 69.239, 22.842 ], [ 68.866, 23.02 ], [ 68.623, 23.192 ], [ 68.607, 23.326 ], [ 68.424, 23.446 ], [ 68.486, 23.514 ], [ 68.428, 23.631 ], [ 68.539, 23.684 ], [ 68.822, 23.878 ], [ 69.895736449208613, 24.106219216543987 ], [ 70.190920495241713, 24.379652859185178 ], [ 70.361816521892464, 24.295758446102084 ], [ 70.712930176647632, 24.261579240771937 ], [ 71.191439051269711, 24.320616049978558 ], [ 71.514587901663873, 24.454225670814601 ], [ 71.940274368048449, 24.799124924600651 ], [ 72.328674428618314, 25.218596990016113 ], [ 72.636287276589641, 25.258990596315382 ], [ 73.02468733715952, 25.383278615697737 ], [ 73.363372189976445, 25.237240192923469 ], [ 73.434837801121304, 25.001092956096983 ], [ 73.307442581254392, 24.777374521208735 ], [ 73.248405772047775, 24.44490406936092 ], [ 73.350943388038218, 23.922894387955008 ], [ 73.605733827772042, 23.500315122054975 ], [ 73.795273057330149, 23.270382286197606 ], [ 74.034527494641196, 23.118129462454213 ], [ 74.447785159087545, 22.894411027565965 ], [ 74.631109987676524, 22.69244299606963 ], [ 74.767826808997114, 22.394151749551966 ], [ 74.767826808997143, 21.99332288704386 ], [ 74.898329229348619, 21.859713266207823 ], [ 75.68445095194204, 21.791354855547521 ], [ 75.939241391675878, 21.828641261362229 ], [ 76.361820657575919, 21.738532447310025 ], [ 76.520287882288414, 21.598708425504867 ], [ 76.573110290525932, 21.340810785286479 ], [ 76.366715049398664, 21.236908918007398 ], [ 76.287802021219377, 21.09035615138874 ], [ 75.88760023545305, 20.791613973281478 ], [ 75.799466690513469, 20.749428097143689 ], [ 75.549401543256138, 20.707064300232251 ], [ 75.264237079616095, 20.550878587000884 ], [ 74.844570250057288, 20.553792939983936 ], [ 74.523991421922062, 20.711168001068494 ], [ 74.09266718043105, 20.810256002492103 ], [ 73.769173999312798, 20.769455060729442 ], [ 73.492310465923296, 20.658709647373641 ], [ 72.886731042408186, 20.597041638527926 ], [ 72.899, 20.732 ], [ 72.945, 20.77 ], [ 72.837, 20.836 ], [ 72.865, 20.897 ], [ 72.767, 21.039 ], [ 72.85, 21.048 ] ] ] ] } },
{ "type": "Feature", "properties": { "id": "vijayanagara1360", "colorId": "vijayanagara", "name": "Виджаянагара", "parent": null }, "geometry": { "type": "MultiPolygon", "coordinates": [ [ [ [ 75.922, 10.766 ], [ 75.833, 11.098 ], [ 75.695, 11.42 ], [ 75.617, 11.474 ], [ 75.531, 11.694 ], [ 75.308, 11.932 ], [ 75.4, 11.92 ], [ 75.194, 12.022 ], [ 75.131, 12.208 ], [ 74.955, 12.537 ], [ 74.851, 12.826 ], [ 74.818, 12.862 ], [ 74.677, 13.527 ], [ 74.66, 13.66 ], [ 74.584, 13.904 ], [ 74.505, 14.01 ], [ 74.389, 14.463 ], [ 74.343, 14.564 ], [ 74.301, 14.527 ], [ 74.263, 14.702 ], [ 74.096, 14.793 ], [ 74.125, 14.846 ], [ 74.036, 14.921 ], [ 74.031, 14.995 ], [ 73.913, 15.079 ], [ 73.947, 15.161 ], [ 73.891, 15.343 ], [ 73.783, 15.408 ], [ 74.00228997693327, 15.36110984338138 ], [ 74.426776822849575, 15.467791207880325 ], [ 75.28864911796795, 15.958507021753105 ], [ 75.903469651133975, 16.283187528031792 ], [ 76.300685164134521, 16.283187528031792 ], [ 76.441766723197063, 16.170198724238972 ], [ 76.527948285878594, 16.210779362977366 ], [ 77.800590585282663, 16.103679945276035 ], [ 78.186595338902208, 15.951598925874832 ], [ 78.297124872954512, 15.999955597022732 ], [ 78.839410399398702, 16.075944651683702 ], [ 79.105372090712095, 16.286641575970936 ], [ 79.278074487668846, 16.359176582692768 ], [ 79.405874261416841, 16.455889924988551 ], [ 79.647657617156298, 16.462798020866821 ], [ 79.751279055330315, 16.417895397658061 ], [ 79.993062411069772, 16.169203946040341 ], [ 80.554, 15.881 ], [ 80.36, 15.776 ], [ 80.263, 15.675 ], [ 80.091, 15.305 ], [ 80.055, 15.014 ], [ 80.111, 14.705 ], [ 80.197, 14.565 ], [ 80.175, 14.345 ], [ 80.128, 14.257 ], [ 80.164, 13.988 ], [ 80.237, 13.84 ], [ 80.221, 13.697 ], [ 80.31, 13.479 ], [ 80.142, 13.729 ], [ 80.053, 13.619 ], [ 80.119, 13.501 ], [ 80.22, 13.488 ], [ 80.348, 13.349 ], [ 80.286, 13.068 ], [ 80.229, 12.675 ], [ 80.156, 12.475 ], [ 79.862, 12.022 ], [ 79.786, 11.769 ], [ 79.752, 11.577 ], [ 79.786, 11.426 ], [ 79.696, 11.303 ], [ 79.833, 11.342 ], [ 79.855, 11.16 ], [ 79.841, 10.95 ], [ 79.864, 10.379 ], [ 79.851, 10.282 ], [ 79.633, 10.329 ], [ 79.76, 10.258 ], [ 79.58, 10.296 ], [ 79.587, 10.344 ], [ 79.398, 10.325 ], [ 79.305, 10.268 ], [ 79.236, 10.167 ], [ 79.279, 10.036 ], [ 79.2, 9.97 ], [ 79.114658284690421, 9.851924445674781 ], [ 78.981, 9.667 ], [ 78.913, 9.474 ], [ 79.04, 9.315 ], [ 79.252, 9.289 ], [ 79.32, 9.323 ], [ 79.424, 9.159 ], [ 79.293, 9.25 ], [ 78.957, 9.275 ], [ 78.619, 9.141 ], [ 78.45, 9.117 ], [ 78.24, 8.966 ], [ 78.178, 8.861 ], [ 78.169, 8.734 ], [ 78.115, 8.658 ], [ 78.128, 8.488 ], [ 78.063, 8.373 ], [ 77.511, 8.076 ], [ 77.316, 8.128 ], [ 76.996, 8.368 ], [ 76.696, 8.74 ], [ 76.559, 8.891 ], [ 76.363, 9.325 ], [ 76.312, 9.493 ], [ 76.261, 9.885 ], [ 76.346, 9.816 ], [ 76.394, 9.679 ], [ 76.357, 9.521 ], [ 76.503, 9.535 ], [ 76.407, 9.569 ], [ 76.415, 9.683 ], [ 76.359, 9.915 ], [ 76.243, 9.987 ], [ 76.052, 10.514 ], [ 75.922, 10.766 ] ] ] ] } },
{ "type": "Feature", "properties": { "id": "aztec", "colorId": "aztec", "name": "Ацтеки", "parent": null }, "geometry": { "type": "MultiPolygon", "coordinates": [ [ [ [ -94.808, 18.524 ], [ -94.710020901931685, 18.18839624674483 ], [ -94.822775390927248, 17.991798676188456 ], [ -94.912400753975007, 17.965778409497169 ], [ -95.056957791148818, 17.829894794553795 ], [ -95.093389968690431, 17.743868124812547 ], [ -95.366275703035697, 17.743868124812547 ], [ -95.973112510880412, 17.461440931224441 ], [ -96.423469387142518, 17.327860501824663 ], [ -96.660097576364976, 17.377476089887438 ], [ -97.083738366747141, 17.503423351892945 ], [ -97.274567551603965, 17.442358012738758 ], [ -97.72301613601752, 17.444266304587334 ], [ -98.34511927865077, 17.970954854792172 ], [ -98.577930884176098, 18.077819198311996 ], [ -98.647817015928965, 18.030615982599087 ], [ -99.631443750742648, 18.028001692274003 ], [ -100.07260524310098, 18.281587853807359 ], [ -100.245109855316656, 18.721811713916164 ], [ -100.21041616639495, 18.837457343655206 ], [ -100.274021262751418, 19.109224573541958 ], [ -100.443776698486744, 19.407435622262653 ], [ -100.667216403864145, 19.609391922163319 ], [ -100.814664581781429, 19.661432455545889 ], [ -100.849358270703135, 19.820445196437074 ], [ -100.722148077990184, 20.066192159632536 ], [ -100.511094803716432, 20.080647863349917 ], [ -100.331844077620914, 20.184728930115057 ], [ -100.190178181190589, 20.465169582232239 ], [ -100.086097114425442, 20.572141789740851 ], [ -99.690010832569214, 20.702243123197281 ], [ -99.360420787812942, 20.612617760149522 ], [ -99.250557439560851, 20.528774678588714 ], [ -99.111782683873997, 20.569250648997382 ], [ -98.709914120530826, 20.575032930484333 ], [ -98.513316549974462, 20.855473582601512 ], [ -98.386106357261511, 20.985574916057939 ], [ -98.287807571983322, 21.164825642153456 ], [ -98.348521527596318, 21.346967508992446 ], [ -98.282025290496364, 21.537782798061865 ], [ -97.888830149383622, 21.763291776053002 ], [ -97.732708549235937, 21.760400635309523 ], [ -97.712470564031605, 21.638972724083526 ], [ -97.338, 21.055 ], [ -97.197, 20.81 ], [ -97.151, 20.647 ], [ -97.034, 20.515 ], [ -96.676, 20.158 ], [ -96.456, 19.869 ], [ -96.386012924645684, 19.62696137265894 ], [ -96.690803658008662, 19.627170252849616 ], [ -96.87167986987555, 19.423133062633909 ], [ -96.953294745961813, 19.170568108258781 ], [ -96.560661017762911, 18.857343448684393 ], [ -96.290449603693475, 18.762493727827351 ], [ -96.161409867178676, 18.684187562933754 ], [ -95.807, 18.752 ], [ -95.568, 18.683 ], [ -95.728, 18.757 ], [ -95.495, 18.707 ], [ -95.208, 18.709 ], [ -95.003, 18.555 ], [ -94.808, 18.524 ] ], [ [ -98.808212905809057, 19.158373966181045 ], [ -98.602941913022235, 19.008034647520287 ], [ -98.267569586779018, 18.947320691907287 ], [ -98.143250534809539, 18.91262700298558 ], [ -98.024713764327018, 19.031163773468094 ], [ -97.8454630382315, 19.036946054955045 ], [ -97.654647749162081, 19.343406973763511 ], [ -97.698014860314231, 19.447488040528654 ], [ -97.807878208566322, 19.482181729450367 ], [ -97.883047867896693, 19.612283062906791 ], [ -98.05362517176178, 19.690343862980647 ], [ -98.183726505218203, 19.696126144467598 ], [ -98.345630386852875, 19.797316070489263 ], [ -98.799539483578613, 19.704799566698025 ], [ -98.808212905809043, 19.600718499932889 ], [ -98.709914120530854, 19.253781610715755 ], [ -98.808212905809057, 19.158373966181045 ] ] ] ] } },
{ "type": "Feature", "properties": { "id": "ott_albania1468", "colorId": "turkey", "name": null, "parent": "ottoman1461" }, "geometry": { "type": "MultiPolygon", "coordinates": [ [ [ [ 20.406691258654075, 39.909569864022359 ], [ 20.060379487152812, 39.907364056560567 ], [ 20.016, 39.845 ], [ 19.855, 40.05 ], [ 19.476, 40.214 ], [ 19.29, 40.427 ], [ 19.414, 40.334 ], [ 19.479, 40.454 ], [ 19.31, 40.644 ], [ 19.414, 40.869 ], [ 19.507, 40.905 ], [ 19.448, 41.009 ], [ 19.442, 41.144 ], [ 19.517, 41.256 ], [ 19.396, 41.402 ], [ 19.517, 41.513 ], [ 19.441, 41.585 ], [ 19.565, 41.585 ], [ 19.585, 41.819 ], [ 19.365, 41.852 ], [ 19.375, 42.095 ], [ 19.272, 42.181 ], [ 19.259600068052645, 42.360281175777494 ], [ 19.422314617384838, 42.593358773469554 ], [ 19.699, 42.655 ], [ 19.822504454931583, 42.663721821829427 ], [ 19.87087905067899, 42.575768011379587 ], [ 19.972025932696301, 42.536188796677166 ], [ 20.2, 42.428 ], [ 20.23, 42.327 ], [ 20.333, 42.318 ], [ 20.501, 42.211 ], [ 20.599, 41.948 ], [ 20.567, 41.873 ], [ 20.5, 41.734 ], [ 20.529, 41.575 ], [ 20.444, 41.55 ], [ 20.54, 41.401 ], [ 20.478, 41.32 ], [ 20.577, 41.094 ], [ 20.664, 41.059 ], [ 20.766, 40.894 ], [ 20.94, 40.907 ], [ 20.965, 40.849 ], [ 20.944, 40.765 ], [ 21.037, 40.64 ], [ 21.014, 40.549 ], [ 20.912, 40.46 ], [ 20.827, 40.465 ], [ 20.707, 40.288 ], [ 20.64, 40.09 ], [ 20.433, 40.064 ], [ 20.31, 39.99 ], [ 20.406691258654075, 39.909569864022359 ] ] ] ] } },
{ "type": "Feature", "properties": { "id": "hre_siena1453", "colorId": "siena", "name": "Сиена", "parent": "holy_roman1453" }, "geometry": { "type": "MultiPolygon", "coordinates": [ [ [ [ 10.158, 42.817 ], [ 10.355, 42.808 ], [ 10.443, 42.845 ], [ 10.431, 42.722 ], [ 10.325, 42.765 ], [ 10.107, 42.757 ], [ 10.158, 42.817 ] ] ], [ [ [ 10.547, 43.147 ], [ 10.644254400169155, 43.141554545234598 ], [ 10.729846828020179, 43.150050648574684 ], [ 10.851027646917979, 43.153157849059241 ], [ 10.919386057578278, 43.230837861173214 ], [ 10.972208465815781, 43.404841088308523 ], [ 11.049888477929755, 43.473199498968818 ], [ 11.310893318632713, 43.470092298484261 ], [ 11.422752536076837, 43.411055489277636 ], [ 11.522182951582726, 43.327161076194542 ], [ 11.528397352551844, 43.233945061657778 ], [ 11.609184565150379, 43.205980257296744 ], [ 11.609184565150379, 43.087906638883503 ], [ 11.782302312632114, 43.014522576036896 ], [ 11.705290526126236, 42.83638059384424 ], [ 11.701842599252879, 42.643296688936303 ], [ 11.588061012432133, 42.598473639582679 ], [ 11.396, 42.4 ], [ 11.250776212933811, 42.401442620146014 ], [ 11.094, 42.403 ], [ 11.187, 42.521 ], [ 10.99, 42.71 ], [ 10.731, 42.804 ], [ 10.778, 42.895 ], [ 10.681, 42.949 ], [ 10.519, 42.925 ], [ 10.478, 42.99 ], [ 10.547, 43.147 ] ] ] ] } },
{ "type": "Feature", "properties": { "id": "eskimos", "colorId": null, "name": "эскимосы", "parent": null }, "geometry": { "type": "MultiPolygon", "coordinates": [ [ [ [ -33.232, 67.543 ], [ -33.948, 66.752 ], [ -34.654, 66.371 ], [ -36.074, 65.935 ], [ -40.604, 64.683 ], [ -43.138, 60.081 ], [ -44.975, 60.04 ], [ -48.195, 60.814 ], [ -50.308, 62.491 ], [ -52.161, 64.256 ], [ -53.65, 66.124 ], [ -53.965, 67.078 ], [ -53.34, 68.272 ], [ -51.569, 68.524 ], [ -51.087, 68.951 ], [ -51.439, 69.966 ], [ -54.185, 70.477 ], [ -55.288, 71.381 ], [ -55.905, 71.682 ], [ -55.552, 72.038 ], [ -55.663, 73.057 ], [ -56.713, 74.348 ], [ -57.083, 74.924 ], [ -58.159, 75.067 ], [ -59.64, 75.812 ], [ -63.477, 76.377 ], [ -64.672, 76.272 ], [ -66.487, 75.947 ], [ -68.433, 76.079 ], [ -68.438, 76.144 ], [ -69.637, 76.383 ], [ -69.918, 76.75 ], [ -71.346, 76.992 ], [ -71.193, 77.137 ], [ -71.631, 77.863 ], [ -72.242, 77.939 ], [ -72.297, 78.056 ], [ -72.895, 78.154 ], [ -72.661, 78.291 ], [ -72.59, 78.521 ], [ -71.942, 78.558 ], [ -65.978, 79.104 ], [ -64.86, 79.508 ], [ -65.306, 80.096 ], [ -67.462, 80.185 ], [ -67.455, 80.343 ], [ -62.977, 81.228 ], [ -61.546, 81.066 ], [ -61.296, 81.371 ], [ -61.454, 81.745 ], [ -46.845, 82.976 ], [ -32.491, 83.634 ], [ -25.65, 83.298 ], [ -16.485, 81.749 ], [ -13.92, 81.812 ], [ -12.028, 81.637 ], [ -11.396, 81.461 ], [ -12.538, 81.187 ], [ -14.295, 80.784 ], [ -15.321, 80.715 ], [ -16.447, 80.219 ], [ -17.873, 80.161 ], [ -19.566, 79.386 ], [ -19.357, 77.733 ], [ -18.266, 76.921 ], [ -18.628, 76.702 ], [ -19.391, 76.831 ], [ -19.672, 76.127 ], [ -19.345, 75.733 ], [ -19.627, 74.239 ], [ -20.201, 74.28 ], [ -20.543, 73.449 ], [ -21.543, 73.49 ], [ -22.644, 71.675 ], [ -21.75, 71.49 ], [ -21.638, 70.445 ], [ -22.38, 69.971 ], [ -29.378, 68.201 ], [ -31.996, 68.05 ], [ -33.232, 67.543 ] ] ] ] } },
{ "type": "Feature", "properties": { "id": "hre_genoa1453", "colorId": "genoa", "name": "Генуя", "parent": "holy_roman1453" }, "geometry": { "type": "MultiPolygon", "coordinates": [ [ [ [ 26.623, 37.679 ], [ 26.58, 37.741 ], [ 26.658, 37.793 ], [ 26.842, 37.809 ], [ 27.068, 37.774 ], [ 27.048, 37.727 ], [ 26.861, 37.643 ], [ 26.708, 37.714 ], [ 26.623, 37.679 ] ] ], [ [ [ 35.387731770448404, 45.049772106246962 ], [ 35.428906843068511, 45.143886557950069 ], [ 35.47, 45.101 ], [ 35.435, 45.011 ], [ 35.387731770448404, 45.049772106246962 ] ] ] ] } },
{ "type": "Feature", "properties": { "id": "hafsid1423", "colorId": "hafsid", "name": "Хафсиды", "parent": null }, "geometry": { "type": "MultiPolygon", "coordinates": [ [ [ [ 4.441, 36.912 ], [ 4.787, 36.895 ], [ 5.105, 36.781 ], [ 5.085, 36.733 ], [ 5.236, 36.651 ], [ 5.465, 36.665 ], [ 5.576, 36.761 ], [ 5.759, 36.833 ], [ 5.869, 36.823 ], [ 6.197, 36.902 ], [ 6.339, 37.069 ], [ 6.462, 37.094 ], [ 6.583, 36.99 ], [ 6.822, 36.953 ], [ 6.909, 36.893 ], [ 7.157, 36.915 ], [ 7.25, 37.023 ], [ 7.182, 37.083 ], [ 7.383, 37.083 ], [ 7.589, 36.988 ], [ 7.799, 36.994 ], [ 7.773, 36.89 ], [ 7.908, 36.85 ], [ 8.233, 36.958 ], [ 8.338691725754298, 36.936463002417938 ], [ 8.498, 36.904 ], [ 8.603, 36.94 ], [ 8.802, 36.973 ], [ 8.988, 37.117 ], [ 9.211, 37.234 ], [ 9.343, 37.235 ], [ 9.666, 37.335 ], [ 9.859, 37.329 ], [ 9.772, 37.213 ], [ 9.808, 37.155 ], [ 9.925, 37.213 ], [ 9.882, 37.264 ], [ 10.051, 37.267 ], [ 10.272, 37.179 ], [ 10.174, 37.076 ], [ 10.22, 36.977 ], [ 10.347, 36.88 ], [ 10.272, 36.816 ], [ 10.32, 36.749 ], [ 10.437, 36.729 ], [ 10.538, 36.772 ], [ 10.567, 36.863 ], [ 10.733, 36.896 ], [ 10.893, 37.039 ], [ 11.051, 37.08 ], [ 11.136, 36.871 ], [ 11.022, 36.788 ], [ 10.8, 36.452 ], [ 10.519, 36.337 ], [ 10.48, 36.079 ], [ 10.609, 35.856 ], [ 10.744, 35.77 ], [ 10.841, 35.767 ], [ 10.841, 35.699 ], [ 11.055, 35.614 ], [ 11.042, 35.334 ], [ 11.161, 35.238 ], [ 10.918, 34.957 ], [ 10.916, 34.874 ], [ 10.597, 34.545 ], [ 10.432, 34.496 ], [ 10.127, 34.326 ], [ 10.005, 34.171 ], [ 10.049, 33.983 ], [ 10.163, 33.836 ], [ 10.33, 33.703 ], [ 10.489, 33.647 ], [ 10.717, 33.707 ], [ 10.737, 33.603 ], [ 10.674, 33.546 ], [ 10.717, 33.484 ], [ 10.909, 33.54 ], [ 10.978, 33.643 ], [ 11.108, 33.55 ], [ 11.09, 33.454 ], [ 11.171, 33.332 ], [ 11.18, 33.211 ], [ 11.505, 33.181 ], [ 11.636, 33.109 ], [ 11.847, 33.083 ], [ 12.122, 32.921 ], [ 12.348, 32.833 ], [ 12.73, 32.799 ], [ 13.074, 32.866 ], [ 13.165, 32.913 ], [ 13.352, 32.904 ], [ 13.571, 32.803 ], [ 13.787, 32.8 ], [ 14.176, 32.718 ], [ 14.469, 32.519 ], [ 14.727, 32.451 ], [ 14.911, 32.444 ], [ 15.196, 32.39 ], [ 15.283, 32.317 ], [ 15.37, 32.159 ], [ 15.37, 31.929 ], [ 14.979000893321651, 32.000463533700596 ], [ 14.827292110893987, 32.165964023621683 ], [ 14.634208205986052, 32.193547438608533 ], [ 14.254936249916899, 32.338360367289482 ], [ 13.83428917136747, 32.393527197263182 ], [ 13.392954531577907, 32.538340125944131 ], [ 12.234451102130304, 32.503860857210569 ], [ 11.220760601363656, 32.821070129559324 ], [ 10.441529127985209, 33.110695986921229 ], [ 10.117424001889749, 33.296884038082446 ], [ 9.658849727733404, 33.489967942990383 ], [ 9.431286554091912, 33.734770750998656 ], [ 8.810659716887837, 34.220928440141847 ], [ 8.580955558266082, 34.456559183055759 ], [ 7.780551986733418, 34.552382145844881 ], [ 6.794139134492458, 35.155503146929348 ], [ 6.540490115344783, 35.076590118750076 ], [ 6.134651684708502, 35.093500053359918 ], [ 5.548440618233875, 35.200596305888936 ], [ 4.894589813319867, 35.612071381395168 ], [ 4.263285587885653, 35.521885063475992 ], [ 3.812353998289786, 35.521885063475992 ], [ 3.333239184344177, 35.307692558417955 ], [ 2.09881395782549, 34.918764062391524 ], [ 1.76061526562859, 34.755301361163021 ], [ 1.072944591494891, 34.276186547217414 ], [ 0.362727337881401, 33.960534434500303 ], [ 0.001982066204707, 33.701248770482678 ], [ -0.639550787559133, 33.516058301866551 ], [ -1.323790422469798, 33.435717971695922 ], [ -1.745968712629001, 34.033803882754796 ], [ -1.913080952483685, 34.385619124554132 ], [ -1.913080952483686, 34.552731364408814 ], [ -2.031818596590961, 34.816592795758318 ], [ -1.902760310428321, 35.103207122018105 ], [ -1.761, 35.13 ], [ -1.51, 35.295 ], [ -1.396, 35.309 ], [ -1.268, 35.39 ], [ -1.19, 35.566 ], [ -1.033, 35.683 ], [ -0.825, 35.769 ], [ -0.683, 35.717 ], [ -0.523, 35.78 ], [ -0.479, 35.89 ], [ -0.349, 35.907 ], [ -0.259, 35.818 ], [ -0.124, 35.787 ], [ 0.035, 35.863 ], [ 0.127, 36.051 ], [ 0.349417249050393, 36.168018032710386 ], [ 0.663, 36.333 ], [ 0.865, 36.377 ], [ 1.045, 36.487 ], [ 1.914, 36.57 ], [ 2.06, 36.57 ], [ 2.373, 36.634 ], [ 2.457, 36.59 ], [ 2.633, 36.605 ], [ 2.933, 36.809 ], [ 3.179, 36.743 ], [ 3.238, 36.813 ], [ 3.461, 36.775 ], [ 3.65, 36.824 ], [ 3.827, 36.913 ], [ 4.105, 36.884 ], [ 4.240551235160842, 36.895295938265825 ], [ 4.441, 36.912 ] ] ] ] } },
{ "type": "Feature", "properties": { "id": "prt_cape_verde1462", "colorId": "portugal", "name": null, "parent": "portugal1139" }, "geometry": { "type": "MultiPolygon", "coordinates": [ [ [ [ -24.329, 15.029 ], [ -24.297, 14.918 ], [ -24.377, 14.816 ], [ -24.526, 14.925 ], [ -24.403, 15.038 ], [ -24.329, 15.029 ] ] ], [ [ [ -23.786, 15.175 ], [ -23.744, 15.333 ], [ -23.511, 15.113 ], [ -23.457, 15.024 ], [ -23.494, 14.919 ], [ -23.677, 14.936 ], [ -23.772, 15.038 ], [ -23.786, 15.175 ] ] ], [ [ [ -23.251, 15.256 ], [ -23.128, 15.312 ], [ -23.11, 15.199 ], [ -23.183, 15.119 ], [ -23.258, 15.175 ], [ -23.251, 15.256 ] ] ], [ [ [ -22.946, 16.02 ], [ -22.916, 16.244 ], [ -22.714, 16.206 ], [ -22.682, 16.114 ], [ -22.68, 16.063 ], [ -22.806, 15.986 ], [ -22.946, 16.02 ] ] ], [ [ [ -24.325, 16.483 ], [ -24.423, 16.662 ], [ -24.361, 16.682 ], [ -24.068, 16.614 ], [ -24.033, 16.562 ], [ -24.233, 16.602 ], [ -24.325, 16.483 ] ] ], [ [ [ -22.895, 16.614 ], [ -22.929, 16.593 ], [ -22.991, 16.816 ], [ -22.895, 16.829 ], [ -22.895, 16.614 ] ] ], [ [ [ -24.971, 16.923 ], [ -24.92, 16.895 ], [ -24.875, 16.826 ], [ -24.988, 16.785 ], [ -25.078, 16.865 ], [ -24.971, 16.923 ] ] ], [ [ [ -25.317, 17.106 ], [ -25.103, 17.197 ], [ -24.971, 17.107 ], [ -25.047, 17.035 ], [ -25.188, 16.928 ], [ -25.299, 16.917 ], [ -25.355, 17.038 ], [ -25.317, 17.106 ] ] ] ] } },
{ "type": "Feature", "properties": { "id": "england1282", "colorId": "britain", "name": "Англия", "parent": null }, "geometry": { "type": "MultiPolygon", "coordinates": [ [ [ [ -2.234, 49.185 ], [ -2.242, 49.248 ], [ -2.083, 49.26 ], [ -2.025, 49.171 ], [ -2.234, 49.185 ] ] ], [ [ [ -2.534, 49.436 ], [ -2.669, 49.431 ], [ -2.58, 49.494 ], [ -2.534, 49.436 ] ] ], [ [ [ 1.569349849232088, 50.400960585461469 ], [ 1.583, 50.575 ], [ 1.581, 50.869 ], [ 1.73, 50.944 ], [ 1.973, 51.007 ], [ 2.082260289558004, 50.665185978450417 ], [ 2.001698075410828, 50.556190041663072 ], [ 1.972655410618428, 50.401711027979566 ], [ 1.772095326872793, 50.301430986106745 ], [ 1.569349849232088, 50.400960585461469 ] ] ], [ [ [ -1.497, 50.672 ], [ -1.296, 50.773 ], [ -1.083, 50.713 ], [ -1.168, 50.603 ], [ -1.316, 50.589 ], [ -1.497, 50.672 ] ] ], [ [ [ -1.151, 50.781 ], [ -1.317, 50.8 ], [ -1.94, 50.691 ], [ -1.984, 50.597 ], [ -2.436, 50.638 ], [ -2.466, 50.585 ], [ -2.693, 50.693 ], [ -2.865, 50.734 ], [ -3.26, 50.675 ], [ -3.495, 50.548 ], [ -3.487, 50.412 ], [ -3.632, 50.312 ], [ -3.646, 50.226 ], [ -3.789, 50.212 ], [ -3.95, 50.319 ], [ -4.033, 50.295 ], [ -4.166, 50.376 ], [ -4.16, 50.459 ], [ -4.273, 50.382 ], [ -4.495, 50.328 ], [ -4.752, 50.33 ], [ -4.8, 50.23 ], [ -5.053, 50.196 ], [ -5.057, 50.061 ], [ -5.191, 49.959 ], [ -5.324, 50.09 ], [ -5.475, 50.13 ], [ -5.578, 50.055 ], [ -5.705, 50.052 ], [ -5.685, 50.162 ], [ -5.511, 50.219 ], [ -5.438, 50.194 ], [ -5.05, 50.429 ], [ -5.025, 50.524 ], [ -4.792, 50.595 ], [ -4.55, 50.81 ], [ -4.526, 51.015 ], [ -4.338, 50.997 ], [ -4.208, 51.076 ], [ -4.256, 51.152 ], [ -4.152, 51.212 ], [ -3.769, 51.248 ], [ -3.385, 51.186 ], [ -3.022, 51.192 ], [ -3.011, 51.311 ], [ -2.816, 51.474 ], [ -2.716, 51.5 ], [ -2.482, 51.743 ], [ -2.665, 51.617 ], [ -2.859, 51.546 ], [ -2.975, 51.563 ], [ -3.173, 51.453 ], [ -3.185, 51.398 ], [ -3.539, 51.399 ], [ -3.738, 51.491 ], [ -3.855, 51.624 ], [ -3.975, 51.563 ], [ -4.29, 51.556 ], [ -4.294, 51.672 ], [ -4.393, 51.764 ], [ -4.678, 51.717 ], [ -4.712, 51.65 ], [ -4.941, 51.597 ], [ -5.046, 51.627 ], [ -5.01, 51.706 ], [ -5.23, 51.73 ], [ -5.107, 51.788 ], [ -5.14, 51.864 ], [ -5.289, 51.917 ], [ -5.12, 51.959 ], [ -5.081, 52.021 ], [ -4.832, 52.019 ], [ -4.638, 52.138 ], [ -4.514, 52.136 ], [ -4.197, 52.279 ], [ -4.096, 52.388 ], [ -4.053, 52.542 ], [ -4.125, 52.604 ], [ -4.049, 52.722 ], [ -4.149, 52.812 ], [ -4.1, 52.914 ], [ -4.407, 52.893 ], [ -4.516, 52.789 ], [ -4.763, 52.789 ], [ -4.596, 52.928 ], [ -4.358, 53.028 ], [ -4.341, 53.113 ], [ -4.152, 53.228 ], [ -3.831, 53.289 ], [ -3.562, 53.294 ], [ -3.33, 53.352 ], [ -3.185, 53.377 ], [ -3.058, 53.435 ], [ -3.097, 53.544 ], [ -3.049, 53.77 ], [ -3.018, 53.932 ], [ -3.145, 54.1 ], [ -3.241, 54.112 ], [ -3.474, 54.394 ], [ -3.634, 54.513 ], [ -3.388, 54.883 ], [ -3.291988813073368, 54.963514343501473 ], [ -3.106612650879829, 54.972448134450552 ], [ -3.068644039346213, 55.034984671094158 ], [ -2.970372338906265, 55.043918462043244 ], [ -2.773828938026369, 55.160057744381369 ], [ -2.563884850722843, 55.343200458837636 ], [ -2.219933899183025, 55.441472159277581 ], [ -2.309271808673887, 55.638015560157477 ], [ -2.030090837254978, 55.81669124282039 ], [ -1.816, 55.633 ], [ -1.631, 55.585 ], [ -1.522, 55.167 ], [ -1.37, 54.976 ], [ -1.297, 54.78 ], [ -1.104, 54.625 ], [ -0.788, 54.561 ], [ -0.563, 54.477 ], [ -0.398, 54.269 ], [ -0.234, 54.16 ], [ -0.076, 54.112 ], [ -0.219, 54.023 ], [ -0.151, 53.899 ], [ 0.133, 53.643 ], [ -0.045, 53.626 ], [ -0.305, 53.74 ], [ -0.189, 53.62 ], [ 0.152, 53.476 ], [ 0.342, 53.226 ], [ 0.33, 53.086 ], [ 0.161, 53.009 ], [ 0.01, 52.886 ], [ 0.093, 52.893 ], [ 0.247, 52.796 ], [ 0.379, 52.791 ], [ 0.57, 52.969 ], [ 0.966, 52.974 ], [ 1.275, 52.929 ], [ 1.644, 52.776 ], [ 1.747, 52.625 ], [ 1.771, 52.486 ], [ 1.631, 52.27 ], [ 1.582, 52.081 ], [ 1.472, 52.056 ], [ 1.2, 51.878 ], [ 1.276, 51.845 ], [ 1.135, 51.782 ], [ 0.977, 51.825 ], [ 0.952, 51.617 ], [ 0.873, 51.559 ], [ 0.555, 51.412 ], [ 0.764, 51.364 ], [ 0.977, 51.349 ], [ 1.424, 51.392 ], [ 1.413, 51.222 ], [ 1.357, 51.131 ], [ 1.028, 51.042 ], [ 0.98, 50.918 ], [ 0.802, 50.939 ], [ 0.624, 50.859 ], [ 0.365, 50.819 ], [ 0.271, 50.747 ], [ -0.173, 50.829 ], [ -0.569, 50.802 ], [ -0.813, 50.735 ], [ -0.864, 50.802 ], [ -1.021, 50.844 ], [ -1.151, 50.781 ] ] ], [ [ [ -4.413, 53.132 ], [ -4.571, 53.275 ], [ -4.571, 53.393 ], [ -4.277, 53.401 ], [ -4.203, 53.298 ], [ -4.098, 53.31 ], [ -4.098, 53.25 ], [ -4.413, 53.132 ] ] ], [ [ [ -4.351, 54.414 ], [ -4.312, 54.287 ], [ -4.391, 54.195 ], [ -4.612, 54.057 ], [ -4.79, 54.064 ], [ -4.71, 54.221 ], [ -4.531, 54.366 ], [ -4.351, 54.414 ] ] ] ] } },
{ "type": "Feature", "properties": { "id": "ryukyu", "colorId": "ryukyu", "name": "Рюкю", "parent": null }, "geometry": { "type": "MultiPolygon", "coordinates": [ [ [ [ 123.873, 24.258 ], [ 123.683, 24.285 ], [ 123.815, 24.392 ], [ 123.934, 24.367 ], [ 123.873, 24.258 ] ] ], [ [ [ 124.116, 24.467 ], [ 124.212, 24.447 ], [ 124.329, 24.584 ], [ 124.242, 24.364 ], [ 124.14, 24.342 ], [ 124.116, 24.467 ] ] ], [ [ [ 125.285, 24.877 ], [ 125.387, 24.782 ], [ 125.453, 24.745 ], [ 125.259, 24.733 ], [ 125.285, 24.877 ] ] ], [ [ [ 127.725, 26.09 ], [ 127.652, 26.084 ], [ 127.638, 26.215 ], [ 127.742, 26.321 ], [ 127.731, 26.44 ], [ 127.938, 26.532 ], [ 127.885, 26.696 ], [ 128.015, 26.635 ], [ 128.226, 26.801 ], [ 128.255, 26.886 ], [ 128.338, 26.797 ], [ 128.243, 26.633 ], [ 128.142, 26.557 ], [ 128.056, 26.55 ], [ 127.94, 26.448 ], [ 127.839, 26.425 ], [ 127.92, 26.31 ], [ 127.841, 26.324 ], [ 127.778, 26.233 ], [ 127.824, 26.187 ], [ 127.725, 26.09 ] ] ], [ [ [ 128.534, 27.415 ], [ 128.701, 27.455 ], [ 128.631, 27.376 ], [ 128.534, 27.415 ] ] ], [ [ [ 128.961, 27.686 ], [ 128.895, 27.728 ], [ 128.895, 27.891 ], [ 128.947, 27.914 ], [ 128.989, 27.811 ], [ 129.024, 27.757 ], [ 128.961, 27.686 ] ] ], [ [ [ 129.218, 28.106 ], [ 129.181, 28.19 ], [ 129.297, 28.12 ], [ 129.218, 28.106 ] ] ], [ [ [ 129.468, 28.216 ], [ 129.366, 28.123 ], [ 129.146, 28.256 ], [ 129.271, 28.255 ], [ 129.228, 28.305 ], [ 129.688, 28.509 ], [ 129.708, 28.462 ], [ 129.42, 28.25 ], [ 129.468, 28.216 ] ] ], [ [ [ 129.995, 28.291 ], [ 129.914, 28.297 ], [ 130.03, 28.373 ], [ 129.995, 28.291 ] ] ] ] } },
{ "type": "Feature", "properties": { "id": "papuan", "colorId": null, "name": "папуа", "parent": null }, "geometry": { "type": "MultiPolygon", "coordinates": [ [ [ [ 143.412, -8.596 ], [ 143.271, -8.469 ], [ 143.475, -8.525 ], [ 143.608, -8.638 ], [ 143.653, -8.706 ], [ 143.412, -8.596 ] ] ], [ [ [ 143.574, -8.374 ], [ 143.612, -8.462 ], [ 143.53, -8.486 ], [ 143.379, -8.426 ], [ 143.317, -8.372 ], [ 143.574, -8.374 ] ] ], [ [ [ 138.897, -8.337 ], [ 138.894, -8.405 ], [ 138.558, -8.367 ], [ 138.564, -8.307 ], [ 138.689, -8.181 ], [ 138.831, -8.186 ], [ 138.897, -8.337 ] ] ], [ [ [ 138.884, -7.933 ], [ 138.904, -8.076 ], [ 138.661, -8.169 ], [ 138.603, -8.255 ], [ 138.444, -8.379 ], [ 138.293, -8.419 ], [ 138.178, -8.385 ], [ 137.849, -8.378 ], [ 137.638, -8.426 ], [ 137.759, -8.073 ], [ 137.801, -8.042 ], [ 137.895, -7.816 ], [ 138.028, -7.61 ], [ 138.244, -7.456 ], [ 138.395, -7.405 ], [ 138.621, -7.365 ], [ 138.805, -7.374 ], [ 138.939, -7.542 ], [ 139.076, -7.576 ], [ 138.989, -7.738 ], [ 138.983, -7.83 ], [ 138.884, -7.933 ] ] ], [ [ [ 140.21, -2.402 ], [ 140.332, -2.456 ], [ 140.389, -2.397 ], [ 140.608, -2.439 ], [ 140.745, -2.499 ], [ 140.699, -2.608 ], [ 140.974, -2.601 ], [ 141.043, -2.59 ], [ 141.276, -2.642 ], [ 141.296, -2.676 ], [ 141.801, -2.9 ], [ 141.906, -2.967 ], [ 142.0, -2.956 ], [ 142.063, -3.06 ], [ 143.029, -3.356 ], [ 143.125, -3.348 ], [ 143.478, -3.421 ], [ 143.619, -3.545 ], [ 143.818, -3.622 ], [ 143.996, -3.793 ], [ 144.167, -3.801 ], [ 144.25, -3.868 ], [ 144.276, -3.807 ], [ 144.513, -3.818 ], [ 144.551, -3.968 ], [ 144.868, -4.099 ], [ 144.877, -4.172 ], [ 144.996, -4.239 ], [ 145.051, -4.342 ], [ 145.181, -4.39 ], [ 145.346, -4.39 ], [ 145.69, -4.768 ], [ 145.812, -4.861 ], [ 145.785, -4.969 ], [ 145.811, -5.067 ], [ 145.727, -5.422 ], [ 145.76, -5.477 ], [ 145.969, -5.465 ], [ 146.173, -5.549 ], [ 146.461, -5.599 ], [ 146.798, -5.834 ], [ 146.933, -5.842 ], [ 147.042, -5.939 ], [ 147.244, -5.966 ], [ 147.289, -5.931 ], [ 147.449, -5.962 ], [ 147.622, -6.107 ], [ 147.726, -6.272 ], [ 147.827, -6.335 ], [ 147.868, -6.476 ], [ 147.854, -6.691 ], [ 147.6, -6.727 ], [ 147.195, -6.739 ], [ 147.132, -6.711 ], [ 146.977, -6.74 ], [ 146.942, -6.836 ], [ 146.956, -6.955 ], [ 147.058, -7.055 ], [ 147.069, -7.146 ], [ 147.141, -7.213 ], [ 147.188, -7.463 ], [ 147.355, -7.515 ], [ 147.581, -7.704 ], [ 147.607, -7.817 ], [ 147.683, -7.811 ], [ 147.727, -7.932 ], [ 147.876, -7.937 ], [ 147.999, -8.055 ], [ 148.114, -8.055 ], [ 148.211, -8.306 ], [ 148.238, -8.569 ], [ 148.437, -8.666 ], [ 148.487, -8.747 ], [ 148.496, -8.883 ], [ 148.559, -9.032 ], [ 148.621, -9.084 ], [ 148.758, -9.104 ], [ 148.892, -9.051 ], [ 149.069, -9.035 ], [ 149.142, -8.975 ], [ 149.318, -9.023 ], [ 149.337, -9.125 ], [ 149.248, -9.212 ], [ 149.183, -9.368 ], [ 149.227, -9.487 ], [ 149.451, -9.577 ], [ 149.62, -9.621 ], [ 149.731, -9.598 ], [ 150.012, -9.642 ], [ 150.056, -9.715 ], [ 149.731, -9.809 ], [ 149.725, -9.848 ], [ 149.939, -10.062 ], [ 150.188, -10.091 ], [ 150.301, -10.179 ], [ 150.602, -10.207 ], [ 150.627, -10.278 ], [ 150.874, -10.225 ], [ 150.689, -10.325 ], [ 150.598, -10.344 ], [ 150.4, -10.3 ], [ 150.347, -10.365 ], [ 150.647, -10.477 ], [ 150.693, -10.557 ], [ 150.487, -10.622 ], [ 150.43, -10.688 ], [ 150.319, -10.662 ], [ 150.211, -10.701 ], [ 149.896, -10.544 ], [ 150.082, -10.461 ], [ 149.962, -10.428 ], [ 149.912, -10.475 ], [ 149.872, -10.396 ], [ 149.748, -10.338 ], [ 149.461, -10.352 ], [ 149.368, -10.276 ], [ 149.327, -10.31 ], [ 149.067, -10.235 ], [ 148.978, -10.276 ], [ 148.738, -10.23 ], [ 148.745, -10.136 ], [ 148.683, -10.105 ], [ 148.639, -10.188 ], [ 148.402, -10.2 ], [ 148.155, -10.071 ], [ 147.977, -10.166 ], [ 147.913, -10.089 ], [ 147.762, -10.06 ], [ 147.621, -9.989 ], [ 147.518, -9.879 ], [ 147.491, -9.768 ], [ 147.345, -9.58 ], [ 147.053, -9.46 ], [ 146.983, -9.301 ], [ 146.916, -9.26 ], [ 146.909, -9.104 ], [ 146.627, -9.023 ], [ 146.558, -8.941 ], [ 146.566, -8.818 ], [ 146.435, -8.611 ], [ 146.277, -8.435 ], [ 146.222, -8.26 ], [ 146.117, -8.2 ], [ 146.079, -8.087 ], [ 145.798, -8.007 ], [ 145.772, -7.927 ], [ 145.408, -7.932 ], [ 145.322, -7.862 ], [ 144.996, -7.817 ], [ 144.88, -7.782 ], [ 144.852, -7.569 ], [ 144.825, -7.683 ], [ 144.771, -7.681 ], [ 144.654, -7.561 ], [ 144.661, -7.634 ], [ 144.585, -7.652 ], [ 144.517, -7.508 ], [ 144.514, -7.672 ], [ 144.407, -7.514 ], [ 144.441, -7.686 ], [ 144.508, -7.798 ], [ 144.344, -7.659 ], [ 144.229, -7.666 ], [ 144.276, -7.768 ], [ 144.215, -7.796 ], [ 143.924, -7.694 ], [ 143.828, -7.632 ], [ 143.766, -7.506 ], [ 143.76, -7.583 ], [ 143.856, -7.808 ], [ 143.957, -7.972 ], [ 143.804, -7.933 ], [ 143.914, -8.008 ], [ 143.767, -8.04 ], [ 143.651, -7.981 ], [ 143.448, -7.982 ], [ 143.548, -8.032 ], [ 143.628, -8.186 ], [ 143.592, -8.242 ], [ 143.338, -8.248 ], [ 142.98, -8.336 ], [ 142.715, -8.268 ], [ 142.632, -8.309 ], [ 142.769, -8.33 ], [ 142.9, -8.413 ], [ 143.132, -8.486 ], [ 143.262, -8.592 ], [ 143.4, -8.782 ], [ 143.406, -8.962 ], [ 143.315, -9.024 ], [ 143.173, -9.043 ], [ 142.653, -9.33 ], [ 142.577, -9.324 ], [ 142.465, -9.24 ], [ 142.223, -9.161 ], [ 141.868, -9.22 ], [ 141.783, -9.2 ], [ 141.635, -9.232 ], [ 141.51, -9.215 ], [ 141.422, -9.15 ], [ 141.31, -9.152 ], [ 141.232, -9.213 ], [ 141.115, -9.218 ], [ 140.977, -9.106 ], [ 140.857, -9.049 ], [ 140.622, -8.807 ], [ 140.507, -8.638 ], [ 140.252, -8.409 ], [ 140.032, -8.246 ], [ 139.971, -8.142 ], [ 139.631, -8.125 ], [ 139.515, -8.179 ], [ 139.357, -8.199 ], [ 139.283, -8.173 ], [ 139.224, -8.074 ], [ 139.09, -8.134 ], [ 138.914, -8.292 ], [ 138.839, -8.138 ], [ 138.921, -8.08 ], [ 138.911, -7.923 ], [ 138.994, -7.865 ], [ 139.007, -7.754 ], [ 139.093, -7.56 ], [ 138.958, -7.507 ], [ 138.886, -7.361 ], [ 138.688, -7.193 ], [ 138.762, -7.114 ], [ 138.572, -6.942 ], [ 138.581, -6.891 ], [ 138.673, -6.695 ], [ 138.709, -6.63 ], [ 138.466, -6.402 ], [ 138.39, -6.234 ], [ 138.365, -6.092 ], [ 138.158, -5.774 ], [ 138.071, -5.729 ], [ 138.075, -5.42 ], [ 137.987, -5.47 ], [ 137.925, -5.329 ], [ 137.822, -5.363 ], [ 137.706, -5.222 ], [ 137.58, -5.182 ], [ 137.465, -5.096 ], [ 137.404, -5.098 ], [ 136.822, -4.928 ], [ 136.355, -4.677 ], [ 136.036, -4.586 ], [ 135.97, -4.52 ], [ 135.725, -4.495 ], [ 135.43, -4.43 ], [ 135.228, -4.461 ], [ 134.823, -4.259 ], [ 134.658, -4.133 ], [ 134.525, -4.026 ], [ 134.43, -3.908 ], [ 134.334, -3.869 ], [ 134.315, -4.02 ], [ 134.144, -3.875 ], [ 134.193, -3.836 ], [ 134.127, -3.745 ], [ 134.092, -3.824 ], [ 133.959, -3.838 ], [ 133.844, -3.638 ], [ 133.829, -3.722 ], [ 133.708, -3.61 ], [ 133.409, -3.722 ], [ 133.456, -3.847 ], [ 133.269, -4.052 ], [ 133.079, -4.061 ], [ 132.969, -4.112 ], [ 132.796, -3.941 ], [ 132.826, -3.938 ], [ 132.731, -3.682 ], [ 132.756, -3.628 ], [ 132.881, -3.643 ], [ 132.932, -3.554 ], [ 132.832, -3.461 ], [ 132.812, -3.282 ], [ 132.692, -3.338 ], [ 132.602, -3.232 ], [ 132.553, -3.107 ], [ 132.326, -2.947 ], [ 132.188, -2.917 ], [ 132.075, -2.958 ], [ 131.978, -2.915 ], [ 132.044, -2.803 ], [ 131.966, -2.793 ], [ 132.202, -2.676 ], [ 132.586, -2.717 ], [ 132.737, -2.81 ], [ 132.835, -2.736 ], [ 133.034, -2.479 ], [ 133.173, -2.422 ], [ 133.312, -2.443 ], [ 133.411, -2.567 ], [ 133.438, -2.503 ], [ 133.519, -2.59 ], [ 133.607, -2.532 ], [ 133.667, -2.563 ], [ 133.682, -2.717 ], [ 133.713, -2.512 ], [ 133.817, -2.649 ], [ 133.82, -2.477 ], [ 133.747, -2.438 ], [ 133.987, -2.406 ], [ 133.895, -2.363 ], [ 133.95, -2.293 ], [ 133.792, -2.26 ], [ 133.95, -2.169 ], [ 133.94, -2.108 ], [ 133.71, -2.176 ], [ 133.646, -2.236 ], [ 133.446, -2.238 ], [ 133.296, -2.204 ], [ 132.944, -2.283 ], [ 132.816, -2.245 ], [ 132.699, -2.305 ], [ 132.56, -2.186 ], [ 132.348, -2.27 ], [ 132.215, -2.166 ], [ 132.073, -2.105 ], [ 131.973, -1.965 ], [ 131.928, -1.806 ], [ 132.018, -1.683 ], [ 131.917, -1.707 ], [ 131.897, -1.601 ], [ 131.964, -1.539 ], [ 131.805, -1.608 ], [ 131.811, -1.52 ], [ 131.723, -1.572 ], [ 131.704, -1.511 ], [ 131.573, -1.48 ], [ 131.428, -1.498 ], [ 131.373, -1.395 ], [ 131.275, -1.392 ], [ 131.324, -1.469 ], [ 131.206, -1.524 ], [ 131.126, -1.453 ], [ 130.96, -1.446 ], [ 131.03, -1.276 ], [ 131.182, -1.217 ], [ 131.254, -1.08 ], [ 131.243, -0.819 ], [ 131.545, -0.737 ], [ 131.517, -0.785 ], [ 131.884, -0.682 ], [ 132.1, -0.47 ], [ 132.27, -0.385 ], [ 132.437, -0.347 ], [ 132.709, -0.36 ], [ 132.905, -0.453 ], [ 132.975, -0.445 ], [ 133.155, -0.532 ], [ 133.392, -0.723 ], [ 133.745, -0.751 ], [ 133.977, -0.723 ], [ 134.172, -0.864 ], [ 134.036, -0.958 ], [ 134.127, -1.148 ], [ 134.204, -1.213 ], [ 134.282, -1.35 ], [ 134.207, -1.574 ], [ 134.087, -1.683 ], [ 134.156, -2.039 ], [ 134.152, -2.175 ], [ 134.193, -2.379 ], [ 134.33, -2.522 ], [ 134.484, -2.539 ], [ 134.556, -2.465 ], [ 134.658, -2.563 ], [ 134.667, -2.826 ], [ 134.701, -2.959 ], [ 134.772, -2.978 ], [ 134.851, -2.9 ], [ 134.819, -3.136 ], [ 134.881, -3.243 ], [ 134.964, -3.238 ], [ 134.985, -3.33 ], [ 135.322, -3.386 ], [ 135.47, -3.363 ], [ 135.639, -3.178 ], [ 135.767, -3.109 ], [ 135.746, -3.077 ], [ 135.91, -2.986 ], [ 135.965, -2.776 ], [ 136.072, -2.673 ], [ 136.266, -2.56 ], [ 136.404, -2.22 ], [ 136.759, -2.249 ], [ 137.024, -2.118 ], [ 137.226, -2.074 ], [ 137.205, -1.95 ], [ 137.102, -1.888 ], [ 137.143, -1.787 ], [ 137.349, -1.71 ], [ 137.532, -1.598 ], [ 137.794, -1.484 ], [ 137.925, -1.484 ], [ 138.075, -1.61 ], [ 138.665, -1.789 ], [ 138.803, -1.921 ], [ 139.865, -2.372 ], [ 140.166, -2.325 ], [ 140.21, -2.402 ] ] ], [ [ [ 134.521, -2.407 ], [ 134.581, -2.308 ], [ 134.581, -2.416 ], [ 134.521, -2.407 ] ] ] ] } },
{ "type": "Feature", "properties": { "id": "hre_austria1453", "colorId": "austria", "name": "Австрия", "parent": "holy_roman1453" }, "geometry": { "type": "MultiPolygon", "coordinates": [ [ [ [ 14.466, 44.984 ], [ 14.452, 44.799 ], [ 14.514, 44.662 ], [ 14.428, 44.657 ], [ 14.302, 44.943 ], [ 14.39, 44.96 ], [ 14.278, 45.128 ], [ 14.466, 44.984 ] ] ], [ [ [ 14.024093426270923, 45.099769442048824 ], [ 13.929454822255481, 45.01564623847954 ], [ 13.838321351722092, 45.096264308566766 ], [ 13.841826485204145, 45.282036383115603 ], [ 13.75419814815281, 45.36615958668488 ], [ 13.712, 45.593 ], [ 13.787, 45.611 ], [ 13.726, 45.704 ], [ 13.551, 45.792 ], [ 13.423, 45.724 ], [ 13.328229569950375, 45.805259442666085 ], [ 13.323831879427884, 45.906406324683395 ], [ 13.50413719085004, 46.095507017150531 ], [ 13.359013403607817, 46.196653899167835 ], [ 13.394194927787749, 46.425333806337399 ], [ 13.271059593157984, 46.460515330517332 ], [ 13.231, 46.552 ], [ 13.065, 46.598 ], [ 12.585361057097185, 46.655379941810395 ], [ 12.295408270950817, 46.663664307128862 ], [ 12.002325877419157, 46.537474914660933 ], [ 11.852804399654444, 46.524281843093462 ], [ 11.791236732339561, 46.484702628391034 ], [ 11.649227776110346, 46.332289694390141 ], [ 11.742426885943106, 46.087900917495347 ], [ 11.466971739104057, 45.882862875863268 ], [ 11.334421894008575, 45.988488533673731 ], [ 11.168734587639223, 45.998843990321816 ], [ 10.911919262766727, 45.723388843482766 ], [ 10.771085052352777, 45.880791784533656 ], [ 10.687901400184392, 45.86562598709385 ], [ 10.563635920407378, 45.809706521194194 ], [ 10.478721175893087, 45.867697078423468 ], [ 10.422801709993431, 46.012673471496655 ], [ 10.505645363178106, 46.095517124681329 ], [ 10.588489016362782, 46.310910622961487 ], [ 10.518071911155809, 46.373043362849991 ], [ 10.623347852786043, 46.447925230306588 ], [ 10.426, 46.535 ], [ 10.467, 46.604 ], [ 10.369, 46.672 ], [ 10.454, 46.864 ], [ 10.368, 46.996 ], [ 10.111, 46.847 ], [ 9.862, 46.94 ], [ 9.858, 47.015 ], [ 9.581, 47.057 ], [ 9.477, 47.064 ], [ 9.521, 47.263 ], [ 9.65, 47.41 ], [ 9.547, 47.535 ], [ 9.668228919331785, 47.56873121817145 ], [ 9.751072572516462, 47.647432688696895 ], [ 9.904333330908113, 47.618437410082258 ], [ 10.198428299713711, 47.407186094461331 ], [ 10.123869011847502, 47.307773710639722 ], [ 10.246063400294899, 47.301560436650874 ], [ 10.341333601457277, 47.415470459779804 ], [ 10.413821797993871, 47.469318834349842 ], [ 10.376542154060767, 47.626721775400725 ], [ 10.654068392229432, 47.581157766149154 ], [ 10.862463025458736, 47.53408464533495 ], [ 10.950091362510072, 47.411404973463085 ], [ 11.170914771879437, 47.425425507391296 ], [ 11.328645778571842, 47.495528177032362 ], [ 11.591530789725848, 47.558620579709327 ], [ 11.938539004449137, 47.660269450688872 ], [ 12.015651941054312, 47.621712982386285 ], [ 12.155857280336448, 47.621712982386285 ], [ 12.201424015603143, 47.68480538506325 ], [ 12.536690410851197, 47.668143601993052 ], [ 12.687880077913229, 47.496243021634861 ], [ 12.410353839744566, 47.313986984628571 ], [ 12.070694861687393, 47.313986984628571 ], [ 12.068623770357776, 47.146228586929602 ], [ 12.217742346090192, 47.094451303689176 ], [ 12.431064753040733, 47.181437139533088 ], [ 12.611249698717407, 47.115162216985361 ], [ 12.78729246173484, 47.111020034326103 ], [ 13.079316339210823, 47.00746546784525 ], [ 13.195297453669371, 47.073740390392992 ], [ 13.331989481424086, 47.111020034326096 ], [ 13.601231354274283, 47.082024755711458 ], [ 13.826980309202526, 46.945332727956746 ], [ 13.916037236376052, 47.108948942996484 ], [ 13.868402135794865, 47.218716783466178 ], [ 13.766918660643636, 47.284991706013919 ], [ 13.688217190118193, 47.243569879421578 ], [ 13.613657902251983, 47.278778432025071 ], [ 13.563951710341181, 47.334697897924727 ], [ 13.555667345022714, 47.456892286372131 ], [ 13.458326052530719, 47.550091396204891 ], [ 13.4562549612011, 47.630863958059948 ], [ 13.508032244441523, 47.750987255177733 ], [ 13.238790371591326, 47.856612912988197 ], [ 13.23671928026171, 48.009873671379843 ], [ 13.174586540373202, 48.01401585403908 ], [ 13.108311617825461, 47.974665118776358 ], [ 12.98197504671883, 48.074077502597973 ], [ 12.841140836304881, 48.030584584676014 ], [ 12.76, 48.065 ], [ 12.745, 48.121 ], [ 13.033, 48.264 ], [ 13.274, 48.307 ], [ 13.406, 48.377 ], [ 13.420285439820359, 48.56554089516893 ], [ 13.521, 48.585 ], [ 13.666657692585062, 48.541174408631761 ], [ 13.810149224415055, 48.671129003496659 ], [ 13.75600147655468, 48.738813688322125 ], [ 13.799319674842984, 48.809205760540621 ], [ 14.183768684651641, 48.719861976571003 ], [ 14.305601117337483, 48.71715458917798 ], [ 14.419311387844269, 48.776717111824397 ], [ 14.652146703643878, 48.847109184042878 ], [ 14.92017805555273, 48.9797711663008 ], [ 15.158428146138375, 49.10160359898665 ], [ 15.621391390344574, 48.94186774279855 ], [ 16.062695535406625, 48.94186774279855 ], [ 16.325312112529438, 48.903964319296293 ], [ 16.40382634692698, 48.944575130191566 ], [ 16.582513914866215, 48.874183057973077 ], [ 16.685394635800925, 48.917501256261374 ], [ 16.873, 48.719 ], [ 16.77879950086005, 48.17161602948466 ], [ 16.600111932920814, 48.02541711026165 ], [ 16.329373193618942, 47.998343236331465 ], [ 15.7878957150152, 47.527257829946208 ], [ 15.7878957150152, 47.353985036793006 ], [ 15.939509409024248, 47.148223594923586 ], [ 15.80955481415935, 46.888314405193789 ], [ 15.80955481415935, 46.704212062468514 ], [ 15.876855146018627, 46.565904290813585 ], [ 15.743672744800293, 46.401384854014466 ], [ 15.602656084686762, 46.260368193900938 ], [ 15.59, 46.114 ], [ 15.698, 46.036 ], [ 15.622241731924754, 45.95091496754069 ], [ 15.457722295125635, 45.919577931959907 ], [ 15.269700081640927, 45.813815436874762 ], [ 14.905407043014305, 45.664964517866032 ], [ 14.783976030138765, 45.496527951619314 ], [ 14.689964923396412, 45.547450634438093 ], [ 14.494108451016507, 45.692384423999222 ], [ 14.266914943055818, 45.649296000075644 ], [ 14.266914943055818, 45.390765456534169 ], [ 14.33, 45.354 ], [ 14.154, 45.072 ], [ 14.024093426270923, 45.099769442048824 ] ] ] ] } },
{ "type": "Feature", "properties": { "id": "moldavia", "colorId": "moldavia", "name": "Молдавия", "parent": null }, "geometry": { "type": "MultiPolygon", "coordinates": [ [ [ [ 24.926681860149905, 47.599003595861248 ], [ 25.070173391979896, 48.010526479600095 ], [ 25.27593483384932, 48.279911525205442 ], [ 25.449403563940045, 48.478923709301903 ], [ 25.589991771439482, 48.560126120382897 ], [ 26.009897368152611, 48.615418324548415 ], [ 26.285725089212995, 48.502389017567012 ], [ 26.754303004617302, 48.528862346120931 ], [ 27.556444859800948, 48.433558363326824 ], [ 27.966781452386638, 48.298544387701853 ], [ 28.242104069347363, 48.147646414944532 ], [ 28.654754300336673, 47.94825656956067 ], [ 29.044618084931361, 47.211847198659576 ], [ 29.239549977228709, 47.103551702938823 ], [ 29.380334121665683, 46.865301612353178 ], [ 30.252112862217707, 46.112647917093973 ], [ 30.494, 46.08 ], [ 30.138, 45.82 ], [ 29.991, 45.847 ], [ 29.932, 45.724 ], [ 29.802, 45.737 ], [ 29.865, 45.672 ], [ 29.734, 45.614 ], [ 29.643, 45.827 ], [ 29.59, 45.559 ], [ 29.695, 45.562 ], [ 29.605, 45.487 ], [ 29.732, 45.476 ], [ 29.756, 45.321 ], [ 29.659, 45.216 ], [ 29.618, 44.861 ], [ 29.350356369481126, 44.998829850026823 ], [ 28.883352184650068, 45.170382407719863 ], [ 28.577, 45.248 ], [ 28.33, 45.323 ], [ 28.166167186516656, 45.432476593084246 ], [ 28.001762652060826, 45.380057756011368 ], [ 27.804000675831347, 45.444389965146257 ], [ 27.470426258094879, 45.549227639292006 ], [ 27.282194979515012, 45.637386592550932 ], [ 26.781833352910308, 45.808939150243972 ], [ 26.216751952923278, 45.851385033667626 ], [ 25.918939339691217, 45.94343620503026 ], [ 25.788984744826319, 46.09504989903931 ], [ 25.791692132219339, 46.428058548380612 ], [ 25.705055735642741, 46.706919449861537 ], [ 25.491172131594261, 46.950584315233222 ], [ 25.342265824978234, 47.167175306674729 ], [ 25.131089608322775, 47.321496388076795 ], [ 24.968646364741655, 47.400010622474312 ], [ 24.926681860149905, 47.599003595861248 ] ] ] ] } },
{ "type": "Feature", "properties": { "id": "arabs868", "colorId": null, "name": "арабы", "parent": null }, "geometry": { "type": "MultiPolygon", "coordinates": [ [ [ [ 36.911758754389709, 30.239492490390177 ], [ 36.722215866117118, 30.486951261190498 ], [ 36.440796644373961, 31.100230807109007 ], [ 36.295744367503808, 31.582087948987645 ], [ 36.249981355304534, 32.343421326803707 ], [ 36.319368733147961, 32.800221564272924 ], [ 36.576680259317335, 33.375558572224669 ], [ 36.805080378051947, 33.661781505828799 ], [ 36.914943726304038, 33.823685387463463 ], [ 37.357288260055881, 34.104126039580642 ], [ 37.992704663641135, 34.233790388170661 ], [ 39.800155468385199, 34.145836577720829 ], [ 40.305889878471731, 34.260176531305611 ], [ 40.550654066114447, 34.227360028709015 ], [ 41.037434149665273, 34.369337553078005 ], [ 41.554637988438046, 33.517472406864059 ], [ 42.423041167771579, 32.968005554437461 ], [ 43.876786784438288, 31.829398962187735 ], [ 44.805816726417468, 30.995477392579723 ], [ 45.498072793916769, 30.431689498423733 ], [ 46.308335609155414, 29.980011078014108 ], [ 47.087567082533859, 29.645562171298579 ], [ 47.705, 29.364 ], [ 47.837, 29.388 ], [ 47.899, 29.335 ], [ 47.986, 29.394 ], [ 48.1, 29.35 ], [ 48.092, 29.287 ], [ 48.158, 29.017 ], [ 48.329, 28.76 ], [ 48.394, 28.743 ], [ 48.433, 28.54 ], [ 48.535, 28.408 ], [ 48.535, 28.299 ], [ 48.618, 28.217 ], [ 48.606, 28.126 ], [ 48.878, 27.837 ], [ 48.804, 27.815 ], [ 48.78, 27.714 ], [ 48.873, 27.612 ], [ 48.969, 27.62 ], [ 49.078, 27.547 ], [ 49.24, 27.545 ], [ 49.323, 27.206 ], [ 49.375, 27.149 ], [ 49.524, 27.133 ], [ 49.699, 26.958 ], [ 49.872, 26.862 ], [ 49.942, 26.858 ], [ 50.142, 26.681 ], [ 49.984, 26.708 ], [ 50.031, 26.495 ], [ 50.192, 26.404 ], [ 50.202, 26.171 ], [ 50.155, 26.166 ], [ 50.141, 26.036 ], [ 50.066, 26.174 ], [ 49.976, 26.14 ], [ 50.101, 25.989 ], [ 50.118, 25.868 ], [ 50.247, 25.679 ], [ 50.145, 25.733 ], [ 50.348, 25.482 ], [ 50.463, 25.447 ], [ 50.525, 25.293 ], [ 50.545, 25.119 ], [ 50.726, 24.882 ], [ 50.737, 24.782 ], [ 50.808, 24.747 ], [ 50.851, 24.891 ], [ 50.776, 25.092 ], [ 50.751, 25.495 ], [ 50.847, 25.467 ], [ 50.857, 25.651 ], [ 50.899, 25.532 ], [ 50.902, 25.79 ], [ 50.984, 25.981 ], [ 51.047, 26.053 ], [ 51.251, 26.16 ], [ 51.347, 26.105 ], [ 51.404, 25.954 ], [ 51.512, 25.946 ], [ 51.577, 25.881 ], [ 51.592, 25.747 ], [ 51.505, 25.687 ], [ 51.472, 25.521 ], [ 51.519, 25.426 ], [ 51.519, 25.297 ], [ 51.59, 25.284 ], [ 51.617, 25.137 ], [ 51.587, 24.953 ], [ 51.5, 24.855 ], [ 51.444, 24.68 ], [ 51.341, 24.57 ], [ 51.339, 24.646 ], [ 51.215, 24.626 ], [ 51.302, 24.517 ], [ 51.396, 24.608 ], [ 51.444, 24.555 ], [ 51.306, 24.406 ], [ 51.282, 24.303 ], [ 51.413, 24.323 ], [ 51.569, 24.256 ], [ 51.574, 24.364 ], [ 51.634, 24.227 ], [ 51.718, 24.223 ], [ 51.759, 24.291 ], [ 51.809, 24.001 ], [ 52.067, 23.963 ], [ 52.341, 24.008 ], [ 52.575, 24.152 ], [ 52.947, 24.138 ], [ 53.0, 24.166 ], [ 53.254, 24.099 ], [ 53.437, 24.12 ], [ 53.581, 24.049 ], [ 53.854, 24.062 ], [ 54.123, 24.145 ], [ 54.323, 24.271 ], [ 54.383, 24.255 ], [ 54.486, 24.388 ], [ 54.499, 24.488 ], [ 54.417, 24.535 ], [ 54.486, 24.57 ], [ 54.582, 24.508 ], [ 54.671, 24.666 ], [ 54.64, 24.733 ], [ 54.707, 24.804 ], [ 55.082, 25.017 ], [ 55.291031102311834, 25.267535477118823 ], [ 55.617707420992488, 25.146414968806809 ], [ 55.823896069506546, 24.743856178850784 ], [ 55.807, 24.007 ], [ 55.890607601157733, 23.781019305316864 ], [ 55.97344783099269, 23.600858434615613 ], [ 56.160022965203687, 23.244669542030984 ], [ 56.617980112812496, 22.967633736687382 ], [ 57.058573333822849, 22.769722600667077 ], [ 57.313396522144394, 22.656675179669051 ], [ 58.212349441524651, 22.560560716590661 ], [ 58.698575548862408, 22.453138669620692 ], [ 59.083033401175975, 22.221333199843393 ], [ 59.173494072308578, 22.051719441469757 ], [ 59.498, 21.756 ], [ 59.336, 21.438 ], [ 59.166, 21.363 ], [ 58.919, 21.144 ], [ 58.793, 20.927 ], [ 58.68, 20.828 ], [ 58.519, 20.417 ], [ 58.418, 20.36 ], [ 58.203, 20.405 ], [ 58.264, 20.588 ], [ 58.104, 20.575 ], [ 58.076, 20.48 ], [ 57.956, 20.4 ], [ 57.967, 20.33 ], [ 57.824, 20.201 ], [ 57.848, 20.112 ], [ 57.762, 19.843 ], [ 57.699, 19.754 ], [ 57.704, 19.549 ], [ 57.774, 19.41 ], [ 57.751, 19.268 ], [ 57.84, 19.015 ], [ 57.71, 18.944 ], [ 57.501, 18.954 ], [ 57.208, 18.91 ], [ 56.915, 18.81 ], [ 56.785, 18.729 ], [ 56.66, 18.595 ], [ 56.561, 18.149 ], [ 56.463, 18.084 ], [ 56.345, 17.938 ], [ 56.188, 17.957 ], [ 55.909, 17.907 ], [ 55.653, 17.895 ], [ 55.445, 17.841 ], [ 55.356, 17.682 ], [ 55.263, 17.608 ], [ 55.225, 17.515 ], [ 55.301, 17.417 ], [ 55.255, 17.229 ], [ 55.027, 17.011 ], [ 54.792, 16.951 ], [ 54.592, 17.038 ], [ 54.39, 17.039 ], [ 54.023, 16.985 ], [ 53.981, 16.909 ], [ 53.753, 16.868 ], [ 53.583, 16.75 ], [ 53.339, 16.735 ], [ 53.09, 16.642 ], [ 52.985, 16.628 ], [ 52.851, 16.556 ], [ 52.598, 16.477 ], [ 52.42, 16.371 ], [ 52.293, 16.264 ], [ 52.096323770296912, 16.41034468950691 ], [ 51.682890643979832, 16.601159978576334 ], [ 51.234763828741023, 16.708132186084946 ], [ 50.824221843167422, 16.621397963780666 ], [ 50.361639324211247, 16.575139711885047 ], [ 49.968444183098498, 16.445038378428624 ], [ 49.604160449420512, 16.242658526385299 ], [ 49.332393219533763, 16.04027867434197 ], [ 49.060625989647008, 15.918850763115975 ], [ 48.337840803777986, 15.733817755533506 ], [ 47.765394936569734, 15.618172125794462 ], [ 47.279683291665748, 15.531437903490179 ], [ 46.499075290927209, 15.61238984430751 ], [ 46.342953690779495, 15.699124066611791 ], [ 45.996016801562369, 15.797422851889976 ], [ 45.533434282606194, 16.207964837463582 ], [ 45.186497393389054, 16.416126970993865 ], [ 44.839560504171935, 16.927858882589131 ], [ 44.741261718893739, 17.367312275597499 ], [ 44.585140118746033, 17.679555475892915 ], [ 44.524426163133029, 17.994689816931835 ], [ 44.342284296294004, 18.494857165553199 ], [ 44.056450278472873, 18.688603658391635 ], [ 43.931742310720402, 18.876487743692042 ], [ 43.665013972542646, 19.066060096252933 ], [ 43.596369984477178, 19.240771477370028 ], [ 43.399396479232841, 19.387597061838481 ], [ 43.255215376746996, 19.674442588891441 ], [ 43.157078766037941, 19.965431608687872 ], [ 42.956700657049844, 20.035330949032556 ], [ 42.774962372153666, 20.697044704295571 ], [ 42.816901976360477, 20.934702461467495 ], [ 42.733022767946849, 21.149060438524529 ], [ 42.509344878843862, 21.32147881137475 ], [ 42.173828045189374, 22.109011379258195 ], [ 41.69851253084552, 22.593646805648007 ], [ 41.44221494958169, 23.045662539876968 ], [ 41.232516928547625, 23.497678274105922 ], [ 41.269796576731459, 24.000953524587651 ], [ 40.980879303306764, 24.504228775069379 ], [ 40.198006691446295, 25.287101386929844 ], [ 39.927729242113514, 26.647808545639709 ], [ 39.508333200045413, 27.286222520787828 ], [ 39.087955625990276, 27.815452357369253 ], [ 38.685469492868243, 28.236658775752772 ], [ 38.432745641838139, 28.442581913629166 ], [ 37.983458795562385, 28.835707904120451 ], [ 37.337608954041002, 29.500278030903338 ], [ 36.911758754389709, 30.239492490390177 ] ] ] ] } },
{ "type": "Feature", "properties": { "id": "ethiopia999", "colorId": "ethiopia", "name": "Эфиопия", "parent": null }, "geometry": { "type": "MultiPolygon", "coordinates": [ [ [ [ 40.063031575894335, 12.55120425722199 ], [ 39.975654878077457, 12.170858631430878 ], [ 39.980794683831391, 11.697996502068953 ], [ 40.155548079465142, 11.379328545325048 ], [ 40.212085942758414, 11.091499423104747 ], [ 40.052751964386466, 10.767691660606907 ], [ 40.02191312986286, 10.464443121124807 ], [ 40.032192741370729, 9.698612063788646 ], [ 40.232645165774152, 9.292567409227864 ], [ 40.345720892360703, 8.917361589190685 ], [ 40.345720892360703, 8.511316934629901 ], [ 40.479355841962985, 8.146390726100599 ], [ 40.366280115376433, 8.023035388006182 ], [ 40.284043223313489, 7.889400438403898 ], [ 39.960235460815653, 7.714647042770144 ], [ 38.793499554672643, 7.70950723701621 ], [ 38.346336454080387, 7.766045100309483 ], [ 37.657602483053232, 7.93051888443537 ], [ 37.2001597709531, 8.264606258441077 ], [ 36.896911231470995, 8.650091689986125 ], [ 36.794115116392327, 9.081835373316576 ], [ 36.783835504884479, 10.341087783030392 ], [ 36.866072396947423, 10.968144085010335 ], [ 36.855639458023404, 11.772598778057866 ], [ 37.061970110636381, 12.563866814777569 ], [ 37.310368177859779, 14.058261638557044 ], [ 37.450592893227828, 14.270601921828661 ], [ 37.584807977937245, 14.641195812444222 ], [ 37.781122579452514, 15.017799333718406 ], [ 37.913334453942383, 15.342319389284459 ], [ 38.085610532823125, 15.570685354312422 ], [ 38.289937975216567, 15.96331455734296 ], [ 38.626477292099885, 16.147609897540963 ], [ 39.227499634168645, 16.150412094771191 ], [ 39.236, 16.109 ], [ 39.313, 15.894 ], [ 39.427, 15.82 ], [ 39.478, 15.661 ], [ 39.458, 15.525 ], [ 39.587, 15.531 ], [ 39.718, 15.264 ], [ 39.698, 15.124 ], [ 39.811, 15.079 ], [ 39.857, 15.193 ], [ 39.79, 15.257 ], [ 39.776, 15.403 ], [ 39.875, 15.504 ], [ 40.072, 15.351 ], [ 40.027, 15.237 ], [ 40.159, 14.982 ], [ 40.242924777282013, 14.715062479628191 ], [ 40.170967496726938, 14.375835299868548 ], [ 40.263484000297744, 13.938951810784163 ], [ 40.263484000297758, 12.998367357814248 ], [ 40.320021863591023, 12.844173185196231 ], [ 40.191526719742683, 12.725957652855746 ], [ 40.063031575894335, 12.55120425722199 ] ] ], [ [ [ 40.081, 15.661 ], [ 39.93, 15.74 ], [ 40.026, 15.883 ], [ 40.136, 15.806 ], [ 40.164, 15.644 ], [ 40.244, 15.702 ], [ 40.386, 15.641 ], [ 40.414, 15.598 ], [ 40.287, 15.573 ], [ 40.123, 15.614 ], [ 40.061, 15.592 ], [ 39.971, 15.661 ], [ 40.081, 15.661 ] ] ], [ [ [ 40.095, 16.047 ], [ 40.097, 15.981 ], [ 39.99, 16.018 ], [ 40.095, 16.047 ] ] ] ] } },
{ "type": "Feature", "properties": { "id": "assam", "colorId": "assam", "name": "Ассам", "parent": null }, "geometry": { "type": "MultiPolygon", "coordinates": [ [ [ [ 93.326665599213072, 26.935086259078751 ], [ 93.611946090247528, 26.508629042674169 ], [ 93.606774199848942, 26.260378303541813 ], [ 93.410242364702484, 25.913861646836232 ], [ 92.908568996039179, 25.800080058067234 ], [ 92.727552832088506, 25.727673592486962 ], [ 92.184504340236472, 25.727673592486962 ], [ 91.892328019897008, 25.666249169683763 ], [ 91.471680941347572, 25.735207707150884 ], [ 91.154471668998823, 25.6869367309239 ], [ 91.061377643418183, 25.945531246425581 ], [ 90.975179471584283, 26.062760760119687 ], [ 90.673791313787603, 26.309192478848633 ], [ 90.434197914574227, 26.467633275102628 ], [ 90.089, 26.742 ], [ 90.177, 26.832 ], [ 90.383, 26.892 ], [ 90.588, 26.78 ], [ 90.717, 26.767 ], [ 91.198, 26.802 ], [ 91.276, 26.774 ], [ 91.406, 26.87 ], [ 91.521, 26.798 ], [ 91.702, 26.803 ], [ 91.795, 26.854 ], [ 91.879, 26.803 ], [ 91.893, 26.881 ], [ 92.036, 26.855 ], [ 92.084, 26.937 ], [ 92.312975098446429, 26.817856745384656 ], [ 92.774997299476126, 26.941982112825471 ], [ 93.326665599213072, 26.935086259078751 ] ] ] ] } },
{ "type": "Feature", "properties": { "id": "portugal1139", "colorId": "portugal", "name": "Португалия", "parent": null }, "geometry": { "type": "MultiPolygon", "coordinates": [ [ [ [ -16.977, 32.647 ], [ -17.143, 32.706 ], [ -17.252, 32.815 ], [ -17.2, 32.868 ], [ -17.068, 32.814 ], [ -16.92, 32.841 ], [ -16.69, 32.755 ], [ -16.789, 32.687 ], [ -16.977, 32.647 ] ] ], [ [ [ -5.341, 35.847 ], [ -5.399, 35.925 ], [ -5.319, 35.877 ], [ -5.341, 35.847 ] ] ], [ [ [ -25.027, 36.934 ], [ -25.169, 36.946 ], [ -25.17, 37.016 ], [ -25.067, 37.021 ], [ -25.027, 36.934 ] ] ], [ [ [ -25.704, 37.744 ], [ -25.859, 37.854 ], [ -25.765, 37.912 ], [ -25.681, 37.843 ], [ -25.458, 37.83 ], [ -25.198, 37.864 ], [ -25.132, 37.786 ], [ -25.195, 37.741 ], [ -25.506, 37.707 ], [ -25.704, 37.744 ] ] ], [ [ [ -28.109, 38.447 ], [ -28.054, 38.399 ], [ -28.242, 38.378 ], [ -28.46, 38.406 ], [ -28.549, 38.484 ], [ -28.485, 38.558 ], [ -28.375, 38.55 ], [ -28.109, 38.447 ] ] ], [ [ [ -28.61, 38.597 ], [ -28.636, 38.516 ], [ -28.727, 38.515 ], [ -28.842, 38.599 ], [ -28.72, 38.645 ], [ -28.61, 38.597 ] ] ], [ [ [ -28.316, 38.755 ], [ -27.891, 38.604 ], [ -27.836, 38.543 ], [ -28.178, 38.645 ], [ -28.316, 38.755 ] ] ], [ [ [ -27.144, 38.796 ], [ -27.02, 38.694 ], [ -27.06, 38.641 ], [ -27.328, 38.666 ], [ -27.392, 38.759 ], [ -27.298, 38.804 ], [ -27.144, 38.796 ] ] ], [ [ [ -31.132, 39.423 ], [ -31.269, 39.365 ], [ -31.208, 39.509 ], [ -31.132, 39.423 ] ] ], [ [ [ -6.896, 40.255 ], [ -7.043, 40.181 ], [ -6.88, 40.009 ], [ -6.924, 39.872 ], [ -7.036, 39.689 ], [ -7.557, 39.68 ], [ -7.516, 39.594 ], [ -7.314, 39.457 ], [ -7.327, 39.341 ], [ -7.167, 39.113 ], [ -7.039, 39.109 ], [ -6.973, 39.014 ], [ -7.056, 38.855 ], [ -7.27, 38.738 ], [ -7.359, 38.446 ], [ -7.167, 38.272 ], [ -7.104, 38.174 ], [ -6.948, 38.197 ], [ -7.024, 38.023 ], [ -7.123, 38.04 ], [ -7.273, 37.977 ], [ -7.334, 37.812 ], [ -7.426, 37.751 ], [ -7.53, 37.567 ], [ -7.476, 37.494 ], [ -7.414, 37.193 ], [ -7.512, 37.172 ], [ -7.82, 36.999 ], [ -7.958, 37.003 ], [ -8.179, 37.088 ], [ -8.439, 37.083 ], [ -8.627, 37.121 ], [ -8.686, 37.083 ], [ -8.998, 37.021 ], [ -8.881, 37.232 ], [ -8.798, 37.49 ], [ -8.821, 37.927 ], [ -8.895, 37.953 ], [ -8.774, 38.187 ], [ -8.795, 38.359 ], [ -8.943, 38.481 ], [ -9.049, 38.441 ], [ -9.2, 38.412 ], [ -9.184, 38.552 ], [ -9.253, 38.665 ], [ -9.492, 38.708 ], [ -9.492, 38.819 ], [ -9.423, 38.931 ], [ -9.437, 39.029 ], [ -9.341, 39.267 ], [ -9.398, 39.378 ], [ -9.24, 39.42 ], [ -9.09, 39.579 ], [ -9.072, 39.68 ], [ -8.868, 40.125 ], [ -8.865, 40.275 ], [ -8.753, 40.641 ], [ -8.701, 40.778 ], [ -8.655, 40.994 ], [ -8.666, 41.133 ], [ -8.737, 41.25 ], [ -8.775, 41.468 ], [ -8.88, 41.737 ], [ -8.868, 41.859 ], [ -8.751, 41.969 ], [ -8.627, 42.051 ], [ -8.347, 42.102 ], [ -8.222, 42.154 ], [ -8.191, 42.062 ], [ -8.095, 42.041 ], [ -8.232, 41.886 ], [ -8.18, 41.811 ], [ -8.049, 41.816 ], [ -7.722, 41.899 ], [ -7.622, 41.832 ], [ -7.251, 41.864 ], [ -7.145, 41.987 ], [ -6.568, 41.926 ], [ -6.524, 41.867 ], [ -6.577, 41.74 ], [ -6.272, 41.628 ], [ -6.206, 41.57 ], [ -6.321, 41.42 ], [ -6.496, 41.295 ], [ -6.647, 41.268 ], [ -6.818, 41.054 ], [ -6.942, 41.016 ], [ -6.837, 40.84 ], [ -6.814, 40.647 ], [ -6.857, 40.442 ], [ -6.794, 40.356 ], [ -6.896, 40.255 ] ] ] ] } },
{ "type": "Feature", "properties": { "id": "joseon", "colorId": "korea", "name": "Чосон", "parent": null }, "geometry": { "type": "MultiPolygon", "coordinates": [ [ [ [ 126.171, 33.269 ], [ 126.206, 33.376 ], [ 126.311, 33.464 ], [ 126.485, 33.521 ], [ 126.792, 33.564 ], [ 126.946, 33.478 ], [ 126.841, 33.31 ], [ 126.286, 33.2 ], [ 126.171, 33.269 ] ] ], [ [ [ 126.764, 34.309 ], [ 126.689, 34.301 ], [ 126.654, 34.395 ], [ 126.764, 34.309 ] ] ], [ [ [ 126.264, 34.576 ], [ 126.38, 34.498 ], [ 126.336, 34.403 ], [ 126.21, 34.359 ], [ 126.103, 34.403 ], [ 126.264, 34.576 ] ] ], [ [ [ 127.868, 34.722 ], [ 127.829, 34.869 ], [ 127.902, 34.94 ], [ 127.962, 34.807 ], [ 128.07, 34.815 ], [ 128.06, 34.708 ], [ 127.954, 34.76 ], [ 127.868, 34.722 ] ] ], [ [ [ 128.536, 34.904 ], [ 128.646, 34.891 ], [ 128.624, 34.954 ], [ 128.725, 35.009 ], [ 128.749, 34.869 ], [ 128.678, 34.725 ], [ 128.529, 34.808 ], [ 128.536, 34.904 ] ] ], [ [ [ 126.405, 36.459 ], [ 126.364, 36.411 ], [ 126.315, 36.582 ], [ 126.36, 36.609 ], [ 126.405, 36.459 ] ] ], [ [ [ 126.443, 37.421 ], [ 126.356, 37.466 ], [ 126.563, 37.514 ], [ 126.443, 37.421 ] ] ], [ [ [ 130.811, 37.487 ], [ 130.904, 37.546 ], [ 130.897, 37.463 ], [ 130.811, 37.487 ] ] ], [ [ [ 126.41, 37.602 ], [ 126.37, 37.785 ], [ 126.425, 37.824 ], [ 126.521, 37.751 ], [ 126.508, 37.597 ], [ 126.41, 37.602 ] ] ], [ [ [ 126.445, 37.003 ], [ 126.484, 36.841 ], [ 126.519, 37.055 ], [ 126.796, 36.956 ], [ 126.851, 36.754 ], [ 126.913, 36.93 ], [ 126.755, 37.049 ], [ 126.802, 37.185 ], [ 126.703, 37.125 ], [ 126.658, 37.254 ], [ 126.792, 37.223 ], [ 126.823, 37.296 ], [ 126.615, 37.38 ], [ 126.604, 37.549 ], [ 126.531, 37.755 ], [ 126.701, 37.743 ], [ 126.667, 37.828 ], [ 126.576, 37.778 ], [ 126.398, 37.892 ], [ 126.149, 37.822 ], [ 126.158, 37.733 ], [ 125.959, 37.912 ], [ 125.986, 37.823 ], [ 125.896, 37.865 ], [ 125.804, 37.989 ], [ 125.597, 38.032 ], [ 125.719, 37.953 ], [ 125.631, 37.925 ], [ 125.62, 37.765 ], [ 125.504, 37.779 ], [ 125.335, 37.686 ], [ 125.377, 37.782 ], [ 125.327, 37.813 ], [ 125.24, 37.823 ], [ 125.24, 37.93 ], [ 125.158, 37.868 ], [ 125.013, 37.906 ], [ 125.014, 38.062 ], [ 124.885, 38.132 ], [ 124.677, 38.115 ], [ 124.856, 38.227 ], [ 124.884, 38.355 ], [ 125.021, 38.515 ], [ 124.998, 38.593 ], [ 125.128, 38.58 ], [ 125.138, 38.662 ], [ 125.137, 38.804 ], [ 125.199, 38.986 ], [ 125.445, 39.311 ], [ 125.459, 39.385 ], [ 125.346, 39.46 ], [ 125.286, 39.521 ], [ 125.117, 39.566 ], [ 124.866, 39.714 ], [ 124.76, 39.748 ], [ 124.649, 39.612 ], [ 124.564, 39.814 ], [ 124.434, 39.831 ], [ 124.322, 39.913 ], [ 124.41, 40.036 ], [ 124.37, 40.098 ], [ 124.287, 39.929 ], [ 124.118, 39.833 ], [ 123.986, 39.81 ], [ 124.058172514233092, 40.021147002931485 ], [ 124.265048126634454, 40.296981152799958 ], [ 124.471923739035816, 40.462481642721045 ], [ 125.349995782783793, 40.848649452536918 ], [ 125.929247497507603, 41.239414498183926 ], [ 126.085553515766406, 41.469276289740989 ], [ 126.471721325582266, 41.643971251324359 ], [ 126.724569296295044, 41.648568487155501 ], [ 126.931444908696406, 41.570415478026099 ], [ 127.225668001889446, 41.432498403091856 ], [ 127.662405405847863, 41.427901167260714 ], [ 127.76124597621741, 41.510651412221272 ], [ 127.676197113341303, 41.634776779662083 ], [ 127.719870853737149, 41.793381415836464 ], [ 128.211775087669253, 41.871534424965859 ], [ 128.772637859068482, 42.276091178106292 ], [ 128.846193632366749, 42.404813781378245 ], [ 129.112833310572938, 42.528939148819063 ], [ 129.168000140546638, 42.662258987922158 ], [ 129.42314672917496, 42.853044274914517 ], [ 129.691195223333693, 42.795646673293199 ], [ 130.104946840384315, 42.619661822601998 ], [ 130.215405416881993, 42.443676971910769 ], [ 130.407, 42.325 ], [ 130.307, 42.183 ], [ 130.202, 42.174 ], [ 130.199, 42.101 ], [ 130.073, 42.078 ], [ 129.954, 41.892 ], [ 129.897, 41.904 ], [ 129.843, 41.759 ], [ 129.775, 41.759 ], [ 129.649, 41.549 ], [ 129.659, 41.465 ], [ 129.806, 41.376 ], [ 129.712, 41.123 ], [ 129.756, 40.939 ], [ 129.717, 40.835 ], [ 129.352, 40.745 ], [ 129.303, 40.674 ], [ 129.218, 40.696 ], [ 129.173, 40.569 ], [ 129.078, 40.473 ], [ 128.976, 40.46 ], [ 128.861, 40.372 ], [ 128.619, 40.297 ], [ 128.665, 40.201 ], [ 128.164, 40.018 ], [ 128.007, 40.045 ], [ 127.875, 39.893 ], [ 127.624, 39.831 ], [ 127.521, 39.747 ], [ 127.575, 39.595 ], [ 127.52, 39.51 ], [ 127.563, 39.344 ], [ 127.483, 39.437 ], [ 127.378, 39.371 ], [ 127.372, 39.24 ], [ 127.452, 39.166 ], [ 127.77, 39.109 ], [ 128.015, 38.858 ], [ 128.091, 38.844 ], [ 128.21, 38.728 ], [ 128.283, 38.755 ], [ 128.365, 38.624 ], [ 128.632, 38.145 ], [ 128.924, 37.802 ], [ 129.064, 37.679 ], [ 129.148, 37.505 ], [ 129.331, 37.282 ], [ 129.471, 36.772 ], [ 129.423, 36.617 ], [ 129.441, 36.408 ], [ 129.382, 36.202 ], [ 129.433, 35.996 ], [ 129.555, 36.082 ], [ 129.498, 35.748 ], [ 129.443, 35.636 ], [ 129.455, 35.513 ], [ 129.358, 35.452 ], [ 129.36, 35.354 ], [ 129.269, 35.317 ], [ 129.194, 35.156 ], [ 129.12, 35.15 ], [ 128.965, 35.044 ], [ 128.918, 35.082 ], [ 128.478, 35.099 ], [ 128.371, 35.007 ], [ 128.435, 34.843 ], [ 128.224, 34.938 ], [ 128.207, 34.891 ], [ 128.064, 34.928 ], [ 128.054, 35.036 ], [ 127.83, 34.945 ], [ 127.744, 34.96 ], [ 127.576, 34.897 ], [ 127.657, 34.812 ], [ 127.775, 34.829 ], [ 127.75, 34.737 ], [ 127.656, 34.731 ], [ 127.641, 34.618 ], [ 127.556, 34.685 ], [ 127.584, 34.746 ], [ 127.522, 34.859 ], [ 127.382, 34.828 ], [ 127.362, 34.773 ], [ 127.504, 34.591 ], [ 127.344, 34.578 ], [ 127.439, 34.541 ], [ 127.316, 34.445 ], [ 127.223, 34.547 ], [ 127.13, 34.564 ], [ 127.241, 34.671 ], [ 127.358, 34.698 ], [ 127.248, 34.767 ], [ 127.214, 34.706 ], [ 127.01, 34.612 ], [ 126.898, 34.418 ], [ 126.761, 34.479 ], [ 126.63, 34.389 ], [ 126.603, 34.3 ], [ 126.48, 34.349 ], [ 126.466, 34.472 ], [ 126.527, 34.569 ], [ 126.391, 34.534 ], [ 126.271, 34.642 ], [ 126.29, 34.75 ], [ 126.37, 34.609 ], [ 126.465, 34.585 ], [ 126.379, 34.711 ], [ 126.603, 34.633 ], [ 126.508, 34.718 ], [ 126.501, 34.808 ], [ 126.37, 34.801 ], [ 126.425, 34.891 ], [ 126.374, 35.017 ], [ 126.269, 35.137 ], [ 126.411, 35.061 ], [ 126.452, 35.1 ], [ 126.357, 35.26 ], [ 126.493, 35.525 ], [ 126.655, 35.596 ], [ 126.513, 35.577 ], [ 126.468, 35.64 ], [ 126.629, 35.775 ], [ 126.791, 35.791 ], [ 126.701, 35.84 ], [ 126.806, 35.867 ], [ 126.612, 35.89 ], [ 126.521, 35.971 ], [ 126.692, 36.0 ], [ 126.589, 36.131 ], [ 126.497, 36.16 ], [ 126.573, 36.343 ], [ 126.527, 36.37 ], [ 126.458, 36.596 ], [ 126.512, 36.603 ], [ 126.441, 36.724 ], [ 126.424, 36.607 ], [ 126.343, 36.74 ], [ 126.229, 36.685 ], [ 126.128, 36.761 ], [ 126.213, 36.857 ], [ 126.323, 36.883 ], [ 126.357, 36.789 ], [ 126.445, 37.003 ] ] ] ] } },
{ "type": "Feature", "properties": { "id": "bacan", "colorId": "bacan", "name": "Бачан", "parent": null }, "geometry": { "type": "MultiPolygon", "coordinates": [ [ [ [ 127.933, -1.683 ], [ 127.703, -1.69 ], [ 127.533, -1.731 ], [ 127.379, -1.632 ], [ 127.435, -1.412 ], [ 127.482, -1.448 ], [ 127.625, -1.33 ], [ 127.899, -1.427 ], [ 128.145, -1.594 ], [ 128.151, -1.67 ], [ 128.052, -1.715 ], [ 127.933, -1.683 ] ] ], [ [ [ 127.666, -1.272 ], [ 127.461, -1.236 ], [ 127.547, -1.171 ], [ 127.69, -1.214 ], [ 127.666, -1.272 ] ] ], [ [ [ 127.214, -0.615 ], [ 127.296, -0.744 ], [ 127.32, -0.794 ], [ 127.156, -0.772 ], [ 127.214, -0.615 ] ] ], [ [ [ 127.653, -0.707 ], [ 127.79, -0.69 ], [ 127.889, -0.765 ], [ 127.822, -0.864 ], [ 127.749, -0.885 ], [ 127.653, -0.827 ], [ 127.626, -0.752 ], [ 127.458, -0.816 ], [ 127.47, -0.641 ], [ 127.399, -0.62 ], [ 127.303, -0.511 ], [ 127.317, -0.34 ], [ 127.461, -0.407 ], [ 127.517, -0.302 ], [ 127.579, -0.325 ], [ 127.683, -0.46 ], [ 127.606, -0.629 ], [ 127.653, -0.707 ] ] ], [ [ [ 127.11, -0.288 ], [ 127.235, -0.252 ], [ 127.292, -0.278 ], [ 127.235, -0.49 ], [ 127.117, -0.525 ], [ 127.11, -0.288 ] ] ] ] } },
{ "type": "Feature", "properties": { "id": "berau", "colorId": "berau", "name": "Беро", "parent": null }, "geometry": { "type": "MultiPolygon", "coordinates": [ [ [ [ 117.9, 2.05 ], [ 117.741, 2.045 ], [ 117.873, 1.99 ], [ 117.863, 1.886 ], [ 117.924, 1.819 ], [ 118.046, 1.783 ], [ 118.127, 1.655 ], [ 118.425, 1.486 ], [ 118.4, 1.454 ], [ 118.613, 1.351 ], [ 118.729, 1.254 ], [ 118.857, 1.058 ], [ 119.006, 1.038 ], [ 119.003, 0.962 ], [ 118.798, 0.805 ], [ 118.686, 0.846 ], [ 118.565, 0.804 ], [ 118.188, 0.875 ], [ 118.069, 0.929 ], [ 117.99, 1.079 ], [ 117.901, 1.079 ], [ 118.03, 0.859 ], [ 117.840279181644888, 0.963747959088892 ], [ 117.562645197673405, 1.174366843481052 ], [ 117.377555875025749, 1.349882580474519 ], [ 117.0616275484375, 1.748781982732397 ], [ 116.943553325369166, 1.981739233650998 ], [ 116.847817468827273, 2.406168197653382 ], [ 116.857397377942803, 2.725369616630904 ], [ 116.886097694872745, 3.098473736720492 ], [ 117.091, 3.646 ], [ 117.217, 3.603 ], [ 117.228, 3.505 ], [ 117.325, 3.436 ], [ 117.447, 3.435 ], [ 117.37, 3.305 ], [ 117.353, 3.183 ], [ 117.454, 3.171 ], [ 117.482, 3.101 ], [ 117.617, 3.086 ], [ 117.565, 2.984 ], [ 117.688, 2.971 ], [ 117.544, 2.929 ], [ 117.736, 2.902 ], [ 117.633, 2.812 ], [ 117.784, 2.758 ], [ 117.826, 2.607 ], [ 117.979, 2.467 ], [ 118.091, 2.262 ], [ 117.941, 2.163 ], [ 117.9, 2.05 ] ] ], [ [ [ 117.625, 3.438 ], [ 117.682, 3.416 ], [ 117.667, 3.272 ], [ 117.572, 3.313 ], [ 117.542, 3.428 ], [ 117.625, 3.438 ] ] ], [ [ [ 117.255, 3.507 ], [ 117.268, 3.593 ], [ 117.394, 3.566 ], [ 117.517, 3.477 ], [ 117.255, 3.507 ] ] ] ] } },
{ "type": "Feature", "properties": { "id": "ak_koyunlu", "colorId": "ak_koyunlu", "name": "Ак-Коюнлу", "parent": null }, "geometry": { "type": "MultiPolygon", "coordinates": [ [ [ [ 54.037, 26.488 ], [ 53.903, 26.536 ], [ 54.033, 26.55 ], [ 54.037, 26.488 ] ] ], [ [ [ 55.285, 26.66 ], [ 55.352, 26.647 ], [ 55.774, 26.797 ], [ 55.758, 26.954 ], [ 55.898, 26.907 ], [ 56.041, 26.976 ], [ 56.212, 27.003 ], [ 56.287, 26.955 ], [ 56.194, 26.925 ], [ 56.081, 26.785 ], [ 55.947, 26.696 ], [ 55.877, 26.743 ], [ 55.706, 26.695 ], [ 55.503, 26.595 ], [ 55.298, 26.544 ], [ 55.285, 26.66 ] ] ], [ [ [ 48.397, 29.387 ], [ 48.269, 29.43 ], [ 48.338, 29.463 ], [ 48.397, 29.387 ] ] ], [ [ [ 48.229, 29.6 ], [ 48.162, 29.63 ], [ 48.046, 29.8 ], [ 48.095, 29.895 ], [ 48.194, 29.916 ], [ 48.189, 29.984 ], [ 48.344, 29.791 ], [ 48.353, 29.71 ], [ 48.229, 29.6 ] ] ], [ [ [ 43.923639312599093, 35.420568244849363 ], [ 44.223163876782927, 35.71073266640245 ], [ 44.433767085974694, 35.71073266640245 ], [ 44.433767085974694, 35.612451168779629 ], [ 44.021920810221921, 35.153804179873127 ], [ 44.13424252179086, 35.018082111727331 ], [ 44.181043234944582, 34.844919473058553 ], [ 44.56480908280512, 34.718557547543497 ], [ 44.677130794374058, 34.433073197305774 ], [ 44.901774217511935, 34.348831913629077 ], [ 45.0936571414422, 34.222469988114021 ], [ 45.131097711965182, 33.90890520998407 ], [ 45.266819780110986, 33.899545067353323 ], [ 45.486, 33.939 ], [ 45.813949367323623, 33.904517643125935 ], [ 46.314136780398982, 33.743757056332718 ], [ 46.799104379209517, 33.821446377278072 ], [ 47.249561243314119, 33.752415325376326 ], [ 47.430914006784803, 33.85069682299914 ], [ 47.757348981032031, 33.819106341620376 ], [ 47.857970514312534, 33.911537750098987 ], [ 47.939871762331556, 33.923237928387415 ], [ 48.03698324212553, 34.353804489401675 ], [ 47.868500674772136, 34.49186659320516 ], [ 47.653217394265006, 34.466126200970606 ], [ 47.329122455675467, 34.539837324187722 ], [ 47.688317929130299, 34.961043742571242 ], [ 47.684807875643756, 35.225467771889782 ], [ 47.511060228060565, 35.801116543680578 ], [ 47.480639764510649, 36.105321179179789 ], [ 47.174095093353749, 36.190732480685334 ], [ 46.904405983805425, 36.188977453942073 ], [ 46.786322272524998, 36.279796216215132 ], [ 46.665722346721431, 36.373255261984859 ], [ 46.647587070374357, 36.476216830923057 ], [ 46.444003968155656, 36.506637294472974 ], [ 46.152669528773714, 36.7002752451465 ], [ 46.137459296998756, 36.887478097761402 ], [ 45.858410044819678, 37.040165424425439 ], [ 45.26872105908275, 37.20104287589136 ], [ 44.898995425168323, 37.459616816065683 ], [ 44.930585906547087, 37.829342449980103 ], [ 44.841664551555006, 38.373400740392142 ], [ 44.790183767085907, 38.612084377476137 ], [ 44.858044801158812, 39.06371125940958 ], [ 44.581920593551835, 39.145612507428595 ], [ 44.551500130001919, 39.316435110439691 ], [ 44.656801734597792, 39.370255930566472 ], [ 44.783163660112848, 39.309415003466633 ], [ 45.281528930601169, 39.519296723684903 ], [ 45.832774519547336, 39.837601316838615 ], [ 45.889665312957703, 40.24100876102127 ], [ 45.724164823036617, 40.434092665929199 ], [ 45.374, 40.675 ], [ 45.289449155338474, 40.767259466234677 ], [ 44.63979182136616, 40.768541572644729 ], [ 44.174321693463106, 40.827156329491778 ], [ 44.043300472275583, 40.865083525098697 ], [ 43.958909561307316, 40.831877283163337 ], [ 43.826736753953206, 40.802505548195768 ], [ 43.615260262186666, 40.617463617900043 ], [ 43.375795972450383, 40.58236862295368 ], [ 43.23055000123815, 40.502833188886576 ], [ 43.059727398227061, 40.456032475732847 ], [ 43.111208182696153, 40.354825933537931 ], [ 43.109306903724274, 40.286087386093399 ], [ 42.941994354199707, 40.22524645899356 ], [ 42.827532434649207, 40.095018139416979 ], [ 42.53728486016476, 40.12580197307441 ], [ 42.08203125, 40.08016424821701 ], [ 41.838556412443822, 40.354772326975983 ], [ 41.483530890095018, 40.787162718008815 ], [ 41.799759185502779, 41.029192195499711 ], [ 41.990556145860552, 41.110457567503943 ], [ 42.21440470909571, 41.262590520427473 ], [ 42.457260531547703, 41.343542461244802 ], [ 42.740592324408347, 41.438950105779504 ], [ 43.183817815255374, 41.46702756896142 ], [ 43.797415441381752, 41.365456708979771 ], [ 44.349806638636693, 41.365456708979771 ], [ 44.800738228232561, 41.438733092289098 ], [ 45.465862322886458, 41.703655401176675 ], [ 45.680054827944495, 41.884028037015021 ], [ 46.095655854820862, 42.015793813059297 ], [ 46.467787668948091, 42.011166156331022 ], [ 46.983261617629047, 41.905427910447749 ], [ 47.544996048883924, 41.822819905851453 ], [ 47.730037979179649, 41.888906309528494 ], [ 47.952302318030824, 41.891990899680621 ], [ 48.131512881517736, 42.293685532050439 ], [ 48.304, 42.103 ], [ 48.416, 41.915 ], [ 48.655, 41.801 ], [ 49.042, 41.414 ], [ 49.136, 41.275 ], [ 49.195, 41.057 ], [ 49.382, 40.867 ], [ 49.539, 40.788 ], [ 49.511, 40.688 ], [ 49.59, 40.625 ], [ 49.859, 40.567 ], [ 50.052, 40.584 ], [ 50.238, 40.496 ], [ 50.361, 40.365 ], [ 50.388, 40.221 ], [ 50.274, 40.327 ], [ 50.148, 40.357 ], [ 50.004, 40.324 ], [ 49.893, 40.369 ], [ 49.778, 40.276 ], [ 49.577, 40.217 ], [ 49.443, 40.078 ], [ 49.484, 39.989 ], [ 49.423, 39.926 ], [ 49.424, 39.71 ], [ 49.318, 39.621 ], [ 49.296, 39.477 ], [ 49.409, 39.386 ], [ 49.237, 39.279 ], [ 49.194, 39.016 ], [ 49.079, 38.963 ], [ 49.136, 39.102 ], [ 48.968, 39.184 ], [ 48.953, 39.032 ], [ 48.868, 38.864 ], [ 48.874, 38.434 ], [ 48.866, 38.317 ], [ 48.94, 37.925 ], [ 49.014, 37.739 ], [ 49.132, 37.623 ], [ 49.442, 37.495 ], [ 49.935, 37.454 ], [ 50.149, 37.404 ], [ 50.322, 37.153 ], [ 50.479, 37.035 ], [ 51.089, 36.737 ], [ 51.909, 36.583 ], [ 52.779, 36.74 ], [ 53.116, 36.822 ], [ 53.492, 36.888 ], [ 54.004, 36.915 ], [ 53.818, 36.875 ], [ 53.609, 36.877 ], [ 54.119448223620211, 35.929179699213549 ], [ 54.538798920203199, 35.624197374425918 ], [ 55.110640779180002, 35.51935970028017 ], [ 55.701544033456038, 35.262030863740605 ], [ 56.235263101834391, 34.947517841303366 ], [ 57.350354726839164, 33.289176450270638 ], [ 57.84595100461906, 32.784049474841126 ], [ 58.227178910603598, 32.517189940651946 ], [ 59.227902163813006, 31.411629013296789 ], [ 59.332739837958762, 30.668234596626938 ], [ 59.332739837958762, 29.934370877606703 ], [ 59.542415186250253, 29.295814135082605 ], [ 60.133318440526288, 28.64772669490889 ], [ 60.352524486467388, 28.047292742983238 ], [ 60.619384020656561, 27.027508094474602 ], [ 60.557434485934088, 26.222164143082264 ], [ 60.728987043627129, 25.616964842331811 ], [ 60.728984571369729, 25.25932394421832 ], [ 60.633, 25.275 ], [ 60.55, 25.447 ], [ 60.395, 25.378 ], [ 60.467, 25.29 ], [ 60.271, 25.38 ], [ 60.209, 25.32 ], [ 60.082, 25.366 ], [ 59.904, 25.33 ], [ 59.775, 25.39 ], [ 59.538, 25.4 ], [ 59.454, 25.462 ], [ 59.024, 25.403 ], [ 58.924, 25.513 ], [ 58.814, 25.564 ], [ 58.419, 25.612 ], [ 58.17, 25.544 ], [ 58.046, 25.575 ], [ 57.963, 25.693 ], [ 57.772, 25.636 ], [ 57.735, 25.748 ], [ 57.632, 25.735 ], [ 57.326, 25.777 ], [ 57.254, 25.959 ], [ 57.165, 26.095 ], [ 57.213, 26.166 ], [ 57.133, 26.264 ], [ 57.076, 26.447 ], [ 57.09, 26.619 ], [ 57.025, 26.851 ], [ 56.844, 27.04 ], [ 56.809, 27.14 ], [ 56.583, 27.153 ], [ 56.353, 27.202 ], [ 56.124, 27.161 ], [ 55.939, 27.027 ], [ 55.685, 27.003 ], [ 55.609, 26.954 ], [ 55.554, 26.811 ], [ 55.484, 26.768 ], [ 55.271, 26.793 ], [ 55.103, 26.701 ], [ 54.802, 26.498 ], [ 54.62, 26.508 ], [ 54.561, 26.585 ], [ 54.389, 26.605 ], [ 54.308, 26.715 ], [ 54.15, 26.708 ], [ 53.995, 26.746 ], [ 53.716, 26.709 ], [ 53.492, 26.854 ], [ 53.412, 26.994 ], [ 53.072, 27.097 ], [ 52.848, 27.215 ], [ 52.579, 27.393 ], [ 52.679, 27.425 ], [ 52.423, 27.647 ], [ 52.245, 27.681 ], [ 52.011, 27.833 ], [ 51.723, 27.825 ], [ 51.585, 27.849 ], [ 51.38, 27.991 ], [ 51.265, 28.161 ], [ 51.265, 28.27 ], [ 51.142, 28.401 ], [ 51.073, 28.565 ], [ 51.059, 28.736 ], [ 50.979, 28.817 ], [ 50.876, 28.832 ], [ 50.813, 28.915 ], [ 50.932, 29.031 ], [ 50.84, 29.141 ], [ 50.644, 29.143 ], [ 50.689, 29.291 ], [ 50.655, 29.449 ], [ 50.456, 29.634 ], [ 50.397, 29.655 ], [ 50.244, 29.867 ], [ 50.145, 29.938 ], [ 50.128, 30.121 ], [ 50.073, 30.196 ], [ 49.915, 30.204 ], [ 49.601, 30.03 ], [ 49.532, 30.023 ], [ 49.48, 30.156 ], [ 49.245, 30.156 ], [ 49.221, 30.265 ], [ 49.161, 30.224 ], [ 49.004, 30.309 ], [ 48.949, 30.401 ], [ 49.062, 30.408 ], [ 49.203, 30.347 ], [ 49.257, 30.422 ], [ 49.211, 30.506 ], [ 48.981, 30.516 ], [ 49.017, 30.415 ], [ 48.935, 30.419 ], [ 48.862, 30.346 ], [ 48.921, 30.25 ], [ 48.935, 30.08 ], [ 48.877, 30.024 ], [ 48.702, 30.032 ], [ 48.531, 29.961 ], [ 48.521, 29.929 ], [ 48.335, 29.961 ], [ 48.209, 30.024 ], [ 48.038, 30.037 ], [ 47.948, 29.994 ], [ 48.022, 29.78 ], [ 48.079, 29.744 ], [ 48.181, 29.562 ], [ 47.966, 29.576 ], [ 47.705, 29.364 ], [ 47.087567082533859, 29.645562171298579 ], [ 46.308335609155414, 29.980011078014108 ], [ 45.498072793916769, 30.431689498423733 ], [ 44.805816726417468, 30.995477392579723 ], [ 43.876786784438288, 31.829398962187735 ], [ 42.423041167771579, 32.968005554437461 ], [ 41.554637988438046, 33.517472406864059 ], [ 41.037434149665273, 34.369337553078005 ], [ 40.888695790802529, 34.470750070484428 ], [ 40.557414900608222, 34.920345564319561 ], [ 40.347829031301615, 35.102888095651117 ], [ 39.7887376253193, 35.572825537266546 ], [ 39.730914810449775, 35.694253448492546 ], [ 39.372413358258747, 35.798334515257679 ], [ 38.811532054024383, 35.902415582022819 ], [ 38.68143072056796, 35.899524441279347 ], [ 38.606261061237582, 35.830137063435927 ], [ 38.189936794177022, 35.893742159792396 ], [ 38.004903786594554, 36.009387789531438 ], [ 37.967318956929368, 36.104795434066155 ], [ 38.080073445924931, 36.24646133049648 ], [ 38.077182305181459, 36.388127226926805 ], [ 38.172589949716169, 36.466188027000662 ], [ 38.408760276347117, 36.43848375594289 ], [ 38.546822380150601, 36.523895057448435 ], [ 39.152891615491335, 36.530915164421479 ], [ 39.503896964144261, 36.301591669968232 ], [ 39.761300886489757, 36.2056502080031 ], [ 40.58733347365299, 36.317971919572038 ], [ 40.716294511211665, 36.309697052787534 ], [ 41.241, 36.043 ], [ 41.344, 35.858 ], [ 41.592963797543625, 36.010257230586284 ], [ 41.855047791204484, 35.963456517432562 ], [ 42.1920129259113, 35.944736232171074 ], [ 42.744261341125245, 36.225540511093421 ], [ 42.950184479001628, 36.206820225831926 ], [ 43.053146047939826, 35.92601594690958 ], [ 43.305869898969931, 35.673292095879475 ], [ 43.221628615293227, 35.411208102218616 ], [ 43.35267061212366, 35.233365392234461 ], [ 43.521153179477068, 35.224005249603721 ], [ 43.923639312599093, 35.420568244849363 ] ] ] ] } },
{ "type": "Feature", "properties": { "id": "aymara", "colorId": "aymara", "name": "Аймара", "parent": null }, "geometry": { "type": "MultiPolygon", "coordinates": [ [ [ [ -65.173222331387009, -19.593692998722965 ], [ -65.017166464689353, -20.346832181481229 ], [ -64.582924053008924, -21.337447683127227 ], [ -64.447223299358782, -22.015951451377909 ], [ -64.582924053008924, -22.613034767438506 ], [ -64.9628861632293, -23.006566953023896 ], [ -65.274997896624612, -23.610435306767002 ], [ -66.299538586683113, -24.299116631541441 ], [ -66.971257317251286, -24.231266254716374 ], [ -67.79903191451713, -23.393314100926787 ], [ -68.151853874007514, -22.77587567181866 ], [ -68.246844401562612, -22.382343486233264 ], [ -68.660731700195527, -21.764905057125141 ], [ -68.877852906035741, -21.113541439604486 ], [ -69.013553659685883, -20.543598274273915 ], [ -69.495291335143861, -19.614048111770479 ], [ -69.705627503301571, -18.860908929012218 ], [ -69.895608558411723, -18.45041414922056 ], [ -70.02452427437936, -17.751555267922356 ], [ -70.248430517902079, -17.161256989544263 ], [ -70.723383155677595, -16.757547247435109 ], [ -71.164410605040544, -16.465790627087316 ], [ -71.557942790625944, -15.882277386391729 ], [ -71.686858506593566, -15.319119258743664 ], [ -71.680073468911061, -14.572765113667911 ], [ -71.462952263070846, -14.470989548430314 ], [ -70.811588645550188, -14.742391055730588 ], [ -70.608037515074983, -14.979867374618326 ], [ -70.553757213614929, -15.217343693506065 ], [ -70.377346233869744, -15.488745200806338 ], [ -69.997384123649368, -15.848352197979199 ], [ -69.685272390254056, -15.841567160296693 ], [ -69.848113294634217, -15.461605050076312 ], [ -69.848113294634217, -15.115568128268464 ], [ -69.956673897554325, -14.912016997793259 ], [ -70.112729764251981, -14.762746168778108 ], [ -70.309495857044681, -14.247083304907589 ], [ -70.458766686059832, -14.057102249797397 ], [ -70.492691874472371, -13.894261345417235 ], [ -70.248430517902079, -13.79248578017962 ], [ -69.488506297461313, -13.663570064211989 ], [ -68.911778094448238, -13.941756609194769 ], [ -68.497890795815351, -14.23351322954257 ], [ -68.348619966800186, -14.525269849890359 ], [ -67.073032882488889, -16.384370174897228 ], [ -66.557370018618386, -16.920388151815271 ], [ -66.170622870715491, -17.646387183843501 ], [ -65.566754516972395, -18.243470499904106 ], [ -65.383558499544719, -19.050889984122417 ], [ -65.173222331387009, -19.593692998722965 ] ] ] ] } },
{ "type": "Feature", "properties": { "id": "tuareg", "colorId": null, "name": "туареги", "parent": null }, "geometry": { "type": "MultiPolygon", "coordinates": [ [ [ [ -16.43, 20.644 ], [ -16.529, 20.739 ], [ -16.542, 20.561 ], [ -16.665, 20.671 ], [ -16.775, 20.938 ], [ -16.918, 21.159 ], [ -17.016, 21.031 ], [ -17.004, 20.932 ], [ -17.057, 20.767 ], [ -17.1, 20.838 ], [ -17.014, 21.42 ], [ -16.971, 21.593 ], [ -16.967, 21.781 ], [ -16.921, 21.931 ], [ -16.817, 22.131 ], [ -16.707, 22.275 ], [ -16.522, 22.315 ], [ -16.429, 22.51 ], [ -16.357, 22.583 ], [ -16.29, 22.9 ], [ -16.173, 22.973 ], [ -16.16, 23.082 ], [ -16.22, 23.076 ], [ -16.135, 23.185 ], [ -15.967, 23.513 ], [ -15.83, 23.686 ], [ -15.765, 23.857 ], [ -15.862, 23.836 ], [ -15.948, 23.684 ], [ -16.01, 23.655 ], [ -15.841, 23.903 ], [ -15.62, 24.026 ], [ -15.445, 24.222 ], [ -15.298, 24.345 ], [ -15.172, 24.494 ], [ -15.015, 24.562 ], [ -14.908, 24.685 ], [ -14.836, 24.919 ], [ -14.85, 25.214 ], [ -14.782, 25.447 ], [ -14.715, 25.526 ], [ -14.621, 25.784 ], [ -14.52, 25.924 ], [ -14.493, 26.133 ], [ -14.41, 26.26 ], [ -14.299, 26.302 ], [ -14.18, 26.424 ], [ -13.924, 26.501 ], [ -13.62, 26.689 ], [ -13.501, 26.858 ], [ -13.402, 27.177 ], [ -13.301, 27.324 ], [ -13.171, 27.685 ], [ -13.061, 27.743 ], [ -12.968, 27.915 ], [ -12.839, 27.97 ], [ -12.514, 27.995 ], [ -12.335, 28.047 ], [ -12.061, 28.089 ], [ -11.091061072923846, 28.116711284742212 ], [ -10.200528742119289, 28.290420060380637 ], [ -9.42653521016075, 28.32560158456057 ], [ -8.166596875466867, 28.793955625205946 ], [ -6.629604037856031, 29.469001120408425 ], [ -5.741270552312707, 29.987928602062446 ], [ -5.604942146115463, 29.987928602062446 ], [ -5.398250691558355, 30.168233913484606 ], [ -4.325214204070381, 30.608002965733778 ], [ -3.964603581226061, 30.889455159173242 ], [ -3.852462472902522, 30.926835528614419 ], [ -3.61058949416548, 31.329224211422407 ], [ -3.249978871321161, 31.544711047024489 ], [ -3.030094345196576, 31.914117050913791 ], [ -2.62550681712734, 32.547384486152595 ], [ -2.176942383833187, 32.925585871086888 ], [ -1.605242615909266, 33.110288873031536 ], [ -1.323790422469798, 33.435717971695922 ], [ -0.639550787559133, 33.516058301866551 ], [ 0.001982066204707, 33.701248770482678 ], [ 0.362727337881401, 33.960534434500303 ], [ 1.072944591494891, 34.276186547217414 ], [ 1.76061526562859, 34.755301361163021 ], [ 2.09881395782549, 34.918764062391524 ], [ 3.333239184344177, 35.307692558417955 ], [ 3.812353998289786, 35.521885063475992 ], [ 4.263285587885653, 35.521885063475992 ], [ 4.894589813319867, 35.612071381395168 ], [ 5.548440618233875, 35.200596305888936 ], [ 6.134651684708502, 35.093500053359918 ], [ 6.540490115344783, 35.076590118750076 ], [ 6.794139134492458, 35.155503146929348 ], [ 7.780551986733418, 34.552382145844881 ], [ 8.580955558266082, 34.456559183055759 ], [ 8.810659716887837, 34.220928440141847 ], [ 9.431286554091912, 33.734770750998656 ], [ 9.658849727733404, 33.489967942990383 ], [ 9.362489688518917, 31.904563624987944 ], [ 9.063343629051591, 29.801044508416091 ], [ 9.272271035663696, 27.635796839890642 ], [ 10.051000460308813, 25.470549171365192 ], [ 9.937040056702212, 23.039393894424339 ], [ 9.327279288667549, 21.014261445644443 ], [ 8.724158287583084, 20.732429202147035 ], [ 8.349321403731507, 20.208221229241836 ], [ 7.808203496216461, 19.695286546076531 ], [ 6.990889990073946, 18.776513432274946 ], [ 6.300400993505278, 18.252305459369747 ], [ 4.733031428910091, 17.866816551626641 ], [ 2.776734112069248, 17.678432365560482 ], [ 1.322402490325241, 17.723976995109002 ], [ 0.653031129691936, 18.339798646891644 ], [ -0.222921773753378, 18.576880022183683 ], [ -1.099632793522793, 18.52616120285818 ], [ -2.005325995763923, 18.345022562409955 ], [ -3.00219372813687, 17.592965564886761 ], [ -5.134942286402513, 16.83715530670834 ], [ -6.192742898564053, 16.773245290757075 ], [ -6.736867563288068, 16.900443264328924 ], [ -8.263243246150239, 17.133639549210645 ], [ -8.510572639206611, 17.253770968695168 ], [ -9.620021630916614, 17.501100361751536 ], [ -10.948533799333688, 17.522300024013511 ], [ -11.506791572232354, 17.479900699489562 ], [ -12.183496213990818, 17.335132533467199 ], [ -12.83067875298854, 17.245089745432733 ], [ -13.52851036025565, 17.250717419684886 ], [ -13.961841277671516, 17.200068351415499 ], [ -14.344523126817995, 17.065004169363803 ], [ -14.541491725643384, 16.924312313059954 ], [ -14.900507438597412, 17.104147994066292 ], [ -16.173, 17.262 ], [ -16.049, 17.667 ], [ -16.024, 17.96 ], [ -16.069, 18.484 ], [ -16.132, 18.629 ], [ -16.205, 18.983 ], [ -16.368, 19.222 ], [ -16.467, 19.259 ], [ -16.522, 19.396 ], [ -16.408, 19.389 ], [ -16.323, 19.458 ], [ -16.35, 19.547 ], [ -16.467, 19.464 ], [ -16.234, 19.794 ], [ -16.298, 19.923 ], [ -16.214, 20.033 ], [ -16.261, 20.136 ], [ -16.2, 20.215 ], [ -16.295, 20.331 ], [ -16.43, 20.644 ] ] ] ] } },
{ "type": "Feature", "properties": { "id": "gond_kingdoms", "colorId": "gond", "name": "Гондвана", "parent": null }, "geometry": { "type": "MultiPolygon", "coordinates": [ [ [ [ 80.587237176701194, 22.878515703011185 ], [ 80.422943949057711, 23.325952578295563 ], [ 80.421196148763642, 23.450046399175218 ], [ 80.466638956409739, 23.533940813291039 ], [ 81.56425754109172, 23.537436413879202 ], [ 83.703565101045172, 23.282257570943575 ], [ 84.18595798221115, 23.065530334477703 ], [ 84.80467928631532, 22.985131520950045 ], [ 85.245124960423382, 22.985131520950048 ], [ 85.60866742159196, 22.834820695659197 ], [ 84.899829833045061, 22.043038094796835 ], [ 84.08251632690255, 21.383550645012878 ], [ 83.823230662884924, 20.729699840098874 ], [ 83.445575456598377, 20.250585026153267 ], [ 83.16937985797091, 19.974389427525796 ], [ 83.056646960571953, 19.681283894288484 ], [ 82.554985567146545, 19.337448557221634 ], [ 82.399977833222977, 19.055616313724226 ], [ 82.102226489880636, 18.693322930396782 ], [ 81.87413855150325, 18.601563414957603 ], [ 81.71159312415385, 18.425909485402602 ], [ 81.465153282688618, 18.056249723204768 ], [ 81.263282348722427, 17.980220410412304 ], [ 81.218193082864005, 17.926997469883684 ], [ 81.123811866983701, 18.241601522818012 ], [ 80.942040636399426, 18.741472406924778 ], [ 80.649804445500493, 19.283205529648662 ], [ 80.041807504605018, 20.39141218751514 ], [ 80.323319332295185, 20.725225740705117 ], [ 80.463143355821558, 21.28277403451651 ], [ 80.721817799345331, 21.793131720387755 ], [ 80.720069999051233, 22.081518768910882 ], [ 80.587237176701194, 22.878515703011185 ] ] ] ] } },
{ "type": "Feature", "properties": { "id": "ayutthaya1368", "colorId": "thailand", "name": "Аютия", "parent": null }, "geometry": { "type": "MultiPolygon", "coordinates": [ [ [ [ 98.281, 8.192 ], [ 98.438, 8.066 ], [ 98.419, 7.904 ], [ 98.398, 7.815 ], [ 98.309, 7.768 ], [ 98.254, 7.928 ], [ 98.281, 8.192 ] ] ], [ [ [ 98.127, 9.96 ], [ 98.254, 10.063 ], [ 98.296, 10.049 ], [ 98.133, 9.846 ], [ 98.127, 9.96 ] ] ], [ [ [ 98.268, 10.837 ], [ 98.296, 10.735 ], [ 98.237, 10.697 ], [ 98.24, 10.831 ], [ 98.165, 10.919 ], [ 98.191, 10.971 ], [ 98.268, 10.837 ] ] ], [ [ [ 98.284, 11.509 ], [ 98.187, 11.446 ], [ 98.203, 11.589 ], [ 98.278, 11.8 ], [ 98.302, 11.714 ], [ 98.284, 11.509 ] ] ], [ [ [ 98.535, 11.804 ], [ 98.535, 11.529 ], [ 98.391, 11.663 ], [ 98.394, 11.794 ], [ 98.535, 11.804 ] ] ], [ [ [ 98.034, 12.221 ], [ 98.073, 12.29 ], [ 98.096, 12.187 ], [ 98.034, 12.221 ] ] ], [ [ [ 98.007, 12.402 ], [ 98.065, 12.365 ], [ 97.946, 12.31 ], [ 98.007, 12.402 ] ] ], [ [ [ 98.302, 12.338 ], [ 98.334, 12.512 ], [ 98.316, 12.687 ], [ 98.406, 12.639 ], [ 98.425, 12.53 ], [ 98.466, 12.584 ], [ 98.465, 12.481 ], [ 98.391, 12.362 ], [ 98.302, 12.338 ] ] ], [ [ [ 98.296, 13.085 ], [ 98.302, 12.913 ], [ 98.245, 13.119 ], [ 98.296, 13.085 ] ] ], [ [ [ 99.851, 6.466 ], [ 99.901, 6.364 ], [ 99.729, 6.261 ], [ 99.719, 6.353 ], [ 99.645, 6.436 ], [ 99.786, 6.423 ], [ 99.851, 6.466 ] ] ], [ [ [ 99.6, 6.583 ], [ 99.657, 6.724 ], [ 99.704, 6.558 ], [ 99.672, 6.517 ], [ 99.6, 6.583 ] ] ], [ [ [ 99.057, 7.504 ], [ 99.035, 7.644 ], [ 99.117, 7.479 ], [ 99.057, 7.504 ] ] ], [ [ [ 98.612, 7.926 ], [ 98.541, 8.105 ], [ 98.61, 8.035 ], [ 98.612, 7.926 ] ] ], [ [ [ 100.061, 9.464 ], [ 99.947, 9.418 ], [ 99.926, 9.566 ], [ 100.07, 9.586 ], [ 100.061, 9.464 ] ] ], [ [ [ 100.035, 9.796 ], [ 100.09, 9.665 ], [ 99.988, 9.72 ], [ 100.035, 9.796 ] ] ], [ [ [ 98.477, 10.974 ], [ 98.532, 11.084 ], [ 98.528, 10.974 ], [ 98.477, 10.974 ] ] ], [ [ [ 98.658, 11.94 ], [ 98.478, 11.891 ], [ 98.431, 12.101 ], [ 98.604, 11.967 ], [ 98.658, 11.94 ] ] ], [ [ [ 98.72, 10.228 ], [ 98.747, 10.351 ], [ 98.696, 10.224 ], [ 98.543, 9.987 ], [ 98.491, 10.204 ], [ 98.528, 10.364 ], [ 98.459, 10.715 ], [ 98.563, 10.727 ], [ 98.631, 10.851 ], [ 98.582, 10.882 ], [ 98.712, 10.924 ], [ 98.722, 11.045 ], [ 98.658, 11.132 ], [ 98.724, 11.156 ], [ 98.759, 11.269 ], [ 98.698, 11.388 ], [ 98.775, 11.454 ], [ 98.718, 11.532 ], [ 98.752, 11.682 ], [ 98.877, 11.723 ], [ 98.768, 11.762 ], [ 98.684, 11.683 ], [ 98.603, 11.754 ], [ 98.694, 11.893 ], [ 98.549, 11.879 ], [ 98.72, 11.964 ], [ 98.713, 12.064 ], [ 98.634, 12.09 ], [ 98.696, 12.242 ], [ 98.597, 12.194 ], [ 98.552, 12.28 ], [ 98.7, 12.364 ], [ 98.605, 12.429 ], [ 98.71, 12.512 ], [ 98.623, 12.558 ], [ 98.689, 12.728 ], [ 98.628, 12.756 ], [ 98.634, 12.879 ], [ 98.59, 12.92 ], [ 98.578, 13.187 ], [ 98.48, 13.284 ], [ 98.432, 13.479 ], [ 98.348153954635464, 13.58436802488003 ], [ 98.245, 13.714 ], [ 98.234, 14.003 ], [ 98.186, 14.065 ], [ 98.199, 13.869 ], [ 98.171, 13.538 ], [ 98.13, 13.582 ], [ 98.16, 13.69 ], [ 98.103, 13.701 ], [ 98.111, 13.902 ], [ 98.062, 14.01 ], [ 98.109, 14.133 ], [ 97.994, 14.331 ], [ 97.976, 14.444 ], [ 97.886, 14.656 ], [ 97.943, 14.72 ], [ 98.028, 14.648 ], [ 97.95, 14.799 ], [ 97.843, 14.736 ], [ 97.795, 14.88 ], [ 97.807, 15.175 ], [ 97.726, 15.34 ], [ 97.795, 15.408 ], [ 97.761, 15.491 ], [ 97.712, 15.888 ], [ 97.582, 16.009 ], [ 97.688031379576969, 16.01587676829547 ], [ 97.904033178056011, 16.28309548806336 ], [ 98.030962069945758, 16.519138690525001 ], [ 98.02873524728102, 16.931100883500505 ], [ 98.151210493841305, 17.300753445846091 ], [ 98.272186817065631, 17.400279048018554 ], [ 98.921407640740497, 17.593499531255123 ], [ 99.508797909779659, 17.856279388456858 ], [ 99.722154640828649, 18.105938056442032 ], [ 99.759842929257857, 18.470258177924325 ], [ 99.854063650330872, 18.865985206430956 ], [ 99.791249836282191, 19.060708029981839 ], [ 99.797531217687052, 19.680994443712475 ], [ 99.880759521301542, 19.772074474083048 ], [ 100.469575439143838, 19.830028549792186 ], [ 100.398657602400661, 19.737101729232148 ], [ 100.494029865607018, 19.51456644841732 ], [ 100.577174915581793, 19.465657595490985 ], [ 100.628529211154444, 19.529239104295222 ], [ 100.760583114055549, 19.497448349893105 ], [ 100.897527902249294, 19.590375170453143 ], [ 101.230108102148378, 19.590375170453143 ], [ 101.301025938891556, 19.509675563124688 ], [ 101.19098101980731, 19.446094054320451 ], [ 101.188535577160991, 19.360503561699364 ], [ 101.345043906525262, 18.98390539416658 ], [ 101.259453413904183, 18.927660213301294 ], [ 101.259453413904168, 18.634207095743278 ], [ 101.087049707338821, 18.454467061238994 ], [ 101.087049707338821, 18.366431125971591 ], [ 101.184867413191498, 18.350535748770529 ], [ 101.185951704273108, 18.265906812918388 ], [ 101.197544933267281, 18.061093100687625 ], [ 101.127985559302118, 17.979940497728265 ], [ 101.193680523602552, 17.860143798121591 ], [ 101.464189200133745, 17.603160555416956 ], [ 101.547274007925466, 17.408007867348015 ], [ 101.844833552109762, 17.16068564880521 ], [ 101.945308203392784, 17.114312732828431 ], [ 102.01873198702269, 17.025431310539609 ], [ 102.281511844224426, 16.592617428089692 ], [ 102.459274688802083, 16.082515352345148 ], [ 102.509512014443587, 15.777226988831368 ], [ 102.667952810697571, 15.618786192577382 ], [ 102.90368180024619, 15.444887757664468 ], [ 103.112359922141678, 15.4487521673292 ], [ 103.402190646996516, 15.290311371075212 ], [ 103.241817645910174, 14.957972139908318 ], [ 102.995223747025634, 14.781366706273555 ], [ 102.813596492819329, 14.669298826018601 ], [ 102.570138683989597, 14.734993790305987 ], [ 102.280307959192314, 14.731129380642024 ], [ 102.233935043224761, 14.309908727269956 ], [ 101.986612824731068, 13.884823664233926 ], [ 101.928646679771603, 13.664552313387983 ], [ 101.994341644058991, 13.444280962542038 ], [ 101.824307618844585, 13.019195899506007 ], [ 101.914, 12.555 ], [ 101.83, 12.673 ], [ 101.686, 12.702 ], [ 101.642, 12.651 ], [ 101.443, 12.625 ], [ 101.088, 12.681 ], [ 100.978, 12.639 ], [ 100.858, 12.653 ], [ 100.837, 12.708 ], [ 100.918, 12.826 ], [ 100.869, 12.906 ], [ 100.933, 13.026 ], [ 100.878, 13.098 ], [ 100.945, 13.201 ], [ 100.912, 13.294 ], [ 100.981, 13.359 ], [ 100.963, 13.471 ], [ 100.68, 13.509 ], [ 100.592, 13.555 ], [ 100.556, 13.511 ], [ 100.237, 13.477 ], [ 100.039, 13.403 ], [ 99.967, 13.259 ], [ 100.074, 13.153 ], [ 100.104, 13.057 ], [ 99.988, 12.79 ], [ 99.961, 12.625 ], [ 100.011, 12.383 ], [ 99.982, 12.28 ], [ 100.02, 12.193 ], [ 99.855, 11.968 ], [ 99.817, 11.741 ], [ 99.752, 11.71 ], [ 99.642, 11.523 ], [ 99.569, 11.334 ], [ 99.586, 11.214 ], [ 99.494, 11.115 ], [ 99.512, 10.866 ], [ 99.302, 10.631 ], [ 99.247, 10.444 ], [ 99.278, 10.357 ], [ 99.152, 10.357 ], [ 99.242, 10.215 ], [ 99.16, 10.128 ], [ 99.168, 9.844 ], [ 99.145, 9.788 ], [ 99.181, 9.643 ], [ 99.324, 9.392 ], [ 99.23, 9.32 ], [ 99.255, 9.232 ], [ 99.475, 9.201 ], [ 99.521, 9.27 ], [ 99.689, 9.316 ], [ 99.854, 9.295 ], [ 99.916, 9.102 ], [ 99.959, 8.638 ], [ 100.104, 8.418 ], [ 100.186, 8.397 ], [ 100.165, 8.501 ], [ 100.271, 8.317 ], [ 100.303, 8.119 ], [ 100.44, 7.477 ], [ 100.567, 7.229 ], [ 100.548, 7.197 ], [ 100.439, 7.294 ], [ 100.406, 7.528 ], [ 100.326, 7.574 ], [ 100.307, 7.758 ], [ 100.211, 7.781 ], [ 100.143, 7.7 ], [ 100.185, 7.514 ], [ 100.303, 7.343 ], [ 100.37, 7.333 ], [ 100.392, 7.223 ], [ 100.486, 7.14 ], [ 100.556, 7.145 ], [ 100.585, 7.224 ], [ 100.765, 6.983 ], [ 100.85, 6.962 ], [ 100.998, 6.857 ], [ 101.191, 6.862 ], [ 101.244, 6.902 ], [ 101.351, 6.876 ], [ 101.351154663061834, 6.771222475658733 ], [ 101.247236272040965, 6.520333788765543 ], [ 100.349, 6.013 ], [ 100.248, 6.221 ], [ 100.175, 6.291 ], [ 100.127, 6.442 ], [ 100.001, 6.567 ], [ 99.957, 6.664 ], [ 99.797, 6.822 ], [ 99.686, 6.877 ], [ 99.679, 7.027 ], [ 99.748, 7.126 ], [ 99.614, 7.137 ], [ 99.54, 7.244 ], [ 99.508, 7.385 ], [ 99.471, 7.28 ], [ 99.337, 7.384 ], [ 99.344, 7.469 ], [ 99.268, 7.616 ], [ 99.124, 7.767 ], [ 99.033, 7.723 ], [ 99.062, 7.859 ], [ 98.905, 8.048 ], [ 98.829, 8.007 ], [ 98.747, 8.068 ], [ 98.744, 8.215 ], [ 98.696, 8.308 ], [ 98.622, 8.293 ], [ 98.655, 8.38 ], [ 98.446, 8.325 ], [ 98.463, 8.216 ], [ 98.391, 8.137 ], [ 98.278, 8.241 ], [ 98.199, 8.534 ], [ 98.24, 8.651 ], [ 98.262, 8.851 ], [ 98.382, 9.072 ], [ 98.328, 9.164 ], [ 98.457, 9.549 ], [ 98.514, 9.655 ], [ 98.513, 9.837 ], [ 98.633, 9.963 ], [ 98.604, 9.994 ], [ 98.72, 10.228 ] ] ] ] } },
{ "type": "Feature", "properties": { "id": "san_marino", "colorId": "san_marino", "name": "Сан-Марино", "parent": null }, "geometry": { "type": "MultiPolygon", "coordinates": [ [ [ [ 12.429, 43.892 ], [ 12.386, 43.925 ], [ 12.482, 43.983 ], [ 12.429, 43.892 ] ] ] ] } },
{ "type": "Feature", "properties": { "id": "yopitzinco", "colorId": "yopitzinco", "name": "Тлапанеки", "parent": null }, "geometry": { "type": "MultiPolygon", "coordinates": [ [ [ [ -99.845493802349523, 17.281680897850755 ], [ -99.644030054172561, 17.186095907839796 ], [ -99.511681606465075, 17.08904037952097 ], [ -99.379333158757589, 16.915516859193374 ], [ -99.333746471213871, 16.781697873178015 ], [ -99.440560351965871, 16.672322088831336 ], [ -99.605, 16.683 ], [ -99.741, 16.731 ], [ -99.992, 16.91 ], [ -100.288477606091263, 17.008362748926686 ], [ -100.207246226083313, 17.164037833221879 ], [ -100.069015625144388, 17.258152284924982 ], [ -99.845493802349523, 17.281680897850755 ] ] ] ] } },
{ "type": "Feature", "properties": { "id": "moscow1462", "colorId": "russia", "name": "Москва", "parent": null }, "geometry": { "type": "MultiPolygon", "coordinates": [ [ [ [ 31.858542836031901, 57.076086663049686 ], [ 32.512162608965788, 57.428092725570295 ], [ 33.284195220592814, 57.361918501716545 ], [ 33.720945098027521, 57.01340092275349 ], [ 34.634149387209192, 56.779585331803602 ], [ 35.194424482504225, 57.035458997371414 ], [ 35.728229888257765, 57.136926140613824 ], [ 36.345855977559381, 57.189865519696809 ], [ 37.435524863684378, 57.732494155297509 ], [ 37.342880950289135, 58.270711175974633 ], [ 36.284093368629222, 59.153034160691227 ], [ 36.04145454783216, 59.598607267973108 ], [ 36.323797902941472, 60.154470748344565 ], [ 36.985540141478921, 60.608867085473612 ], [ 37.801688902341766, 60.763273607799022 ], [ 38.331082693171723, 60.639748389938703 ], [ 38.939885552626173, 60.644160004862286 ], [ 39.566334871774956, 60.780920067493355 ], [ 40.329544253554801, 60.780920067493348 ], [ 41.194220778577062, 60.613278700397196 ], [ 41.58685450677595, 60.330935345287884 ], [ 42.032427614057831, 60.180940437886065 ], [ 42.182422521459642, 60.013299070789913 ], [ 43.373558550827042, 60.458872178071793 ], [ 44.23382346092572, 60.458872178071793 ], [ 45.332315576897876, 60.361816649752967 ], [ 46.055820424365486, 60.547104476543453 ], [ 46.982259558317907, 60.423579258683127 ], [ 47.52047657899503, 60.538281246696286 ], [ 47.995295804248755, 60.579889493654107 ], [ 47.895414848233102, 60.272378239983276 ], [ 47.448222604863361, 60.258505487907925 ], [ 47.018983334767597, 59.994923198476506 ], [ 46.779066328288195, 59.648920440832768 ], [ 46.532620967890999, 59.546098866627311 ], [ 46.402053889534876, 59.420428053709536 ], [ 46.193146564165062, 58.798602343038461 ], [ 46.242109218548613, 58.671299441641239 ], [ 46.797019301562166, 58.418325727326234 ], [ 47.123436997452501, 58.062530438805773 ], [ 47.462911401178431, 57.714895592682581 ], [ 47.769744035315334, 57.515780798189475 ], [ 48.534055244898823, 57.27916863828483 ], [ 47.38050705080628, 57.216247827697963 ], [ 46.394747684945386, 56.96980798623273 ], [ 45.034085156004402, 56.414007492715371 ], [ 44.719481103070081, 55.690418170966396 ], [ 44.365551543518947, 55.606523756850621 ], [ 43.893645464117448, 55.540981245822636 ], [ 43.065188124723718, 55.0638317655389 ], [ 42.519874432970873, 54.840987228043751 ], [ 41.916883331513418, 54.618142690548602 ], [ 41.171006218262185, 54.578648295063509 ], [ 40.422644363919488, 54.583931898723414 ], [ 40.01600126420265, 54.679238875219546 ], [ 39.418744211493539, 54.799961045447986 ], [ 38.872317546249036, 54.933390812542576 ], [ 36.77556406333408, 54.946098409408727 ], [ 35.977635519824574, 55.018351707557841 ], [ 34.840084857809714, 55.199490348006066 ], [ 34.456070940059476, 55.597995356992165 ], [ 33.814840152872748, 56.13416573271892 ], [ 33.050435090181232, 56.13778850552788 ], [ 32.543246896926199, 56.565275696985687 ], [ 31.858542836031901, 57.076086663049686 ] ] ] ] } },
{ "type": "Feature", "properties": { "id": "hre_italy1453", "colorId": "germany", "name": null, "parent": "holy_roman1453" }, "geometry": { "type": "MultiPolygon", "coordinates": [ [ [ [ 10.728391669770197, 45.449406506883655 ], [ 10.825659123897182, 45.353891619497745 ], [ 11.273982447440719, 45.069580632593365 ], [ 11.898797802330447, 45.100952114847232 ], [ 12.097483856605006, 45.063044907123796 ], [ 12.328, 45.101 ], [ 12.534, 44.97 ], [ 12.445, 44.821 ], [ 12.292, 44.843 ], [ 12.063963814866131, 44.946729594876423 ], [ 11.725608409098998, 44.969269337705029 ], [ 11.443438900109104, 44.934151885021826 ], [ 11.319090822237683, 44.948686168750022 ], [ 10.993066425589705, 44.731930740994713 ], [ 10.931316918535043, 44.643165824603635 ], [ 10.931316918535043, 44.500370089539729 ], [ 10.850270690525797, 44.349855666093987 ], [ 10.852200362621256, 44.268809438084752 ], [ 10.803958560234793, 44.215743455459645 ], [ 10.805888232330258, 44.168466489120924 ], [ 10.663634846016619, 43.909494255656917 ], [ 10.470332988034688, 43.800877021171836 ], [ 10.354351873245529, 43.834014482540162 ], [ 10.264, 43.809 ], [ 10.158882150479718, 43.947382963982619 ], [ 10.106, 44.017 ], [ 9.99928541420655, 44.054615815859165 ], [ 9.845, 44.109 ], [ 9.82, 44.063 ], [ 9.76627045149802, 44.140976348641878 ], [ 9.736849891446402, 44.220567635698231 ], [ 9.65194431924624, 44.374941403334887 ], [ 9.914880853919509, 44.360173996212104 ], [ 9.965522955991068, 44.285887261000454 ], [ 10.221532234491228, 44.36317308092503 ], [ 10.267509717697411, 44.459846975535065 ], [ 10.398727420188571, 44.602642710598978 ], [ 10.395425329321528, 44.907192797737892 ], [ 10.449766921455996, 45.03217845964717 ], [ 10.286744851031466, 45.198789462916821 ], [ 10.377878321564856, 45.253119031888659 ], [ 10.462001525134138, 45.451159073624687 ], [ 10.728391669770197, 45.449406506883655 ] ] ], [ [ [ 7.887794970284893, 44.999482138050219 ], [ 7.887794970284893, 45.116106533067601 ], [ 7.962912696972301, 45.157562053010736 ], [ 8.020982338141362, 45.1999975600189 ], [ 8.242093664131245, 45.195530664544357 ], [ 8.361053384848191, 45.278366560917874 ], [ 8.272480463268307, 44.995950731557528 ], [ 8.334067601020704, 44.945231912232025 ], [ 8.236252735178661, 44.87458784245721 ], [ 8.361238397087938, 44.809377931895852 ], [ 8.638896528512173, 44.621050483294241 ], [ 8.415218664913548, 44.546491195428032 ], [ 8.237104810566494, 44.322813331829401 ], [ 8.181232213290595, 44.343470352775249 ], [ 8.091894303799734, 44.515445828545161 ], [ 7.886104761661453, 44.607353737412069 ], [ 7.886104761661453, 44.789896268743618 ], [ 7.918218725506819, 44.886238160279717 ], [ 7.887794970284893, 44.999482138050219 ] ] ] ] } },
{ "type": "Feature", "properties": { "id": "ottoman1461", "colorId": "turkey", "name": "Османская империя", "parent": null }, "geometry": { "type": "MultiPolygon", "coordinates": [ [ [ [ 34.077, 36.414 ], [ 34.078, 36.329 ], [ 33.959, 36.214 ], [ 33.871, 36.315 ], [ 33.685, 36.143 ], [ 33.647, 36.193 ], [ 33.552, 36.128 ], [ 33.134, 36.132 ], [ 33.088, 36.083 ], [ 32.941, 36.104 ], [ 32.804, 36.027 ], [ 32.671, 36.047 ], [ 32.365, 36.178 ], [ 32.026, 36.543 ], [ 31.817, 36.59 ], [ 31.737, 36.642 ], [ 31.408, 36.763 ], [ 31.341, 36.809 ], [ 30.94, 36.857 ], [ 30.776, 36.85 ], [ 30.687, 36.891 ], [ 30.57, 36.781 ], [ 30.57, 36.528 ], [ 30.475, 36.402 ], [ 30.52, 36.342 ], [ 30.4, 36.248 ], [ 30.255, 36.308 ], [ 30.145, 36.254 ], [ 29.912, 36.217 ], [ 29.672, 36.123 ], [ 29.602, 36.207 ], [ 29.357, 36.236 ], [ 29.145, 36.349 ], [ 29.036, 36.545 ], [ 29.096, 36.665 ], [ 28.939, 36.751 ], [ 28.843, 36.638 ], [ 28.623, 36.699 ], [ 28.604, 36.816 ], [ 28.377, 36.854 ], [ 28.396, 36.789 ], [ 28.273, 36.852 ], [ 28.289, 36.743 ], [ 28.112, 36.604 ], [ 27.971, 36.693 ], [ 28.116, 36.719 ], [ 28.047, 36.763 ], [ 27.918, 36.74 ], [ 27.736, 36.761 ], [ 27.671, 36.658 ], [ 27.363, 36.685 ], [ 27.459, 36.756 ], [ 27.623, 36.802 ], [ 28.055, 36.809 ], [ 28.028, 36.926 ], [ 28.185, 36.939 ], [ 28.305, 37.051 ], [ 27.886, 37.026 ], [ 27.562, 36.973 ], [ 27.438, 37.028 ], [ 27.263, 36.963 ], [ 27.229, 37.062 ], [ 27.322, 37.124 ], [ 27.475, 37.093 ], [ 27.61, 37.2 ], [ 27.616, 37.275 ], [ 27.464, 37.252 ], [ 27.438, 37.391 ], [ 27.212, 37.357 ], [ 27.178, 37.467 ], [ 27.209, 37.597 ], [ 27.011, 37.666 ], [ 27.25, 37.744 ], [ 27.239, 37.988 ], [ 27.116, 37.994 ], [ 26.949, 38.067 ], [ 26.865, 38.04 ], [ 26.76, 38.217 ], [ 26.636, 38.204 ], [ 26.589, 38.108 ], [ 26.442, 38.212 ], [ 26.235, 38.274 ], [ 26.314, 38.337 ], [ 26.476, 38.367 ], [ 26.513, 38.433 ], [ 26.404, 38.488 ], [ 26.349, 38.621 ], [ 26.414, 38.679 ], [ 26.506, 38.653 ], [ 26.63, 38.519 ], [ 26.612, 38.416 ], [ 26.673, 38.307 ], [ 26.725, 38.433 ], [ 26.767, 38.364 ], [ 27.089, 38.402 ], [ 27.154, 38.459 ], [ 26.935, 38.435 ], [ 26.753, 38.618 ], [ 26.719, 38.721 ], [ 26.889, 38.734 ], [ 26.897, 38.817 ], [ 27.063, 38.887 ], [ 27.041, 38.94 ], [ 26.856, 38.918 ], [ 26.806, 39.034 ], [ 26.883, 39.072 ], [ 26.738, 39.197 ], [ 26.719, 39.263 ], [ 26.609, 39.275 ], [ 26.926, 39.486 ], [ 26.893, 39.584 ], [ 26.457, 39.521 ], [ 26.362, 39.481 ], [ 26.074, 39.475 ], [ 26.148, 39.626 ], [ 26.153, 39.943 ], [ 26.198, 40.009 ], [ 26.311, 40.019 ], [ 26.408, 40.194 ], [ 26.501, 40.213 ], [ 26.736, 40.404 ], [ 27.013, 40.392 ], [ 27.096, 40.452 ], [ 27.303, 40.458 ], [ 27.338, 40.37 ], [ 27.452, 40.322 ], [ 27.79, 40.32 ], [ 27.792, 40.393 ], [ 27.684, 40.502 ], [ 27.76, 40.537 ], [ 28.034, 40.474 ], [ 27.904, 40.4 ], [ 28.487, 40.4 ], [ 28.638, 40.365 ], [ 28.772, 40.403 ], [ 28.957, 40.363 ], [ 29.152, 40.434 ], [ 28.774, 40.523 ], [ 28.986, 40.645 ], [ 29.282, 40.666 ], [ 29.501, 40.729 ], [ 29.56, 40.691 ], [ 29.753, 40.725 ], [ 29.924, 40.716 ], [ 29.929, 40.758 ], [ 29.666, 40.784 ], [ 29.357, 40.762 ], [ 29.241, 40.883 ], [ 29.028, 40.982 ], [ 29.069, 41.153 ], [ 29.232, 41.241 ], [ 29.885, 41.149 ], [ 30.137, 41.144 ], [ 30.271, 41.211 ], [ 30.833, 41.08 ], [ 31.231, 41.092 ], [ 31.401, 41.202 ], [ 31.404, 41.316 ], [ 31.659, 41.398 ], [ 32.039, 41.576 ], [ 32.134, 41.599 ], [ 32.263, 41.72 ], [ 32.4, 41.742 ], [ 32.613, 41.84 ], [ 32.926, 41.882 ], [ 33.324, 42.019 ], [ 33.874, 41.974 ], [ 34.004, 41.983 ], [ 34.331, 41.948 ], [ 34.483, 41.975 ], [ 34.694, 41.946 ], [ 34.889, 42.008 ], [ 34.948, 42.099 ], [ 35.138, 42.02 ], [ 35.093, 41.947 ], [ 35.225, 41.762 ], [ 35.53, 41.634 ], [ 35.62, 41.633 ], [ 35.957, 41.736 ], [ 36.12, 41.628 ], [ 36.134, 41.462 ], [ 36.237, 41.359 ], [ 36.451, 41.24 ], [ 36.62, 41.375 ], [ 36.837, 41.351 ], [ 36.985, 41.295 ], [ 37.04, 41.182 ], [ 37.263, 41.148 ], [ 37.581, 41.037 ], [ 37.69, 41.14 ], [ 37.896, 40.982 ], [ 37.982, 40.99 ], [ 38.331, 40.918 ], [ 38.718, 40.955 ], [ 38.928, 41.043 ], [ 39.157, 41.078 ], [ 39.273, 41.05 ], [ 39.43, 41.112 ], [ 39.592, 41.025 ], [ 39.859, 40.964 ], [ 39.999, 40.982 ], [ 40.143, 40.923 ], [ 40.465, 41.05 ], [ 40.698, 41.098 ], [ 40.827, 41.198 ], [ 41.02, 41.224 ], [ 41.121, 41.286 ], [ 41.25740115930062, 41.182889746899008 ], [ 41.303333760868234, 41.013292448803213 ], [ 41.483530890095018, 40.787162718008815 ], [ 41.253867882256948, 40.645831636262329 ], [ 40.702676663445608, 40.508033831559494 ], [ 40.465947101520229, 40.352569641638347 ], [ 40.098486288979338, 40.306637040070733 ], [ 39.543761793124332, 40.402035520249619 ], [ 39.314098785286269, 40.370236026856659 ], [ 37.932587461214261, 40.465634507035546 ], [ 38.042119049567802, 40.152939488671414 ], [ 38.183450131314309, 40.108773525625637 ], [ 38.338914321235457, 39.861444132569268 ], [ 38.398980030977711, 39.069990074788883 ], [ 38.356580706453762, 38.872126560343787 ], [ 38.374969801759498, 38.712604384681576 ], [ 38.233303905329173, 38.568047347507786 ], [ 38.140787401537899, 38.605632177172922 ], [ 37.510518719460109, 38.648999288325058 ], [ 37.287900882212455, 38.599849895685963 ], [ 37.053718481990892, 38.648999288325065 ], [ 36.223961088613251, 38.533353658586023 ], [ 35.096416198657579, 37.929105243199523 ], [ 35.044375665275005, 37.799003909743099 ], [ 35.047266806018484, 37.674684857773627 ], [ 35.160021295014047, 37.533018961343302 ], [ 34.762072639937657, 37.352195998139472 ], [ 34.47972929965276, 36.892080925082603 ], [ 34.472324453170167, 36.71436460856544 ], [ 34.276, 36.587 ], [ 34.077, 36.414 ] ] ], [ [ [ 26.38, 39.283 ], [ 26.471, 39.225 ], [ 26.612, 39.049 ], [ 26.424, 38.967 ], [ 26.166, 39.022 ], [ 26.109, 39.093 ], [ 26.293, 39.177 ], [ 26.173, 39.195 ], [ 26.043, 39.093 ], [ 25.835, 39.18 ], [ 25.859, 39.259 ], [ 26.163, 39.324 ], [ 26.164, 39.379 ], [ 26.343, 39.383 ], [ 26.38, 39.283 ] ] ], [ [ [ 26.012, 40.167 ], [ 25.766, 40.097 ], [ 25.663, 40.126 ], [ 25.759, 40.207 ], [ 25.913, 40.241 ], [ 26.012, 40.167 ] ] ], [ [ [ 25.576, 40.515 ], [ 25.691, 40.448 ], [ 25.589, 40.398 ], [ 25.462, 40.482 ], [ 25.576, 40.515 ] ] ], [ [ [ 27.605, 40.577 ], [ 27.526, 40.639 ], [ 27.658, 40.653 ], [ 27.605, 40.577 ] ] ], [ [ [ 24.642, 40.571 ], [ 24.517, 40.639 ], [ 24.533, 40.718 ], [ 24.642, 40.804 ], [ 24.786, 40.735 ], [ 24.782, 40.62 ], [ 24.642, 40.571 ] ] ], [ [ [ 20.536833898899772, 39.633843931298422 ], [ 20.494923557125734, 39.858836292401151 ], [ 20.406691258654075, 39.909569864022359 ], [ 20.31, 39.99 ], [ 20.433, 40.064 ], [ 20.64, 40.09 ], [ 20.707, 40.288 ], [ 20.827, 40.465 ], [ 20.912, 40.46 ], [ 21.014, 40.549 ], [ 21.037, 40.64 ], [ 20.944, 40.765 ], [ 20.965, 40.849 ], [ 20.94, 40.907 ], [ 20.766, 40.894 ], [ 20.664, 41.059 ], [ 20.577, 41.094 ], [ 20.478, 41.32 ], [ 20.54, 41.401 ], [ 20.444, 41.55 ], [ 20.529, 41.575 ], [ 20.5, 41.734 ], [ 20.567, 41.873 ], [ 20.681, 41.844 ], [ 20.75, 41.907 ], [ 20.765, 42.064 ], [ 21.098, 42.196 ], [ 21.144562202852516, 42.161625965728923 ], [ 21.287137762047795, 42.057898534468158 ], [ 21.497529496606369, 42.255914284640923 ], [ 21.621289340464351, 42.367298144113107 ], [ 21.667335629116856, 42.487814200929741 ], [ 21.662937938594361, 42.610949535559506 ], [ 21.555194520793314, 42.69450565548685 ], [ 21.293531934705062, 42.738482560711766 ], [ 21.26274810104762, 42.830834061684094 ], [ 21.130817385372868, 42.879208657431505 ], [ 21.095635861192935, 42.984753229971304 ], [ 20.959307454995692, 43.125479326691035 ], [ 20.839, 43.17 ], [ 20.699843714168683, 43.187046994005918 ], [ 20.598, 43.185 ], [ 20.669, 43.11 ], [ 20.596, 43.007 ], [ 20.476, 42.966 ], [ 20.476, 42.856 ], [ 20.345, 42.827 ], [ 20.183, 42.743 ], [ 20.311497659634053, 42.687011074079543 ], [ 20.484761441035225, 42.521997948935571 ], [ 20.501, 42.211 ], [ 20.333, 42.318 ], [ 20.23, 42.327 ], [ 20.2, 42.428 ], [ 19.972025932696301, 42.536188796677166 ], [ 19.87087905067899, 42.575768011379587 ], [ 19.822504454931583, 42.663721821829427 ], [ 19.699, 42.655 ], [ 19.422314617384838, 42.593358773469554 ], [ 19.259600068052645, 42.360281175777494 ], [ 19.272, 42.181 ], [ 19.375, 42.095 ], [ 19.365, 41.852 ], [ 19.17, 41.938 ], [ 19.139, 42.042 ], [ 18.872, 42.29 ], [ 18.779, 42.271 ], [ 18.827002580054636, 42.468290480397187 ], [ 18.662261306398126, 42.585712452045975 ], [ 18.432675063323625, 42.597980419233167 ], [ 18.467, 42.769 ], [ 18.465268708013255, 42.895958590451997 ], [ 18.506387105255026, 43.029006691175866 ], [ 18.632248617800919, 43.024740199225164 ], [ 18.681313275234064, 43.058872134830828 ], [ 18.600249928170609, 43.129269252017515 ], [ 18.659980815480523, 43.21459909103168 ], [ 18.854106199237751, 43.355393325405053 ], [ 19.001300171537189, 43.231665058834515 ], [ 19.067430796773166, 43.235931550785224 ], [ 19.026899123241435, 43.41939070466568 ], [ 18.928769808375147, 43.462055624172763 ], [ 18.945835776177979, 43.538852479285509 ], [ 19.103695978354185, 43.543118971236218 ], [ 19.233823982850797, 43.504720543679852 ], [ 19.35968549539669, 43.564451430989763 ], [ 19.482, 43.561 ], [ 19.538853416230875, 43.600429903120144 ], [ 19.534455725708384, 43.749951380884859 ], [ 19.462, 43.762 ], [ 19.385284447100933, 43.867372359490055 ], [ 19.229557490900081, 43.961235182405638 ], [ 19.218891261023309, 44.035898791543033 ], [ 19.361818741372037, 43.956968690454929 ], [ 19.50687946769612, 43.967634920331697 ], [ 19.619, 44.036 ], [ 19.362, 44.191 ], [ 19.324, 44.264 ], [ 19.177, 44.287 ], [ 19.107, 44.383 ], [ 19.13, 44.518 ], [ 19.328, 44.734 ], [ 19.369, 44.887 ], [ 19.551164191311237, 44.99043584268771 ], [ 19.708192660106306, 44.91733638307619 ], [ 19.778584732324791, 44.760307914281107 ], [ 19.91395410197573, 44.70074539163469 ], [ 20.439187256221359, 44.662841968132433 ], [ 20.623289598946631, 44.603279445486017 ], [ 21.338039870703572, 44.825285211713556 ], [ 22.017594106351261, 44.652012418560354 ], [ 22.093400953355786, 44.50039872455131 ], [ 22.337065818727471, 44.673671517704506 ], [ 22.765, 44.583 ], [ 22.621, 44.569 ], [ 22.484, 44.5 ], [ 22.505, 44.404 ], [ 22.682, 44.305 ], [ 22.692, 44.228 ], [ 22.606, 44.175 ], [ 22.605, 44.079 ], [ 22.4, 43.993 ], [ 22.328367346212673, 43.876794925037444 ], [ 22.349, 43.808 ], [ 22.473, 43.636 ], [ 22.519, 43.474 ], [ 22.773935084967487, 43.378562663489262 ], [ 22.875081966984794, 43.321392686696875 ], [ 22.866286585939811, 43.17187120893216 ], [ 22.725560489220079, 43.004758969077479 ], [ 22.505675963095499, 42.923401694411382 ], [ 22.404529081078191, 42.853038646051516 ], [ 22.481, 42.74 ], [ 22.402330235816947, 42.641949500971918 ], [ 22.270399520142199, 42.545200309477103 ], [ 22.270399520142199, 42.435258046414809 ], [ 22.345, 42.313 ], [ 22.469364438156273, 42.193168935922827 ], [ 22.561715939128597, 42.157987411742887 ], [ 22.90473579988295, 42.083226672860533 ], [ 23.035017381611777, 42.120607042301714 ], [ 23.327463801357474, 42.109612815995462 ], [ 23.465991052815962, 42.186572400139063 ], [ 23.621970049486009, 42.411632457717829 ], [ 23.909331972747317, 42.553699026521173 ], [ 24.367819535703561, 42.556927812175793 ], [ 24.56154667498085, 42.618274739613604 ], [ 25.071694808411035, 42.621503525268224 ], [ 25.213761377214379, 42.579529311758144 ], [ 25.359056731672343, 42.624732310922859 ], [ 25.539868728331143, 42.585986883067399 ], [ 26.075847146998299, 42.779714022344685 ], [ 26.34060757067726, 42.818459450200145 ], [ 26.702231563994861, 42.902407877220298 ], [ 27.800018686566148, 42.792629164963159 ], [ 27.892, 42.711 ], [ 27.743, 42.716 ], [ 27.628, 42.629 ], [ 27.65, 42.558 ], [ 27.511, 42.553 ], [ 27.453, 42.465 ], [ 27.629, 42.459 ], [ 27.78, 42.339 ], [ 27.751, 42.277 ], [ 27.987, 42.072 ], [ 28.017, 41.973 ], [ 28.045, 41.89 ], [ 27.972, 41.822 ], [ 28.083, 41.645 ], [ 28.233, 41.519 ], [ 28.384, 41.447 ], [ 28.908, 41.267 ], [ 29.109, 41.235 ], [ 28.982, 41.002 ], [ 28.822, 40.962 ], [ 28.595, 40.978 ], [ 28.237, 41.085 ], [ 28.013, 41.041 ], [ 27.959, 40.975 ], [ 27.738, 41.013 ], [ 27.524, 40.989 ], [ 27.425, 40.831 ], [ 27.178, 40.633 ], [ 27.048, 40.612 ], [ 26.683, 40.455 ], [ 26.617, 40.36 ], [ 26.346, 40.2 ], [ 26.376, 40.154 ], [ 26.157, 40.055 ], [ 26.26, 40.194 ], [ 26.21, 40.322 ], [ 26.596, 40.51 ], [ 26.829, 40.602 ], [ 26.79, 40.661 ], [ 26.506, 40.599 ], [ 26.077, 40.612 ], [ 26.044, 40.738 ], [ 25.952, 40.846 ], [ 25.538, 40.87 ], [ 25.3, 40.952 ], [ 25.039, 41.006 ], [ 24.802, 40.853 ], [ 24.635, 40.859 ], [ 24.567, 40.952 ], [ 24.392, 40.936 ], [ 24.341, 40.831 ], [ 24.11, 40.728 ], [ 23.809, 40.78 ], [ 23.692, 40.695 ], [ 23.907, 40.525 ], [ 23.819, 40.488 ], [ 23.964, 40.379 ], [ 24.011, 40.449 ], [ 24.109, 40.357 ], [ 24.233, 40.317 ], [ 24.383, 40.179 ], [ 24.3, 40.128 ], [ 24.169, 40.275 ], [ 23.923, 40.369 ], [ 23.7, 40.326 ], [ 23.779, 40.203 ], [ 23.991, 40.119 ], [ 23.991, 39.954 ], [ 23.785, 40.067 ], [ 23.675, 40.218 ], [ 23.398, 40.278 ], [ 23.338, 40.208 ], [ 23.499, 40.042 ], [ 23.67, 39.986 ], [ 23.703, 39.913 ], [ 23.471, 39.972 ], [ 23.361, 39.961 ], [ 23.299, 40.235 ], [ 23.029, 40.326 ], [ 22.898, 40.402 ], [ 22.822, 40.502 ], [ 22.983, 40.553 ], [ 22.91, 40.645 ], [ 22.75, 40.523 ], [ 22.579, 40.468 ], [ 22.661, 40.369 ], [ 22.553, 40.167 ], [ 22.571, 40.054 ], [ 22.71, 39.957 ], [ 22.859, 39.773 ], [ 22.925, 39.6 ], [ 23.102, 39.497 ], [ 23.271, 39.323 ], [ 23.344, 39.18 ], [ 23.101, 39.105 ], [ 23.212, 39.19 ], [ 23.151, 39.285 ], [ 22.936, 39.361 ], [ 22.843, 39.288 ], [ 22.854, 39.159 ], [ 22.95960933987757, 39.102578495844192 ], [ 22.755524669500645, 39.008747820224045 ], [ 22.645191009712654, 39.079238769533035 ], [ 22.482755343913674, 39.079238769533035 ], [ 22.265152848220694, 38.981164405277049 ], [ 21.983189050984723, 39.017942291873041 ], [ 21.900438806143733, 39.12521112777803 ], [ 21.805429265770744, 39.14360007107603 ], [ 21.639928776088759, 39.284581969694017 ], [ 21.480557934172776, 39.284581969694017 ], [ 21.287474029543798, 39.177313133789028 ], [ 21.16, 38.998 ], [ 21.085, 39.063 ], [ 21.003, 39.015 ], [ 20.834, 39.108 ], [ 20.867705018168493, 39.223563743405208 ], [ 20.797119179391167, 39.382381880654194 ], [ 20.675799768992633, 39.481643216434811 ], [ 20.536833898899772, 39.633843931298422 ] ] ] ] } },
{ "type": "Feature", "properties": { "id": "sulu", "colorId": "sulu", "name": "Сулу", "parent": null }, "geometry": { "type": "MultiPolygon", "coordinates": [ [ [ [ 117.665, 3.983 ], [ 117.594, 4.064 ], [ 117.661, 4.149 ], [ 117.699, 4.111 ], [ 117.741, 4.026 ], [ 117.665, 3.983 ] ] ], [ [ [ 117.644, 4.215 ], [ 117.702, 4.268 ], [ 117.907, 4.157 ], [ 117.935, 4.06 ], [ 117.839, 4.04 ], [ 117.704, 4.163 ], [ 117.644, 4.215 ] ] ], [ [ [ 118.476, 4.694 ], [ 118.51, 4.649 ], [ 118.572, 4.601 ], [ 118.346, 4.67 ], [ 118.476, 4.694 ] ] ], [ [ [ 115.249, 5.365 ], [ 115.259, 5.291 ], [ 115.159, 5.252 ], [ 115.249, 5.365 ] ] ], [ [ [ 115.404, 5.424 ], [ 115.55, 5.54 ], [ 115.585, 5.616 ], [ 115.674, 5.529 ], [ 115.849, 5.56 ], [ 115.92, 5.747 ], [ 116.051, 5.842 ], [ 116.142, 6.073 ], [ 116.106, 6.126 ], [ 116.293, 6.276 ], [ 116.348, 6.38 ], [ 116.503, 6.495 ], [ 116.645, 6.717 ], [ 116.669, 6.876 ], [ 116.777, 7.027 ], [ 116.832, 6.973 ], [ 117.029, 6.91 ], [ 117.144, 7.004 ], [ 117.257, 6.938 ], [ 117.228, 6.838 ], [ 117.309, 6.629 ], [ 117.442, 6.553 ], [ 117.534, 6.621 ], [ 117.558, 6.54 ], [ 117.641, 6.522 ], [ 117.744, 6.39 ], [ 117.723, 6.255 ], [ 117.6, 6.198 ], [ 117.675, 5.989 ], [ 117.774, 5.908 ], [ 117.884, 5.955 ], [ 118.017, 6.061 ], [ 118.125, 5.864 ], [ 118.059, 5.809 ], [ 117.908, 5.785 ], [ 117.965, 5.686 ], [ 118.134, 5.69 ], [ 118.161, 5.793 ], [ 118.262, 5.828 ], [ 118.411, 5.796 ], [ 118.594, 5.682 ], [ 118.737, 5.548 ], [ 118.919, 5.455 ], [ 118.948, 5.389 ], [ 119.205, 5.443 ], [ 119.274, 5.361 ], [ 119.267, 5.201 ], [ 119.156, 5.106 ], [ 118.681, 4.944 ], [ 118.585, 4.972 ], [ 118.509, 4.931 ], [ 118.357, 5.039 ], [ 118.217, 4.966 ], [ 118.136, 4.882 ], [ 118.219, 4.756 ], [ 118.334, 4.652 ], [ 118.49, 4.575 ], [ 118.645, 4.444 ], [ 118.543, 4.36 ], [ 118.137, 4.299 ], [ 118.005, 4.232 ], [ 117.892, 4.257 ], [ 117.73, 4.355 ], [ 117.671, 4.426 ], [ 117.606, 4.382 ], [ 117.652, 4.285 ], [ 117.567, 4.16 ], [ 117.508, 4.123 ], [ 117.373, 4.17 ], [ 117.396, 4.099 ], [ 117.52, 4.049 ], [ 117.777, 3.799 ], [ 117.734, 3.752 ], [ 117.826, 3.704 ], [ 117.749, 3.637 ], [ 117.547, 3.664 ], [ 117.469, 3.792 ], [ 117.524, 3.625 ], [ 117.091, 3.646 ], [ 116.831567092705868, 3.735620772565784 ], [ 116.577, 4.332 ], [ 116.527343733248173, 4.579410090306855 ], [ 116.516558893268879, 4.685667942062344 ], [ 116.213301215558886, 5.062125748874758 ], [ 115.605, 5.212 ], [ 115.49, 5.223 ], [ 115.36, 5.32 ], [ 115.404, 5.424 ] ] ], [ [ [ 117.064, 7.271 ], [ 117.171, 7.343 ], [ 117.27, 7.349 ], [ 117.247, 7.183 ], [ 117.153, 7.173 ], [ 117.072, 7.102 ], [ 117.064, 7.271 ] ] ], [ [ [ 116.886, 7.229 ], [ 117.003, 7.356 ], [ 117.02, 7.295 ], [ 116.886, 7.229 ] ] ], [ [ [ 119.497, 4.734 ], [ 119.457, 4.656 ], [ 119.435, 4.903 ], [ 119.483, 4.851 ], [ 119.497, 4.734 ] ] ], [ [ [ 119.813, 5.123 ], [ 119.965, 5.223 ], [ 120.087, 5.259 ], [ 120.199, 5.35 ], [ 120.252, 5.267 ], [ 120.227, 5.129 ], [ 120.121, 5.218 ], [ 119.954, 5.076 ], [ 119.83, 5.049 ], [ 119.813, 5.123 ] ] ], [ [ [ 121.382, 6.006 ], [ 121.419, 5.948 ], [ 121.281, 5.859 ], [ 121.228, 5.942 ], [ 121.081, 5.888 ], [ 121.008, 5.924 ], [ 120.934, 5.886 ], [ 120.872, 5.961 ], [ 121.042, 6.097 ], [ 121.179, 6.064 ], [ 121.218, 5.999 ], [ 121.382, 6.006 ] ] ], [ [ [ 121.902, 6.034 ], [ 121.868, 6.0 ], [ 121.777, 6.077 ], [ 121.902, 6.034 ] ] ], [ [ [ 120.588, 6.381 ], [ 120.583, 6.261 ], [ 120.495, 6.249 ], [ 120.588, 6.381 ] ] ], [ [ [ 122.189, 6.451 ], [ 121.962, 6.405 ], [ 121.814, 6.593 ], [ 121.839, 6.669 ], [ 121.94, 6.677 ], [ 122.067, 6.741 ], [ 122.297, 6.633 ], [ 122.189, 6.451 ] ] ] ] } },
{ "type": "Feature", "properties": { "id": "brunei1363", "colorId": "brunei", "name": "Бруней", "parent": null }, "geometry": { "type": "MultiPolygon", "coordinates": [ [ [ [ 113.999, 4.601 ], [ 114.252, 4.593 ], [ 114.529, 4.694 ], [ 114.723, 4.876 ], [ 115.058, 5.054 ], [ 114.982, 4.889 ], [ 115.03, 4.821 ], [ 115.146, 4.909 ], [ 115.199, 4.951 ], [ 115.358, 4.903 ], [ 115.557, 5.067 ], [ 115.605, 5.212 ], [ 116.213301215558886, 5.062125748874758 ], [ 116.516558893268879, 4.685667942062344 ], [ 116.527343733248173, 4.579410090306855 ], [ 116.34620307879571, 4.456131318821712 ], [ 116.287588321948661, 4.325110097634186 ], [ 116.046233440813751, 4.238911925800287 ], [ 115.801430632805477, 3.873431677224555 ], [ 115.408099795432335, 3.566751682925451 ], [ 114.697012827008891, 3.221665360014072 ], [ 114.174154761991645, 3.022979295307521 ], [ 113.640839535674061, 2.594235681993383 ], [ 113.327124696663716, 2.437378262488211 ], [ 112.872238180098719, 2.32757806883459 ], [ 112.511466115236814, 2.19686355258028 ], [ 112.250037082728198, 2.19686355258028 ], [ 111.863122114615436, 2.568092778742522 ], [ 111.556197620075579, 2.762348783968466 ], [ 111.67, 2.843 ], [ 112.014, 2.886 ], [ 113.008, 3.162 ], [ 113.069, 3.279 ], [ 113.278, 3.484 ], [ 113.434, 3.753 ], [ 113.737, 4.001 ], [ 113.947, 4.274 ], [ 113.999, 4.601 ] ] ] ] } },
{ "type": "Feature", "properties": { "id": "malwa1398", "colorId": "malwa", "name": "Малва", "parent": null }, "geometry": { "type": "MultiPolygon", "coordinates": [ [ [ [ 76.273666050912752, 24.853530035321146 ], [ 76.721102926197133, 24.933928848848808 ], [ 77.021724576778823, 25.206585694725227 ], [ 77.014733375602503, 25.496720543542441 ], [ 76.860926949723492, 25.674996173538563 ], [ 76.65119091443394, 25.947653019414979 ], [ 76.847039150184344, 26.000269554113057 ], [ 77.127613781675436, 26.196333754432136 ], [ 77.458894671869757, 26.280844185604156 ], [ 77.654958872188857, 26.142247078482047 ], [ 77.965957258901881, 26.013791223100579 ], [ 78.118076035011512, 25.881954950472231 ], [ 78.216108135171041, 25.432359456637098 ], [ 78.540628190871587, 25.12136106992407 ], [ 78.871909081065894, 24.992905214542603 ], [ 79.11191870559442, 24.817123517704815 ], [ 79.612220458132768, 24.23569175124133 ], [ 80.180130555608727, 23.819900429874998 ], [ 80.355067148134822, 23.764968649613191 ], [ 80.466638956409739, 23.533940813291039 ], [ 80.421196148763642, 23.450046399175218 ], [ 80.422943949057711, 23.325952578295563 ], [ 80.587237176701194, 22.878515703011185 ], [ 80.720069999051233, 22.081518768910882 ], [ 80.721817799345331, 21.793131720387755 ], [ 80.463143355821558, 21.28277403451651 ], [ 80.323319332295185, 20.725225740705117 ], [ 80.041807504605018, 20.39141218751514 ], [ 79.69233552266823, 20.690154365622405 ], [ 79.427413213780639, 21.033989702689258 ], [ 79.061031297233981, 21.197452403917762 ], [ 78.232444501351566, 21.332731880796523 ], [ 77.933702323244304, 21.422918198715699 ], [ 77.281552001005394, 21.465098804668838 ], [ 76.573110290525932, 21.340810785286479 ], [ 76.520287882288414, 21.598708425504867 ], [ 76.361820657575919, 21.738532447310025 ], [ 75.939241391675878, 21.828641261362229 ], [ 75.68445095194204, 21.791354855547521 ], [ 74.898329229348619, 21.859713266207823 ], [ 74.767826808997143, 21.99332288704386 ], [ 74.767826808997114, 22.394151749551966 ], [ 74.631109987676524, 22.69244299606963 ], [ 74.447785159087545, 22.894411027565965 ], [ 74.034527494641196, 23.118129462454213 ], [ 73.795273057330149, 23.270382286197606 ], [ 74.009037228145019, 23.336354411619258 ], [ 74.155852452847711, 23.488413037204186 ], [ 74.250233668728015, 23.496278138527543 ], [ 74.38394039122511, 23.616876358819034 ], [ 74.494051809752122, 23.805638790579632 ], [ 74.887306875920032, 24.219867460276497 ], [ 75.081666250350438, 24.343172349449912 ], [ 75.277419883287379, 24.507465577093384 ], [ 75.749325962688872, 24.699723609442138 ], [ 76.273666050912752, 24.853530035321146 ] ] ] ] } },
{ "type": "Feature", "properties": { "id": "timurid1361", "colorId": "afghan", "name": "Тимуриды", "parent": null }, "geometry": { "type": "MultiPolygon", "coordinates": [ [ [ [ 70.221130941738707, 31.941761054933167 ], [ 69.996023971652534, 31.359296769835218 ], [ 69.990396297400395, 30.599560745794406 ], [ 69.821566069835768, 30.00865494931822 ], [ 69.106851439812175, 29.676622168441124 ], [ 68.448413552310143, 29.676622168441124 ], [ 68.122008445685196, 29.614717751667428 ], [ 67.750581945043024, 29.451515198354958 ], [ 67.50853839480898, 29.072004177840551 ], [ 67.461532841437801, 28.58236299689079 ], [ 67.508538394808966, 28.296412547216125 ], [ 67.289179145743475, 27.900782473008718 ], [ 67.332267569667053, 27.646169058914843 ], [ 67.140328226734752, 27.340632962002196 ], [ 67.203002297896319, 27.035096865089546 ], [ 67.140328226734752, 26.486698742425816 ], [ 67.465449970885388, 25.997057561476055 ], [ 67.418444417514209, 25.718941370696591 ], [ 67.144245356182353, 25.327228425936781 ], [ 67.014980084411619, 25.033443717366925 ], [ 66.68, 24.831 ], [ 66.718, 25.231 ], [ 66.548, 25.366 ], [ 66.587, 25.426 ], [ 66.437, 25.598 ], [ 66.258, 25.612 ], [ 66.094, 25.475 ], [ 66.336, 25.553 ], [ 66.484, 25.401 ], [ 66.36, 25.465 ], [ 66.252, 25.473 ], [ 65.858, 25.418 ], [ 65.672, 25.347 ], [ 65.395, 25.392 ], [ 65.232, 25.371 ], [ 65.155, 25.296 ], [ 64.807, 25.329 ], [ 64.719, 25.314 ], [ 64.669, 25.207 ], [ 64.518, 25.276 ], [ 64.439, 25.235 ], [ 64.361, 25.283 ], [ 64.067, 25.346 ], [ 63.944, 25.335 ], [ 63.805, 25.375 ], [ 63.573, 25.365 ], [ 63.485, 25.284 ], [ 63.5, 25.194 ], [ 63.178, 25.258 ], [ 63.028, 25.22 ], [ 62.771, 25.262 ], [ 62.477, 25.259 ], [ 62.489, 25.214 ], [ 62.343, 25.155 ], [ 62.381, 25.088 ], [ 62.256, 25.099 ], [ 62.318, 25.142 ], [ 62.254, 25.212 ], [ 62.145, 25.218 ], [ 62.059, 25.162 ], [ 62.097, 25.107 ], [ 61.881, 25.103 ], [ 61.847, 25.038 ], [ 61.72, 25.037 ], [ 61.78, 25.191 ], [ 61.588, 25.202 ], [ 61.483, 25.194 ], [ 61.497, 25.125 ], [ 61.412, 25.059 ], [ 61.185, 25.123 ], [ 61.031, 25.21 ], [ 60.728984571369729, 25.25932394421832 ], [ 60.728987043627129, 25.616964842331811 ], [ 60.557434485934088, 26.222164143082264 ], [ 60.619384020656561, 27.027508094474602 ], [ 60.352524486467388, 28.047292742983238 ], [ 60.133318440526288, 28.64772669490889 ], [ 59.542415186250253, 29.295814135082605 ], [ 59.332739837958762, 29.934370877606703 ], [ 59.332739837958762, 30.668234596626938 ], [ 59.227902163813006, 31.411629013296789 ], [ 58.227178910603598, 32.517189940651946 ], [ 57.84595100461906, 32.784049474841126 ], [ 57.350354726839164, 33.289176450270638 ], [ 56.235263101834391, 34.947517841303366 ], [ 55.701544033456038, 35.262030863740605 ], [ 55.110640779180002, 35.51935970028017 ], [ 54.538798920203199, 35.624197374425918 ], [ 54.119448223620211, 35.929179699213549 ], [ 53.609, 36.877 ], [ 53.701, 36.817 ], [ 53.889, 36.794 ], [ 54.014, 36.821 ], [ 54.034, 36.949 ], [ 53.914, 37.343 ], [ 53.875846642450838, 37.515333002146654 ], [ 55.404961988664432, 38.243890702360488 ], [ 55.936695718270705, 38.499133832224338 ], [ 56.596183168054665, 38.673869823192739 ], [ 58.186865194222094, 39.216672868606999 ], [ 59.088121879041651, 39.34850568941193 ], [ 60.06273587391621, 39.528308690562788 ], [ 60.978096607047874, 39.536481554251466 ], [ 61.975185977066303, 39.732630282779681 ], [ 61.775245181521889, 40.219823734983812 ], [ 61.736858320073743, 40.824384279496172 ], [ 62.3858379107715, 40.617829791923832 ], [ 63.059673653238903, 40.270043602263236 ], [ 64.233452043343419, 40.154114872376368 ], [ 66.341905818160768, 40.32800796720668 ], [ 67.762032759274859, 40.813459523607925 ], [ 68.589429930145783, 41.136514627521038 ], [ 68.980188533779923, 40.993554162776825 ], [ 69.39000853271331, 40.612326256792286 ], [ 69.394773881538114, 40.326405327303881 ], [ 69.609214578654417, 40.226333001982937 ], [ 69.642572020428062, 40.040484397815476 ], [ 70.119106902908726, 39.587776259458842 ], [ 70.414558530046747, 39.011169051657234 ], [ 70.986400389023558, 38.644237192147116 ], [ 71.05, 38.409 ], [ 71.334, 38.281 ], [ 71.365, 38.207 ], [ 71.258, 37.926 ], [ 71.341, 37.893 ], [ 71.501, 37.946 ], [ 71.598, 37.898 ], [ 71.538, 37.779 ], [ 71.497, 37.567 ], [ 71.487, 37.267 ], [ 71.431, 37.067 ], [ 71.463, 36.948 ], [ 71.611, 36.705 ], [ 72.291422145257556, 36.040936364476359 ], [ 72.706420121447422, 35.54047092218623 ], [ 72.908698498017628, 35.31060913062916 ], [ 73.090289313347668, 34.984205386618193 ], [ 73.223609152450777, 34.892260669995359 ], [ 73.026857551267724, 34.579211429233432 ], [ 72.993214209977154, 34.529726895272482 ], [ 73.01857911189191, 33.966062408277644 ], [ 73.089037172766268, 33.74059661347971 ], [ 72.987577565107202, 33.489765916767006 ], [ 73.049580658676632, 33.34603147258332 ], [ 72.639120444327759, 33.511332121764632 ], [ 72.053182588379286, 33.521611733272501 ], [ 71.230813667749857, 33.346858337638743 ], [ 70.809349595927273, 32.976792323355497 ], [ 70.480402027675524, 32.519349611255414 ], [ 70.221130941738707, 31.941761054933167 ] ] ] ] } },
{ "type": "Feature", "properties": { "id": "majapahit1406", "colorId": "majapahit", "name": "Маджапахит", "parent": null }, "geometry": { "type": "MultiPolygon", "coordinates": [ [ [ [ 114.858, -8.193 ], [ 115.023, -8.173 ], [ 115.136, -8.073 ], [ 115.216, -8.06 ], [ 115.502, -8.173 ], [ 115.619, -8.289 ], [ 115.714, -8.375 ], [ 115.605, -8.501 ], [ 115.323, -8.624 ], [ 115.212, -8.728 ], [ 115.236, -8.82 ], [ 115.094, -8.818 ], [ 115.186, -8.722 ], [ 115.156, -8.662 ], [ 114.927, -8.467 ], [ 114.797, -8.405 ], [ 114.639, -8.399 ], [ 114.468, -8.219 ], [ 114.452, -8.095 ], [ 114.691, -8.135 ], [ 114.858, -8.193 ] ] ], [ [ [ 108.673, -7.721 ], [ 108.835, -6.788 ], [ 108.923, -6.845 ], [ 109.001, -6.789 ], [ 109.143, -6.856 ], [ 109.352, -6.876 ], [ 109.532, -6.835 ], [ 109.726, -6.863 ], [ 109.896, -6.918 ], [ 110.198, -6.891 ], [ 110.356, -6.973 ], [ 110.472, -6.946 ], [ 110.572, -6.836 ], [ 110.645, -6.688 ], [ 110.671, -6.5 ], [ 110.925, -6.404 ], [ 111.052, -6.457 ], [ 111.157, -6.692 ], [ 111.429, -6.699 ], [ 111.493, -6.623 ], [ 111.61, -6.665 ], [ 111.74, -6.782 ], [ 111.882, -6.809 ], [ 111.976, -6.785 ], [ 112.068, -6.894 ], [ 112.193, -6.905 ], [ 112.364, -6.871 ], [ 112.604, -6.905 ], [ 112.583, -6.99 ], [ 112.666, -7.055 ], [ 112.611, -7.079 ], [ 112.684, -7.175 ], [ 112.604, -7.193 ], [ 112.701, -7.255 ], [ 112.784, -7.205 ], [ 112.823, -7.263 ], [ 112.761, -7.531 ], [ 112.845, -7.593 ], [ 113.037, -7.655 ], [ 113.133, -7.728 ], [ 113.299, -7.789 ], [ 113.529, -7.7 ], [ 113.804, -7.722 ], [ 113.945, -7.678 ], [ 114.016, -7.618 ], [ 114.14, -7.701 ], [ 114.259, -7.7 ], [ 114.467, -7.831 ], [ 114.447, -8.014 ], [ 114.359, -8.409 ], [ 114.377, -8.519 ], [ 114.423, -8.465 ], [ 114.461, -8.618 ], [ 114.589, -8.664 ], [ 114.597, -8.776 ], [ 114.367, -8.741 ], [ 114.385, -8.665 ], [ 114.303, -8.612 ], [ 114.197, -8.646 ], [ 113.98, -8.62 ], [ 113.814, -8.508 ], [ 113.72, -8.525 ], [ 113.64, -8.459 ], [ 113.414, -8.39 ], [ 113.346, -8.324 ], [ 113.198, -8.277 ], [ 112.987, -8.324 ], [ 112.903, -8.404 ], [ 112.834, -8.376 ], [ 112.673, -8.447 ], [ 112.442, -8.392 ], [ 112.342, -8.333 ], [ 111.927, -8.303 ], [ 111.792, -8.257 ], [ 111.673, -8.368 ], [ 111.631, -8.324 ], [ 111.449, -8.313 ], [ 111.442, -8.276 ], [ 111.266, -8.249 ], [ 111.171, -8.283 ], [ 111.058, -8.255 ], [ 110.691, -8.176 ], [ 110.477, -8.112 ], [ 110.034, -7.885 ], [ 109.906, -7.838 ], [ 109.657, -7.782 ], [ 109.426, -7.774 ], [ 109.369, -7.713 ], [ 109.098, -7.687 ], [ 109.014, -7.733 ], [ 108.89, -7.679 ], [ 108.803931944879409, -7.695658388467193 ], [ 108.673, -7.721 ] ] ] ] } },
{ "type": "Feature", "properties": { "id": "arag_sicily1282", "colorId": "aragon", "name": null, "parent": "aragon1134" }, "geometry": { "type": "MultiPolygon", "coordinates": [ [ [ [ 14.528, 35.801 ], [ 14.343, 35.881 ], [ 14.322, 35.973 ], [ 14.428, 35.966 ], [ 14.548, 35.89 ], [ 14.528, 35.801 ] ] ], [ [ [ 13.453, 37.299 ], [ 13.174, 37.487 ], [ 13.026, 37.493 ], [ 12.943, 37.569 ], [ 12.659, 37.565 ], [ 12.489, 37.683 ], [ 12.427, 37.809 ], [ 12.504, 38.011 ], [ 12.725, 38.126 ], [ 12.761, 38.181 ], [ 12.901, 38.028 ], [ 13.027, 38.062 ], [ 13.101, 38.19 ], [ 13.318, 38.221 ], [ 13.391, 38.103 ], [ 13.514, 38.111 ], [ 13.547, 38.056 ], [ 13.791, 37.974 ], [ 14.021, 38.049 ], [ 14.273, 38.015 ], [ 14.635, 38.081 ], [ 14.734, 38.158 ], [ 14.907, 38.188 ], [ 15.088, 38.128 ], [ 15.241, 38.241 ], [ 15.292, 38.207 ], [ 15.529, 38.303 ], [ 15.584, 38.24 ], [ 15.5, 38.085 ], [ 15.207, 37.748 ], [ 15.164, 37.568 ], [ 15.097, 37.494 ], [ 15.111, 37.322 ], [ 15.252, 37.258 ], [ 15.183, 37.207 ], [ 15.303, 37.101 ], [ 15.332, 37.012 ], [ 15.175, 36.944 ], [ 15.094, 36.8 ], [ 15.135, 36.688 ], [ 15.074, 36.659 ], [ 14.882, 36.731 ], [ 14.781, 36.699 ], [ 14.487, 36.793 ], [ 14.395, 36.945 ], [ 14.279, 37.044 ], [ 14.089, 37.118 ], [ 13.894, 37.101 ], [ 13.683, 37.189 ], [ 13.569, 37.274 ], [ 13.453, 37.299 ] ] ] ] } },
{ "type": "Feature", "properties": { "id": "mapuche", "colorId": null, "name": "мапуче", "parent": null }, "geometry": { "type": "MultiPolygon", "coordinates": [ [ [ [ -73.002, -36.714 ], [ -72.832, -36.308 ], [ -72.838, -36.179 ], [ -72.78, -35.953 ], [ -72.598, -35.81 ], [ -72.647, -35.567 ], [ -72.53, -35.49 ], [ -72.398, -35.233 ], [ -72.231, -35.116 ], [ -72.188, -34.886 ], [ -72.057, -34.659 ], [ -72.048, -34.404 ], [ -71.995, -34.37 ], [ -72.027, -34.163 ], [ -71.86, -33.912 ], [ -71.808, -33.777 ], [ -71.688, -33.721 ], [ -71.625, -33.541 ], [ -71.706, -33.434 ], [ -71.672, -33.359 ], [ -71.762, -33.102 ], [ -71.568, -33.002 ], [ -71.518, -32.873 ], [ -71.548, -32.796 ], [ -71.446, -32.643 ], [ -71.477, -32.535 ], [ -71.412, -32.37 ], [ -65.501467967465061, -31.596463725433871 ], [ -63.517368973243236, -31.303358192196555 ], [ -58.2, -32.447 ], [ -58.223, -32.534 ], [ -58.179, -32.828 ], [ -58.138, -32.9 ], [ -58.147, -33.05 ], [ -58.241, -33.095 ], [ -58.383, -33.075 ], [ -58.433, -33.232 ], [ -58.412, -33.298 ], [ -58.522, -33.449 ], [ -58.549, -33.683 ], [ -58.395, -34.031 ], [ -58.379, -34.188 ], [ -58.48, -34.277 ], [ -58.57, -34.288 ], [ -58.455, -34.366 ], [ -58.511, -34.436 ], [ -58.474, -34.522 ], [ -58.315, -34.657 ], [ -58.155, -34.75 ], [ -57.871, -34.83 ], [ -57.759, -34.91 ], [ -57.522, -35.013 ], [ -57.249, -35.249 ], [ -57.134, -35.417 ], [ -57.145, -35.484 ], [ -57.353, -35.728 ], [ -57.393, -35.863 ], [ -57.366, -35.988 ], [ -57.248, -36.17 ], [ -57.108, -36.282 ], [ -56.929, -36.364 ], [ -56.768, -36.344 ], [ -56.698, -36.396 ], [ -56.665, -36.851 ], [ -56.686, -36.928 ], [ -56.889, -37.162 ], [ -57.056, -37.413 ], [ -57.309, -37.645 ], [ -57.512, -37.872 ], [ -57.536, -38.084 ], [ -57.594, -38.153 ], [ -58.156, -38.43 ], [ -58.567, -38.559 ], [ -58.729, -38.588 ], [ -59.063, -38.694 ], [ -59.632, -38.784 ], [ -59.889, -38.838 ], [ -60.866, -38.976 ], [ -61.143, -39.001 ], [ -61.428, -38.983 ], [ -61.518, -39.011 ], [ -61.731, -38.968 ], [ -61.839, -38.981 ], [ -62.027, -38.938 ], [ -62.157, -38.81 ], [ -62.39, -38.815 ], [ -62.32, -38.961 ], [ -62.358, -39.102 ], [ -62.257, -39.256 ], [ -62.284, -39.311 ], [ -62.136, -39.436 ], [ -62.061, -39.447 ], [ -62.114, -39.821 ], [ -62.164, -39.859 ], [ -62.305, -39.811 ], [ -62.369, -40.211 ], [ -62.49, -40.308 ], [ -62.415, -40.462 ], [ -62.325, -40.502 ], [ -62.229, -40.659 ], [ -62.338, -40.873 ], [ -62.729, -41.041 ], [ -63.1, -41.155 ], [ -63.779, -41.159 ], [ -64.062, -40.999 ], [ -64.174, -41.009 ], [ -64.417, -40.911 ], [ -64.735, -40.83 ], [ -64.772, -40.737 ], [ -64.89, -40.706 ], [ -65.122, -40.834 ], [ -65.175, -41.01 ], [ -65.061, -41.448 ], [ -64.993, -41.553 ], [ -65.037, -41.665 ], [ -65.0, -41.793 ], [ -65.07, -41.986 ], [ -65.005, -42.093 ], [ -64.857, -42.194 ], [ -64.602, -42.422 ], [ -64.615, -42.515 ], [ -64.823, -42.627 ], [ -64.946, -42.654 ], [ -64.997, -42.785 ], [ -64.645, -42.925 ], [ -64.433, -42.976 ], [ -64.448, -43.069 ], [ -64.765, -43.147 ], [ -65.032, -43.299 ], [ -65.032, -43.378 ], [ -65.275, -43.587 ], [ -65.334, -43.673 ], [ -65.318, -43.832 ], [ -65.215, -44.137 ], [ -65.305, -44.24 ], [ -65.217, -44.366 ], [ -65.332, -44.461 ], [ -65.395, -44.594 ], [ -65.543, -44.62 ], [ -65.686, -44.713 ], [ -65.715, -44.87 ], [ -65.534, -44.934 ], [ -65.603, -45.028 ], [ -65.964, -45.042 ], [ -66.2, -44.993 ], [ -66.588, -45.139 ], [ -66.524, -45.216 ], [ -66.869, -45.236 ], [ -67.065, -45.35 ], [ -67.332, -45.613 ], [ -67.377, -45.794 ], [ -67.548, -45.933 ], [ -67.622, -46.164 ], [ -67.541, -46.401 ], [ -67.423, -46.567 ], [ -67.13, -46.707 ], [ -66.786, -47.007 ], [ -66.2, -47.09 ], [ -65.98, -47.066 ], [ -65.745, -47.204 ], [ -65.713, -47.341 ], [ -65.736, -47.51 ], [ -65.846, -47.742 ], [ -65.902, -47.77 ], [ -65.853, -47.88 ], [ -65.762, -47.912 ], [ -65.927, -47.941 ], [ -65.968, -48.047 ], [ -65.903, -48.079 ], [ -66.132, -48.136 ], [ -66.301, -48.252 ], [ -66.341, -48.353 ], [ -66.651, -48.431 ], [ -66.866, -48.59 ], [ -67.114, -48.674 ], [ -67.198, -48.818 ], [ -67.406, -48.904 ], [ -67.557, -49.016 ], [ -67.732, -49.781 ], [ -67.833, -49.955 ], [ -68.076, -50.087 ], [ -68.438, -50.201 ], [ -68.876, -50.331 ], [ -69.077, -50.56 ], [ -69.15, -50.742 ], [ -69.137, -50.903 ], [ -69.168, -50.978 ], [ -69.063, -51.321 ], [ -68.964, -51.501 ], [ -68.982, -51.572 ], [ -68.936, -51.646 ], [ -68.685, -52.005 ], [ -68.366, -52.306 ], [ -68.449, -52.347 ], [ -68.898, -52.304 ], [ -69.13, -52.208 ], [ -69.442, -52.252 ], [ -69.497, -52.385 ], [ -69.847, -52.487 ], [ -70.857, -52.734 ], [ -71.034, -53.81 ], [ -71.336, -53.88 ], [ -72.053, -53.707 ], [ -72.284, -53.581 ], [ -72.365, -53.537 ], [ -72.523, -53.544 ], [ -72.721, -53.462 ], [ -72.763, -53.388 ], [ -72.944, -53.353 ], [ -73.199, -53.241 ], [ -73.182, -53.186 ], [ -73.444, -52.982 ], [ -73.314, -52.934 ], [ -73.383, -52.845 ], [ -73.564, -52.797 ], [ -73.616, -52.749 ], [ -73.7, -52.715 ], [ -73.54, -52.055 ], [ -73.904, -51.612 ], [ -74.13, -51.188 ], [ -74.232, -51.036 ], [ -74.256, -50.939 ], [ -74.536, -50.296 ], [ -74.348, -50.086 ], [ -74.316, -49.719 ], [ -74.461, -49.02 ], [ -74.372, -48.719 ], [ -74.442, -48.182 ], [ -74.625, -48.004 ], [ -74.612, -47.568 ], [ -74.119, -46.988 ], [ -73.989, -46.56 ], [ -73.832, -46.578 ], [ -73.619, -46.102 ], [ -73.406, -45.026 ], [ -73.284, -44.174 ], [ -73.111, -43.461 ], [ -73.085, -43.316 ], [ -72.912, -43.235 ], [ -72.934, -43.098 ], [ -72.865, -43.019 ], [ -72.842, -42.838 ], [ -72.865, -42.621 ], [ -72.737, -42.014 ], [ -73.201, -41.785 ], [ -73.76, -41.749 ], [ -73.947, -40.973 ], [ -73.728, -40.544 ], [ -73.714, -39.978 ], [ -73.406, -39.695 ], [ -73.242, -39.49 ], [ -73.283, -39.075 ], [ -73.543, -38.421 ], [ -73.463, -38.092 ], [ -73.503, -37.933 ], [ -73.668, -37.719 ], [ -73.672, -37.363 ], [ -73.608, -37.155 ], [ -73.467, -37.235 ], [ -73.283, -37.214 ], [ -73.209, -37.16 ], [ -73.002, -36.714 ] ] ] ] } },
{ "type": "Feature", "properties": { "id": "jambi", "colorId": "jambi", "name": "Джамби", "parent": null }, "geometry": { "type": "MultiPolygon", "coordinates": [ [ [ [ 102.385671096331905, -1.041019693669597 ], [ 102.31326463199143, -0.878967130621867 ], [ 102.314988595428105, -0.708294750390746 ], [ 102.397738840388641, -0.501419137989388 ], [ 102.528760061576165, -0.377293770548574 ], [ 103.080428361313125, -0.673815481657186 ], [ 103.346, -0.696 ], [ 103.463, -0.758 ], [ 103.65, -0.943 ], [ 103.839, -1.033 ], [ 103.956, -0.977 ], [ 104.212, -1.073 ], [ 104.377, -1.032 ], [ 104.397, -1.191 ], [ 104.445, -1.305 ], [ 104.454, -1.531 ], [ 104.156181545800166, -1.566828541856381 ], [ 103.935514225905393, -1.787495861751163 ], [ 103.852763980944843, -1.966788059165673 ], [ 103.680367637277058, -2.097809280353199 ], [ 103.625200807303372, -1.970235986039028 ], [ 103.501075439862547, -1.866798179838349 ], [ 103.059740800072987, -1.680610128677127 ], [ 102.987334335732513, -1.639235006196856 ], [ 102.911479944518689, -1.492698114079228 ], [ 102.727015856794139, -1.416843722865397 ], [ 102.385671096331905, -1.041019693669597 ] ] ], [ [ [ 104.42, -0.575 ], [ 104.356, -0.662 ], [ 104.336, -0.543 ], [ 104.256, -0.476 ], [ 104.325, -0.365 ], [ 104.383, -0.401 ], [ 104.47, -0.332 ], [ 104.549, -0.398 ], [ 104.592, -0.484 ], [ 104.511, -0.614 ], [ 104.42, -0.575 ] ] ] ] } },
{ "type": "Feature", "properties": { "id": "australians3000m", "colorId": null, "name": "австралийцы", "parent": null }, "geometry": { "type": "MultiPolygon", "coordinates": [ [ [ [ 149.435, -21.79 ], [ 149.483, -21.951 ], [ 149.609, -22.244 ], [ 149.924, -22.298 ], [ 149.99, -22.163 ], [ 150.054, -22.142 ], [ 150.216, -22.395 ], [ 150.3, -22.418 ], [ 150.535, -22.427 ], [ 150.568, -22.323 ], [ 150.76, -22.47 ], [ 150.783, -22.543 ], [ 150.826, -22.698 ], [ 150.774, -22.967 ], [ 150.764, -23.159 ], [ 150.787, -23.309 ], [ 150.814, -23.411 ], [ 150.937, -23.543 ], [ 151.126, -23.675 ], [ 151.187, -23.804 ], [ 151.278, -23.824 ], [ 151.448, -24.009 ], [ 151.692, -24.098 ], [ 151.811, -24.142 ], [ 151.933, -24.211 ], [ 152.059, -24.514 ], [ 152.15, -24.619 ], [ 152.306, -24.724 ], [ 152.405, -24.749 ], [ 152.491, -24.848 ], [ 152.506, -24.999 ], [ 152.677, -25.242 ], [ 152.914, -25.288 ], [ 152.966, -25.497 ], [ 152.905, -25.561 ], [ 152.943, -25.753 ], [ 153.021, -25.825 ], [ 153.028, -25.969 ], [ 153.25, -27.473 ], [ 153.315, -27.655 ], [ 153.446, -27.81 ], [ 153.449, -28.073 ], [ 153.591, -28.268 ], [ 153.576, -28.59 ], [ 153.631, -28.662 ], [ 153.606, -28.867 ], [ 153.051, -30.473 ], [ 152.988, -30.735 ], [ 153.028, -30.876 ], [ 153.086, -30.895 ], [ 153.06, -31.077 ], [ 152.981, -31.166 ], [ 152.935, -31.483 ], [ 152.845, -31.569 ], [ 152.747, -31.843 ], [ 152.609, -31.946 ], [ 152.51, -32.162 ], [ 152.565, -32.206 ], [ 152.54, -32.442 ], [ 152.402, -32.489 ], [ 152.188, -32.669 ], [ 152.198, -32.73 ], [ 152.109, -32.794 ], [ 151.834, -32.865 ], [ 151.341, -33.617 ], [ 151.281, -33.952 ], [ 151.232, -34.024 ], [ 150.925, -34.33 ], [ 150.873, -34.546 ], [ 150.897, -34.601 ], [ 150.834, -34.782 ], [ 150.729, -34.87 ], [ 150.241, -35.81 ], [ 150.153, -35.894 ], [ 150.123, -36.153 ], [ 150.142, -36.32 ], [ 150.079, -36.386 ], [ 150.066, -36.567 ], [ 149.904, -36.928 ], [ 149.944, -37.053 ], [ 149.876, -37.096 ], [ 149.998, -37.15 ], [ 150.054, -37.276 ], [ 149.951, -37.284 ], [ 149.985, -37.496 ], [ 149.779, -37.556 ], [ 149.667, -37.7 ], [ 149.479, -37.786 ], [ 148.786, -37.798 ], [ 148.306, -37.823 ], [ 147.917, -37.919 ], [ 147.589, -38.081 ], [ 146.483, -38.924 ], [ 146.182, -38.868 ], [ 146.092, -38.82 ], [ 145.921, -38.907 ], [ 145.809, -38.65 ], [ 145.571, -38.662 ], [ 145.514, -38.578 ], [ 144.945, -38.51 ], [ 144.653, -38.286 ], [ 144.402, -38.301 ], [ 144.053, -38.486 ], [ 143.845, -38.691 ], [ 143.705, -38.728 ], [ 143.537, -38.858 ], [ 143.334, -38.756 ], [ 143.242, -38.763 ], [ 143.06, -38.636 ], [ 142.81, -38.578 ], [ 142.654, -38.473 ], [ 142.398, -38.367 ], [ 142.225, -38.406 ], [ 141.947, -38.283 ], [ 141.762, -38.262 ], [ 141.618, -38.338 ], [ 141.654, -38.4 ], [ 141.371, -38.386 ], [ 141.375, -38.291 ], [ 140.951, -38.054 ], [ 140.714, -38.071 ], [ 140.602, -38.038 ], [ 140.36, -37.882 ], [ 140.241, -37.666 ], [ 140.11, -37.57 ], [ 140.114, -37.518 ], [ 139.988, -37.487 ], [ 139.742, -37.181 ], [ 139.788, -37.126 ], [ 139.672, -36.953 ], [ 139.785, -36.902 ], [ 139.864, -36.767 ], [ 139.854, -36.622 ], [ 139.567, -36.075 ], [ 138.918, -35.577 ], [ 138.746, -35.539 ], [ 138.531, -35.646 ], [ 138.202, -35.672 ], [ 138.107, -35.621 ], [ 138.123, -35.555 ], [ 138.030659574336539, -35.393115508307702 ], [ 137.890257434875366, -35.287813903711822 ], [ 137.671, -35.181 ], [ 137.561, -35.131 ], [ 137.403, -35.124 ], [ 137.239, -35.172 ], [ 137.169, -35.242 ], [ 137.04, -35.227 ], [ 136.874, -35.295 ], [ 136.647698500643997, -35.112311229385355 ], [ 136.303713258964137, -34.992969410843358 ], [ 135.965, -35.008 ], [ 135.822, -34.874 ], [ 135.741, -34.861 ], [ 135.633, -34.953 ], [ 135.604, -34.88 ], [ 135.43, -34.713 ], [ 135.389, -34.569 ], [ 135.346, -34.276 ], [ 135.273, -34.116 ], [ 135.26, -33.998 ], [ 135.19, -33.893 ], [ 135.071784978894954, -33.804254062283242 ], [ 134.841, -33.631 ], [ 134.868, -33.545 ], [ 134.814, -33.353 ], [ 134.677, -33.233 ], [ 134.446, -33.154 ], [ 134.334, -33.205 ], [ 134.279, -33.163 ], [ 134.191, -32.946 ], [ 134.074, -32.714 ], [ 133.854, -32.53 ], [ 133.896, -32.399 ], [ 133.826, -32.245 ], [ 133.692, -32.189 ], [ 133.552, -32.172 ], [ 133.412, -32.211 ], [ 133.148, -32.197 ], [ 133.056, -32.108 ], [ 132.977, -32.109 ], [ 132.798, -31.956 ], [ 132.587, -31.935 ], [ 132.476, -31.955 ], [ 132.483, -32.026 ], [ 132.234, -32.033 ], [ 132.078, -31.908 ], [ 131.783, -31.728 ], [ 131.536, -31.606 ], [ 131.178, -31.478 ], [ 130.834, -31.602 ], [ 130.157, -31.574 ], [ 128.99, -31.691 ], [ 128.655, -31.846 ], [ 128.017, -32.084 ], [ 127.766, -32.123 ], [ 127.532, -32.211 ], [ 127.289, -32.273 ], [ 127.053, -32.304 ], [ 126.678, -32.317 ], [ 126.372, -32.283 ], [ 126.186, -32.233 ], [ 125.87, -32.333 ], [ 125.537, -32.548 ], [ 125.338, -32.602 ], [ 125.0, -32.737 ], [ 124.902, -32.834 ], [ 124.709, -32.904 ], [ 124.357, -32.953 ], [ 124.117, -33.122 ], [ 124.008, -33.354 ], [ 123.952, -33.567 ], [ 123.757, -33.714 ], [ 123.739, -33.794 ], [ 123.527, -33.939 ], [ 123.344, -33.903 ], [ 123.267, -33.987 ], [ 123.147, -34.002 ], [ 123.085, -33.878 ], [ 122.575, -33.911 ], [ 122.56, -33.959 ], [ 122.312, -33.925 ], [ 122.258, -34.022 ], [ 122.074, -34.007 ], [ 122.106, -33.964 ], [ 122.016, -33.825 ], [ 121.813, -33.895 ], [ 121.628, -33.876 ], [ 121.533, -33.82 ], [ 121.334, -33.815 ], [ 121.166, -33.868 ], [ 120.572, -33.892 ], [ 120.423, -33.97 ], [ 120.002, -33.926 ], [ 119.806, -33.985 ], [ 119.572, -34.142 ], [ 119.475, -34.286 ], [ 119.484, -34.359 ], [ 119.385, -34.385 ], [ 119.402, -34.459 ], [ 119.27, -34.466 ], [ 119.261, -34.522 ], [ 119.117, -34.472 ], [ 118.84, -34.453 ], [ 118.875, -34.506 ], [ 118.727, -34.558 ], [ 118.757, -34.603 ], [ 118.613, -34.686 ], [ 118.48, -34.717 ], [ 118.387, -34.826 ], [ 118.385, -34.908 ], [ 118.168, -34.943 ], [ 118.12, -34.987 ], [ 117.849, -35.026 ], [ 117.949, -35.117 ], [ 117.684, -35.046 ], [ 117.62, -35.138 ], [ 117.36, -35.024 ], [ 117.172, -35.013 ], [ 116.845, -35.049 ], [ 116.736, -35.008 ], [ 116.638, -35.05 ], [ 116.465, -35.001 ], [ 116.375, -34.933 ], [ 116.096, -34.839 ], [ 115.979, -34.836 ], [ 115.934, -34.723 ], [ 115.745, -34.54 ], [ 115.335, -34.314 ], [ 115.165, -34.31 ], [ 115.119, -34.363 ], [ 115.018, -34.262 ], [ 114.971, -34.083 ], [ 114.957, -33.682 ], [ 114.989, -33.521 ], [ 115.119, -33.616 ], [ 115.283, -33.651 ], [ 115.434, -33.595 ], [ 115.667, -33.288 ], [ 115.675, -33.025 ], [ 115.601, -32.662 ], [ 115.63, -32.592 ], [ 115.749, -32.637 ], [ 115.757, -32.186 ], [ 115.744, -31.928 ], [ 115.68, -31.649 ], [ 115.455, -31.303 ], [ 115.313, -30.991 ], [ 115.181, -30.827 ], [ 115.101, -30.633 ], [ 114.975, -30.214 ], [ 114.943, -30.031 ], [ 114.967, -29.902 ], [ 114.946, -29.658 ], [ 114.979, -29.48 ], [ 114.832, -29.092 ], [ 114.653, -28.912 ], [ 114.577, -28.785 ], [ 114.59, -28.656 ], [ 114.531, -28.522 ], [ 114.31, -28.23 ], [ 114.166, -28.107 ], [ 114.097, -27.819 ], [ 114.144, -27.688 ], [ 114.013, -27.315 ], [ 113.764, -26.918 ], [ 113.591, -26.676 ], [ 113.629, -26.598 ], [ 113.812, -26.599 ], [ 113.887, -26.493 ], [ 114.104, -26.448 ], [ 114.234, -26.317 ], [ 114.192, -26.196 ], [ 114.259, -25.842 ], [ 114.155, -25.79 ], [ 113.802, -25.172 ], [ 113.713, -25.125 ], [ 113.611, -24.893 ], [ 113.604, -24.728 ], [ 113.439, -24.533 ], [ 113.391, -24.414 ], [ 113.385, -24.249 ], [ 113.433, -24.17 ], [ 113.415, -24.049 ], [ 113.599, -23.634 ], [ 113.75, -23.512 ], [ 113.782, -23.327 ], [ 113.748, -23.162 ], [ 113.812, -23.051 ], [ 113.76, -22.789 ], [ 113.659, -22.728 ], [ 113.647, -22.578 ], [ 113.898, -22.049 ], [ 114.011, -21.86 ], [ 114.159, -21.792 ], [ 114.647, -21.843 ], [ 114.929, -21.694 ], [ 115.105, -21.665 ], [ 115.455, -21.514 ], [ 115.603, -21.344 ], [ 115.806, -21.235 ], [ 115.937, -21.059 ], [ 116.152, -20.97 ], [ 116.219, -20.843 ], [ 116.435, -20.822 ], [ 116.587, -20.735 ], [ 116.82, -20.55 ], [ 116.787, -20.664 ], [ 116.88, -20.713 ], [ 117.154, -20.596 ], [ 117.198, -20.684 ], [ 117.354, -20.728 ], [ 117.911, -20.56 ], [ 117.941, -20.493 ], [ 118.136, -20.362 ], [ 118.369, -20.362 ], [ 118.606, -20.31 ], [ 118.702, -20.318 ], [ 118.832, -20.262 ], [ 118.975, -20.05 ], [ 119.118, -19.972 ], [ 119.212, -19.961 ], [ 119.567, -20.069 ], [ 119.802, -19.966 ], [ 120.238, -19.907 ], [ 120.954, -19.634 ], [ 121.194, -19.472 ], [ 121.519, -19.07 ], [ 121.824, -18.452 ], [ 121.91, -18.464 ], [ 122.324, -18.151 ], [ 122.361, -18.0 ], [ 122.17, -17.978 ], [ 122.207, -17.873 ], [ 122.205, -17.711 ], [ 122.143, -17.564 ], [ 122.172, -17.261 ], [ 122.276, -17.089 ], [ 122.473, -16.92 ], [ 122.571, -16.789 ], [ 122.759, -16.604 ], [ 122.886, -16.512 ], [ 122.916, -16.416 ], [ 123.54, -16.265 ], [ 123.595, -16.156 ], [ 123.724, -16.136 ], [ 123.828, -16.231 ], [ 123.911, -16.217 ], [ 124.126, -16.272 ], [ 124.223, -16.396 ], [ 124.342, -16.408 ], [ 124.404, -15.875 ], [ 124.377, -15.667 ], [ 124.418, -15.669 ], [ 124.39, -15.523 ], [ 124.473, -15.469 ], [ 124.664, -15.25 ], [ 124.863, -15.114 ], [ 125.0, -14.97 ], [ 125.266, -14.576 ], [ 125.356, -14.504 ], [ 125.501, -14.486 ], [ 125.584, -14.527 ], [ 126.061, -14.35 ], [ 126.063, -14.236 ], [ 126.191, -14.16 ], [ 126.294, -14.136 ], [ 126.432, -13.97 ], [ 126.83, -13.983 ], [ 126.747, -13.792 ], [ 126.953, -13.724 ], [ 127.072, -13.843 ], [ 127.13, -13.968 ], [ 127.237, -13.892 ], [ 127.333, -13.961 ], [ 127.344, -13.904 ], [ 127.489, -14.058 ], [ 127.666, -14.178 ], [ 127.874, -14.47 ], [ 128.175, -14.698 ], [ 128.396, -14.796 ], [ 128.532, -14.753 ], [ 128.749, -14.826 ], [ 129.051, -14.88 ], [ 129.221, -14.844 ], [ 129.410845724792239, -14.685116207842199 ], [ 129.358, -14.409 ], [ 129.373, -14.329 ], [ 129.493, -14.144 ], [ 129.547, -14.085 ], [ 129.718, -14.016 ], [ 129.715, -13.881 ], [ 129.789, -13.764 ], [ 129.838, -13.511 ], [ 129.891, -13.438 ], [ 130.119, -13.156 ], [ 130.13, -12.941 ], [ 130.319, -12.906 ], [ 130.352, -12.842 ], [ 130.354, -12.672 ], [ 130.448, -12.627 ], [ 130.559, -12.625 ], [ 130.62, -12.437 ], [ 130.674, -12.392 ], [ 130.898, -12.334 ], [ 131.0, -12.171 ], [ 131.106, -12.146 ], [ 131.232, -12.239 ], [ 131.328, -12.185 ], [ 131.493, -12.298 ], [ 131.784, -12.27 ], [ 131.905, -12.22 ], [ 132.046, -12.307 ], [ 132.216, -12.208 ], [ 132.38, -12.216 ], [ 132.44, -12.155 ], [ 132.577, -12.094 ], [ 132.627, -12.004 ], [ 132.651, -11.866 ], [ 132.593, -11.784 ], [ 132.495, -11.476 ], [ 132.37, -11.435 ], [ 132.085, -11.518 ], [ 131.926, -11.321 ], [ 131.768, -11.311 ], [ 131.847, -11.263 ], [ 131.882, -11.172 ], [ 131.982, -11.13 ], [ 132.115, -11.209 ], [ 132.272, -11.178 ], [ 132.941, -11.354 ], [ 133.185, -11.717 ], [ 133.364, -11.697 ], [ 133.324, -11.759 ], [ 133.59, -11.798 ], [ 133.803, -11.715 ], [ 133.939, -11.758 ], [ 134.068, -11.854 ], [ 134.429, -12.058 ], [ 134.594, -12.064 ], [ 134.769, -11.948 ], [ 134.861, -12.127 ], [ 134.967, -12.146 ], [ 135.07, -12.26 ], [ 135.258, -12.222 ], [ 135.223, -12.191 ], [ 135.366, -12.088 ], [ 135.588, -12.099 ], [ 135.732, -12.311 ], [ 135.889, -12.146 ], [ 135.935, -12.214 ], [ 136.06, -12.232 ], [ 136.18, -12.188 ], [ 136.3, -12.051 ], [ 136.451, -11.942 ], [ 136.691, -12.283 ], [ 136.766, -12.243 ], [ 136.761, -12.164 ], [ 136.876, -12.223 ], [ 136.928, -12.349 ], [ 136.69, -12.713 ], [ 136.567, -13.058 ], [ 136.478, -13.228 ], [ 136.388, -13.226 ], [ 136.159, -13.263 ], [ 136.086, -13.23 ], [ 135.978, -13.232 ], [ 135.883, -13.326 ], [ 135.965, -13.449 ], [ 135.855, -13.456 ], [ 135.845, -13.6 ], [ 135.901, -13.739 ], [ 136.053, -13.688 ], [ 135.991, -13.901 ], [ 135.923, -13.96 ], [ 135.909, -14.195 ], [ 135.759, -14.265 ], [ 135.532, -14.581 ], [ 135.523, -14.652 ], [ 135.378, -14.712 ], [ 135.47, -14.948 ], [ 135.861, -15.176 ], [ 135.952, -15.264 ], [ 136.24, -15.424 ], [ 136.268, -15.545 ], [ 136.417, -15.622 ], [ 136.529, -15.719 ], [ 136.595, -15.711 ], [ 136.723, -15.862 ], [ 136.705, -15.915 ], [ 136.907, -15.936 ], [ 136.992, -15.864 ], [ 137.198, -15.985 ], [ 137.361, -16.122 ], [ 137.746, -16.252 ], [ 137.867, -16.437 ], [ 138.184, -16.697 ], [ 138.493, -16.794 ], [ 138.657, -16.78 ], [ 138.753, -16.841 ], [ 139.037, -16.916 ], [ 139.158, -17.033 ], [ 139.142, -17.117 ], [ 139.209, -17.286 ], [ 139.274, -17.348 ], [ 139.439, -17.376 ], [ 139.641, -17.532 ], [ 139.925, -17.621 ], [ 140.0, -17.706 ], [ 140.24, -17.702 ], [ 140.507, -17.636 ], [ 140.755, -17.478 ], [ 140.833, -17.451 ], [ 140.96, -17.074 ], [ 140.947, -17.018 ], [ 141.084, -16.8 ], [ 141.199, -16.703 ], [ 141.304, -16.442 ], [ 141.35, -16.224 ], [ 141.431, -16.062 ], [ 141.379, -15.938 ], [ 141.487, -15.479 ], [ 141.639, -15.141 ], [ 141.666, -15.011 ], [ 141.604, -14.878 ], [ 141.522, -14.484 ], [ 141.592, -14.245 ], [ 141.584, -14.076 ], [ 141.485, -13.949 ], [ 141.474, -13.776 ], [ 141.527, -13.571 ], [ 141.693, -13.241 ], [ 141.636, -13.16 ], [ 141.585, -12.977 ], [ 141.755, -12.818 ], [ 141.82, -12.666 ], [ 141.811, -12.584 ], [ 141.694, -12.503 ], [ 141.595, -12.526 ], [ 141.967, -11.811 ], [ 142.132, -11.338 ], [ 142.145, -10.983 ], [ 142.175, -10.93 ], [ 142.323, -10.902 ], [ 142.449, -10.715 ], [ 142.54, -10.689 ], [ 142.615, -10.745 ], [ 142.666, -11.003 ], [ 142.742, -10.975 ], [ 142.801, -11.278 ], [ 142.87, -11.391 ], [ 142.821, -11.478 ], [ 142.873, -11.851 ], [ 142.992, -11.934 ], [ 143.123, -11.911 ], [ 143.204, -11.983 ], [ 143.086, -12.149 ], [ 143.077, -12.329 ], [ 143.253, -12.389 ], [ 143.323, -12.558 ], [ 143.434, -12.613 ], [ 143.495, -12.922 ], [ 143.527, -13.33 ], [ 143.53, -13.75 ], [ 143.783, -14.402 ], [ 143.941, -14.511 ], [ 144.162, -14.373 ], [ 144.185, -14.263 ], [ 144.304, -14.313 ], [ 144.448, -14.244 ], [ 144.479, -14.16 ], [ 144.633, -14.34 ], [ 144.619, -14.484 ], [ 144.678, -14.556 ], [ 144.886, -14.61 ], [ 144.942, -14.726 ], [ 145.031, -14.806 ], [ 145.223, -14.833 ], [ 145.277, -14.947 ], [ 145.346, -14.943 ], [ 145.247, -15.095 ], [ 145.274, -15.536 ], [ 145.434, -16.201 ], [ 145.462, -16.273 ], [ 145.4, -16.443 ], [ 145.968, -17.242 ], [ 146.071, -17.392 ], [ 146.068, -17.516 ], [ 146.148, -17.633 ], [ 146.084, -17.796 ], [ 146.114, -17.864 ], [ 146.004, -18.156 ], [ 146.024, -18.263 ], [ 146.183, -18.38 ], [ 146.214, -18.492 ], [ 146.339, -18.527 ], [ 146.277, -18.874 ], [ 146.447, -19.06 ], [ 146.655, -19.183 ], [ 146.746, -19.173 ], [ 146.905, -19.305 ], [ 147.01, -19.253 ], [ 147.134, -19.411 ], [ 147.421, -19.413 ], [ 147.445, -19.342 ], [ 147.55, -19.521 ], [ 147.599, -19.703 ], [ 147.684, -19.828 ], [ 147.785, -19.835 ], [ 147.859, -19.825 ], [ 147.949, -19.908 ], [ 148.072, -19.877 ], [ 148.13, -19.936 ], [ 148.279, -19.966 ], [ 148.437, -20.075 ], [ 148.56, -20.053 ], [ 148.611, -20.214 ], [ 148.683, -20.185 ], [ 148.683, -20.274 ], [ 148.757, -20.23 ], [ 148.849, -20.349 ], [ 148.808, -20.433 ], [ 148.655, -20.555 ], [ 148.71, -20.679 ], [ 148.854, -20.832 ], [ 148.971, -20.871 ], [ 149.027, -20.976 ], [ 149.151, -20.996 ], [ 149.231, -21.09 ], [ 149.196, -21.181 ], [ 149.226, -21.273 ], [ 149.293, -21.282 ], [ 149.341, -21.424 ], [ 149.395, -21.504 ], [ 149.478, -21.718 ], [ 149.435, -21.79 ] ] ], [ [ [ 151.27, -23.666 ], [ 151.298, -23.748 ], [ 151.214, -23.778 ], [ 150.98, -23.487 ], [ 151.028, -23.445 ], [ 151.195, -23.534 ], [ 151.27, -23.666 ] ] ] ] } },
{ "type": "Feature", "properties": { "id": "nepal", "colorId": "nepal", "name": "Непал", "parent": null }, "geometry": { "type": "MultiPolygon", "coordinates": [ [ [ [ 83.847814758690305, 27.784837815246586 ], [ 83.469469522610993, 27.89937792197605 ], [ 83.376542702050955, 28.163485727778262 ], [ 83.654772511550632, 28.548281678445086 ], [ 83.791004297176002, 28.610874661029708 ], [ 84.196017713900048, 28.662421823158226 ], [ 84.439025763934481, 28.540917798141013 ], [ 84.888222462482958, 28.412049892819727 ], [ 85.341101101183483, 28.22427094506585 ], [ 85.55097168984959, 28.073311398832342 ], [ 86.003850328550115, 28.018082296551786 ], [ 86.869106264278756, 28.021764236703827 ], [ 87.439806987844449, 27.878168570774392 ], [ 87.548424222329515, 27.640683430968014 ], [ 87.682967202214826, 27.278235489811582 ], [ 87.524013430204263, 27.019018569302006 ], [ 87.15813856621358, 26.874839879344364 ], [ 86.561664261583616, 26.911659280864733 ], [ 86.1492869645555, 27.066300767250279 ], [ 85.869459513000706, 27.13257568998694 ], [ 85.427626694756299, 27.338764338501001 ], [ 85.103615961377059, 27.375583740021369 ], [ 84.337772409753413, 27.618591790055795 ], [ 84.028489436982312, 27.662775071880237 ], [ 83.847814758690305, 27.784837815246586 ] ] ] ] } },
{ "type": "Feature", "properties": { "id": "benin1179", "colorId": "benin", "name": "Бенин", "parent": null }, "geometry": { "type": "MultiPolygon", "coordinates": [ [ [ [ 6.115951954789566, 7.385375913730056 ], [ 6.219309246774946, 7.195198496476957 ], [ 6.467366747539858, 6.963678162429705 ], [ 6.641006998075295, 6.471697452579296 ], [ 6.639973425155442, 5.96421314893108 ], [ 6.521112539372254, 5.715122075246315 ], [ 6.364009455554477, 5.467064574481403 ], [ 6.177966329980793, 5.239678532113567 ], [ 5.908203797898953, 5.149757688086288 ], [ 5.591930484423691, 5.203503479918686 ], [ 5.482371754919188, 5.147690542246581 ], [ 5.422424525567668, 5.195234896559856 ], [ 5.390197416046703, 5.159199134465504 ], [ 5.34, 5.344 ], [ 5.53, 5.386 ], [ 5.541, 5.51 ], [ 5.434, 5.396 ], [ 5.263, 5.437 ], [ 5.198, 5.501 ], [ 5.23, 5.583 ], [ 5.393, 5.561 ], [ 5.326, 5.605 ], [ 5.331, 5.725 ], [ 5.28, 5.617 ], [ 5.18, 5.583 ], [ 4.886, 6.007 ], [ 4.717, 6.164 ], [ 4.509, 6.314 ], [ 4.406, 6.359 ], [ 4.126, 6.41 ], [ 3.87, 6.432 ], [ 3.444, 6.41 ], [ 3.385, 6.445 ], [ 3.541, 6.455 ], [ 3.571, 6.509 ], [ 3.858, 6.602 ], [ 3.774, 6.622 ], [ 3.515, 6.527 ], [ 3.481, 6.602 ], [ 3.402, 6.552 ], [ 3.356865343725336, 6.715991013752063 ], [ 3.450141160910268, 7.035092493595251 ], [ 3.729968612465064, 7.393468001726832 ], [ 4.16198292363738, 7.560382621952499 ], [ 4.510539924696861, 7.727297242178166 ], [ 4.918007968188932, 7.869665594723588 ], [ 4.983156034629802, 7.80293937335099 ], [ 5.160930576844656, 7.807073665030406 ], [ 5.284959327227112, 7.68304491464795 ], [ 5.495808202877287, 7.571419039303739 ], [ 5.76867145371869, 7.546613289227248 ], [ 6.115951954789566, 7.385375913730056 ] ] ] ] } },
{ "type": "Feature", "properties": { "id": "castile1262", "colorId": "castile", "name": "Кастилия", "parent": null }, "geometry": { "type": "MultiPolygon", "coordinates": [ [ [ [ -17.979, 27.643 ], [ -18.16, 27.722 ], [ -17.934, 27.852 ], [ -17.879, 27.815 ], [ -17.979, 27.643 ] ] ], [ [ [ -15.378, 27.852 ], [ -15.578, 27.734 ], [ -15.786, 27.844 ], [ -15.816, 27.996 ], [ -15.725, 28.057 ], [ -15.706, 28.167 ], [ -15.435, 28.141 ], [ -15.392, 28.03 ], [ -15.378, 27.852 ] ] ], [ [ [ -17.343, 28.098 ], [ -17.31, 28.207 ], [ -17.213, 28.205 ], [ -17.098, 28.101 ], [ -17.233, 28.019 ], [ -17.343, 28.098 ] ] ], [ [ [ -13.973, 28.736 ], [ -13.836, 28.715 ], [ -13.848, 28.397 ], [ -13.967, 28.228 ], [ -14.212, 28.161 ], [ -14.301, 28.068 ], [ -14.495, 28.068 ], [ -14.27, 28.176 ], [ -14.214, 28.235 ], [ -14.146, 28.423 ], [ -13.973, 28.736 ] ] ], [ [ [ -13.526, 29.15 ], [ -13.483, 29.24 ], [ -13.418, 29.209 ], [ -13.482, 28.999 ], [ -13.709, 28.915 ], [ -13.775, 28.84 ], [ -13.86, 28.859 ], [ -13.832, 29.0 ], [ -13.751, 29.081 ], [ -13.526, 29.15 ] ] ], [ [ [ -8.865, 41.889 ], [ -8.899, 42.102 ], [ -8.868, 42.256 ], [ -8.868, 42.415 ], [ -9.012, 42.531 ], [ -9.071, 42.596 ], [ -9.03, 42.708 ], [ -9.135, 42.813 ], [ -9.135, 42.918 ], [ -9.292, 42.923 ], [ -9.28, 43.055 ], [ -9.138, 43.202 ], [ -8.959, 43.227 ], [ -8.988, 43.283 ], [ -8.841, 43.339 ], [ -8.693, 43.293 ], [ -8.558, 43.313 ], [ -8.331, 43.406 ], [ -8.333, 43.472 ], [ -8.313, 43.567 ], [ -8.087, 43.656 ], [ -8.059, 43.709 ], [ -7.881, 43.763 ], [ -7.847, 43.712 ], [ -7.641, 43.753 ], [ -7.367, 43.68 ], [ -7.23, 43.569 ], [ -7.032, 43.553 ], [ -6.649, 43.579 ], [ -6.51, 43.547 ], [ -6.223, 43.596 ], [ -5.907, 43.588 ], [ -5.852, 43.663 ], [ -5.709, 43.569 ], [ -5.424, 43.561 ], [ -5.178, 43.489 ], [ -4.953, 43.47 ], [ -4.735, 43.417 ], [ -4.386, 43.384 ], [ -4.029, 43.438 ], [ -3.923, 43.483 ], [ -3.756, 43.472 ], [ -3.554, 43.517 ], [ -3.09, 43.367 ], [ -2.93, 43.438 ], [ -2.756, 43.45 ], [ -2.367, 43.316 ], [ -2.128, 43.287 ], [ -1.794, 43.386 ], [ -1.747, 43.291 ], [ -1.947476606368473, 43.182679982596007 ], [ -1.907314324730475, 43.13917084415484 ], [ -2.111472589723633, 42.971828003996514 ], [ -2.252040575456627, 42.931665722358517 ], [ -2.355793136354789, 42.677304605317865 ], [ -2.461219125654535, 42.610367469254534 ], [ -2.469586267662451, 42.484860339135786 ], [ -2.210204865417045, 42.429637201883537 ], [ -2.0846977352983, 42.362700065820206 ], [ -1.950823463171639, 42.325884640985379 ], [ -1.907314324730474, 42.263967790126799 ], [ -1.811928905840229, 42.228825793693545 ], [ -1.724910628957899, 42.155194944023883 ], [ -1.902294039525725, 42.086584379558964 ], [ -1.900620611124141, 42.011280101487721 ], [ -1.813211072664968, 41.733708222020624 ], [ -2.169081343167328, 41.380779028133979 ], [ -2.172022419783049, 41.236666273963607 ], [ -2.074966891464224, 41.169021511802001 ], [ -1.989675669608287, 41.17196258841772 ], [ -1.892620141289462, 41.086671366561781 ], [ -1.772036000044861, 41.051378447173121 ], [ -1.666157241878869, 40.980792608395795 ], [ -1.54851417724999, 40.798445858221029 ], [ -1.54851417724999, 40.633745567740604 ], [ -1.8308575323593, 40.404341591714285 ], [ -1.513221257861326, 40.169055462456527 ], [ -1.439694342468276, 40.169055462456541 ], [ -1.407342499695334, 40.033765938133335 ], [ -1.1485277575118, 39.992590865513222 ], [ -1.230877902752016, 39.830831651648509 ], [ -1.233818979367737, 39.674954591015243 ], [ -1.16323314059041, 39.560252603002091 ], [ -1.051472229192975, 39.501431070687651 ], [ -1.095588378428805, 39.398493389137379 ], [ -1.230877902752016, 39.230852022041226 ], [ -1.227936826136294, 39.010271275862081 ], [ -1.180879600284742, 38.948508666931922 ], [ -1.01323823318859, 38.948508666931922 ], [ -0.91030055163832, 38.813219142608709 ], [ -1.051472229192975, 38.619108085971064 ], [ -1.057354382424419, 38.322059347783146 ], [ -0.954416700874149, 38.1955930533071 ], [ -0.954416700874149, 38.119125061298334 ], [ -1.057354382424419, 38.042657069289561 ], [ -0.977945313799925, 37.936778311123568 ], [ -0.886771938712544, 37.936778311123568 ], [ -0.857361172555324, 37.839722782804742 ], [ -0.790703856134149, 37.825058176333478 ], [ -0.853, 37.724 ], [ -0.705, 37.62 ], [ -0.925, 37.556 ], [ -1.07, 37.583 ], [ -1.106, 37.532 ], [ -1.243, 37.579 ], [ -1.471, 37.482 ], [ -1.488, 37.433 ], [ -1.671, 37.363 ], [ -1.904500925274481, 37.440684478814759 ], [ -2.004874366760757, 37.646327627225659 ], [ -2.176243657103178, 37.815248784848905 ], [ -2.350061080164777, 37.861763306513275 ], [ -2.795621235055073, 37.920518491773535 ], [ -3.814044446232892, 37.560642982054446 ], [ -4.32570418454098, 37.501887796794193 ], [ -4.727197950486082, 37.301140913821641 ], [ -4.81533072837647, 37.178734277862773 ], [ -4.937737364335343, 37.075912703657316 ], [ -5.236409556074992, 36.968194864013512 ], [ -5.349023661157155, 36.855580758931346 ], [ -5.422467642732478, 36.723381592095762 ], [ -5.422467642732478, 36.468775789301318 ], [ -5.243762052942942, 36.310172667461195 ], [ -5.339, 36.141 ], [ -5.342, 36.111 ], [ -5.358, 36.141 ], [ -5.425, 36.18 ], [ -5.446, 36.057 ], [ -5.612, 36.006 ], [ -5.796, 36.086 ], [ -5.917, 36.184 ], [ -6.037, 36.19 ], [ -6.159, 36.304 ], [ -6.231, 36.473 ], [ -6.235, 36.576 ], [ -6.395, 36.637 ], [ -6.433, 36.751 ], [ -6.388, 36.808 ], [ -6.5, 36.96 ], [ -6.893, 37.167 ], [ -7.086, 37.206 ], [ -7.414, 37.193 ], [ -7.476, 37.494 ], [ -7.53, 37.567 ], [ -7.426, 37.751 ], [ -7.334, 37.812 ], [ -7.273, 37.977 ], [ -7.123, 38.04 ], [ -7.024, 38.023 ], [ -6.948, 38.197 ], [ -7.104, 38.174 ], [ -7.167, 38.272 ], [ -7.359, 38.446 ], [ -7.27, 38.738 ], [ -7.056, 38.855 ], [ -6.973, 39.014 ], [ -7.039, 39.109 ], [ -7.167, 39.113 ], [ -7.327, 39.341 ], [ -7.314, 39.457 ], [ -7.516, 39.594 ], [ -7.557, 39.68 ], [ -7.036, 39.689 ], [ -6.924, 39.872 ], [ -6.88, 40.009 ], [ -7.043, 40.181 ], [ -6.896, 40.255 ], [ -6.794, 40.356 ], [ -6.857, 40.442 ], [ -6.814, 40.647 ], [ -6.837, 40.84 ], [ -6.942, 41.016 ], [ -6.818, 41.054 ], [ -6.647, 41.268 ], [ -6.496, 41.295 ], [ -6.321, 41.42 ], [ -6.206, 41.57 ], [ -6.272, 41.628 ], [ -6.577, 41.74 ], [ -6.524, 41.867 ], [ -6.568, 41.926 ], [ -7.145, 41.987 ], [ -7.251, 41.864 ], [ -7.622, 41.832 ], [ -7.722, 41.899 ], [ -8.049, 41.816 ], [ -8.18, 41.811 ], [ -8.232, 41.886 ], [ -8.095, 42.041 ], [ -8.191, 42.062 ], [ -8.222, 42.154 ], [ -8.347, 42.102 ], [ -8.627, 42.051 ], [ -8.751, 41.969 ], [ -8.865, 41.889 ] ] ] ] } },
{ "type": "Feature", "properties": { "id": "rhodes1306", "colorId": "malta", "name": "Госпитальеры", "parent": null }, "geometry": { "type": "MultiPolygon", "coordinates": [ [ [ [ 28.131, 36.185 ], [ 27.78, 35.89 ], [ 27.712, 35.953 ], [ 27.757, 36.084 ], [ 27.684, 36.158 ], [ 27.772, 36.198 ], [ 27.9, 36.34 ], [ 28.118, 36.428 ], [ 28.24, 36.433 ], [ 28.131, 36.185 ] ] ], [ [ [ 27.061, 36.839 ], [ 27.281, 36.908 ], [ 27.356, 36.863 ], [ 27.13, 36.761 ], [ 27.048, 36.775 ], [ 26.918, 36.716 ], [ 27.061, 36.839 ] ] ], [ [ [ 26.912, 36.946 ], [ 26.951, 37.021 ], [ 27.024, 36.945 ], [ 26.912, 36.946 ] ] ] ] } },
{ "type": "Feature", "properties": { "id": "akk_kurds1470", "colorId": "ak_koyunlu", "name": null, "parent": "ak_koyunlu" }, "geometry": { "type": "MultiPolygon", "coordinates": [ [ [ [ 47.688317929130299, 34.961043742571242 ], [ 47.329122455675467, 34.539837324187722 ], [ 47.653217394265006, 34.466126200970606 ], [ 47.868500674772136, 34.49186659320516 ], [ 48.03698324212553, 34.353804489401675 ], [ 47.939871762331556, 33.923237928387415 ], [ 47.857970514312534, 33.911537750098987 ], [ 47.757348981032031, 33.819106341620376 ], [ 47.430914006784803, 33.85069682299914 ], [ 47.249561243314119, 33.752415325376326 ], [ 46.799104379209517, 33.821446377278072 ], [ 46.314136780398982, 33.743757056332718 ], [ 45.813949367323623, 33.904517643125935 ], [ 45.486, 33.939 ], [ 45.266819780110986, 33.899545067353323 ], [ 45.131097711965182, 33.90890520998407 ], [ 45.0936571414422, 34.222469988114021 ], [ 44.901774217511935, 34.348831913629077 ], [ 44.677130794374058, 34.433073197305774 ], [ 44.56480908280512, 34.718557547543497 ], [ 44.181043234944582, 34.844919473058553 ], [ 44.13424252179086, 35.018082111727331 ], [ 44.021920810221921, 35.153804179873127 ], [ 44.433767085974694, 35.612451168779629 ], [ 44.433767085974694, 35.71073266640245 ], [ 44.223163876782927, 35.71073266640245 ], [ 43.923639312599093, 35.420568244849363 ], [ 43.521153179477068, 35.224005249603721 ], [ 43.35267061212366, 35.233365392234461 ], [ 43.221628615293227, 35.411208102218616 ], [ 43.305869898969931, 35.673292095879475 ], [ 43.053146047939826, 35.92601594690958 ], [ 42.950184479001628, 36.206820225831926 ], [ 42.744261341125245, 36.225540511093421 ], [ 42.1920129259113, 35.944736232171074 ], [ 41.855047791204484, 35.963456517432562 ], [ 41.592963797543625, 36.010257230586284 ], [ 41.344, 35.858 ], [ 41.241, 36.043 ], [ 40.716294511211665, 36.309697052787534 ], [ 40.58733347365299, 36.317971919572038 ], [ 39.761300886489757, 36.2056502080031 ], [ 39.503896964144261, 36.301591669968232 ], [ 39.152891615491335, 36.530915164421479 ], [ 38.546822380150601, 36.523895057448435 ], [ 38.408760276347117, 36.43848375594289 ], [ 38.172589949716169, 36.466188027000662 ], [ 38.140787401537914, 36.59050707897012 ], [ 37.915278423546809, 36.789995790269998 ], [ 37.877693593881617, 36.975028797852467 ], [ 37.773612527116484, 37.032851612721991 ], [ 37.72157199373391, 37.162952946178414 ], [ 37.77361252711642, 37.272816294430449 ], [ 37.767830245629526, 37.333530250043502 ], [ 37.860346749420764, 37.41737333160431 ], [ 38.279562157224795, 37.457849302012974 ], [ 38.640954750159302, 37.619753183647632 ], [ 38.779729505846156, 37.668902576286726 ], [ 38.869354868893915, 37.848153302382244 ], [ 38.999456202350338, 37.992710339556048 ], [ 39.12377525431981, 38.044750872938614 ], [ 39.112210691345908, 38.157505361934184 ], [ 39.0283676097851, 38.174852206395038 ], [ 39.054387876476383, 38.270259850929747 ], [ 38.95030680971125, 38.304953539851461 ], [ 38.860681446663492, 38.264477569442796 ], [ 38.661192735363642, 38.414816888103552 ], [ 38.418336912911649, 38.437946014051363 ], [ 38.233303905329173, 38.568047347507786 ], [ 38.374969801759498, 38.712604384681576 ], [ 38.356580706453762, 38.872126560343787 ], [ 38.398980030977711, 39.069990074788883 ], [ 38.338914321235457, 39.861444132569268 ], [ 38.183450131314309, 40.108773525625637 ], [ 38.042119049567802, 40.152939488671414 ], [ 37.932587461214261, 40.465634507035546 ], [ 39.314098785286269, 40.370236026856659 ], [ 39.543761793124332, 40.402035520249619 ], [ 40.098486288979338, 40.306637040070733 ], [ 40.465947101520229, 40.352569641638347 ], [ 40.702676663445608, 40.508033831559494 ], [ 41.253867882256948, 40.645831636262329 ], [ 41.483530890095018, 40.787162718008815 ], [ 41.838556412443822, 40.354772326975983 ], [ 42.08203125, 40.08016424821701 ], [ 42.53728486016476, 40.12580197307441 ], [ 42.827532434649207, 40.095018139416979 ], [ 42.941994354199707, 40.22524645899356 ], [ 43.109306903724274, 40.286087386093399 ], [ 43.111208182696153, 40.354825933537931 ], [ 43.059727398227061, 40.456032475732847 ], [ 43.23055000123815, 40.502833188886576 ], [ 43.375795972450383, 40.58236862295368 ], [ 43.615260262186666, 40.617463617900043 ], [ 43.826736753953206, 40.802505548195768 ], [ 43.958909561307316, 40.831877283163337 ], [ 44.043300472275583, 40.865083525098697 ], [ 44.174321693463106, 40.827156329491778 ], [ 44.63979182136616, 40.768541572644729 ], [ 45.289449155338474, 40.767259466234677 ], [ 45.374, 40.675 ], [ 45.724164823036617, 40.434092665929199 ], [ 45.889665312957703, 40.24100876102127 ], [ 45.832774519547336, 39.837601316838615 ], [ 45.281528930601169, 39.519296723684903 ], [ 44.783163660112848, 39.309415003466633 ], [ 44.656801734597792, 39.370255930566472 ], [ 44.551500130001919, 39.316435110439691 ], [ 44.581920593551835, 39.145612507428595 ], [ 44.858044801158812, 39.06371125940958 ], [ 44.790183767085907, 38.612084377476137 ], [ 44.841664551555006, 38.373400740392142 ], [ 44.930585906547087, 37.829342449980103 ], [ 44.898995425168323, 37.459616816065683 ], [ 45.26872105908275, 37.20104287589136 ], [ 45.858410044819678, 37.040165424425439 ], [ 46.137459296998756, 36.887478097761402 ], [ 46.152669528773714, 36.7002752451465 ], [ 46.444003968155656, 36.506637294472974 ], [ 46.647587070374357, 36.476216830923057 ], [ 46.665722346721431, 36.373255261984859 ], [ 46.786322272524998, 36.279796216215132 ], [ 46.904405983805425, 36.188977453942073 ], [ 47.174095093353749, 36.190732480685334 ], [ 47.480639764510649, 36.105321179179789 ], [ 47.511060228060565, 35.801116543680578 ], [ 47.684807875643756, 35.225467771889782 ], [ 47.688317929130299, 34.961043742571242 ] ] ] ] } },
{ "type": "Feature", "properties": { "id": "pskov", "colorId": "pskov", "name": "Псков", "parent": null }, "geometry": { "type": "MultiPolygon", "coordinates": [ [ [ [ 27.460982729998886, 57.498892281472799 ], [ 27.368440546659905, 58.591771398999818 ], [ 27.873, 59.408 ], [ 28.108983000618974, 59.246031498992679 ], [ 28.299596953611243, 59.184081964270192 ], [ 28.485445557778704, 59.184081964270192 ], [ 28.685590208420585, 59.017294755401956 ], [ 28.685590208420585, 58.712312430614325 ], [ 28.776131836091913, 58.540759872921285 ], [ 28.885734859062467, 58.397799408177086 ], [ 29.076348812054736, 58.307257780505758 ], [ 29.233605323273359, 58.116643827513485 ], [ 29.424219276265625, 57.997510106893323 ], [ 29.610067880433085, 57.849784293324312 ], [ 29.648190671031543, 57.754477316828179 ], [ 29.900754158746295, 57.601986154434364 ], [ 29.948407646994365, 57.468556387339774 ], [ 29.900754158746295, 57.373249410843641 ], [ 29.886458112271882, 57.134981969603302 ], [ 29.812595205487373, 57.055162376787784 ], [ 29.810212531074974, 56.953898714260646 ], [ 29.648190671031546, 56.863357086589318 ], [ 29.595771833958672, 56.739458017144344 ], [ 29.257028618126938, 56.45015157739661 ], [ 28.814633182066753, 56.595637324825795 ], [ 28.283164839417275, 56.631266487461517 ], [ 27.81850117670977, 56.69510207051718 ], [ 27.812562982937148, 56.852464205491607 ], [ 27.649218765151463, 56.981108021230391 ], [ 27.707184910110922, 57.143413227116874 ], [ 27.649218765151463, 57.340498119979031 ], [ 27.460982729998886, 57.498892281472799 ] ] ] ] } },
{ "type": "Feature", "properties": { "id": "golden_horde1441", "colorId": "golden_horde", "name": "Золотая Орда", "parent": null }, "geometry": { "type": "MultiPolygon", "coordinates": [ [ [ [ 40.807049169120582, 47.769483079249824 ], [ 40.332632219450936, 48.28625868513997 ], [ 39.87515873226949, 48.354032535092777 ], [ 39.244014754583979, 48.502287831864543 ], [ 38.629814239386668, 48.502287831864543 ], [ 38.104566902252415, 48.6166562036599 ], [ 37.621678221338669, 48.777619097297816 ], [ 37.265865509086439, 48.930110259691631 ], [ 37.049046976005386, 48.932239322643149 ], [ 37.357007168781017, 49.357784316296737 ], [ 37.575378941840086, 49.825323881692455 ], [ 37.782552162434598, 50.637218935373653 ], [ 37.820763905575035, 50.988740952008143 ], [ 37.67250860880327, 51.585998004717247 ], [ 37.452243596456647, 51.975697641945885 ], [ 38.18290041304293, 51.933451383147435 ], [ 38.605645768580374, 51.941850297495854 ], [ 39.059187143395384, 52.104229308232092 ], [ 39.764695948663181, 52.216214832877775 ], [ 40.386215610446712, 52.216214832877775 ], [ 40.915347214397563, 52.498978282608121 ], [ 41.058128758320805, 52.759344627409334 ], [ 41.248504150218466, 53.050506991488106 ], [ 41.81963032591144, 53.504048366303117 ], [ 42.089915560627304, 53.818524056007149 ], [ 42.428856219163102, 54.02797453582928 ], [ 43.229434821730635, 53.722992211041657 ], [ 44.740454706599024, 53.734629641891324 ], [ 48.185369086229926, 53.907661871005203 ], [ 49.165880742668115, 53.433435271596032 ], [ 49.962222251259618, 53.259235566591656 ], [ 50.853129313996376, 53.070104458301174 ], [ 51.753990645590527, 52.856087677867208 ], [ 52.993297118336073, 51.925363539700882 ], [ 53.975278192155621, 51.522709346188478 ], [ 54.472661095391061, 51.667779359632149 ], [ 55.481243093618467, 51.819757468954073 ], [ 55.89572884631469, 51.729952222536561 ], [ 55.153108539400648, 50.693737840796103 ], [ 54.469207047451924, 49.574626308516372 ], [ 54.348315369582188, 48.431336440662676 ], [ 53.633327446181248, 47.284592524869858 ], [ 53.052, 46.898 ], [ 52.92, 46.957 ], [ 52.615, 46.95 ], [ 52.456, 47.001 ], [ 52.357, 46.894 ], [ 52.202, 46.885 ], [ 52.239, 46.807 ], [ 52.113, 46.813 ], [ 52.0, 46.891 ], [ 51.764, 46.916 ], [ 51.503, 47.061 ], [ 51.213, 47.121 ], [ 50.857, 47.04 ], [ 50.616, 46.936 ], [ 50.607, 46.868 ], [ 50.416, 46.882 ], [ 50.251, 46.742 ], [ 50.169, 46.749 ], [ 50.034, 46.635 ], [ 49.817, 46.54 ], [ 49.623, 46.583 ], [ 49.627, 46.519 ], [ 49.313, 46.562 ], [ 49.394, 46.478 ], [ 49.185, 46.414 ], [ 49.227, 46.328 ], [ 49.142, 46.31 ], [ 49.042, 46.196 ], [ 48.832, 46.142 ], [ 48.826, 46.067 ], [ 48.714, 46.13 ], [ 48.791, 45.841 ], [ 48.695, 45.828 ], [ 48.573, 45.971 ], [ 48.466, 45.94 ], [ 48.399, 45.835 ], [ 48.289, 45.837 ], [ 48.18, 45.74 ], [ 47.765, 45.682 ], [ 47.626, 45.709 ], [ 47.615, 45.57 ], [ 47.503, 45.717 ], [ 47.385, 45.75 ], [ 47.57, 45.574 ], [ 47.505084112571211, 45.481976378977521 ], [ 47.413406490021622, 45.527585394495453 ], [ 46.84109397594387, 45.527585394495453 ], [ 44.807878465404499, 45.266530563512617 ], [ 43.703415718938672, 45.236408852245368 ], [ 42.568831261205588, 45.256489993090199 ], [ 40.972380564041345, 45.477382542383367 ], [ 39.736839807453983, 45.71631663591053 ], [ 40.085333441530636, 46.233891440924097 ], [ 40.595967988199128, 46.66520411626545 ], [ 40.794272666516989, 47.230372449471353 ], [ 40.807049169120582, 47.769483079249824 ] ] ] ] } },
{ "type": "Feature", "properties": { "id": "melanesia1200m", "colorId": null, "name": "Меланезия", "parent": null }, "geometry": { "type": "MultiPolygon", "coordinates": [ [ [ [ -178.239, -17.934 ], [ -178.352, -17.946 ], [ -178.293, -17.883 ], [ -178.239, -17.934 ] ] ], [ [ [ -178.911, -17.215 ], [ -178.981, -17.295 ], [ -178.965, -17.177 ], [ -178.911, -17.215 ] ] ], [ [ [ -180.0, -16.787 ], [ -179.916, -16.695 ], [ -179.821, -16.78 ], [ -179.872, -16.864 ], [ -180.0, -16.964 ], [ -180.0, -16.787 ] ] ], [ [ [ 157.622, -8.796 ], [ 157.477, -8.74 ], [ 157.55, -8.692 ], [ 157.615, -8.734 ], [ 157.622, -8.796 ] ] ], [ [ [ 158.208, -8.679 ], [ 158.229, -8.775 ], [ 158.154, -8.797 ], [ 158.208, -8.679 ] ] ], [ [ [ 157.9, -8.562 ], [ 158.057, -8.528 ], [ 158.135, -8.567 ], [ 158.068, -8.605 ], [ 158.106, -8.691 ], [ 158.013, -8.765 ], [ 157.879, -8.683 ], [ 157.9, -8.562 ] ] ], [ [ [ 157.201, -8.566 ], [ 157.348, -8.413 ], [ 157.414, -8.498 ], [ 157.359, -8.577 ], [ 157.312, -8.696 ], [ 157.201, -8.566 ] ] ], [ [ [ 157.345, -8.275 ], [ 157.228, -8.317 ], [ 157.222, -8.224 ], [ 157.317, -8.186 ], [ 157.383, -8.032 ], [ 157.503, -7.96 ], [ 157.612, -8.066 ], [ 157.613, -8.169 ], [ 157.667, -8.241 ], [ 157.746, -8.229 ], [ 157.838, -8.337 ], [ 157.903, -8.499 ], [ 157.886, -8.583 ], [ 157.797, -8.562 ], [ 157.578, -8.436 ], [ 157.627, -8.378 ], [ 157.567, -8.276 ], [ 157.345, -8.275 ] ] ], [ [ [ 157.167, -8.167 ], [ 157.208, -8.289 ], [ 157.098, -8.159 ], [ 157.167, -8.167 ] ] ], [ [ [ 156.611, -8.073 ], [ 156.578, -8.187 ], [ 156.532, -7.949 ], [ 156.611, -8.073 ] ] ], [ [ [ 157.146, -8.149 ], [ 157.105, -8.125 ], [ 157.002, -8.087 ], [ 156.947, -7.98 ], [ 157.002, -7.875 ], [ 157.091, -7.851 ], [ 157.191, -7.953 ], [ 157.202, -8.048 ], [ 157.146, -8.149 ] ] ], [ [ [ 156.516, -7.72 ], [ 156.504, -7.63 ], [ 156.611, -7.569 ], [ 156.685, -7.666 ], [ 156.807, -7.72 ], [ 156.66, -7.939 ], [ 156.619, -7.813 ], [ 156.516, -7.72 ] ] ], [ [ [ 158.379, -7.563 ], [ 158.486, -7.61 ], [ 158.362, -7.638 ], [ 158.379, -7.563 ] ] ], [ [ [ 158.365, -7.548 ], [ 158.266, -7.488 ], [ 158.435, -7.528 ], [ 158.365, -7.548 ] ] ], [ [ [ 157.797, -7.473 ], [ 157.679, -7.448 ], [ 157.776, -7.408 ], [ 157.797, -7.473 ] ] ], [ [ [ 157.476, -7.412 ], [ 157.612, -7.404 ], [ 157.619, -7.452 ], [ 157.476, -7.412 ] ] ], [ [ [ 155.735, -6.966 ], [ 155.817, -7.021 ], [ 155.858, -7.093 ], [ 155.735, -7.124 ], [ 155.674, -7.076 ], [ 155.735, -6.966 ] ] ], [ [ [ 157.201, -7.337 ], [ 157.104, -7.332 ], [ 157.057, -7.268 ], [ 156.928, -7.209 ], [ 156.687, -6.897 ], [ 156.461, -6.733 ], [ 156.488, -6.603 ], [ 156.67, -6.675 ], [ 156.78, -6.776 ], [ 157.043, -6.897 ], [ 157.12, -6.981 ], [ 157.153, -7.124 ], [ 157.386, -7.323 ], [ 157.53, -7.333 ], [ 157.442, -7.414 ], [ 157.201, -7.337 ] ] ], [ [ [ 155.361, -6.746 ], [ 155.187, -6.554 ], [ 155.235, -6.363 ], [ 155.182, -6.292 ], [ 154.979, -6.193 ], [ 154.96, -6.131 ], [ 154.756, -5.948 ], [ 154.7, -5.767 ], [ 154.77, -5.559 ], [ 154.698, -5.452 ], [ 154.733, -5.427 ], [ 154.892, -5.555 ], [ 155.018, -5.541 ], [ 155.192, -5.766 ], [ 155.213, -5.87 ], [ 155.279, -5.884 ], [ 155.404, -6.006 ], [ 155.452, -6.137 ], [ 155.569, -6.211 ], [ 155.623, -6.191 ], [ 155.759, -6.344 ], [ 155.813, -6.365 ], [ 155.917, -6.518 ], [ 155.933, -6.641 ], [ 155.968, -6.727 ], [ 155.912, -6.809 ], [ 155.816, -6.782 ], [ 155.718, -6.873 ], [ 155.524, -6.839 ], [ 155.361, -6.746 ] ] ], [ [ [ 154.536, -5.137 ], [ 154.624, -5.013 ], [ 154.679, -5.047 ], [ 154.727, -5.211 ], [ 154.689, -5.427 ], [ 154.632, -5.459 ], [ 154.536, -5.137 ] ] ], [ [ [ 167.419, -22.645 ], [ 167.45, -22.538 ], [ 167.521, -22.57 ], [ 167.507, -22.671 ], [ 167.419, -22.645 ] ] ], [ [ [ 164.719, -21.066 ], [ 164.657, -20.946 ], [ 164.519, -20.891 ], [ 164.366, -20.758 ], [ 164.287, -20.576 ], [ 164.193, -20.526 ], [ 164.171, -20.339 ], [ 163.995, -20.264 ], [ 164.056, -20.228 ], [ 163.992, -20.083 ], [ 164.244, -20.285 ], [ 164.316, -20.235 ], [ 164.496, -20.3 ], [ 164.581, -20.391 ], [ 164.725, -20.473 ], [ 164.828, -20.583 ], [ 165.062, -20.734 ], [ 165.218, -20.764 ], [ 165.328, -20.928 ], [ 165.413, -20.949 ], [ 165.407, -21.055 ], [ 165.615, -21.206 ], [ 165.623, -21.268 ], [ 165.781, -21.316 ], [ 165.837, -21.402 ], [ 165.908, -21.378 ], [ 166.055, -21.459 ], [ 166.219, -21.597 ], [ 166.37, -21.659 ], [ 166.573, -21.875 ], [ 166.778, -22.015 ], [ 166.874, -22.035 ], [ 167.034, -22.237 ], [ 167.013, -22.316 ], [ 166.916, -22.396 ], [ 166.753, -22.387 ], [ 166.712, -22.316 ], [ 166.506, -22.234 ], [ 166.437, -22.308 ], [ 166.432, -22.172 ], [ 166.35, -22.2 ], [ 166.219, -22.152 ], [ 166.116, -22.028 ], [ 166.061, -21.903 ], [ 166.003, -21.964 ], [ 165.764, -21.811 ], [ 165.725, -21.72 ], [ 165.678, -21.761 ], [ 165.291, -21.577 ], [ 165.117, -21.398 ], [ 164.986, -21.302 ], [ 164.972, -21.35 ], [ 164.834, -21.183 ], [ 164.807, -21.082 ], [ 164.719, -21.066 ] ] ], [ [ [ 167.185, -20.788 ], [ 167.044, -20.768 ], [ 167.059, -20.716 ], [ 167.213, -20.672 ], [ 167.308, -20.731 ], [ 167.285, -20.902 ], [ 167.386, -20.942 ], [ 167.432, -21.028 ], [ 167.423, -21.148 ], [ 167.331, -21.164 ], [ 167.268, -21.091 ], [ 167.146, -21.073 ], [ 167.021, -20.912 ], [ 167.133, -20.89 ], [ 167.185, -20.788 ] ] ], [ [ [ 166.579, -20.55 ], [ 166.63, -20.596 ], [ 166.575, -20.685 ], [ 166.494, -20.713 ], [ 166.637, -20.425 ], [ 166.579, -20.55 ] ] ], [ [ [ 167.813, -16.42 ], [ 167.844, -16.458 ], [ 167.744, -16.546 ], [ 167.622, -16.494 ], [ 167.501, -16.587 ], [ 167.385, -16.368 ], [ 167.375, -16.193 ], [ 167.322, -16.115 ], [ 167.233, -16.17 ], [ 167.147, -16.083 ], [ 167.185, -15.891 ], [ 167.336, -15.909 ], [ 167.424, -16.112 ], [ 167.535, -16.163 ], [ 167.813, -16.42 ] ] ], [ [ [ 167.206, -15.751 ], [ 167.072, -15.676 ], [ 167.127, -15.622 ], [ 167.234, -15.642 ], [ 167.206, -15.751 ] ] ], [ [ [ 166.793, -15.656 ], [ 166.616, -15.385 ], [ 166.65, -15.265 ], [ 166.523, -14.832 ], [ 166.556, -14.646 ], [ 166.61, -14.635 ], [ 166.737, -14.83 ], [ 166.802, -15.152 ], [ 166.92, -15.156 ], [ 166.963, -15.104 ], [ 166.965, -14.951 ], [ 167.054, -14.96 ], [ 167.089, -15.141 ], [ 167.139, -15.146 ], [ 167.165, -15.333 ], [ 167.233, -15.524 ], [ 167.141, -15.536 ], [ 167.053, -15.592 ], [ 166.946, -15.577 ], [ 166.793, -15.656 ] ] ], [ [ [ 167.489, -13.708 ], [ 167.581, -13.849 ], [ 167.453, -13.919 ], [ 167.389, -13.804 ], [ 167.489, -13.708 ] ] ], [ [ [ 160.483, -11.845 ], [ 160.38, -11.777 ], [ 160.271, -11.633 ], [ 160.168, -11.653 ], [ 160.024, -11.601 ], [ 159.963, -11.521 ], [ 160.003, -11.461 ], [ 160.504, -11.736 ], [ 160.582, -11.795 ], [ 160.483, -11.845 ] ] ], [ [ [ 166.924, -11.641 ], [ 166.984, -11.71 ], [ 166.843, -11.713 ], [ 166.767, -11.633 ], [ 166.806, -11.592 ], [ 166.924, -11.641 ] ] ], [ [ [ 165.753, -10.752 ], [ 165.878, -10.657 ], [ 166.027, -10.647 ], [ 166.148, -10.694 ], [ 166.055, -10.767 ], [ 165.934, -10.776 ], [ 165.862, -10.869 ], [ 165.756, -10.812 ], [ 165.753, -10.752 ] ] ], [ [ [ 161.735, -10.405 ], [ 161.836, -10.447 ], [ 162.114, -10.456 ], [ 162.278, -10.68 ], [ 162.272, -10.814 ], [ 162.375, -10.824 ], [ 162.101, -10.821 ], [ 161.792, -10.735 ], [ 161.637, -10.631 ], [ 161.49, -10.42 ], [ 161.511, -10.365 ], [ 161.285, -10.324 ], [ 161.292, -10.226 ], [ 161.396, -10.204 ], [ 161.502, -10.251 ], [ 161.735, -10.405 ] ] ], [ [ [ 160.826, -9.837 ], [ 160.799, -9.884 ], [ 160.645, -9.937 ], [ 160.433, -9.889 ], [ 160.32, -9.815 ], [ 160.031, -9.824 ], [ 159.836, -9.794 ], [ 159.723, -9.707 ], [ 159.599, -9.512 ], [ 159.616, -9.295 ], [ 159.709, -9.248 ], [ 159.94, -9.433 ], [ 160.366, -9.413 ], [ 160.504, -9.536 ], [ 160.654, -9.611 ], [ 160.673, -9.698 ], [ 160.785, -9.727 ], [ 160.826, -9.837 ] ] ], [ [ [ 161.395, -9.649 ], [ 161.395, -9.413 ], [ 161.415, -9.386 ], [ 161.545, -9.605 ], [ 161.559, -9.789 ], [ 161.395, -9.649 ] ] ], [ [ [ 160.366, -9.186 ], [ 160.254, -9.159 ], [ 160.315, -9.062 ], [ 160.414, -9.132 ], [ 160.366, -9.186 ] ] ], [ [ [ 159.041, -9.057 ], [ 159.167, -9.018 ], [ 159.1, -9.118 ], [ 159.041, -9.057 ] ] ], [ [ [ 160.097, -9.057 ], [ 160.148, -8.99 ], [ 160.295, -9.039 ], [ 160.264, -9.132 ], [ 160.097, -9.057 ] ] ], [ [ [ 161.361, -9.618 ], [ 161.299, -9.581 ], [ 161.237, -9.448 ], [ 160.868, -9.152 ], [ 160.764, -8.947 ], [ 160.654, -8.604 ], [ 160.72, -8.553 ], [ 160.594, -8.385 ], [ 160.601, -8.325 ], [ 160.703, -8.365 ], [ 160.747, -8.31 ], [ 160.997, -8.604 ], [ 160.942, -8.692 ], [ 160.947, -8.814 ], [ 161.169, -8.975 ], [ 161.202, -9.138 ], [ 161.381, -9.509 ], [ 161.361, -9.618 ] ] ], [ [ [ 159.644, -8.4 ], [ 159.689, -8.508 ], [ 159.636, -8.529 ], [ 159.539, -8.459 ], [ 159.558, -8.389 ], [ 159.644, -8.4 ] ] ], [ [ [ 158.752, -7.593 ], [ 158.872, -7.734 ], [ 159.127, -7.92 ], [ 159.168, -7.905 ], [ 159.432, -8.032 ], [ 159.842, -8.326 ], [ 159.797, -8.392 ], [ 159.859, -8.511 ], [ 159.825, -8.542 ], [ 159.627, -8.358 ], [ 159.345, -8.261 ], [ 159.12, -8.117 ], [ 158.846, -7.973 ], [ 158.58, -7.741 ], [ 158.585, -7.669 ], [ 158.455, -7.576 ], [ 158.452, -7.532 ], [ 158.606, -7.586 ], [ 158.752, -7.593 ] ] ], [ [ [ 167.892, -21.542 ], [ 167.808, -21.384 ], [ 167.905, -21.393 ], [ 167.988, -21.336 ], [ 168.008, -21.453 ], [ 168.137, -21.432 ], [ 168.127, -21.622 ], [ 168.035, -21.658 ], [ 167.864, -21.604 ], [ 167.892, -21.542 ] ] ], [ [ [ 169.83, -20.253 ], [ 169.738, -20.209 ], [ 169.84, -20.141 ], [ 169.899, -20.192 ], [ 169.83, -20.253 ] ] ], [ [ [ 169.337, -19.315 ], [ 169.366, -19.47 ], [ 169.433, -19.493 ], [ 169.502, -19.528 ], [ 169.436, -19.657 ], [ 169.358, -19.636 ], [ 169.219, -19.49 ], [ 169.243, -19.342 ], [ 169.337, -19.315 ] ] ], [ [ [ 178.345, -18.925 ], [ 178.43, -18.955 ], [ 178.497, -19.013 ], [ 178.341, -19.048 ], [ 178.307, -18.997 ], [ 178.195, -19.047 ], [ 178.107, -19.155 ], [ 177.951, -19.13 ], [ 178.041, -19.061 ], [ 178.119, -19.07 ], [ 178.191, -18.977 ], [ 178.345, -18.925 ] ] ], [ [ [ 169.038, -18.629 ], [ 169.152, -18.636 ], [ 169.193, -18.787 ], [ 169.337, -18.935 ], [ 169.275, -18.999 ], [ 168.987, -18.877 ], [ 168.989, -18.691 ], [ 169.038, -18.629 ] ] ], [ [ [ 179.901, -18.659 ], [ 179.831, -18.589 ], [ 179.943, -18.556 ], [ 179.901, -18.659 ] ] ], [ [ [ 179.35, -18.119 ], [ 179.233, -17.945 ], [ 179.345, -17.999 ], [ 179.35, -18.119 ] ] ], [ [ [ 178.568, -17.755 ], [ 178.635, -17.853 ], [ 178.591, -17.898 ], [ 178.677, -18.011 ], [ 178.711, -17.992 ], [ 178.664, -18.088 ], [ 178.438, -18.147 ], [ 178.403, -18.101 ], [ 178.277, -18.146 ], [ 178.168, -18.248 ], [ 177.859, -18.266 ], [ 177.827, -18.234 ], [ 177.336, -18.106 ], [ 177.252, -17.952 ], [ 177.282, -17.852 ], [ 177.435, -17.743 ], [ 177.389, -17.641 ], [ 177.515, -17.505 ], [ 177.833, -17.366 ], [ 177.978, -17.397 ], [ 178.151, -17.347 ], [ 178.19, -17.301 ], [ 178.286, -17.384 ], [ 178.245, -17.444 ], [ 178.348, -17.44 ], [ 178.376, -17.498 ], [ 178.573, -17.618 ], [ 178.568, -17.755 ] ] ], [ [ [ 178.823, -17.729 ], [ 178.768, -17.747 ], [ 178.776, -17.629 ], [ 178.823, -17.729 ] ] ], [ [ [ 168.179, -17.656 ], [ 168.267, -17.559 ], [ 168.453, -17.546 ], [ 168.55, -17.691 ], [ 168.54, -17.797 ], [ 168.396, -17.824 ], [ 168.309, -17.794 ], [ 168.287, -17.711 ], [ 168.175, -17.741 ], [ 168.179, -17.656 ] ] ], [ [ [ 179.379, -17.249 ], [ 179.452, -17.29 ], [ 179.383, -17.391 ], [ 179.379, -17.249 ] ] ], [ [ [ 180.0, -16.785 ], [ 180.0, -16.963 ], [ 179.917, -16.999 ], [ 179.895, -16.939 ], [ 180.0, -16.785 ] ] ], [ [ [ 168.12, -16.709 ], [ 168.144, -16.573 ], [ 168.247, -16.69 ], [ 168.481, -16.8 ], [ 168.474, -16.848 ], [ 168.333, -16.787 ], [ 168.192, -16.814 ], [ 168.12, -16.709 ] ] ], [ [ [ 179.726, -16.718 ], [ 179.565, -16.792 ], [ 179.297, -16.807 ], [ 179.351, -16.731 ], [ 179.266, -16.69 ], [ 179.065, -16.799 ], [ 179.027, -16.923 ], [ 178.884, -16.858 ], [ 178.801, -16.978 ], [ 178.705, -16.999 ], [ 178.602, -16.78 ], [ 178.512, -16.814 ], [ 178.572, -16.615 ], [ 178.704, -16.667 ], [ 178.965, -16.471 ], [ 179.24, -16.398 ], [ 179.404, -16.408 ], [ 179.376, -16.361 ], [ 179.471, -16.274 ], [ 179.554, -16.273 ], [ 179.764, -16.181 ], [ 179.856, -16.231 ], [ 180.0, -16.149 ], [ 180.0, -16.169 ], [ 179.851, -16.291 ], [ 179.738, -16.459 ], [ 179.598, -16.54 ], [ 179.489, -16.708 ], [ 179.548, -16.766 ], [ 179.723, -16.604 ], [ 179.939, -16.463 ], [ 179.953, -16.5 ], [ 179.849, -16.662 ], [ 179.942, -16.753 ], [ 179.726, -16.718 ] ] ], [ [ [ 168.321, -16.283 ], [ 168.288, -16.344 ], [ 168.182, -16.348 ], [ 168.14, -16.362 ], [ 167.921, -16.259 ], [ 168.07, -16.18 ], [ 168.172, -16.08 ], [ 168.231, -16.228 ], [ 168.321, -16.283 ] ] ], [ [ [ 168.268, -15.949 ], [ 168.188, -15.971 ], [ 168.12, -15.663 ], [ 168.155, -15.463 ], [ 168.186, -15.518 ], [ 168.268, -15.949 ] ] ], [ [ [ 167.682, -15.433 ], [ 167.804, -15.32 ], [ 168.002, -15.282 ], [ 167.939, -15.392 ], [ 167.839, -15.485 ], [ 167.682, -15.433 ] ] ], [ [ [ 168.179, -15.395 ], [ 168.131, -15.395 ], [ 168.13, -15.158 ], [ 168.096, -14.98 ], [ 168.141, -14.96 ], [ 168.192, -15.206 ], [ 168.179, -15.395 ] ] ], [ [ [ 167.526, -14.32 ], [ 167.397, -14.3 ], [ 167.407, -14.195 ], [ 167.515, -14.141 ], [ 167.603, -14.189 ], [ 167.526, -14.32 ] ] ] ] } },
{ "type": "Feature", "properties": { "id": "novgorod1348", "colorId": "novgorod", "name": "Новгород", "parent": null }, "geometry": { "type": "MultiPolygon", "coordinates": [ [ [ [ 48.105407222775774, 60.936440753646345 ], [ 47.995295804248755, 60.579889493654107 ], [ 47.52047657899503, 60.538281246696286 ], [ 46.982259558317907, 60.423579258683127 ], [ 46.055820424365486, 60.547104476543453 ], [ 45.332315576897876, 60.361816649752967 ], [ 44.23382346092572, 60.458872178071793 ], [ 43.373558550827042, 60.458872178071793 ], [ 42.182422521459642, 60.013299070789913 ], [ 42.032427614057831, 60.180940437886065 ], [ 41.58685450677595, 60.330935345287884 ], [ 41.194220778577062, 60.613278700397196 ], [ 40.329544253554801, 60.780920067493348 ], [ 39.566334871774956, 60.780920067493355 ], [ 38.939885552626173, 60.644160004862286 ], [ 38.331082693171723, 60.639748389938703 ], [ 37.801688902341766, 60.763273607799022 ], [ 36.985540141478921, 60.608867085473612 ], [ 36.323797902941472, 60.154470748344565 ], [ 36.04145454783216, 59.598607267973108 ], [ 36.284093368629222, 59.153034160691227 ], [ 37.342880950289135, 58.270711175974633 ], [ 37.435524863684378, 57.732494155297509 ], [ 36.345855977559381, 57.189865519696809 ], [ 35.728229888257765, 57.136926140613824 ], [ 35.194424482504225, 57.035458997371414 ], [ 34.634149387209192, 56.779585331803602 ], [ 33.720945098027521, 57.01340092275349 ], [ 33.284195220592814, 57.361918501716545 ], [ 32.512162608965788, 57.428092725570295 ], [ 31.858542836031901, 57.076086663049686 ], [ 31.510756646371306, 56.844229203275958 ], [ 31.351354642776869, 56.46383805833468 ], [ 31.449169508618912, 55.902308272945177 ], [ 31.079646682104528, 56.049030571708244 ], [ 30.744968176448673, 56.128329786053939 ], [ 29.257028618126938, 56.45015157739661 ], [ 29.595771833958672, 56.739458017144344 ], [ 29.648190671031546, 56.863357086589318 ], [ 29.810212531074974, 56.953898714260646 ], [ 29.812595205487373, 57.055162376787784 ], [ 29.886458112271882, 57.134981969603302 ], [ 29.900754158746295, 57.373249410843641 ], [ 29.948407646994365, 57.468556387339774 ], [ 29.900754158746295, 57.601986154434364 ], [ 29.648190671031543, 57.754477316828179 ], [ 29.610067880433085, 57.849784293324312 ], [ 29.424219276265625, 57.997510106893323 ], [ 29.233605323273359, 58.116643827513485 ], [ 29.076348812054736, 58.307257780505758 ], [ 28.885734859062467, 58.397799408177086 ], [ 28.776131836091913, 58.540759872921285 ], [ 28.685590208420585, 58.712312430614325 ], [ 28.685590208420585, 59.017294755401956 ], [ 28.485445557778704, 59.184081964270192 ], [ 28.299596953611243, 59.184081964270192 ], [ 28.108983000618974, 59.246031498992679 ], [ 27.873, 59.408 ], [ 28.019, 59.482 ], [ 28.073, 59.578 ], [ 27.993, 59.703 ], [ 28.087, 59.799 ], [ 28.224, 59.691 ], [ 28.375, 59.666 ], [ 28.428, 59.813 ], [ 28.517, 59.862 ], [ 28.718, 59.787 ], [ 28.976, 59.831 ], [ 29.014, 59.93 ], [ 29.161, 60.003 ], [ 29.804, 59.94 ], [ 30.193, 59.881 ], [ 30.21, 60.001 ], [ 29.948, 60.03 ], [ 29.849, 60.167 ], [ 29.701, 60.201 ], [ 29.418, 60.169 ], [ 29.015, 60.197 ], [ 28.816, 60.361 ], [ 28.607, 60.389 ], [ 28.439, 60.56 ], [ 28.684, 60.456 ], [ 28.655, 60.682 ], [ 28.927458863746537, 60.937941521054064 ], [ 29.123419258242993, 61.015138040098122 ], [ 29.240555385048761, 61.090361327850353 ], [ 29.559677036045986, 61.34391003686185 ], [ 29.559677036045979, 61.969038750459148 ], [ 29.148753266268731, 62.471764639016413 ], [ 28.781544791148637, 63.311098296433777 ], [ 29.052579618023003, 63.625848417965287 ], [ 29.564048565511705, 63.958084657359656 ], [ 29.686451390551735, 64.106716659193978 ], [ 29.865684098646049, 64.202890307439716 ], [ 29.880533906346773, 64.685851529064919 ], [ 29.747984061251284, 65.058647968395974 ], [ 29.971661924849911, 65.994781249382811 ], [ 29.963377559531441, 66.566402456357068 ], [ 29.574012389563467, 67.427976449477711 ], [ 29.54915929360806, 67.95403364720039 ], [ 29.872249541028296, 68.451095566308453 ], [ 30.402448921410222, 68.931588754779568 ], [ 30.870515561903648, 69.262963367518267 ], [ 30.949217032429097, 69.528063057709218 ], [ 30.949217032429086, 69.70203472939707 ], [ 30.841, 69.806 ], [ 31.452, 69.689 ], [ 31.699, 69.744 ], [ 31.754, 69.854 ], [ 31.918, 69.926 ], [ 32.054, 69.964 ], [ 32.294622466956866, 69.88817345536593 ], [ 32.625, 69.783 ], [ 32.92, 69.78 ], [ 33.119, 69.661 ], [ 33.085, 69.476 ], [ 33.329, 69.452 ], [ 33.524, 69.428 ], [ 33.62, 69.328 ], [ 34.421, 69.311 ], [ 34.662, 69.249 ], [ 35.264, 69.215 ], [ 35.33, 69.276 ], [ 36.312, 69.058 ], [ 37.464, 68.742 ], [ 37.681, 68.713 ], [ 38.091, 68.501 ], [ 38.435, 68.356 ], [ 38.612, 68.387 ], [ 39.521, 68.076 ], [ 39.86, 68.047 ], [ 39.722, 68.173 ], [ 39.913, 68.123 ], [ 40.004, 68.02 ], [ 40.362, 67.903 ], [ 40.504, 67.75 ], [ 40.671, 67.81 ], [ 41.017, 67.698 ], [ 40.999, 67.467 ], [ 41.145, 67.424 ], [ 41.109, 67.254 ], [ 41.308, 67.235 ], [ 41.36, 67.014 ], [ 41.178, 66.81 ], [ 40.745, 66.597 ], [ 40.444, 66.406 ], [ 40.085, 66.289 ], [ 39.344, 66.135 ], [ 38.554, 66.055 ], [ 37.927, 66.089 ], [ 37.546, 66.145 ], [ 37.273, 66.23 ], [ 36.887, 66.285 ], [ 36.406, 66.295 ], [ 35.381, 66.418 ], [ 34.804, 66.614 ], [ 34.434, 66.547 ], [ 34.175, 66.687 ], [ 33.833, 66.696 ], [ 33.524, 66.831 ], [ 33.483, 66.73 ], [ 32.843, 66.976 ], [ 32.807, 67.091 ], [ 32.383, 67.16 ], [ 32.262, 67.125 ], [ 32.557, 66.989 ], [ 32.545, 66.883 ], [ 32.812, 66.736 ], [ 33.183, 66.692 ], [ 33.26, 66.618 ], [ 33.705, 66.444 ], [ 33.516, 66.406 ], [ 33.62, 66.309 ], [ 34.087, 66.249 ], [ 34.161, 66.185 ], [ 34.497, 66.116 ], [ 34.852, 65.9 ], [ 34.9, 65.706 ], [ 34.442, 65.371 ], [ 34.615, 65.255 ], [ 34.681, 65.114 ], [ 34.816, 65.043 ], [ 34.702, 64.98 ], [ 34.942, 64.858 ], [ 34.798, 64.756 ], [ 34.978, 64.612 ], [ 35.009, 64.494 ], [ 35.28, 64.377 ], [ 35.411, 64.287 ], [ 35.618, 64.34 ], [ 35.566, 64.406 ], [ 35.811, 64.342 ], [ 35.977, 64.199 ], [ 36.235, 64.125 ], [ 36.292, 64.01 ], [ 36.703, 63.925 ], [ 37.169, 63.895 ], [ 37.291, 63.818 ], [ 37.608, 63.816 ], [ 37.614, 63.881 ], [ 38.002, 63.956 ], [ 38.088, 64.035 ], [ 37.914, 64.22 ], [ 38.003, 64.317 ], [ 37.687, 64.431 ], [ 37.339, 64.34 ], [ 37.122, 64.395 ], [ 36.744, 64.681 ], [ 36.56, 64.717 ], [ 36.44, 64.917 ], [ 36.807, 64.959 ], [ 36.82, 65.147 ], [ 37.008, 65.173 ], [ 37.706, 65.017 ], [ 37.795, 64.921 ], [ 38.046, 64.854 ], [ 38.358, 64.852 ], [ 38.426, 64.793 ], [ 38.922, 64.733 ], [ 39.567, 64.545 ], [ 39.736, 64.555 ], [ 39.85, 64.676 ], [ 40.378, 64.923 ], [ 40.114, 65.075 ], [ 39.712, 65.402 ], [ 39.827, 65.607 ], [ 40.28, 65.73 ], [ 40.796, 65.992 ], [ 41.343, 66.063 ], [ 41.858, 66.296 ], [ 42.201, 66.532 ], [ 42.645, 66.453 ], [ 42.549, 66.385 ], [ 43.252, 66.437 ], [ 43.406, 66.332 ], [ 43.655, 66.285 ], [ 43.665, 66.218 ], [ 43.288, 66.09 ], [ 43.836, 66.186 ], [ 44.046, 66.081 ], [ 44.167, 65.885 ], [ 44.220047169036803, 65.734152560894856 ], [ 45.174346129604267, 64.931912225912313 ], [ 45.924152455764421, 64.533413758862167 ], [ 46.684445583689048, 63.961883062698135 ], [ 47.397548103673529, 63.343161758593951 ], [ 47.628257742492039, 62.855525476545736 ], [ 47.893049487045097, 62.15290975832572 ], [ 47.890427786603979, 61.340182621578734 ], [ 48.105407222775774, 60.936440753646345 ] ] ], [ [ [ 35.867, 65.031 ], [ 35.505, 65.096 ], [ 35.524, 65.144 ], [ 35.815, 65.154 ], [ 35.867, 65.031 ] ] ], [ [ [ 42.455, 66.774 ], [ 42.646, 66.742 ], [ 42.668, 66.667 ], [ 42.455, 66.774 ] ] ] ] } },
{ "type": "Feature", "properties": { "id": "gh_ryazan1441", "colorId": "golden_horde", "name": null, "parent": "golden_horde1441" }, "geometry": { "type": "MultiPolygon", "coordinates": [ [ [ [ 38.605645768580374, 51.941850297495854 ], [ 38.18290041304293, 51.933451383147435 ], [ 37.452243596456647, 51.975697641945885 ], [ 37.449066697240106, 52.410932834611579 ], [ 37.398236309775498, 52.763568647647276 ], [ 37.405649074614089, 53.89454476873474 ], [ 37.067838791255561, 54.526747712825738 ], [ 36.77556406333408, 54.946098409408727 ], [ 38.872317546249036, 54.933390812542576 ], [ 39.418744211493539, 54.799961045447986 ], [ 40.01600126420265, 54.679238875219546 ], [ 40.422644363919488, 54.583931898723414 ], [ 41.171006218262185, 54.578648295063509 ], [ 41.916883331513418, 54.618142690548602 ], [ 42.066689708477796, 54.466386627711501 ], [ 42.428856219163102, 54.02797453582928 ], [ 42.089915560627304, 53.818524056007149 ], [ 41.81963032591144, 53.504048366303117 ], [ 41.248504150218466, 53.050506991488106 ], [ 41.058128758320805, 52.759344627409334 ], [ 40.915347214397563, 52.498978282608121 ], [ 40.386215610446712, 52.216214832877775 ], [ 39.764695948663181, 52.216214832877775 ], [ 39.059187143395384, 52.104229308232092 ], [ 38.605645768580374, 51.941850297495854 ] ] ] ] } },
{ "type": "Feature", "properties": { "id": "manipur", "colorId": "manipur", "name": "Манипур", "parent": null }, "geometry": { "type": "MultiPolygon", "coordinates": [ [ [ [ 95.215232113810671, 24.455388554433632 ], [ 95.080762963447313, 24.558826362405448 ], [ 94.899746799496626, 24.889827347915258 ], [ 94.625636608371323, 25.143249977446207 ], [ 94.23774482847702, 25.200140771830704 ], [ 93.83950926778553, 24.977749484691302 ], [ 93.472305049485584, 24.977749484691302 ], [ 93.265429433541954, 24.750186307153307 ], [ 93.188748524278836, 24.362932811555204 ], [ 93.195644378025548, 23.997452562979472 ], [ 93.423207551667048, 23.590597191923468 ], [ 93.8236523838263, 23.326887676738526 ], [ 94.035128875592846, 23.915056669464231 ], [ 95.215232113810671, 24.455388554433632 ] ] ] ] } },
{ "type": "Feature", "properties": { "id": "aragon1134", "colorId": "aragon", "name": "Арагон", "parent": null }, "geometry": { "type": "MultiPolygon", "coordinates": [ [ [ [ 1.431, 38.755 ], [ 1.526, 38.678 ], [ 1.383, 38.642 ], [ 1.431, 38.755 ] ] ], [ [ [ 1.537, 39.118 ], [ 1.606, 39.091 ], [ 1.623, 39.029 ], [ 1.415, 38.891 ], [ 1.403, 38.832 ], [ 1.212, 38.903 ], [ 1.357, 39.078 ], [ 1.537, 39.118 ] ] ], [ [ [ 2.493, 39.47 ], [ 2.392, 39.524 ], [ 2.358, 39.612 ], [ 2.57, 39.713 ], [ 2.704, 39.814 ], [ 2.933, 39.914 ], [ 3.179, 39.969 ], [ 3.095, 39.881 ], [ 3.163, 39.769 ], [ 3.355, 39.784 ], [ 3.474, 39.75 ], [ 3.406, 39.592 ], [ 3.221, 39.36 ], [ 3.061, 39.269 ], [ 2.959, 39.363 ], [ 2.762, 39.4 ], [ 2.755, 39.503 ], [ 2.655, 39.565 ], [ 2.493, 39.47 ] ] ], [ [ [ 4.248, 39.816 ], [ 4.015, 39.926 ], [ 3.831, 39.936 ], [ 3.822, 40.048 ], [ 4.105, 40.079 ], [ 4.303, 39.926 ], [ 4.248, 39.816 ] ] ], [ [ [ -0.886771938712544, 37.936778311123568 ], [ -0.977945313799925, 37.936778311123568 ], [ -1.057354382424419, 38.042657069289561 ], [ -0.954416700874149, 38.119125061298334 ], [ -0.954416700874149, 38.1955930533071 ], [ -1.057354382424419, 38.322059347783146 ], [ -1.051472229192975, 38.619108085971064 ], [ -0.91030055163832, 38.813219142608709 ], [ -1.01323823318859, 38.948508666931922 ], [ -1.180879600284742, 38.948508666931922 ], [ -1.227936826136294, 39.010271275862081 ], [ -1.230877902752016, 39.230852022041226 ], [ -1.095588378428805, 39.398493389137379 ], [ -1.051472229192975, 39.501431070687651 ], [ -1.16323314059041, 39.560252603002091 ], [ -1.233818979367737, 39.674954591015243 ], [ -1.230877902752016, 39.830831651648509 ], [ -1.1485277575118, 39.992590865513222 ], [ -1.407342499695334, 40.033765938133335 ], [ -1.439694342468276, 40.169055462456541 ], [ -1.513221257861326, 40.169055462456527 ], [ -1.8308575323593, 40.404341591714285 ], [ -1.54851417724999, 40.633745567740604 ], [ -1.54851417724999, 40.798445858221029 ], [ -1.666157241878869, 40.980792608395795 ], [ -1.772036000044861, 41.051378447173121 ], [ -1.892620141289462, 41.086671366561781 ], [ -1.989675669608287, 41.17196258841772 ], [ -2.074966891464224, 41.169021511802001 ], [ -2.172022419783049, 41.236666273963607 ], [ -2.169081343167328, 41.380779028133979 ], [ -1.813211072664968, 41.733708222020624 ], [ -1.900620611124141, 42.011280101487721 ], [ -1.662993778099318, 41.964424106243385 ], [ -1.577648929618572, 41.904180683786393 ], [ -1.498997794744158, 41.93597582341647 ], [ -1.432060658680828, 41.902507255384805 ], [ -1.335001811388999, 42.066503238739969 ], [ -1.432060658680828, 42.131766946401719 ], [ -1.432060658680828, 42.272334932134711 ], [ -1.345042381798499, 42.369393779426538 ], [ -1.291492672947834, 42.543430333191196 ], [ -1.207821252868671, 42.57020518761653 ], [ -1.16096525762434, 42.643836037286192 ], [ -1.030437842300845, 42.700732602940022 ], [ -0.863095002142519, 42.784404023019185 ], [ -0.853054431733019, 42.864728586295186 ], [ -0.76, 42.947 ], [ -0.73, 42.878 ], [ -0.583, 42.796 ], [ -0.424, 42.791 ], [ -0.323, 42.843 ], [ -0.161, 42.795 ], [ -0.039, 42.685 ], [ 0.169, 42.726 ], [ 0.275, 42.669 ], [ 0.644, 42.684 ], [ 0.656, 42.838 ], [ 1.068, 42.776 ], [ 1.134, 42.716 ], [ 1.319, 42.713 ], [ 1.429, 42.595 ], [ 1.427359285622175, 42.515160787788929 ], [ 1.477462795578655, 42.49511938380634 ], [ 1.707, 42.503 ], [ 1.742701757889534, 42.538727446369968 ], [ 1.845982356979832, 42.456102967097728 ], [ 1.959591015979161, 42.454037355115922 ], [ 1.994706419669862, 42.371412875843689 ], [ 2.10831507866919, 42.371412875843689 ], [ 2.126905586505444, 42.437512459261477 ], [ 2.366516576394937, 42.437512459261477 ], [ 2.52969992295761, 42.330100636207568 ], [ 2.66809592573861, 42.33423186017118 ], [ 2.686686433574863, 42.412725115479802 ], [ 2.921133393509842, 42.497415206733862 ], [ 3.021315574627431, 42.499480818715668 ], [ 3.047135724400006, 42.450938937143228 ], [ 3.127881454496422, 42.482059687313715 ], [ 3.181, 42.431 ], [ 3.204, 42.34 ], [ 3.318, 42.323 ], [ 3.263, 42.24 ], [ 3.152, 42.257 ], [ 3.122, 42.14 ], [ 3.214, 42.068 ], [ 3.236, 41.966 ], [ 3.15, 41.845 ], [ 2.933, 41.712 ], [ 2.297, 41.465 ], [ 2.06, 41.275 ], [ 1.539, 41.187 ], [ 1.218, 41.105 ], [ 1.184, 41.063 ], [ 0.99, 41.04 ], [ 0.714, 40.815 ], [ 0.874, 40.728 ], [ 0.848, 40.675 ], [ 0.6, 40.614 ], [ 0.525097186278771, 40.51503201959644 ], [ 0.351, 40.285 ], [ 0.066, 40.032 ], [ -0.194, 39.715 ], [ -0.323, 39.516 ], [ -0.301, 39.322 ], [ -0.215, 39.182 ], [ -0.21, 39.079 ], [ -0.121, 38.951 ], [ -0.01, 38.87 ], [ 0.111, 38.85 ], [ 0.228, 38.735 ], [ -0.015, 38.624 ], [ -0.09, 38.535 ], [ -0.345, 38.462 ], [ -0.414, 38.365 ], [ -0.51, 38.338 ], [ -0.504, 38.207 ], [ -0.609, 38.178 ], [ -0.655, 37.989 ], [ -0.718, 37.943 ], [ -0.790703856134149, 37.825058176333478 ], [ -0.857361172555324, 37.839722782804742 ], [ -0.886771938712544, 37.936778311123568 ] ] ] ] } },
{ "type": "Feature", "properties": { "id": "maori", "colorId": null, "name": "маори", "parent": null }, "geometry": { "type": "MultiPolygon", "coordinates": [ [ [ [ 174.187, -41.262 ], [ 174.326, -41.216 ], [ 174.245, -41.322 ], [ 174.133, -41.32 ], [ 174.056, -41.425 ], [ 174.058, -41.517 ], [ 174.172, -41.578 ], [ 174.226, -41.723 ], [ 174.292, -41.73 ], [ 174.198, -41.876 ], [ 174.004, -42.031 ], [ 173.891, -42.241 ], [ 173.559, -42.491 ], [ 173.287, -42.954 ], [ 172.811, -43.169 ], [ 172.749, -43.28 ], [ 172.73, -43.415 ], [ 172.779, -43.558 ], [ 172.925, -43.68 ], [ 173.065, -43.648 ], [ 173.093, -43.854 ], [ 172.969, -43.903 ], [ 172.817, -43.881 ], [ 172.763, -43.793 ], [ 172.25, -43.881 ], [ 171.551, -44.167 ], [ 171.346, -44.279 ], [ 171.196, -44.567 ], [ 171.203, -44.906 ], [ 170.98, -45.155 ], [ 170.877, -45.356 ], [ 170.906, -45.403 ], [ 170.627, -45.706 ], [ 170.777, -45.78 ], [ 170.787, -45.863 ], [ 170.7, -45.908 ], [ 170.493, -45.923 ], [ 170.334, -45.982 ], [ 170.235, -46.154 ], [ 169.865, -46.378 ], [ 169.849, -46.468 ], [ 169.635, -46.578 ], [ 169.036, -46.682 ], [ 168.877, -46.644 ], [ 168.845, -46.56 ], [ 168.645, -46.602 ], [ 168.419, -46.602 ], [ 168.513, -46.56 ], [ 168.268, -46.526 ], [ 168.302, -46.478 ], [ 168.216, -46.354 ], [ 167.85, -46.397 ], [ 167.698, -46.189 ], [ 167.461, -46.148 ], [ 167.406, -46.251 ], [ 167.175, -46.273 ], [ 166.762, -46.22 ], [ 166.49, -46.013 ], [ 166.49, -45.808 ], [ 166.715, -45.576 ], [ 166.768, -45.41 ], [ 166.806, -45.346 ], [ 166.881, -45.28 ], [ 167.005, -45.15 ], [ 167.309, -44.875 ], [ 168.34, -44.118 ], [ 168.371, -44.039 ], [ 168.646, -43.965 ], [ 168.747, -44.01 ], [ 169.192, -43.759 ], [ 169.734, -43.566 ], [ 169.897, -43.394 ], [ 170.03, -43.346 ], [ 170.289, -43.107 ], [ 170.701, -42.955 ], [ 170.858, -42.843 ], [ 170.944, -42.734 ], [ 171.123, -42.592 ], [ 171.305, -42.295 ], [ 171.332, -42.147 ], [ 171.489, -41.83 ], [ 171.468, -41.766 ], [ 171.639, -41.758 ], [ 171.855, -41.665 ], [ 171.983, -41.466 ], [ 172.071, -41.414 ], [ 172.114, -41.251 ], [ 172.107, -40.887 ], [ 172.188, -40.805 ], [ 172.364, -40.716 ], [ 172.641, -40.51 ], [ 172.758, -40.518 ], [ 172.691, -40.648 ], [ 172.695, -40.75 ], [ 172.869, -40.847 ], [ 173.017, -40.797 ], [ 173.065, -40.887 ], [ 173.031, -41.017 ], [ 173.126, -41.312 ], [ 173.213, -41.302 ], [ 173.854, -40.926 ], [ 174.183, -40.973 ], [ 174.227, -41.065 ], [ 174.326, -41.009 ], [ 174.155, -41.221 ], [ 174.187, -41.262 ] ] ], [ [ [ 173.969, -40.723 ], [ 173.922, -40.867 ], [ 173.784, -40.907 ], [ 173.827, -40.766 ], [ 173.895, -40.796 ], [ 173.969, -40.723 ] ] ], [ [ [ 175.777, -41.372 ], [ 175.33, -41.61 ], [ 175.222, -41.614 ], [ 175.182, -41.418 ], [ 175.01, -41.386 ], [ 174.866, -41.42 ], [ 174.609, -41.292 ], [ 174.842, -41.044 ], [ 174.943, -40.971 ], [ 175.188, -40.569 ], [ 175.237, -40.286 ], [ 175.155, -40.085 ], [ 174.967, -39.916 ], [ 174.842, -39.862 ], [ 174.568, -39.827 ], [ 174.319, -39.614 ], [ 173.987, -39.542 ], [ 173.784, -39.393 ], [ 173.778, -39.208 ], [ 173.853, -39.134 ], [ 174.212, -38.973 ], [ 174.367, -38.976 ], [ 174.579, -38.839 ], [ 174.641, -38.635 ], [ 174.644, -38.463 ], [ 174.707, -38.289 ], [ 174.71, -38.105 ], [ 174.887, -37.986 ], [ 174.784, -37.967 ], [ 174.819, -37.825 ], [ 174.977, -37.804 ], [ 174.97, -37.735 ], [ 174.85, -37.765 ], [ 174.692, -37.329 ], [ 174.489, -37.015 ], [ 174.408, -36.761 ], [ 174.08, -36.4 ], [ 174.024, -36.268 ], [ 173.1, -35.22 ], [ 173.202, -35.058 ], [ 172.799, -34.551 ], [ 172.674, -34.48 ], [ 172.703, -34.412 ], [ 172.825, -34.446 ], [ 173.064, -34.398 ], [ 173.038, -34.522 ], [ 173.072, -34.699 ], [ 173.179, -34.794 ], [ 173.165, -34.845 ], [ 173.298, -34.909 ], [ 173.455, -34.816 ], [ 173.575, -34.928 ], [ 173.891, -35.001 ], [ 173.99, -35.119 ], [ 174.079, -35.117 ], [ 174.031, -35.227 ], [ 174.21, -35.343 ], [ 174.353, -35.199 ], [ 174.333, -35.288 ], [ 174.401, -35.323 ], [ 174.386, -35.419 ], [ 174.57, -35.594 ], [ 174.497, -35.988 ], [ 174.631, -36.055 ], [ 174.626, -36.107 ], [ 174.824, -36.277 ], [ 174.751, -36.354 ], [ 174.71, -36.542 ], [ 174.819, -36.824 ], [ 174.963, -36.934 ], [ 175.08, -36.885 ], [ 175.109, -36.974 ], [ 175.241, -36.942 ], [ 175.331, -37.021 ], [ 175.32, -37.129 ], [ 175.448, -37.225 ], [ 175.563, -37.18 ], [ 175.61, -37.252 ], [ 175.528, -36.962 ], [ 175.436, -36.865 ], [ 175.511, -36.775 ], [ 175.502, -36.654 ], [ 175.357, -36.53 ], [ 175.44, -36.475 ], [ 175.562, -36.552 ], [ 175.642, -36.767 ], [ 175.852, -36.718 ], [ 175.704, -36.845 ], [ 175.828, -36.826 ], [ 175.916, -37.08 ], [ 175.884, -37.137 ], [ 176.004, -37.461 ], [ 175.997, -37.632 ], [ 176.272, -37.683 ], [ 176.519, -37.762 ], [ 176.718, -37.878 ], [ 177.136, -37.982 ], [ 177.438, -37.977 ], [ 177.557, -37.914 ], [ 177.739, -37.676 ], [ 177.992, -37.591 ], [ 177.992, -37.543 ], [ 178.278, -37.559 ], [ 178.341, -37.618 ], [ 178.513, -37.652 ], [ 178.564, -37.718 ], [ 178.352, -38.002 ], [ 178.381, -38.079 ], [ 178.319, -38.266 ], [ 178.362, -38.317 ], [ 178.295, -38.54 ], [ 178.062, -38.716 ], [ 177.964, -38.761 ], [ 177.883, -39.086 ], [ 177.387, -39.077 ], [ 177.065, -39.199 ], [ 176.938, -39.349 ], [ 176.906, -39.448 ], [ 176.954, -39.608 ], [ 177.119, -39.667 ], [ 177.036, -39.754 ], [ 176.837, -40.178 ], [ 176.704, -40.29 ], [ 176.611, -40.485 ], [ 176.542, -40.486 ], [ 176.348, -40.697 ], [ 176.22, -40.933 ], [ 176.121, -41.011 ], [ 176.068, -41.14 ], [ 175.967, -41.247 ], [ 175.777, -41.372 ] ] ], [ [ [ 175.183, -36.825 ], [ 175.059, -36.817 ], [ 175.169, -36.741 ], [ 175.183, -36.825 ] ] ], [ [ [ 175.334, -36.132 ], [ 175.42, -36.072 ], [ 175.531, -36.176 ], [ 175.538, -36.282 ], [ 175.523, -36.352 ], [ 175.334, -36.224 ], [ 175.334, -36.132 ] ] ] ] } },
{ "type": "Feature", "properties": { "id": "cyprus1306", "colorId": "cyprus", "name": "Кипр", "parent": null }, "geometry": { "type": "MultiPolygon", "coordinates": [ [ [ [ 32.761, 34.653 ], [ 32.666, 34.652 ], [ 32.413, 34.753 ], [ 32.329, 34.886 ], [ 32.287, 35.097 ], [ 32.45, 35.059 ], [ 32.585, 35.173 ], [ 32.602, 35.179 ], [ 32.641, 35.187 ], [ 32.66, 35.187 ], [ 32.692, 35.184 ], [ 32.711, 35.182 ], [ 32.865, 35.157 ], [ 32.929, 35.233 ], [ 32.92, 35.398 ], [ 33.428, 35.329 ], [ 33.66, 35.359 ], [ 34.036, 35.471 ], [ 34.182, 35.554 ], [ 34.593, 35.692 ], [ 34.573, 35.644 ], [ 34.138, 35.415 ], [ 34.059, 35.324 ], [ 33.924, 35.279 ], [ 33.9, 35.164 ], [ 34.012, 35.064 ], [ 34.022, 35.057 ], [ 34.099, 34.965 ], [ 33.892, 34.958 ], [ 33.782, 34.976 ], [ 33.781, 34.976 ], [ 33.702, 34.973 ], [ 33.606, 34.822 ], [ 33.246, 34.698 ], [ 33.072, 34.687 ], [ 33.016, 34.634 ], [ 32.941, 34.569 ], [ 32.914, 34.657 ], [ 32.761, 34.653 ] ] ] ] } },
{ "type": "Feature", "properties": { "id": "songhai", "colorId": "songhai", "name": "Сонгай", "parent": null }, "geometry": { "type": "MultiPolygon", "coordinates": [ [ [ [ -3.090525654228431, 16.720246135102141 ], [ -3.00219372813687, 17.592965564886761 ], [ -2.005325995763923, 18.345022562409955 ], [ -1.099632793522793, 18.52616120285818 ], [ -0.222921773753378, 18.576880022183683 ], [ 0.653031129691936, 18.339798646891644 ], [ 1.322402490325241, 17.723976995109002 ], [ 1.536601325727899, 17.282191897091021 ], [ 1.810129605331362, 16.508249512482397 ], [ 2.248255958745503, 15.886392752797809 ], [ 2.389587040492001, 15.398800520772394 ], [ 2.488518797714549, 14.819343085611754 ], [ 2.488518797714549, 14.32115102245535 ], [ 2.308321668487764, 13.960756764001779 ], [ 1.99739328864547, 13.646295107115822 ], [ 0.997475885289, 13.480231086063689 ], [ 0.527550038481897, 13.579162843286239 ], [ -0.020107903285781, 13.822958959298944 ], [ -0.376968884695687, 14.14802044731589 ], [ -1.073024462297186, 15.144404573628693 ], [ -1.769080039898686, 15.405867074859712 ], [ -1.966943554343782, 15.829860320099204 ], [ -2.479268725674835, 16.158455085159812 ], [ -3.090525654228431, 16.720246135102141 ] ] ] ] } },
{ "type": "Feature", "properties": { "id": "hausa", "colorId": "nigeria", "name": "хауса", "parent": null }, "geometry": { "type": "MultiPolygon", "coordinates": [ [ [ [ 4.875526553998245, 11.102234135726523 ], [ 4.650832782136799, 11.525187118053951 ], [ 4.426139010275352, 11.657359925031272 ], [ 4.141967475274111, 11.981183302125711 ], [ 3.613276247364825, 12.212485714336022 ], [ 3.36875655445678, 12.549526372128192 ], [ 3.243192387828325, 12.919610231664691 ], [ 3.256409668526057, 13.250042249107995 ], [ 3.421625677247709, 13.593691547249032 ], [ 3.586841685969361, 13.772124836668416 ], [ 3.695884251725653, 14.115774134809453 ], [ 4.155184755971842, 14.584987599578932 ], [ 4.69709326457886, 14.862550494231307 ], [ 5.384391860860932, 15.060809704697288 ], [ 5.794127562490629, 15.074026985395021 ], [ 6.124559579933932, 15.007940581906361 ], [ 6.758989053425075, 15.100461546790486 ], [ 7.02333466737972, 15.074026985395028 ], [ 7.234811158543434, 14.968288739813172 ], [ 7.39341852691622, 14.756812248649457 ], [ 7.525591333893542, 14.413162950508422 ], [ 8.212889930175614, 13.937340845390072 ], [ 8.490452824827988, 13.844819880505947 ], [ 8.635842912503042, 13.606908827946768 ], [ 8.635842912503042, 13.329345933294391 ], [ 8.503670105525721, 13.091434880735214 ], [ 8.609408351107579, 12.919610231664695 ], [ 9.177751421110059, 12.57596093352366 ], [ 9.402445192971507, 12.100138828405303 ], [ 9.468531596460167, 11.716837688171069 ], [ 9.336358789482848, 11.241015583052713 ], [ 9.138099579016863, 10.870931723516211 ], [ 8.616016991456444, 10.355457776304654 ], [ 8.219498570524479, 10.249719530722798 ], [ 7.79654558819705, 9.853201109790833 ], [ 7.664372781219729, 9.562420934440727 ], [ 7.347158044474157, 9.350944443277012 ], [ 6.633424886796622, 9.139467952113296 ], [ 5.998995413305478, 9.152685232811031 ], [ 5.64212883446671, 9.251814838044023 ], [ 5.258827694232477, 9.450074048510004 ], [ 5.014308001324432, 9.780506065953308 ], [ 4.862309273300513, 10.104329443047746 ], [ 4.822657431207316, 10.454587381537648 ], [ 4.875526553998245, 11.102234135726523 ] ] ] ] } },
{ "type": "Feature", "properties": { "id": "mutapa", "colorId": "mutapa", "name": "Мономотапа", "parent": null }, "geometry": { "type": "MultiPolygon", "coordinates": [ [ [ [ 32.661778746169787, -19.011159768074123 ], [ 32.795601338004161, -19.023608381268019 ], [ 32.832947177585851, -19.263244185250514 ], [ 32.745806885228575, -19.369057397398628 ], [ 32.836059330884325, -19.605581048082644 ], [ 32.926311776540068, -19.655375500858227 ], [ 32.997891302404966, -19.792310245991079 ], [ 32.954321156226328, -20.003936670287306 ], [ 32.630657213185046, -20.548563497520242 ], [ 32.512395387843029, -20.576572877206505 ], [ 32.406582175694915, -20.707283315742409 ], [ 32.213628671189532, -20.788199301502733 ], [ 31.522730638928323, -21.273695216064663 ], [ 31.267534068453465, -21.354611201824984 ], [ 30.651327715355627, -21.348386895228035 ], [ 30.249859939852492, -21.170994157215024 ], [ 29.832831397856985, -20.735292695428676 ], [ 29.670999426336344, -20.679273936056145 ], [ 29.509167454815699, -20.39918013919349 ], [ 29.509167454815699, -19.957254370810194 ], [ 29.197952124968307, -19.440636923263526 ], [ 29.241522271146941, -18.538112466706089 ], [ 29.48427022842791, -18.065065165338055 ], [ 29.776812638484458, -17.592017863970018 ], [ 30.28098147283723, -17.386615746270742 ], [ 30.610869722475467, -17.318148373704314 ], [ 30.990552424889284, -17.311924067107366 ], [ 31.208403155782456, -17.380391439673794 ], [ 31.351562207512259, -17.517326184806645 ], [ 31.650328924165755, -17.461307425434114 ], [ 32.160722065115479, -17.710279689312028 ], [ 32.57152630051403, -17.890784580623514 ], [ 32.745806885228575, -18.068177318636529 ], [ 32.770704111616368, -18.161541917590746 ], [ 32.885853783659897, -18.233121443455648 ], [ 33.069470828269864, -18.360719728693077 ], [ 32.96365761612175, -18.494542320527458 ], [ 32.832947177585844, -18.522551700213722 ], [ 32.954321156226328, -18.681271518435892 ], [ 32.870293017167533, -18.759075350897739 ], [ 32.664890899468254, -18.77774827068858 ], [ 32.661778746169787, -19.011159768074123 ] ] ] ] } },
{ "type": "Feature", "properties": { "id": "lan_xang", "colorId": "laos", "name": "Лансанг", "parent": null }, "geometry": { "type": "MultiPolygon", "coordinates": [ [ [ [ 107.364253867059091, 15.656401921601232 ], [ 107.486846822389225, 15.243672305323113 ], [ 107.629871936941072, 14.998486394662848 ], [ 107.707514141983481, 14.736954756625227 ], [ 107.707514141983481, 14.123989979974555 ], [ 107.351994571526092, 13.956446274356704 ], [ 106.6286961350783, 14.164854298417932 ], [ 106.318127314908637, 14.05860707046515 ], [ 106.036163517649314, 14.062693502309489 ], [ 105.789191934071567, 14.039400050792478 ], [ 105.541869715577874, 13.915738941545635 ], [ 105.340920413051748, 14.07804414743212 ], [ 104.939021807999481, 14.267400220966353 ], [ 104.498479106307599, 14.402654559205091 ], [ 104.224106020166161, 14.344688414245631 ], [ 103.721732763850852, 14.425841017188874 ], [ 103.462817316365275, 14.518586849124008 ], [ 102.995223747025634, 14.781366706273555 ], [ 103.241817645910174, 14.957972139908318 ], [ 103.402190646996516, 15.290311371075212 ], [ 103.112359922141678, 15.4487521673292 ], [ 102.90368180024619, 15.444887757664468 ], [ 102.667952810697571, 15.618786192577382 ], [ 102.509512014443587, 15.777226988831368 ], [ 102.459274688802083, 16.082515352345148 ], [ 102.281511844224426, 16.592617428089692 ], [ 102.01873198702269, 17.025431310539609 ], [ 101.945308203392784, 17.114312732828431 ], [ 101.844833552109762, 17.16068564880521 ], [ 101.547274007925466, 17.408007867348015 ], [ 101.464189200133745, 17.603160555416956 ], [ 101.193680523602552, 17.860143798121591 ], [ 101.127985559302118, 17.979940497728265 ], [ 101.197544933267281, 18.061093100687625 ], [ 101.185951704273108, 18.265906812918388 ], [ 101.184867413191498, 18.350535748770529 ], [ 101.087049707338821, 18.366431125971591 ], [ 101.087049707338821, 18.454467061238994 ], [ 101.259453413904168, 18.634207095743278 ], [ 101.259453413904183, 18.927660213301294 ], [ 101.345043906525262, 18.98390539416658 ], [ 101.188535577160991, 19.360503561699364 ], [ 101.19098101980731, 19.446094054320451 ], [ 101.301025938891556, 19.509675563124688 ], [ 101.230108102148378, 19.590375170453143 ], [ 100.897527902249294, 19.590375170453143 ], [ 100.760583114055549, 19.497448349893105 ], [ 100.628529211154444, 19.529239104295222 ], [ 100.577174915581793, 19.465657595490985 ], [ 100.494029865607018, 19.51456644841732 ], [ 100.398657602400661, 19.737101729232148 ], [ 100.469575439143838, 19.830028549792186 ], [ 100.579620358228098, 20.16260874969127 ], [ 100.508702521484906, 20.172390520276537 ], [ 100.479357209729102, 20.08680002765545 ], [ 100.349748749474315, 20.221299373202875 ], [ 100.347303306827996, 20.377807702567146 ], [ 100.232367502451112, 20.377807702567146 ], [ 100.080750058379465, 20.265317340836575 ], [ 100.127213468659491, 20.632133737784095 ], [ 100.203022190695307, 20.749514984807298 ], [ 100.320403437718511, 20.771523968624152 ], [ 100.337521536242733, 20.835105477428385 ], [ 100.405993930339591, 20.832660034782073 ], [ 100.457348225912241, 20.758074034069413 ], [ 100.573506751612285, 20.776414853916787 ], [ 100.611411112630194, 20.862005346537877 ], [ 100.468352717820679, 20.859559903891565 ], [ 100.468352717820693, 20.967159380329505 ], [ 100.492807144283844, 21.01851367590216 ], [ 100.639533703062853, 21.057640758243227 ], [ 100.678660785403935, 21.228821743485394 ], [ 100.788705704488194, 21.28506692435068 ], [ 100.951327640468264, 21.472143286793926 ], [ 101.306552899677698, 21.290531098011673 ], [ 101.642346607758327, 21.419682524196528 ], [ 101.751539728861118, 22.147698906331851 ], [ 101.892, 22.43 ], [ 102.027373878353927, 22.501175260867068 ], [ 102.10501608339635, 22.582903897753823 ], [ 102.472794949386753, 22.693237557550944 ], [ 102.865092406443182, 22.654416455029732 ], [ 103.406544625817943, 22.685064693862266 ], [ 103.645600888711698, 22.629897863963713 ], [ 103.563872251824947, 22.143612474487515 ], [ 103.563872251824947, 21.677759244233002 ], [ 103.764107412197504, 21.371276855907666 ], [ 104.434282234668899, 21.068880899426667 ], [ 104.614085235819758, 20.946287944096532 ], [ 104.744851054838577, 20.835954284299412 ], [ 104.642690258730141, 20.280199553469469 ], [ 104.699900304550852, 19.364838820337798 ], [ 104.937, 18.731 ], [ 105.353729399644877, 18.355490154786356 ], [ 105.443630900220342, 18.118477107814758 ], [ 105.729681129323964, 17.801778639878584 ], [ 106.064768540559669, 17.352271137001424 ], [ 106.24865797355487, 17.192900295072249 ], [ 106.306766952359823, 17.084447385575483 ], [ 106.440720270238742, 16.833294292770525 ], [ 106.726770499342393, 16.265280266407565 ], [ 106.775820284307102, 16.175261184298709 ], [ 106.830606493370752, 16.142555338463335 ], [ 107.09454936533281, 15.975143605459582 ], [ 107.364253867059091, 15.656401921601232 ] ] ] ] } },
{ "type": "Feature", "properties": { "id": "venice814", "colorId": "venice", "name": "Венеция", "parent": null }, "geometry": { "type": "MultiPolygon", "coordinates": [ [ [ [ 22.9, 36.328 ], [ 22.956, 36.383 ], [ 23.012, 36.308 ], [ 23.104, 36.237 ], [ 23.052, 36.145 ], [ 22.909, 36.206 ], [ 22.9, 36.328 ] ] ], [ [ [ 24.396, 37.625 ], [ 24.275, 37.532 ], [ 24.278, 37.623 ], [ 24.375, 37.686 ], [ 24.396, 37.625 ] ] ], [ [ [ 20.615, 38.12 ], [ 20.51, 38.111 ], [ 20.435, 38.279 ], [ 20.425, 38.175 ], [ 20.339, 38.2 ], [ 20.4, 38.364 ], [ 20.489, 38.313 ], [ 20.572, 38.474 ], [ 20.626, 38.352 ], [ 20.798, 38.131 ], [ 20.734, 38.062 ], [ 20.615, 38.12 ] ] ], [ [ [ 20.716, 38.392 ], [ 20.719, 38.316 ], [ 20.615, 38.467 ], [ 20.716, 38.392 ] ] ], [ [ [ 23.793, 39.118 ], [ 23.67, 39.118 ], [ 23.587, 39.208 ], [ 23.793, 39.118 ] ] ], [ [ [ 20.092, 39.434 ], [ 20.106, 39.365 ], [ 19.866, 39.469 ], [ 19.841, 39.552 ], [ 19.626, 39.748 ], [ 19.852, 39.825 ], [ 19.948, 39.79 ], [ 19.852, 39.711 ], [ 19.928, 39.625 ], [ 19.932, 39.479 ], [ 20.092, 39.434 ] ] ], [ [ [ 18.662261306398126, 42.585712452045975 ], [ 18.827002580054636, 42.468290480397187 ], [ 18.779, 42.271 ], [ 18.654, 42.452 ], [ 18.496, 42.416 ], [ 18.432675063323625, 42.597980419233167 ], [ 18.662261306398126, 42.585712452045975 ] ] ], [ [ [ 16.824, 42.962 ], [ 17.132, 42.97 ], [ 17.2, 42.922 ], [ 16.851, 42.901 ], [ 16.638, 42.935 ], [ 16.72, 42.99 ], [ 16.824, 42.962 ] ] ], [ [ [ 16.241, 43.072 ], [ 16.121, 43.013 ], [ 16.049, 43.065 ], [ 16.241, 43.072 ] ] ], [ [ [ 16.751, 43.162 ], [ 17.193, 43.127 ], [ 16.693, 43.127 ], [ 16.372, 43.196 ], [ 16.521, 43.229 ], [ 16.751, 43.162 ] ] ], [ [ [ 16.426, 43.394 ], [ 16.688, 43.377 ], [ 16.892, 43.312 ], [ 16.813, 43.268 ], [ 16.501, 43.284 ], [ 16.426, 43.394 ] ] ], [ [ [ 16.207, 43.387 ], [ 16.277, 43.412 ], [ 16.391, 43.346 ], [ 16.207, 43.387 ] ] ], [ [ [ 17.506062582390332, 43.00278868686172 ], [ 17.617832878534951, 42.924061023253429 ], [ 17.653, 42.891 ], [ 17.316, 43.127 ], [ 17.073, 43.239 ], [ 16.881, 43.406 ], [ 16.626, 43.449 ], [ 16.337, 43.551 ], [ 15.973, 43.503 ], [ 15.931, 43.676 ], [ 15.466, 43.922 ], [ 15.145, 44.195 ], [ 15.11, 44.264 ], [ 15.309, 44.309 ], [ 15.525, 44.261 ], [ 15.308, 44.354 ], [ 14.901, 44.69 ], [ 14.884, 44.861 ], [ 15.062489220329248, 44.826369030448646 ], [ 15.161621288547268, 44.759449111474858 ], [ 15.283312629698617, 44.674772007349823 ], [ 15.465579570765396, 44.500391616617669 ], [ 15.61892916060523, 44.433794080458668 ], [ 15.731093432030942, 44.288331040953445 ], [ 16.020580754452798, 44.253811487411035 ], [ 16.252741163925435, 44.017053842107259 ], [ 16.526276695878341, 43.828567173030464 ], [ 16.535471167540624, 43.729726602660925 ], [ 16.608864810177501, 43.712712026276833 ], [ 16.788319138253399, 43.532045461921847 ], [ 17.137709061420136, 43.391829769072039 ], [ 17.535944615292749, 43.059104825793199 ], [ 17.506062582390332, 43.00278868686172 ] ] ], [ [ [ 15.136, 43.903 ], [ 15.003, 44.052 ], [ 15.145, 43.95 ], [ 15.136, 43.903 ] ] ], [ [ [ 15.254, 44.34 ], [ 15.097, 44.34 ], [ 15.117, 44.387 ], [ 14.897, 44.491 ], [ 14.877, 44.56 ], [ 14.904, 44.61 ], [ 15.254, 44.34 ] ] ], [ [ [ 14.024093426270923, 45.099769442048824 ], [ 14.154, 45.072 ], [ 14.164, 44.996 ], [ 14.039, 44.949 ], [ 13.964, 44.812 ], [ 13.799, 44.865 ], [ 13.808, 44.915 ], [ 13.613, 45.118 ], [ 13.603, 45.279 ], [ 13.507, 45.512 ], [ 13.59, 45.489 ], [ 13.712, 45.593 ], [ 13.75419814815281, 45.36615958668488 ], [ 13.841826485204145, 45.282036383115603 ], [ 13.838321351722092, 45.096264308566766 ], [ 13.929454822255481, 45.01564623847954 ], [ 14.024093426270923, 45.099769442048824 ] ] ], [ [ [ 12.507, 45.573 ], [ 12.273, 45.464 ], [ 12.209, 45.309 ], [ 12.328, 45.101 ], [ 12.097483856605006, 45.063044907123796 ], [ 11.898797802330447, 45.100952114847232 ], [ 11.273982447440719, 45.069580632593365 ], [ 10.825659123897182, 45.353891619497745 ], [ 10.728391669770197, 45.449406506883655 ], [ 10.462001525134138, 45.451159073624687 ], [ 10.377878321564856, 45.253119031888659 ], [ 10.286744851031466, 45.198789462916821 ], [ 10.052777191104397, 45.147088744056518 ], [ 9.732933760867025, 45.237345931219409 ], [ 9.547161686318194, 45.338994802198954 ], [ 9.371593101940721, 45.754739435829478 ], [ 9.478692519642051, 45.908694848775141 ], [ 9.504223218316241, 45.999458799640635 ], [ 9.632161173257977, 46.042650348721217 ], [ 10.080818258960818, 46.102237617916124 ], [ 10.29813653484813, 46.193371088449517 ], [ 10.505645363178106, 46.095517124681329 ], [ 10.422801709993431, 46.012673471496655 ], [ 10.478721175893087, 45.867697078423468 ], [ 10.563635920407378, 45.809706521194194 ], [ 10.687901400184392, 45.86562598709385 ], [ 10.771085052352777, 45.880791784533656 ], [ 10.911919262766727, 45.723388843482766 ], [ 11.168734587639223, 45.998843990321816 ], [ 11.334421894008575, 45.988488533673731 ], [ 11.466971739104057, 45.882862875863268 ], [ 11.742426885943106, 46.087900917495347 ], [ 11.649227776110346, 46.332289694390141 ], [ 11.791236732339561, 46.484702628391034 ], [ 11.852804399654444, 46.524281843093462 ], [ 12.002325877419157, 46.537474914660933 ], [ 12.295408270950817, 46.663664307128862 ], [ 12.585361057097185, 46.655379941810395 ], [ 13.065, 46.598 ], [ 13.231, 46.552 ], [ 13.271059593157984, 46.460515330517332 ], [ 13.394194927787749, 46.425333806337399 ], [ 13.359013403607817, 46.196653899167835 ], [ 13.50413719085004, 46.095507017150531 ], [ 13.323831879427884, 45.906406324683395 ], [ 13.328229569950375, 45.805259442666085 ], [ 13.423, 45.724 ], [ 13.222, 45.776 ], [ 13.07, 45.714 ], [ 13.085, 45.642 ], [ 12.944, 45.629 ], [ 12.781, 45.554 ], [ 12.41, 45.436 ], [ 12.563, 45.532 ], [ 12.507, 45.573 ] ] ], [ [ [ 26.266, 35.26 ], [ 26.294, 35.136 ], [ 26.241, 35.039 ], [ 26.147, 35.002 ], [ 25.985, 35.039 ], [ 25.808, 35.006 ], [ 25.601, 35.014 ], [ 25.304, 34.985 ], [ 25.097, 34.938 ], [ 24.739, 34.932 ], [ 24.759, 35.041 ], [ 24.708, 35.096 ], [ 24.565, 35.106 ], [ 24.402, 35.191 ], [ 24.031, 35.198 ], [ 23.827, 35.253 ], [ 23.587, 35.239 ], [ 23.518, 35.294 ], [ 23.605, 35.613 ], [ 23.642, 35.507 ], [ 23.718, 35.513 ], [ 23.742, 35.687 ], [ 23.817, 35.535 ], [ 24.0, 35.52 ], [ 24.183, 35.586 ], [ 24.273, 35.365 ], [ 24.34, 35.348 ], [ 24.721, 35.427 ], [ 24.971, 35.425 ], [ 25.055, 35.355 ], [ 25.376, 35.343 ], [ 25.482, 35.297 ], [ 25.639, 35.346 ], [ 25.766, 35.336 ], [ 25.713, 35.183 ], [ 25.818, 35.116 ], [ 25.897, 35.185 ], [ 26.067, 35.233 ], [ 26.155, 35.198 ], [ 26.321, 35.315 ], [ 26.266, 35.26 ] ] ], [ [ [ 27.232, 35.822 ], [ 27.159, 35.612 ], [ 27.212, 35.521 ], [ 27.158, 35.416 ], [ 27.093, 35.452 ], [ 27.068, 35.589 ], [ 27.232, 35.822 ] ] ], [ [ [ 25.479, 36.424 ], [ 25.447, 36.336 ], [ 25.382, 36.48 ], [ 25.479, 36.424 ] ] ], [ [ [ 26.459, 36.597 ], [ 26.301, 36.513 ], [ 26.266, 36.596 ], [ 26.362, 36.638 ], [ 26.459, 36.597 ] ] ], [ [ [ 24.474, 36.747 ], [ 24.546, 36.689 ], [ 24.327, 36.651 ], [ 24.354, 36.754 ], [ 24.474, 36.747 ] ] ], [ [ [ 25.409, 36.712 ], [ 25.373, 36.654 ], [ 25.273, 36.72 ], [ 25.307, 36.795 ], [ 25.409, 36.712 ] ] ], [ [ [ 26.006, 36.939 ], [ 25.88, 36.795 ], [ 25.857, 36.851 ], [ 26.006, 36.939 ] ] ], [ [ [ 24.704, 37.035 ], [ 24.765, 36.957 ], [ 24.711, 36.904 ], [ 24.642, 37.028 ], [ 24.704, 37.035 ] ] ], [ [ [ 25.103, 37.013 ], [ 25.15, 37.111 ], [ 25.259, 37.124 ], [ 25.28, 37.049 ], [ 25.204, 36.989 ], [ 25.103, 37.013 ] ] ], [ [ [ 25.595, 37.1 ], [ 25.553, 36.969 ], [ 25.45, 36.918 ], [ 25.342, 37.077 ], [ 25.526, 37.196 ], [ 25.595, 37.1 ] ] ], [ [ [ 24.436, 37.487 ], [ 24.483, 37.412 ], [ 24.368, 37.31 ], [ 24.368, 37.412 ], [ 24.436, 37.487 ] ] ], [ [ [ 25.307, 37.412 ], [ 25.348, 37.508 ], [ 25.463, 37.47 ], [ 25.395, 37.418 ], [ 25.307, 37.412 ] ] ], [ [ [ 25.053, 37.679 ], [ 25.246, 37.624 ], [ 25.216, 37.533 ], [ 25.091, 37.583 ], [ 24.998, 37.638 ], [ 25.053, 37.679 ] ] ], [ [ [ 24.954, 37.906 ], [ 24.992, 37.768 ], [ 24.916, 37.72 ], [ 24.684, 37.933 ], [ 24.757, 37.997 ], [ 24.841, 37.919 ], [ 24.954, 37.906 ] ] ], [ [ [ 24.455, 38.885 ], [ 24.491, 38.981 ], [ 24.677, 38.81 ], [ 24.532, 38.796 ], [ 24.455, 38.885 ] ] ], [ [ [ 25.348, 39.906 ], [ 25.349, 39.788 ], [ 25.197, 39.893 ], [ 25.047, 39.838 ], [ 25.033, 39.995 ], [ 25.225, 40.009 ], [ 25.287, 39.961 ], [ 25.45, 40.036 ], [ 25.348, 39.906 ] ] ] ] } },
{ "type": "Feature", "properties": { "id": "orissa1450", "colorId": "orissa", "name": "Орисса", "parent": null }, "geometry": { "type": "MultiPolygon", "coordinates": [ [ [ [ 80.869, 15.812 ], [ 80.968, 15.795 ], [ 80.943, 15.741 ], [ 80.869, 15.812 ] ] ], [ [ [ 79.88096362925981, 16.927229663485232 ], [ 80.036462822616315, 17.018500929151013 ], [ 80.178440346985312, 17.238228050198259 ], [ 80.377884964551285, 17.46809642298614 ], [ 80.73958960996751, 17.630356450836413 ], [ 80.959316731014766, 17.816279399414853 ], [ 81.218193082864005, 17.926997469883684 ], [ 81.263282348722427, 17.980220410412304 ], [ 81.465153282688618, 18.056249723204768 ], [ 81.71159312415385, 18.425909485402602 ], [ 81.87413855150325, 18.601563414957603 ], [ 82.102226489880636, 18.693322930396782 ], [ 82.399977833222977, 19.055616313724226 ], [ 82.554985567146545, 19.337448557221634 ], [ 83.056646960571953, 19.681283894288484 ], [ 83.16937985797091, 19.974389427525796 ], [ 83.445575456598377, 20.250585026153267 ], [ 83.823230662884924, 20.729699840098874 ], [ 84.08251632690255, 21.383550645012878 ], [ 84.899829833045061, 22.043038094796835 ], [ 85.60866742159196, 22.834820695659197 ], [ 85.96661294009067, 22.66913164935437 ], [ 86.317920799200664, 22.559020230827354 ], [ 86.464736023903342, 22.462017314505935 ], [ 86.740014570220879, 22.142169860689368 ], [ 86.968102508598264, 21.662398679964518 ], [ 87.010049715656194, 21.536557058790784 ], [ 87.064, 21.475 ], [ 86.918, 21.327 ], [ 86.837, 21.175 ], [ 86.844, 21.082 ], [ 86.952, 20.849 ], [ 86.995, 20.671 ], [ 86.774, 20.512 ], [ 86.717, 20.287 ], [ 86.495, 20.184 ], [ 86.397, 19.983 ], [ 86.275, 20.067 ], [ 86.168, 20.073 ], [ 86.372, 19.965 ], [ 86.269, 19.91 ], [ 85.744, 19.766 ], [ 85.45, 19.667 ], [ 85.427, 19.704 ], [ 85.563, 19.757 ], [ 85.57, 19.876 ], [ 85.464, 19.903 ], [ 85.221, 19.736 ], [ 85.103, 19.53 ], [ 85.203, 19.517 ], [ 85.261, 19.656 ], [ 85.391, 19.691 ], [ 85.337, 19.575 ], [ 85.18, 19.475 ], [ 84.872, 19.22 ], [ 84.796749797209515, 19.114577007730571 ], [ 84.665, 18.93 ], [ 84.424, 18.636 ], [ 84.144, 18.375 ], [ 84.077, 18.272 ], [ 83.775, 18.14 ], [ 83.614, 18.045 ], [ 83.466, 17.902 ], [ 83.418, 17.806 ], [ 83.239, 17.593 ], [ 83.088, 17.531 ], [ 82.897, 17.409 ], [ 82.719, 17.349 ], [ 82.475, 17.206 ], [ 82.370950785095275, 17.101950762637287 ], [ 82.299, 17.03 ], [ 82.268, 16.867 ], [ 82.362, 16.859 ], [ 82.307, 16.58 ], [ 81.993, 16.408 ], [ 81.763, 16.323 ], [ 81.411, 16.383 ], [ 81.249, 16.32 ], [ 81.155, 15.986 ], [ 80.999, 15.847 ], [ 81.005, 15.779 ], [ 80.89, 15.895 ], [ 80.807, 15.716 ], [ 80.776, 15.884 ], [ 80.67, 15.908 ], [ 80.554, 15.881 ], [ 79.993062411069772, 16.169203946040341 ], [ 79.751279055330315, 16.417895397658061 ], [ 79.647657617156298, 16.462798020866821 ], [ 79.405874261416841, 16.455889924988551 ], [ 79.88096362925981, 16.927229663485232 ] ] ] ] } },
{ "type": "Feature", "properties": { "id": "wolof", "colorId": "wolof", "name": "Джолоф", "parent": null }, "geometry": { "type": "MultiPolygon", "coordinates": [ [ [ [ -14.541491725643384, 16.924312313059954 ], [ -14.541491725643384, 16.378427910601005 ], [ -14.682183581947234, 15.911330947672209 ], [ -14.479587308869686, 15.354191196708951 ], [ -14.701521890122763, 14.703634414313292 ], [ -15.524173553615308, 14.415172142699024 ], [ -16.101098096843845, 14.308334264323369 ], [ -16.429, 14.161 ], [ -16.469, 14.194 ], [ -16.632, 14.01 ], [ -16.765, 13.971 ], [ -16.83, 14.154 ], [ -16.869, 14.166 ], [ -16.94, 14.356 ], [ -17.059, 14.454 ], [ -17.178, 14.653 ], [ -17.331, 14.736 ], [ -17.417, 14.738 ], [ -17.453, 14.662 ], [ -17.536, 14.757 ], [ -17.371, 14.8 ], [ -17.139, 14.928 ], [ -16.878, 15.233 ], [ -16.739, 15.472 ], [ -16.539, 15.774 ], [ -16.542, 15.809 ], [ -16.527, 15.977 ], [ -16.539, 16.267 ], [ -16.467, 16.493 ], [ -16.459, 16.644 ], [ -16.343, 16.942 ], [ -16.173, 17.262 ], [ -14.900507438597412, 17.104147994066292 ], [ -14.541491725643384, 16.924312313059954 ] ] ] ] } },
{ "type": "Feature", "properties": { "id": "scotland1018", "colorId": "scotland", "name": "Шотландия", "parent": null }, "geometry": { "type": "MultiPolygon", "coordinates": [ [ [ [ -6.453, 55.841 ], [ -6.14, 55.941 ], [ -6.03, 55.729 ], [ -6.024, 55.682 ], [ -6.311, 55.583 ], [ -6.243, 55.66 ], [ -6.349, 55.773 ], [ -6.504, 55.681 ], [ -6.453, 55.841 ] ] ], [ [ [ -6.075, 55.916 ], [ -5.798, 56.113 ], [ -5.74, 56.076 ], [ -5.962, 55.805 ], [ -6.062, 55.809 ], [ -6.075, 55.916 ] ] ], [ [ [ -6.179, 56.36 ], [ -6.127, 56.474 ], [ -6.338, 56.552 ], [ -6.325, 56.606 ], [ -6.058, 56.64 ], [ -5.952, 56.524 ], [ -5.722, 56.49 ], [ -5.688, 56.435 ], [ -5.809, 56.319 ], [ -5.915, 56.336 ], [ -6.328, 56.277 ], [ -6.179, 56.36 ] ] ], [ [ [ -6.325, 57.059 ], [ -6.304, 56.944 ], [ -6.455, 57.004 ], [ -6.325, 57.059 ] ] ], [ [ [ -7.428, 57.388 ], [ -7.244, 57.326 ], [ -7.2, 57.291 ], [ -7.353, 57.1 ], [ -7.455, 57.237 ], [ -7.428, 57.388 ] ] ], [ [ [ -6.672, 57.356 ], [ -6.784, 57.456 ], [ -6.564, 57.504 ], [ -6.64, 57.607 ], [ -6.387, 57.517 ], [ -6.416, 57.646 ], [ -6.311, 57.703 ], [ -6.154, 57.59 ], [ -6.159, 57.407 ], [ -5.901, 57.243 ], [ -5.942, 57.155 ], [ -6.024, 57.196 ], [ -6.318, 57.161 ], [ -6.564, 57.347 ], [ -6.672, 57.356 ] ] ], [ [ [ -7.205, 57.419 ], [ -7.408, 57.446 ], [ -7.264, 57.483 ], [ -7.205, 57.419 ] ] ], [ [ [ -7.129, 57.653 ], [ -7.216, 57.641 ], [ -7.158, 57.511 ], [ -7.545, 57.593 ], [ -7.477, 57.662 ], [ -7.129, 57.653 ] ] ], [ [ [ -6.709, 58.189 ], [ -6.819, 58.285 ], [ -6.267, 58.512 ], [ -6.167, 58.347 ], [ -6.366, 58.237 ], [ -6.161, 58.259 ], [ -6.215, 58.189 ], [ -6.4, 58.21 ], [ -6.352, 58.039 ], [ -6.537, 57.921 ], [ -6.955, 57.744 ], [ -7.102, 57.811 ], [ -6.839, 57.936 ], [ -7.113, 57.99 ], [ -7.126, 58.124 ], [ -7.031, 58.245 ], [ -6.888, 58.168 ], [ -6.709, 58.189 ] ] ], [ [ [ -5.346, 55.483 ], [ -5.355, 55.69 ], [ -5.16, 55.676 ], [ -5.071, 55.509 ], [ -5.164, 55.435 ], [ -5.346, 55.483 ] ] ], [ [ [ -5.03, 55.749 ], [ -5.2, 55.911 ], [ -5.081, 55.88 ], [ -5.03, 55.749 ] ] ], [ [ [ -5.807, 57.844 ], [ -5.613, 57.929 ], [ -5.455, 57.854 ], [ -5.366, 57.943 ], [ -5.447, 58.084 ], [ -5.301, 58.07 ], [ -5.393, 58.245 ], [ -5.096, 58.277 ], [ -5.173, 58.354 ], [ -5.05, 58.454 ], [ -5.104, 58.514 ], [ -4.988, 58.628 ], [ -4.66, 58.556 ], [ -3.81, 58.573 ], [ -3.598, 58.627 ], [ -3.364, 58.601 ], [ -3.413, 58.656 ], [ -3.019, 58.64 ], [ -3.129, 58.513 ], [ -3.086, 58.414 ], [ -3.221, 58.306 ], [ -4.078, 57.943 ], [ -4.04, 57.818 ], [ -3.79, 57.831 ], [ -4.249, 57.497 ], [ -3.591, 57.641 ], [ -3.492, 57.713 ], [ -3.285, 57.72 ], [ -3.079, 57.669 ], [ -2.916, 57.703 ], [ -2.526, 57.669 ], [ -1.932, 57.682 ], [ -1.759, 57.474 ], [ -1.98, 57.319 ], [ -2.049, 57.119 ], [ -2.22, 56.873 ], [ -2.441, 56.735 ], [ -2.53, 56.581 ], [ -2.765, 56.476 ], [ -2.885, 56.458 ], [ -2.838, 56.366 ], [ -2.577, 56.284 ], [ -2.784, 56.192 ], [ -2.635, 56.058 ], [ -2.308, 55.935 ], [ -2.147, 55.917 ], [ -2.030090837254978, 55.81669124282039 ], [ -2.309271808673887, 55.638015560157477 ], [ -2.219933899183025, 55.441472159277581 ], [ -2.563884850722843, 55.343200458837636 ], [ -2.773828938026369, 55.160057744381369 ], [ -2.970372338906265, 55.043918462043244 ], [ -3.068644039346213, 55.034984671094158 ], [ -3.106612650879829, 54.972448134450552 ], [ -3.291988813073368, 54.963514343501473 ], [ -3.388, 54.883 ], [ -3.598, 54.878 ], [ -3.844, 54.866 ], [ -3.964, 54.772 ], [ -4.174, 54.792 ], [ -4.403, 54.907 ], [ -4.348, 54.807 ], [ -4.372, 54.682 ], [ -4.859, 54.866 ], [ -4.954, 54.81 ], [ -4.859, 54.633 ], [ -5.128, 54.849 ], [ -5.171, 55.009 ], [ -5.061, 54.931 ], [ -5.008, 55.141 ], [ -4.882, 55.219 ], [ -4.833, 55.331 ], [ -4.618, 55.496 ], [ -4.671, 55.584 ], [ -4.921, 55.709 ], [ -4.861, 55.757 ], [ -4.893, 55.893 ], [ -4.786, 55.957 ], [ -4.852, 56.113 ], [ -4.983, 55.871 ], [ -5.172, 55.936 ], [ -5.335, 55.897 ], [ -5.314, 56.012 ], [ -5.448, 56.022 ], [ -5.407, 55.866 ], [ -5.318, 55.783 ], [ -5.49, 55.645 ], [ -5.455, 55.592 ], [ -5.546, 55.449 ], [ -5.515, 55.374 ], [ -5.64, 55.304 ], [ -5.783, 55.314 ], [ -5.716, 55.448 ], [ -5.681, 55.674 ], [ -5.613, 55.764 ], [ -5.696, 55.982 ], [ -5.51, 56.188 ], [ -5.598, 56.259 ], [ -5.667, 56.498 ], [ -6.003, 56.619 ], [ -5.897, 56.675 ], [ -6.223, 56.695 ], [ -6.181, 56.755 ], [ -5.948, 56.783 ], [ -5.852, 56.747 ], [ -5.875, 56.887 ], [ -5.791, 57.059 ], [ -5.839, 57.579 ], [ -5.654, 57.532 ], [ -5.791, 57.696 ], [ -5.807, 57.844 ] ] ], [ [ [ -3.173, 58.82 ], [ -3.248, 58.792 ], [ -3.43, 58.875 ], [ -3.349, 58.929 ], [ -3.173, 58.82 ] ] ], [ [ [ -3.324, 59.127 ], [ -3.085, 59.128 ], [ -2.994, 59.073 ], [ -3.132, 59.005 ], [ -2.728, 58.971 ], [ -2.839, 58.883 ], [ -2.981, 58.96 ], [ -3.203, 58.916 ], [ -3.367, 59.016 ], [ -3.324, 59.127 ] ] ], [ [ [ -1.097, 60.416 ], [ -1.075, 60.321 ], [ -1.199, 60.204 ], [ -1.165, 60.06 ], [ -1.275, 59.882 ], [ -1.376, 59.909 ], [ -1.263, 60.115 ], [ -1.268, 60.245 ], [ -1.455, 60.156 ], [ -1.504, 60.243 ], [ -1.615, 60.216 ], [ -1.657, 60.306 ], [ -1.364, 60.321 ], [ -1.446, 60.492 ], [ -1.609, 60.483 ], [ -1.419, 60.608 ], [ -1.326, 60.611 ], [ -1.295, 60.492 ], [ -1.097, 60.416 ] ] ], [ [ [ -1.092, 60.735 ], [ -0.987, 60.698 ], [ -1.032, 60.501 ], [ -1.154, 60.508 ], [ -1.171, 60.646 ], [ -1.092, 60.735 ] ] ], [ [ [ -0.761, 60.8 ], [ -0.905, 60.684 ], [ -0.966, 60.725 ], [ -0.881, 60.845 ], [ -0.761, 60.8 ] ] ] ] } },
{ "type": "Feature", "properties": { "id": "papal_states756", "colorId": "vatican", "name": "Папская область", "parent": null }, "geometry": { "type": "MultiPolygon", "coordinates": [ [ [ [ 10.931316918535043, 44.500370089539729 ], [ 10.931316918535043, 44.643165824603635 ], [ 10.993066425589705, 44.731930740994713 ], [ 11.319090822237683, 44.948686168750022 ], [ 11.443438900109104, 44.934151885021826 ], [ 11.725608409098998, 44.969269337705029 ], [ 12.063963814866131, 44.946729594876423 ], [ 12.292, 44.843 ], [ 12.254, 44.751 ], [ 12.284, 44.488 ], [ 12.369, 44.251 ], [ 12.479, 44.139 ], [ 12.71, 43.983 ], [ 12.818794127423066, 43.943981009707166 ], [ 12.947, 43.898 ], [ 13.253, 43.703 ], [ 13.617, 43.531 ], [ 13.835, 43.127 ], [ 13.781442603526827, 42.997155527177775 ], [ 13.600053426553753, 42.900671922404868 ], [ 13.329899333189603, 42.900671922404868 ], [ 13.235470042214311, 42.834367731262233 ], [ 13.152369500407447, 42.769454219913712 ], [ 12.955542946670709, 42.707704712859048 ], [ 12.909230816379711, 42.599643075513384 ], [ 12.909230816379711, 42.37966045663115 ], [ 12.978699011816207, 42.321770293767401 ], [ 13.070669567975198, 42.026117778605588 ], [ 13.408566401564084, 41.915784118658195 ], [ 13.567171037738458, 41.812346312457521 ], [ 13.567171037738458, 41.577887285069309 ], [ 13.408566401564084, 41.543408016335754 ], [ 13.277545180376556, 41.371011672667954 ], [ 13.324, 41.295 ], [ 13.045, 41.228 ], [ 12.894, 41.399 ], [ 12.635, 41.447 ], [ 12.448, 41.631 ], [ 12.239, 41.736 ], [ 12.147, 41.903 ], [ 11.917, 42.038 ], [ 11.827, 42.034 ], [ 11.658, 42.279 ], [ 11.396, 42.4 ], [ 11.588061012432133, 42.598473639582679 ], [ 11.701842599252879, 42.643296688936303 ], [ 11.705290526126236, 42.83638059384424 ], [ 11.782302312632114, 43.014522576036896 ], [ 11.828614442923111, 43.089779787759767 ], [ 11.967550833796102, 43.124513885478009 ], [ 12.166307059628299, 43.371511913696665 ], [ 12.214548862014755, 43.541323058096999 ], [ 12.118065257241843, 43.622369286106242 ], [ 12.035089357137142, 43.927257477188633 ], [ 11.9077309988369, 44.029530098247918 ], [ 11.900012310455066, 44.106716982066246 ], [ 11.952113457032439, 44.176185177502759 ], [ 11.79966936149124, 44.222497307793752 ], [ 11.512148219267965, 44.137591735593595 ], [ 11.417594286590512, 44.226356651984673 ], [ 11.23620510961744, 44.15302911235726 ], [ 10.89079380453042, 44.10671698206626 ], [ 10.805888232330258, 44.168466489120924 ], [ 10.803958560234793, 44.215743455459645 ], [ 10.852200362621256, 44.268809438084752 ], [ 10.850270690525797, 44.349855666093987 ], [ 10.931316918535043, 44.500370089539729 ] ], [ [ 12.386, 43.925 ], [ 12.429, 43.892 ], [ 12.482, 43.983 ], [ 12.386, 43.925 ] ] ], [ [ [ 4.827127651064592, 44.23482358216954 ], [ 5.006822700438913, 44.260908347401298 ], [ 5.063339691774384, 44.30003549524892 ], [ 5.153187216461545, 44.23627273579352 ], [ 5.254627970140596, 44.181204898082029 ], [ 5.153187216461545, 43.911662324020554 ], [ 5.037254926542628, 43.856594486309064 ], [ 4.899585332263915, 43.927603013884415 ], [ 4.803941193080809, 43.927603013884415 ], [ 4.798144578584863, 44.060925147291172 ], [ 4.740178433625405, 44.168162515466165 ], [ 4.827127651064592, 44.23482358216954 ] ] ] ] } },
{ "type": "Feature", "properties": { "id": "mrauk_u", "colorId": "mrauk_u", "name": "Мрау-У", "parent": null }, "geometry": { "type": "MultiPolygon", "coordinates": [ [ [ [ 93.745, 18.8 ], [ 93.747, 18.709 ], [ 93.645, 18.679 ], [ 93.484, 18.875 ], [ 93.622, 18.91 ], [ 93.742, 18.872 ], [ 93.745, 18.8 ] ] ], [ [ [ 93.441, 19.811 ], [ 93.403, 19.953 ], [ 93.505, 19.872 ], [ 93.505, 19.807 ], [ 93.441, 19.811 ] ] ], [ [ [ 92.964, 20.037 ], [ 93.009, 19.89 ], [ 92.909, 20.065 ], [ 92.964, 20.037 ] ] ], [ [ [ 94.707258294764273, 19.087177693924662 ], [ 94.931394055274183, 18.530702702313864 ], [ 94.71498711409221, 18.032193855662523 ], [ 94.447, 17.973 ], [ 94.492, 18.026 ], [ 94.423, 18.242 ], [ 94.328, 18.295 ], [ 94.417, 18.314 ], [ 94.245, 18.539 ], [ 94.249, 18.639 ], [ 94.149, 18.731 ], [ 94.212, 18.742 ], [ 94.153, 18.821 ], [ 94.038, 18.859 ], [ 93.93, 18.859 ], [ 93.679, 19.02 ], [ 93.642, 19.134 ], [ 93.498, 19.314 ], [ 93.484, 19.393 ], [ 93.553, 19.431 ], [ 93.731, 19.633 ], [ 93.761, 19.675 ], [ 93.601, 19.783 ], [ 93.745, 19.917 ], [ 93.611, 19.91 ], [ 93.447, 19.951 ], [ 93.375, 20.089 ], [ 93.272, 20.048 ], [ 93.13, 20.075 ], [ 93.135, 19.834 ], [ 92.97, 20.129 ], [ 92.772, 20.201 ], [ 92.731, 20.259 ], [ 92.653, 20.418 ], [ 92.54, 20.528 ], [ 92.454, 20.669 ], [ 92.381, 20.7 ], [ 92.265, 21.061 ], [ 92.301, 20.762 ], [ 92.193, 20.996 ], [ 92.053, 21.155 ], [ 92.045, 21.3 ], [ 91.96, 21.424 ], [ 92.005, 21.504 ], [ 92.001, 21.65 ], [ 91.95, 21.716 ], [ 91.99, 21.795 ], [ 91.899, 21.789 ], [ 91.916, 21.862 ], [ 92.152646498835324, 21.928696438965893 ], [ 92.381933635913498, 22.061441623590099 ], [ 92.6974189448256, 22.099368819197011 ], [ 93.334426761641083, 21.97679002015364 ], [ 93.832935608292459, 21.717874572668066 ], [ 93.921817030563616, 21.343026835263565 ], [ 94.060935778466316, 20.508314347847371 ], [ 94.405834340975105, 19.78277143343816 ], [ 94.575868366189511, 19.230160851491323 ], [ 94.707258294764273, 19.087177693924662 ] ] ], [ [ [ 91.936, 21.76 ], [ 91.984, 21.609 ], [ 91.961, 21.506 ], [ 91.877, 21.481 ], [ 91.848, 21.689 ], [ 91.936, 21.76 ] ] ], [ [ [ 91.833, 21.877 ], [ 91.888, 21.866 ], [ 91.841, 21.735 ], [ 91.833, 21.877 ] ] ] ] } },
{ "type": "Feature", "properties": { "id": "adal", "colorId": "adal", "name": "Адаль", "parent": null }, "geometry": { "type": "MultiPolygon", "coordinates": [ [ [ [ 42.85204319084243, 8.440931531280327 ], [ 41.94926311856814, 8.200546304935104 ], [ 41.062508728050204, 8.200546304935106 ], [ 40.661866684141501, 8.296700395473195 ], [ 40.345720892360703, 8.511316934629901 ], [ 40.345720892360703, 8.917361589190685 ], [ 40.232645165774152, 9.292567409227864 ], [ 40.032192741370729, 9.698612063788646 ], [ 40.02191312986286, 10.464443121124807 ], [ 40.052751964386466, 10.767691660606907 ], [ 40.212085942758414, 11.091499423104747 ], [ 40.155548079465142, 11.379328545325048 ], [ 39.980794683831391, 11.697996502068953 ], [ 39.975654878077457, 12.170858631430878 ], [ 40.063031575894335, 12.55120425722199 ], [ 40.191526719742683, 12.725957652855746 ], [ 40.320021863591023, 12.844173185196231 ], [ 40.633550014580997, 12.638580955038872 ], [ 41.070433503665384, 12.638580955038872 ], [ 41.630672330844185, 12.818474156426561 ], [ 41.856823784017273, 12.818474156426561 ], [ 42.098394654452179, 12.972668329044581 ], [ 42.668913093138848, 12.936689688767041 ], [ 42.774, 12.862 ], [ 42.963, 12.81 ], [ 43.001, 12.9 ], [ 43.086, 12.821 ], [ 43.118, 12.708 ], [ 43.283, 12.497 ], [ 43.329, 12.489 ], [ 43.411, 12.242 ], [ 43.419, 12.091 ], [ 43.377, 12.005 ], [ 43.207, 11.958 ], [ 43.042, 11.799 ], [ 42.896, 11.781 ], [ 42.754, 11.708 ], [ 42.684, 11.582 ], [ 42.527, 11.582 ], [ 42.592, 11.472 ], [ 42.74, 11.563 ], [ 43.123, 11.581 ], [ 43.241, 11.488 ], [ 43.283, 11.499 ], [ 43.376, 11.392 ], [ 43.494, 11.365 ], [ 43.488, 11.239 ], [ 43.583, 11.135 ], [ 43.659, 10.988 ], [ 43.83, 10.803 ], [ 44.274, 10.457 ], [ 44.389, 10.397 ], [ 43.904396292842627, 10.080892964346635 ], [ 43.685378642172537, 9.824482056245062 ], [ 43.541147506365398, 9.338369709635833 ], [ 43.258027128669916, 8.788154636001206 ], [ 42.85204319084243, 8.440931531280327 ] ] ] ] } },
{ "type": "Feature", "properties": { "id": "bengal1338", "colorId": "bengal", "name": "Бенгалия", "parent": null }, "geometry": { "type": "MultiPolygon", "coordinates": [ [ [ [ 88.13, 21.626 ], [ 88.051, 21.705 ], [ 88.147, 21.87 ], [ 88.163, 21.705 ], [ 88.13, 21.626 ] ] ], [ [ [ 89.052, 21.793 ], [ 89.072, 21.89 ], [ 89.116, 21.781 ], [ 89.052, 21.793 ] ] ], [ [ [ 88.636, 21.921 ], [ 88.646, 21.788 ], [ 88.586, 21.843 ], [ 88.636, 21.921 ] ] ], [ [ [ 90.435, 22.041 ], [ 90.486, 21.977 ], [ 90.402, 21.907 ], [ 90.435, 22.041 ] ] ], [ [ [ 91.063, 22.09 ], [ 91.005, 22.117 ], [ 91.059, 22.192 ], [ 91.075, 22.389 ], [ 91.149, 22.357 ], [ 91.187, 22.228 ], [ 91.063, 22.09 ] ] ], [ [ [ 90.559, 22.603 ], [ 90.579, 22.757 ], [ 90.651, 22.787 ], [ 90.791, 22.495 ], [ 90.855, 22.435 ], [ 90.836, 22.178 ], [ 90.692, 22.007 ], [ 90.608, 22.072 ], [ 90.688, 22.378 ], [ 90.647, 22.548 ], [ 90.559, 22.603 ] ] ], [ [ [ 90.456, 22.767 ], [ 90.487, 22.87 ], [ 90.645, 22.849 ], [ 90.521, 22.712 ], [ 90.456, 22.767 ] ] ], [ [ [ 90.586, 23.035 ], [ 90.667, 22.953 ], [ 90.524, 22.953 ], [ 90.586, 23.035 ] ] ], [ [ [ 91.266464747272806, 24.718586752126438 ], [ 91.131326022606416, 24.154732073345983 ], [ 91.187245494882163, 23.847174975829372 ], [ 91.387623603870267, 23.465058581945097 ], [ 91.508782460467714, 22.989743067601243 ], [ 91.456, 22.785 ], [ 91.182, 22.726 ], [ 91.253, 22.661 ], [ 91.242, 22.575 ], [ 91.127, 22.527 ], [ 91.04, 22.608 ], [ 90.955, 22.576 ], [ 90.774, 22.778 ], [ 90.717, 22.941 ], [ 90.627, 23.087 ], [ 90.667, 23.268 ], [ 90.599, 23.391 ], [ 90.612, 23.606 ], [ 90.498, 23.557 ], [ 90.577, 23.539 ], [ 90.552, 23.385 ], [ 90.259, 23.445 ], [ 90.428, 23.326 ], [ 90.607, 23.247 ], [ 90.566, 23.076 ], [ 90.454, 23.072 ], [ 90.54, 22.897 ], [ 90.476, 22.884 ], [ 90.406, 22.763 ], [ 90.49, 22.72 ], [ 90.513, 22.611 ], [ 90.607, 22.466 ], [ 90.613, 22.315 ], [ 90.558, 22.203 ], [ 90.439, 22.076 ], [ 90.387, 22.103 ], [ 90.309, 21.984 ], [ 90.273, 21.857 ], [ 90.185, 21.801 ], [ 90.093, 21.83 ], [ 90.126, 21.901 ], [ 90.024, 21.862 ], [ 90.086, 22.0 ], [ 89.996, 22.0 ], [ 90.035, 22.105 ], [ 89.934, 21.998 ], [ 89.88, 22.288 ], [ 89.839, 22.268 ], [ 89.874, 22.109 ], [ 89.836, 22.049 ], [ 89.887, 21.9 ], [ 89.814, 21.841 ], [ 89.661, 21.849 ], [ 89.701, 21.785 ], [ 89.537, 21.754 ], [ 89.568, 21.901 ], [ 89.467, 22.229 ], [ 89.522, 21.962 ], [ 89.466, 21.781 ], [ 89.37, 21.743 ], [ 89.383, 21.921 ], [ 89.296, 21.809 ], [ 89.229, 21.644 ], [ 89.174, 21.81 ], [ 89.105, 21.816 ], [ 89.06, 22.13 ], [ 89.061, 21.938 ], [ 89.01, 21.905 ], [ 89.085, 21.675 ], [ 89.0, 21.603 ], [ 88.882, 21.672 ], [ 88.762, 21.556 ], [ 88.685, 21.697 ], [ 88.731, 22.037 ], [ 88.69, 21.946 ], [ 88.626, 21.956 ], [ 88.639, 22.11 ], [ 88.567, 21.851 ], [ 88.624, 21.778 ], [ 88.572, 21.558 ], [ 88.494, 21.535 ], [ 88.53, 21.658 ], [ 88.531, 21.824 ], [ 88.458, 21.759 ], [ 88.456, 21.624 ], [ 88.393, 21.6 ], [ 88.356, 21.685 ], [ 88.306, 21.572 ], [ 88.249, 21.558 ], [ 88.181, 21.685 ], [ 88.204, 21.805 ], [ 88.147, 21.959 ], [ 88.222, 22.078 ], [ 88.198, 22.168 ], [ 88.009, 22.24 ], [ 87.94, 22.413 ], [ 87.948, 22.278 ], [ 88.008, 22.205 ], [ 88.161, 22.157 ], [ 88.141, 22.06 ], [ 88.051, 21.985 ], [ 87.97, 21.836 ], [ 87.704, 21.656 ], [ 87.621, 21.651 ], [ 87.342, 21.562 ], [ 87.201, 21.552 ], [ 87.064, 21.475 ], [ 87.010049715656194, 21.536557058790784 ], [ 86.968102508598264, 21.662398679964518 ], [ 86.740014570220879, 22.142169860689368 ], [ 86.464736023903342, 22.462017314505935 ], [ 86.317920799200664, 22.559020230827354 ], [ 85.96661294009067, 22.66913164935437 ], [ 85.60866742159196, 22.834820695659197 ], [ 85.245124960423382, 22.985131520950048 ], [ 84.80467928631532, 22.985131520950045 ], [ 84.18595798221115, 23.065530334477703 ], [ 83.703565101045172, 23.282257570943575 ], [ 81.56425754109172, 23.537436413879202 ], [ 80.466638956409739, 23.533940813291039 ], [ 80.355067148134822, 23.764968649613191 ], [ 80.841847231685634, 24.626975047567772 ], [ 81.419898580902242, 24.998820944724649 ], [ 82.26162247537556, 25.096853044884188 ], [ 82.393458748003908, 25.21178723127813 ], [ 83.032357607664366, 25.130657217352994 ], [ 83.347581515935957, 25.364751111699476 ], [ 83.408429026379778, 25.574336981006081 ], [ 83.746470751067847, 25.442500708377732 ], [ 83.858024520214911, 25.652086577684337 ], [ 84.094653727496564, 25.574336981006081 ], [ 84.537488386837936, 25.773781598572043 ], [ 85.396114367545636, 25.777162015818931 ], [ 85.625982740333527, 25.881954950472231 ], [ 85.713873588752435, 26.084779985285074 ], [ 85.801764437171329, 26.40930004098562 ], [ 85.800074228547885, 26.664521543125112 ], [ 86.149947413600032, 26.983970972955344 ], [ 86.1492869645555, 27.066300767250279 ], [ 86.561664261583616, 26.911659280864733 ], [ 87.15813856621358, 26.874839879344364 ], [ 87.7104295890191, 26.74229003387104 ], [ 88.169, 26.744 ], [ 88.303221953496987, 26.872998909268343 ], [ 88.472591200490683, 26.902454430484639 ], [ 88.734008951285333, 27.018435545273796 ], [ 88.886, 26.979 ], [ 89.566971785362256, 26.822912944513035 ], [ 89.724797841720815, 26.74399991633376 ], [ 90.089, 26.742 ], [ 90.434197914574227, 26.467633275102628 ], [ 90.673791313787603, 26.309192478848633 ], [ 90.975179471584283, 26.062760760119687 ], [ 91.061377643418183, 25.945531246425581 ], [ 91.154471668998823, 25.6869367309239 ], [ 91.259633438636129, 25.314560628601452 ], [ 91.266464747272806, 24.718586752126438 ] ] ] ] } },
{ "type": "Feature", "properties": { "id": "mamluk_arabia1250", "colorId": "egypt", "name": null, "parent": "mamluk1250" }, "geometry": { "type": "MultiPolygon", "coordinates": [ [ [ [ 39.646, 20.462 ], [ 39.493, 20.706 ], [ 39.506, 20.746 ], [ 39.297, 20.924 ], [ 39.17, 21.191 ], [ 39.081, 21.315 ], [ 39.171, 21.404 ], [ 39.159, 21.508 ], [ 39.092, 21.577 ], [ 39.079, 21.706 ], [ 38.95, 21.922 ], [ 38.933, 22.025 ], [ 39.006, 22.002 ], [ 39.04, 22.236 ], [ 39.143, 22.391 ], [ 39.07, 22.366 ], [ 39.082, 22.547 ], [ 38.913, 22.862 ], [ 38.894, 22.965 ], [ 38.814, 22.983 ], [ 38.806, 23.093 ], [ 38.711, 23.236 ], [ 38.6, 23.568 ], [ 38.54, 23.543 ], [ 38.453, 23.784 ], [ 38.365, 23.87 ], [ 38.185, 23.976 ], [ 38.079, 24.07 ], [ 37.866, 24.15 ], [ 37.676, 24.291 ], [ 37.523, 24.268 ], [ 37.429, 24.367 ], [ 37.457, 24.441 ], [ 37.149, 24.851 ], [ 37.257, 24.871 ], [ 37.28, 24.964 ], [ 37.23, 25.194 ], [ 37.105, 25.322 ], [ 36.936, 25.646 ], [ 36.817, 25.758 ], [ 36.725, 25.754 ], [ 36.663, 25.856 ], [ 36.696, 26.022 ], [ 36.537, 26.082 ], [ 36.383, 26.335 ], [ 36.23, 26.626 ], [ 36.098, 26.754 ], [ 36.032, 26.907 ], [ 35.832, 27.093 ], [ 35.813, 27.191 ], [ 35.56, 27.456 ], [ 35.492, 27.632 ], [ 35.255, 27.953 ], [ 35.164, 28.009 ], [ 35.216, 28.054 ], [ 35.052, 28.12 ], [ 34.928, 28.079 ], [ 34.866, 28.113 ], [ 34.647, 28.099 ], [ 34.675, 28.277 ], [ 34.804, 28.527 ], [ 34.778, 28.665 ], [ 34.836, 28.816 ], [ 34.853, 29.045 ], [ 34.997, 29.534 ], [ 35.880769322271057, 29.535751494909288 ], [ 36.347148408195721, 29.737030889887297 ], [ 36.744797944615684, 30.355596835429481 ], [ 36.722215866117118, 30.486951261190498 ], [ 36.911758754389709, 30.239492490390177 ], [ 37.337608954041002, 29.500278030903338 ], [ 37.983458795562385, 28.835707904120451 ], [ 38.432745641838139, 28.442581913629166 ], [ 38.685469492868243, 28.236658775752772 ], [ 39.087955625990276, 27.815452357369253 ], [ 39.508333200045413, 27.286222520787828 ], [ 39.927729242113514, 26.647808545639709 ], [ 40.198006691446295, 25.287101386929844 ], [ 40.980879303306764, 24.504228775069379 ], [ 41.269796576731459, 24.000953524587651 ], [ 41.232516928547625, 23.497678274105922 ], [ 41.44221494958169, 23.045662539876968 ], [ 41.69851253084552, 22.593646805648007 ], [ 42.173828045189374, 22.109011379258195 ], [ 42.509344878843862, 21.32147881137475 ], [ 42.733022767946849, 21.149060438524529 ], [ 42.816901976360477, 20.934702461467495 ], [ 42.774962372153666, 20.697044704295571 ], [ 42.956700657049844, 20.035330949032556 ], [ 43.157078766037941, 19.965431608687872 ], [ 43.255215376746996, 19.674442588891441 ], [ 43.399396479232841, 19.387597061838481 ], [ 43.596369984477178, 19.240771477370028 ], [ 43.665013972542646, 19.066060096252933 ], [ 43.931742310720402, 18.876487743692042 ], [ 44.056450278472873, 18.688603658391635 ], [ 44.342284296294004, 18.494857165553199 ], [ 44.524426163133029, 17.994689816931835 ], [ 44.021367673768189, 17.93975814280579 ], [ 43.772729569829245, 17.812547950092842 ], [ 43.151134309981884, 17.809656809349367 ], [ 42.616273272438811, 17.679555475892943 ], [ 42.460151672291104, 17.523433875745233 ], [ 42.302, 17.454 ], [ 41.869, 17.821 ], [ 41.719, 17.909 ], [ 41.674, 18.009 ], [ 41.472, 18.279 ], [ 41.438, 18.464 ], [ 41.21, 18.698 ], [ 41.249, 18.834 ], [ 41.137, 18.958 ], [ 41.177, 19.067 ], [ 41.069, 19.125 ], [ 41.036, 19.265 ], [ 40.956, 19.343 ], [ 40.945, 19.506 ], [ 40.785, 19.596 ], [ 40.791, 19.714 ], [ 40.725, 19.789 ], [ 40.629, 19.792 ], [ 40.523, 19.972 ], [ 40.268, 20.125 ], [ 40.068, 20.287 ], [ 39.923, 20.264 ], [ 39.76, 20.351 ], [ 39.646, 20.462 ] ] ], [ [ [ 36.776, 25.489 ], [ 36.942, 25.418 ], [ 36.9, 25.361 ], [ 36.776, 25.489 ] ] ], [ [ [ 36.683, 25.572 ], [ 36.498, 25.624 ], [ 36.523, 25.662 ], [ 36.683, 25.572 ] ] ] ] } },
{ "type": "Feature", "properties": { "id": "japan269", "colorId": "japan", "name": "Япония", "parent": null }, "geometry": { "type": "MultiPolygon", "coordinates": [ [ [ [ 130.675, 30.375 ], [ 130.577, 30.236 ], [ 130.438, 30.239 ], [ 130.376, 30.394 ], [ 130.499, 30.468 ], [ 130.675, 30.375 ] ] ], [ [ [ 130.87, 30.344 ], [ 130.851, 30.47 ], [ 130.93, 30.541 ], [ 130.939, 30.672 ], [ 131.052, 30.84 ], [ 131.088, 30.783 ], [ 131.036, 30.557 ], [ 130.962, 30.373 ], [ 130.87, 30.344 ] ] ], [ [ [ 129.729, 31.644 ], [ 129.659, 31.642 ], [ 129.783, 31.8 ], [ 129.729, 31.644 ] ] ], [ [ [ 130.033, 32.522 ], [ 130.16, 32.546 ], [ 130.203, 32.339 ], [ 129.995, 32.191 ], [ 129.975, 32.355 ], [ 130.033, 32.522 ] ] ], [ [ [ 130.242, 32.395 ], [ 130.219, 32.456 ], [ 130.41, 32.512 ], [ 130.393, 32.397 ], [ 130.242, 32.395 ] ] ], [ [ [ 131.014, 31.363 ], [ 131.132, 31.28 ], [ 131.008, 31.221 ], [ 130.924, 31.113 ], [ 130.658, 31.003 ], [ 130.743, 31.121 ], [ 130.795, 31.344 ], [ 130.703, 31.459 ], [ 130.696, 31.546 ], [ 130.591, 31.586 ], [ 130.712, 31.614 ], [ 130.759, 31.564 ], [ 130.805, 31.687 ], [ 130.686, 31.726 ], [ 130.613, 31.682 ], [ 130.529, 31.513 ], [ 130.573, 31.315 ], [ 130.66, 31.271 ], [ 130.64, 31.186 ], [ 130.522, 31.169 ], [ 130.451, 31.249 ], [ 130.222, 31.246 ], [ 130.197, 31.354 ], [ 130.293, 31.445 ], [ 130.336, 31.626 ], [ 130.171, 31.79 ], [ 130.22, 31.93 ], [ 130.18, 32.093 ], [ 130.279, 32.101 ], [ 130.431, 32.257 ], [ 130.599, 32.505 ], [ 130.57, 32.555 ], [ 130.668, 32.649 ], [ 130.448, 32.621 ], [ 130.626, 32.704 ], [ 130.593, 32.816 ], [ 130.433, 32.942 ], [ 130.422, 33.083 ], [ 130.241, 33.188 ], [ 130.132, 33.102 ], [ 130.222, 32.975 ], [ 130.105, 32.876 ], [ 130.339, 32.857 ], [ 130.361, 32.688 ], [ 130.166, 32.593 ], [ 130.128, 32.684 ], [ 130.21, 32.733 ], [ 130.178, 32.793 ], [ 129.955, 32.745 ], [ 129.786, 32.583 ], [ 129.834, 32.694 ], [ 129.733, 32.806 ], [ 129.632, 32.979 ], [ 129.682, 33.094 ], [ 129.823, 32.98 ], [ 129.794, 32.875 ], [ 130.003, 32.845 ], [ 129.931, 32.929 ], [ 129.946, 33.016 ], [ 129.746, 33.066 ], [ 129.646, 33.197 ], [ 129.564, 33.211 ], [ 129.592, 33.381 ], [ 129.807, 33.348 ], [ 129.852, 33.28 ], [ 129.869, 33.397 ], [ 129.787, 33.455 ], [ 129.853, 33.553 ], [ 130.017, 33.446 ], [ 130.156, 33.525 ], [ 130.092, 33.566 ], [ 130.16, 33.63 ], [ 130.391, 33.605 ], [ 130.489, 33.855 ], [ 130.684, 33.934 ], [ 130.828, 33.94 ], [ 130.914, 33.891 ], [ 131.007, 33.966 ], [ 131.01, 33.746 ], [ 131.064, 33.653 ], [ 131.284, 33.582 ], [ 131.418, 33.582 ], [ 131.521, 33.676 ], [ 131.667, 33.667 ], [ 131.73, 33.58 ], [ 131.697, 33.406 ], [ 131.498, 33.341 ], [ 131.51, 33.273 ], [ 131.903, 33.266 ], [ 131.81, 33.128 ], [ 131.93, 33.047 ], [ 131.903, 32.983 ], [ 132.025, 32.924 ], [ 131.882, 32.783 ], [ 131.66, 32.477 ], [ 131.447, 31.877 ], [ 131.475, 31.762 ], [ 131.338, 31.373 ], [ 131.213, 31.455 ], [ 131.072, 31.45 ], [ 131.014, 31.363 ] ] ], [ [ [ 128.899, 32.643 ], [ 128.653, 32.591 ], [ 128.642, 32.761 ], [ 128.808, 32.8 ], [ 128.878, 32.674 ], [ 128.899, 32.643 ] ] ], [ [ [ 129.093, 32.907 ], [ 128.979, 32.948 ], [ 129.124, 33.109 ], [ 129.098, 32.988 ], [ 129.176, 32.967 ], [ 129.093, 32.907 ] ] ], [ [ [ 129.376, 33.17 ], [ 129.443, 33.348 ], [ 129.556, 33.411 ], [ 129.447, 33.199 ], [ 129.376, 33.17 ] ] ], [ [ [ 129.689, 33.871 ], [ 129.776, 33.773 ], [ 129.721, 33.698 ], [ 129.657, 33.743 ], [ 129.689, 33.871 ] ] ], [ [ [ 132.381, 33.886 ], [ 132.236, 33.869 ], [ 132.254, 33.95 ], [ 132.381, 33.886 ] ] ], [ [ [ 132.455, 34.088 ], [ 132.519, 34.174 ], [ 132.555, 34.071 ], [ 132.455, 34.088 ] ] ], [ [ [ 129.277, 34.129 ], [ 129.172, 34.107 ], [ 129.199, 34.316 ], [ 129.313, 34.28 ], [ 129.277, 34.129 ] ] ], [ [ [ 129.388, 34.367 ], [ 129.272, 34.356 ], [ 129.323, 34.648 ], [ 129.423, 34.695 ], [ 129.453, 34.619 ], [ 129.388, 34.367 ] ] ], [ [ [ 139.791, 33.135 ], [ 139.877, 33.088 ], [ 139.788, 33.058 ], [ 139.791, 33.135 ] ] ], [ [ [ 132.155, 33.437 ], [ 132.412, 33.535 ], [ 132.501, 33.625 ], [ 132.677, 33.716 ], [ 132.712, 33.905 ], [ 132.77, 33.996 ], [ 132.919, 34.068 ], [ 132.942, 34.141 ], [ 133.087, 33.949 ], [ 133.147, 33.932 ], [ 133.323, 33.991 ], [ 133.511, 33.965 ], [ 133.621, 34.046 ], [ 133.641, 34.185 ], [ 133.558, 34.259 ], [ 133.701, 34.231 ], [ 133.947, 34.376 ], [ 134.081, 34.348 ], [ 134.153, 34.386 ], [ 134.258, 34.294 ], [ 134.44, 34.208 ], [ 134.647, 34.239 ], [ 134.595, 34.046 ], [ 134.696, 33.952 ], [ 134.69, 33.828 ], [ 134.376, 33.636 ], [ 134.273, 33.508 ], [ 134.19, 33.248 ], [ 133.925, 33.494 ], [ 133.739, 33.538 ], [ 133.608, 33.516 ], [ 133.455, 33.415 ], [ 133.269, 33.347 ], [ 133.253, 33.219 ], [ 133.097, 33.048 ], [ 133.018, 33.024 ], [ 133.002, 32.869 ], [ 132.955, 32.815 ], [ 133.028, 32.721 ], [ 132.915, 32.778 ], [ 132.812, 32.74 ], [ 132.623, 32.799 ], [ 132.709, 32.909 ], [ 132.472, 32.934 ], [ 132.501, 32.993 ], [ 132.424, 33.199 ], [ 132.548, 33.227 ], [ 132.42, 33.304 ], [ 132.381, 33.466 ], [ 132.308, 33.464 ], [ 132.011, 33.349 ], [ 132.155, 33.437 ] ] ], [ [ [ 134.958, 34.27 ], [ 134.729, 34.191 ], [ 134.657, 34.288 ], [ 134.799, 34.447 ], [ 135.003, 34.608 ], [ 135.03, 34.579 ], [ 134.903, 34.419 ], [ 134.958, 34.27 ] ] ], [ [ [ 134.347, 34.431 ], [ 134.262, 34.421 ], [ 134.175, 34.52 ], [ 134.367, 34.554 ], [ 134.347, 34.431 ] ] ], [ [ [ 139.418, 34.781 ], [ 139.454, 34.679 ], [ 139.359, 34.702 ], [ 139.418, 34.781 ] ] ], [ [ [ 133.188, 36.216 ], [ 133.292, 36.342 ], [ 133.367, 36.274 ], [ 133.326, 36.158 ], [ 133.188, 36.216 ] ] ], [ [ [ 136.905, 37.144 ], [ 137.048, 37.152 ], [ 136.944, 37.097 ], [ 136.905, 37.144 ] ] ], [ [ [ 136.616, 34.854 ], [ 136.535, 34.766 ], [ 136.54, 34.616 ], [ 136.633, 34.591 ], [ 136.916, 34.434 ], [ 136.9, 34.283 ], [ 136.703, 34.295 ], [ 136.472, 34.239 ], [ 136.299, 34.154 ], [ 136.219, 34.068 ], [ 136.28, 34.017 ], [ 136.199, 33.921 ], [ 136.069, 33.847 ], [ 135.96, 33.593 ], [ 135.766, 33.482 ], [ 135.445, 33.551 ], [ 135.328, 33.671 ], [ 135.402, 33.701 ], [ 135.233, 33.782 ], [ 135.153, 33.876 ], [ 135.065, 33.886 ], [ 135.076, 33.977 ], [ 135.163, 34.04 ], [ 135.094, 34.068 ], [ 135.187, 34.136 ], [ 135.061, 34.267 ], [ 135.32, 34.429 ], [ 135.414, 34.558 ], [ 135.341, 34.709 ], [ 135.242, 34.651 ], [ 134.96, 34.644 ], [ 134.744, 34.767 ], [ 134.381, 34.74 ], [ 134.155, 34.637 ], [ 133.983, 34.529 ], [ 133.936, 34.451 ], [ 133.7, 34.526 ], [ 133.47, 34.424 ], [ 133.422, 34.445 ], [ 133.341, 34.348 ], [ 133.247, 34.426 ], [ 133.203, 34.289 ], [ 133.093, 34.253 ], [ 133.079, 34.382 ], [ 133.018, 34.323 ], [ 132.836, 34.311 ], [ 132.771, 34.235 ], [ 132.566, 34.192 ], [ 132.497, 34.362 ], [ 132.383, 34.366 ], [ 132.223, 34.239 ], [ 132.213, 33.99 ], [ 132.143, 33.946 ], [ 132.15, 33.83 ], [ 132.041, 33.776 ], [ 132.099, 33.872 ], [ 131.972, 33.917 ], [ 131.741, 34.056 ], [ 131.39, 34.04 ], [ 131.272, 33.927 ], [ 131.178, 33.93 ], [ 131.036, 34.048 ], [ 130.932, 33.945 ], [ 130.862, 34.113 ], [ 130.923, 34.184 ], [ 130.872, 34.279 ], [ 130.955, 34.403 ], [ 131.253, 34.437 ], [ 131.209, 34.369 ], [ 131.414, 34.424 ], [ 131.455, 34.519 ], [ 131.597, 34.66 ], [ 131.79, 34.686 ], [ 132.236, 35.035 ], [ 132.317, 35.062 ], [ 132.408, 35.175 ], [ 132.639, 35.295 ], [ 132.635, 35.441 ], [ 132.97, 35.517 ], [ 133.091, 35.601 ], [ 133.156, 35.563 ], [ 133.326, 35.569 ], [ 133.265, 35.496 ], [ 133.417, 35.457 ], [ 133.58, 35.534 ], [ 133.731, 35.503 ], [ 134.238, 35.547 ], [ 134.537, 35.672 ], [ 134.927, 35.641 ], [ 135.084, 35.739 ], [ 135.227, 35.772 ], [ 135.304, 35.689 ], [ 135.188, 35.565 ], [ 135.335, 35.508 ], [ 135.452, 35.572 ], [ 135.558, 35.492 ], [ 135.649, 35.543 ], [ 135.724, 35.491 ], [ 135.81, 35.527 ], [ 135.816, 35.631 ], [ 135.981, 35.63 ], [ 135.956, 35.728 ], [ 136.02, 35.765 ], [ 136.069, 35.662 ], [ 136.099, 35.776 ], [ 135.957, 35.973 ], [ 136.135, 36.225 ], [ 136.43, 36.433 ], [ 136.64, 36.663 ], [ 136.761, 36.871 ], [ 136.768, 36.981 ], [ 136.674, 37.175 ], [ 136.749, 37.358 ], [ 136.935, 37.399 ], [ 137.114, 37.488 ], [ 137.296, 37.531 ], [ 137.351, 37.446 ], [ 137.254, 37.429 ], [ 137.23, 37.292 ], [ 137.109, 37.283 ], [ 137.014, 37.185 ], [ 136.93, 37.222 ], [ 136.875, 37.07 ], [ 137.054, 37.08 ], [ 137.054, 36.967 ], [ 136.988, 36.871 ], [ 137.157, 36.761 ], [ 137.333, 36.763 ], [ 137.427, 36.922 ], [ 137.897, 37.058 ], [ 138.098, 37.171 ], [ 138.245, 37.184 ], [ 138.551, 37.378 ], [ 138.766, 37.635 ], [ 138.858, 37.828 ], [ 139.06, 37.946 ], [ 139.305, 38.042 ], [ 139.432, 38.169 ], [ 139.462, 38.375 ], [ 139.599, 38.648 ], [ 139.774, 38.817 ], [ 139.932, 39.287 ], [ 139.995, 39.327 ], [ 140.049, 39.505 ], [ 140.059, 39.727 ], [ 140.028, 39.825 ], [ 139.877, 39.893 ], [ 139.76, 39.858 ], [ 139.701, 40.006 ], [ 139.822, 39.961 ], [ 139.978, 40.125 ], [ 140.024, 40.355 ], [ 139.946, 40.419 ], [ 139.943, 40.545 ], [ 139.857, 40.59 ], [ 140.046, 40.768 ], [ 140.241, 40.784 ], [ 140.297, 40.874 ], [ 140.3, 41.111 ], [ 140.342, 41.266 ], [ 140.484, 41.183 ], [ 140.594, 41.22 ], [ 140.673, 40.896 ], [ 140.799, 40.839 ], [ 140.882, 41.008 ], [ 141.111, 40.873 ], [ 141.185, 40.911 ], [ 141.278, 41.155 ], [ 141.161, 41.278 ], [ 141.058, 41.183 ], [ 140.978, 41.196 ], [ 140.815, 41.128 ], [ 140.766, 41.196 ], [ 140.837, 41.418 ], [ 140.914, 41.547 ], [ 141.108, 41.464 ], [ 141.276, 41.353 ], [ 141.461, 41.43 ], [ 141.391, 41.161 ], [ 141.406, 40.817 ], [ 141.437, 40.67 ], [ 141.52, 40.538 ], [ 141.576, 40.542 ], [ 141.744, 40.384 ], [ 141.877, 40.139 ], [ 141.855, 40.055 ], [ 141.95, 39.997 ], [ 142.009, 39.753 ], [ 141.966, 39.598 ], [ 142.036, 39.639 ], [ 142.069, 39.54 ], [ 141.905, 39.33 ], [ 141.981, 39.351 ], [ 141.844, 39.152 ], [ 141.847, 39.022 ], [ 141.638, 38.985 ], [ 141.674, 38.852 ], [ 141.589, 38.882 ], [ 141.522, 38.768 ], [ 141.573, 38.719 ], [ 141.463, 38.661 ], [ 141.467, 38.57 ], [ 141.548, 38.519 ], [ 141.471, 38.436 ], [ 141.525, 38.268 ], [ 141.333, 38.409 ], [ 141.098, 38.372 ], [ 140.967, 38.17 ], [ 140.926, 38.049 ], [ 140.933, 37.889 ], [ 141.022, 37.727 ], [ 141.042, 37.377 ], [ 140.96, 36.966 ], [ 140.804, 36.886 ], [ 140.624, 36.506 ], [ 140.617, 36.338 ], [ 140.564, 36.283 ], [ 140.646, 36.013 ], [ 140.879, 35.721 ], [ 140.661, 35.689 ], [ 140.483, 35.566 ], [ 140.386, 35.381 ], [ 140.394, 35.197 ], [ 140.237, 35.112 ], [ 140.135, 35.123 ], [ 139.991, 35.021 ], [ 139.926, 34.907 ], [ 139.843, 34.9 ], [ 139.753, 34.976 ], [ 139.859, 34.987 ], [ 139.825, 35.199 ], [ 139.849, 35.294 ], [ 139.782, 35.314 ], [ 140.006, 35.473 ], [ 140.08, 35.604 ], [ 139.95, 35.673 ], [ 139.897, 35.614 ], [ 139.758, 35.632 ], [ 139.799, 35.54 ], [ 139.681, 35.438 ], [ 139.648, 35.298 ], [ 139.728, 35.207 ], [ 139.611, 35.142 ], [ 139.624, 35.212 ], [ 139.544, 35.308 ], [ 139.415, 35.319 ], [ 139.146, 35.235 ], [ 139.076, 35.053 ], [ 139.141, 34.871 ], [ 138.941, 34.661 ], [ 138.835, 34.596 ], [ 138.771, 34.647 ], [ 138.754, 34.879 ], [ 138.786, 35.026 ], [ 138.908, 35.031 ], [ 138.803, 35.122 ], [ 138.696, 35.139 ], [ 138.554, 35.096 ], [ 138.514, 34.98 ], [ 138.367, 34.917 ], [ 138.341, 34.826 ], [ 138.216, 34.712 ], [ 138.233, 34.595 ], [ 138.047, 34.655 ], [ 137.792, 34.639 ], [ 137.684, 34.671 ], [ 137.428, 34.668 ], [ 137.141, 34.589 ], [ 137.016, 34.579 ], [ 137.324, 34.767 ], [ 137.223, 34.816 ], [ 136.916, 34.776 ], [ 136.971, 34.696 ], [ 136.856, 34.74 ], [ 136.823, 34.955 ], [ 136.88, 35.044 ], [ 136.659, 34.984 ], [ 136.616, 34.854 ] ] ], [ [ [ 138.31, 38.168 ], [ 138.514, 38.323 ], [ 138.459, 38.07 ], [ 138.575, 38.074 ], [ 138.487, 37.892 ], [ 138.265, 37.798 ], [ 138.343, 37.967 ], [ 138.248, 37.979 ], [ 138.31, 38.168 ] ] ], [ [ [ 139.435, 42.063 ], [ 139.414, 42.173 ], [ 139.549, 42.243 ], [ 139.509, 42.101 ], [ 139.435, 42.063 ] ] ], [ [ [ 140.054, 42.694 ], [ 140.183, 42.81 ], [ 140.261, 42.761 ], [ 140.527, 43.015 ], [ 140.338, 43.211 ], [ 140.36, 43.325 ], [ 140.487, 43.372 ], [ 140.81, 43.192 ], [ 141.022, 43.224 ], [ 141.169, 43.141 ], [ 141.371, 43.251 ], [ 141.44, 43.362 ], [ 141.371, 43.497 ], [ 141.337, 43.713 ], [ 141.385, 43.791 ], [ 141.528, 43.841 ], [ 141.641, 43.938 ], [ 141.67, 44.067 ], [ 141.655, 44.277 ], [ 141.747, 44.424 ], [ 141.792, 44.597 ], [ 141.783, 44.765 ], [ 141.722, 44.955 ], [ 141.586, 45.164 ], [ 141.584, 45.251 ], [ 141.692, 45.402 ], [ 141.96, 45.51 ], [ 142.057, 45.402 ], [ 142.221, 45.3 ], [ 142.260214528019873, 45.190295276194071 ], [ 142.130949256249096, 44.731991130825122 ], [ 142.185789068515476, 44.269769856008544 ], [ 142.130949256249096, 43.917228205724719 ], [ 141.954678431107197, 43.670449050526031 ], [ 141.790158994308086, 43.251316199633038 ], [ 141.55904835689978, 43.024122691672346 ], [ 141.754904829279695, 42.871354643216023 ], [ 142.080026573430331, 42.863520384320836 ], [ 142.557916366037318, 42.569735675750977 ], [ 142.96921495803511, 42.499227345694209 ], [ 143.360927902794913, 42.648078264702939 ], [ 143.61162418744118, 42.836100478187646 ], [ 143.803563530373509, 42.883106031558825 ], [ 143.886, 42.844 ], [ 143.639, 42.661 ], [ 143.349, 42.319 ], [ 143.292, 42.005 ], [ 143.226, 41.932 ], [ 142.96, 42.105 ], [ 142.758, 42.158 ], [ 142.46, 42.271 ], [ 142.168, 42.46 ], [ 142.063, 42.471 ], [ 141.926, 42.559 ], [ 141.726, 42.617 ], [ 141.428, 42.564 ], [ 140.987, 42.34 ], [ 140.734, 42.564 ], [ 140.526, 42.581 ], [ 140.381, 42.505 ], [ 140.289, 42.35 ], [ 140.292, 42.26 ], [ 140.549, 42.106 ], [ 140.714, 42.133 ], [ 140.974, 41.914 ], [ 141.19, 41.791 ], [ 141.006, 41.712 ], [ 140.775, 41.77 ], [ 140.709, 41.824 ], [ 140.604, 41.736 ], [ 140.453, 41.681 ], [ 140.401, 41.513 ], [ 140.275, 41.482 ], [ 140.209, 41.401 ], [ 140.038, 41.443 ], [ 139.984, 41.56 ], [ 140.02, 41.697 ], [ 140.13, 41.823 ], [ 140.145, 41.983 ], [ 140.028, 42.106 ], [ 139.787, 42.247 ], [ 139.768, 42.311 ], [ 139.85, 42.469 ], [ 139.877, 42.663 ], [ 140.054, 42.694 ] ] ], [ [ [ 141.235, 45.102 ], [ 141.132, 45.21 ], [ 141.203, 45.249 ], [ 141.327, 45.172 ], [ 141.235, 45.102 ] ] ], [ [ [ 141.036, 45.292 ], [ 140.994, 45.371 ], [ 141.053, 45.45 ], [ 141.036, 45.292 ] ] ] ] } },
{ "type": "Feature", "properties": { "id": "wattasid", "colorId": "morocco", "name": "Ваттасиды", "parent": null }, "geometry": { "type": "MultiPolygon", "coordinates": [ [ [ [ -2.052, 35.075 ], [ -1.902760310428321, 35.103207122018105 ], [ -2.031818596590961, 34.816592795758318 ], [ -1.913080952483686, 34.552731364408814 ], [ -1.913080952483685, 34.385619124554132 ], [ -1.745968712629001, 34.033803882754796 ], [ -1.323790422469798, 33.435717971695922 ], [ -1.605242615909266, 33.110288873031536 ], [ -2.176942383833187, 32.925585871086888 ], [ -2.62550681712734, 32.547384486152595 ], [ -3.030094345196576, 31.914117050913791 ], [ -3.249978871321161, 31.544711047024489 ], [ -3.61058949416548, 31.329224211422407 ], [ -3.852462472902522, 30.926835528614419 ], [ -3.964603581226061, 30.889455159173242 ], [ -4.325214204070381, 30.608002965733778 ], [ -5.398250691558355, 30.168233913484606 ], [ -5.604942146115463, 29.987928602062446 ], [ -5.741270552312707, 29.987928602062446 ], [ -6.629604037856031, 29.469001120408425 ], [ -8.166596875466867, 28.793955625205946 ], [ -9.42653521016075, 28.32560158456057 ], [ -10.200528742119289, 28.290420060380637 ], [ -11.091061072923846, 28.116711284742212 ], [ -12.061, 28.089 ], [ -12.006, 28.123 ], [ -11.486, 28.326 ], [ -11.326, 28.515 ], [ -11.048, 28.762 ], [ -10.574, 28.99 ], [ -10.451, 29.092 ], [ -10.348, 29.229 ], [ -10.142, 29.429 ], [ -10.053, 29.6 ], [ -9.82, 29.839 ], [ -9.655, 30.127 ], [ -9.612, 30.404 ], [ -9.7, 30.543 ], [ -9.887, 30.687 ], [ -9.82, 30.792 ], [ -9.835, 31.145 ], [ -9.811, 31.367 ], [ -9.848, 31.402 ], [ -9.689, 31.635 ], [ -9.667, 31.731 ], [ -9.366, 32.026 ], [ -9.27, 32.227 ], [ -9.292, 32.351 ], [ -9.247, 32.472 ], [ -9.26, 32.577 ], [ -8.999, 32.797 ], [ -8.868, 32.882 ], [ -8.629, 33.128 ], [ -8.529, 33.269 ], [ -8.452, 33.264 ], [ -8.243, 33.405 ], [ -8.107, 33.431 ], [ -7.497, 33.65 ], [ -7.229, 33.801 ], [ -7.099, 33.84 ], [ -6.822, 34.04 ], [ -6.558, 34.418 ], [ -6.292, 34.881 ], [ -6.205, 35.125 ], [ -6.024, 35.501 ], [ -5.971876540825871, 35.634004689530251 ], [ -5.8660645137207, 35.654934529105553 ], [ -5.746299251853615, 35.729351779197721 ], [ -5.706351242899437, 35.813314624648157 ], [ -5.599, 35.822 ], [ -5.399, 35.925 ], [ -5.341, 35.847 ], [ -5.323, 35.714 ], [ -5.249, 35.585 ], [ -5.066, 35.417 ], [ -4.77, 35.241 ], [ -4.376, 35.152 ], [ -3.919, 35.267 ], [ -3.904, 35.214 ], [ -3.765, 35.218 ], [ -3.674, 35.288 ], [ -3.591, 35.233 ], [ -3.413, 35.198 ], [ -3.195, 35.238 ], [ -3.045, 35.314 ], [ -2.969, 35.446 ], [ -2.948, 35.33 ], [ -2.913, 35.277 ], [ -2.905, 35.174 ], [ -2.563, 35.096 ], [ -2.417, 35.149 ], [ -2.223, 35.089 ], [ -2.052, 35.075 ] ] ] ] } },
{ "type": "Feature", "properties": { "id": "hre_genoa1453", "colorId": "genoa", "name": "Генуя", "parent": "holy_roman1453" }, "geometry": { "type": "MultiPolygon", "coordinates": [ [ [ [ 26.197, 37.632 ], [ 26.362, 37.686 ], [ 26.231, 37.571 ], [ 26.058, 37.519 ], [ 25.98, 37.549 ], [ 26.074, 37.638 ], [ 26.197, 37.632 ] ] ], [ [ [ 26.164, 38.303 ], [ 26.01, 38.157 ], [ 25.868, 38.26 ], [ 25.992, 38.344 ], [ 25.849, 38.58 ], [ 25.995, 38.604 ], [ 26.164, 38.543 ], [ 26.164, 38.303 ] ] ], [ [ [ 9.223, 41.373 ], [ 9.121, 41.435 ], [ 8.792, 41.561 ], [ 8.802, 41.639 ], [ 8.923, 41.695 ], [ 8.696, 41.729 ], [ 8.785, 41.824 ], [ 8.744, 41.933 ], [ 8.614, 41.901 ], [ 8.586, 41.969 ], [ 8.743, 42.044 ], [ 8.586, 42.133 ], [ 8.566, 42.209 ], [ 8.689, 42.281 ], [ 8.56, 42.346 ], [ 8.651, 42.423 ], [ 8.716, 42.562 ], [ 9.018, 42.65 ], [ 9.107, 42.726 ], [ 9.292, 42.675 ], [ 9.343, 42.749 ], [ 9.306, 42.839 ], [ 9.342, 42.991 ], [ 9.422, 43.017 ], [ 9.484, 42.832 ], [ 9.457, 42.606 ], [ 9.532, 42.544 ], [ 9.553, 42.113 ], [ 9.403, 41.953 ], [ 9.402, 41.706 ], [ 9.341, 41.569 ], [ 9.265, 41.531 ], [ 9.223, 41.373 ] ] ], [ [ [ 7.502, 43.792 ], [ 7.553644671792917, 43.933448161861428 ], [ 7.636488324977592, 43.991438719090702 ], [ 7.690154474523659, 43.902496811073284 ], [ 7.996524028363787, 43.98469352064015 ], [ 8.051321834741696, 44.051945373922123 ], [ 8.168, 43.956 ], [ 7.96, 43.853 ], [ 7.695, 43.791 ], [ 7.502, 43.792 ] ] ], [ [ [ 8.237104810566494, 44.322813331829401 ], [ 8.34065937704734, 44.451220994265654 ], [ 8.415218664913548, 44.546491195428032 ], [ 8.638896528512173, 44.621050483294241 ], [ 8.945418045295476, 44.666614492545811 ], [ 9.11163613251794, 44.633517464126292 ], [ 9.32775940720926, 44.479143696489636 ], [ 9.56703874704608, 44.436690910389551 ], [ 9.65194431924624, 44.374941403334887 ], [ 9.736849891446402, 44.220567635698231 ], [ 9.76627045149802, 44.140976348641878 ], [ 9.82, 44.063 ], [ 9.621, 44.148 ], [ 9.484, 44.244 ], [ 9.231, 44.354 ], [ 8.827, 44.428 ], [ 8.725, 44.424 ], [ 8.466, 44.304 ], [ 8.408, 44.194 ], [ 8.233, 44.104 ], [ 8.237104810566494, 44.322813331829401 ] ] ] ] } },
{ "type": "Feature", "properties": { "id": "tidore", "colorId": "tidore", "name": "Тидор", "parent": null }, "geometry": { "type": "MultiPolygon", "coordinates": [ [ [ [ 129.373, -0.08 ], [ 129.309, 0.048 ], [ 129.537, -0.134 ], [ 129.517, -0.209 ], [ 129.458, -0.114 ], [ 129.373, -0.08 ] ] ], [ [ [ 127.409, 0.147 ], [ 127.46, -0.004 ], [ 127.391, 0.053 ], [ 127.409, 0.147 ] ] ], [ [ [ 127.337, 0.349 ], [ 127.399, 0.38 ], [ 127.396, 0.281 ], [ 127.337, 0.349 ] ] ], [ [ [ 127.379, 0.623 ], [ 127.385, 0.757 ], [ 127.446, 0.667 ], [ 127.379, 0.623 ] ] ], [ [ [ 127.892, -0.017 ], [ 127.7, 0.048 ], [ 127.681, 0.162 ], [ 127.714, 0.277 ], [ 127.572, 0.422 ], [ 127.527, 0.561 ], [ 127.555, 0.74 ], [ 127.625, 0.832 ], [ 127.655, 0.89 ], [ 127.796, 0.799 ], [ 127.923, 0.87 ], [ 127.936, 1.007 ], [ 128.055, 1.12 ], [ 128.161, 1.132 ], [ 128.196, 1.196 ], [ 128.092, 1.257 ], [ 128.187, 1.374 ], [ 128.46, 1.545 ], [ 128.719, 1.571 ], [ 128.686, 1.445 ], [ 128.741, 1.405 ], [ 128.701, 1.071 ], [ 128.44, 0.932 ], [ 128.315, 0.902 ], [ 128.293, 0.818 ], [ 128.214, 0.774 ], [ 128.313, 0.668 ], [ 128.684, 0.542 ], [ 128.69, 0.347 ], [ 128.824, 0.311 ], [ 128.861, 0.244 ], [ 128.538, 0.327 ], [ 128.475, 0.387 ], [ 128.262, 0.391 ], [ 128.152, 0.456 ], [ 127.96, 0.483 ], [ 127.91, 0.438 ], [ 127.881, 0.302 ], [ 127.921, 0.146 ], [ 127.892, -0.017 ] ] ], [ [ [ 127.371, 0.784 ], [ 127.313, 0.757 ], [ 127.325, 0.863 ], [ 127.371, 0.784 ] ] ], [ [ [ 129.926, -2.004 ], [ 129.715, -1.881 ], [ 130.012, -1.75 ], [ 130.22, -1.736 ], [ 130.353, -1.68 ], [ 130.352, -1.741 ], [ 130.438, -1.851 ], [ 130.386, -1.888 ], [ 130.434, -1.963 ], [ 130.374, -2.013 ], [ 130.338, -1.95 ], [ 130.256, -2.046 ], [ 129.926, -2.004 ] ] ], [ [ [ 129.744, -1.2 ], [ 129.859, -1.142 ], [ 129.954, -1.163 ], [ 129.859, -1.233 ], [ 129.744, -1.2 ] ] ], [ [ [ 130.983, -1.349 ], [ 130.853, -1.331 ], [ 130.77, -1.248 ], [ 130.649, -0.988 ], [ 130.892, -0.89 ], [ 131.035, -0.915 ], [ 131.057, -1.001 ], [ 131.073, -1.078 ], [ 130.983, -1.349 ] ] ], [ [ [ 130.733, -0.826 ], [ 130.801, -0.77 ], [ 130.917, -0.778 ], [ 130.819, -0.87 ], [ 130.618, -0.908 ], [ 130.441, -0.893 ], [ 130.448, -0.819 ], [ 130.733, -0.826 ] ] ], [ [ [ 130.678, -0.436 ], [ 130.641, -0.528 ], [ 130.462, -0.525 ], [ 130.505, -0.441 ], [ 130.678, -0.436 ] ] ], [ [ [ 130.688, -0.291 ], [ 130.579, -0.334 ], [ 130.562, -0.427 ], [ 130.507, -0.25 ], [ 130.445, -0.283 ], [ 130.311, -0.258 ], [ 130.242, -0.196 ], [ 130.399, -0.214 ], [ 130.414, -0.142 ], [ 130.303, -0.173 ], [ 130.281, -0.105 ], [ 130.428, -0.107 ], [ 130.51, -0.045 ], [ 130.558, -0.073 ], [ 130.825, -0.004 ], [ 131.154, -0.086 ], [ 131.297, -0.159 ], [ 131.298, -0.237 ], [ 131.339, -0.278 ], [ 131.238, -0.389 ], [ 131.098, -0.323 ], [ 130.952, -0.346 ], [ 130.879, -0.254 ], [ 130.797, -0.239 ], [ 130.696, -0.08 ], [ 130.629, -0.141 ], [ 130.811, -0.319 ], [ 130.887, -0.296 ], [ 130.948, -0.367 ], [ 130.865, -0.429 ], [ 130.733, -0.442 ], [ 130.688, -0.291 ] ] ] ] } },
{ "type": "Feature", "properties": { "id": "prt_tangier1470", "colorId": "portugal", "name": null, "parent": "portugal1139" }, "geometry": { "type": "MultiPolygon", "coordinates": [ [ [ [ -5.706351242899437, 35.813314624648157 ], [ -5.746299251853615, 35.729351779197721 ], [ -5.8660645137207, 35.654934529105553 ], [ -5.971876540825871, 35.634004689530251 ], [ -5.908, 35.797 ], [ -5.706351242899437, 35.813314624648157 ] ] ] ] } },
{ "type": "Feature", "properties": { "id": "ternate", "colorId": "ternate", "name": "Тернате", "parent": null }, "geometry": { "type": "MultiPolygon", "coordinates": [ [ [ [ 125.977, -2.18 ], [ 126.069, -2.384 ], [ 126.046, -2.474 ], [ 125.966, -2.402 ], [ 125.946, -2.272 ], [ 125.863, -2.087 ], [ 125.933, -1.965 ], [ 125.985, -1.994 ], [ 125.977, -2.18 ] ] ], [ [ [ 123.794, -1.992 ], [ 123.787, -1.874 ], [ 123.857, -1.95 ], [ 123.794, -1.992 ] ] ], [ [ [ 125.703, -1.819 ], [ 125.993, -1.786 ], [ 126.329, -1.819 ], [ 126.272, -1.867 ], [ 125.98, -1.902 ], [ 125.62, -1.916 ], [ 125.432, -1.95 ], [ 125.438, -1.895 ], [ 125.347, -1.811 ], [ 125.483, -1.777 ], [ 125.703, -1.819 ] ] ], [ [ [ 123.153, -1.824 ], [ 123.067, -1.892 ], [ 123.133, -1.765 ], [ 123.153, -1.824 ] ] ], [ [ [ 125.014, -1.944 ], [ 124.853, -1.897 ], [ 124.543, -2.007 ], [ 124.406, -2.004 ], [ 124.331, -1.827 ], [ 124.385, -1.668 ], [ 124.633, -1.631 ], [ 125.096, -1.752 ], [ 125.12, -1.683 ], [ 125.191, -1.782 ], [ 125.284, -1.731 ], [ 125.315, -1.779 ], [ 125.322, -1.864 ], [ 125.05, -1.888 ], [ 125.014, -1.944 ] ] ], [ [ [ 123.523, -1.483 ], [ 123.601, -1.603 ], [ 123.575, -1.72 ], [ 123.487, -1.7 ], [ 123.477, -1.563 ], [ 123.523, -1.483 ] ] ], [ [ [ 123.164, -1.312 ], [ 123.095, -1.346 ], [ 122.993, -1.509 ], [ 122.874, -1.585 ], [ 122.812, -1.444 ], [ 122.836, -1.274 ], [ 122.899, -1.184 ], [ 123.201, -1.155 ], [ 123.232, -1.395 ], [ 123.407, -1.219 ], [ 123.551, -1.285 ], [ 123.529, -1.433 ], [ 123.362, -1.511 ], [ 123.327, -1.421 ], [ 123.259, -1.466 ], [ 123.25, -1.623 ], [ 123.112, -1.556 ], [ 123.185, -1.486 ], [ 123.164, -1.312 ] ] ], [ [ [ 121.878, -0.511 ], [ 121.68, -0.469 ], [ 121.854, -0.401 ], [ 121.878, -0.511 ] ] ], [ [ [ 121.875, -0.395 ], [ 121.872, -0.333 ], [ 122.03, -0.332 ], [ 122.027, -0.407 ], [ 121.875, -0.395 ] ] ], [ [ [ 122.071, -0.398 ], [ 122.095, -0.264 ], [ 122.139, -0.384 ], [ 122.071, -0.398 ] ] ], [ [ [ 120.023, -0.071 ], [ 119.996, -0.209 ], [ 120.089, -0.657 ], [ 120.244, -0.888 ], [ 120.326, -0.939 ], [ 120.412, -0.905 ], [ 120.5, -0.975 ], [ 120.582, -1.105 ], [ 120.565, -1.216 ], [ 120.676, -1.395 ], [ 120.83, -1.34 ], [ 120.89, -1.395 ], [ 121.073, -1.421 ], [ 121.167, -1.323 ], [ 121.197, -1.203 ], [ 121.267, -1.149 ], [ 121.501, -0.859 ], [ 121.66, -0.813 ], [ 121.714, -0.935 ], [ 121.926, -0.955 ], [ 122.105, -0.926 ], [ 122.208, -0.765 ], [ 122.612, -0.752 ], [ 122.716, -0.792 ], [ 122.96, -0.731 ], [ 122.735, -0.648 ], [ 122.823, -0.612 ], [ 123.026, -0.6 ], [ 123.076, -0.556 ], [ 123.24, -0.57 ], [ 123.403, -0.643 ], [ 123.454, -0.758 ], [ 123.383, -1.004 ], [ 123.311, -1.051 ], [ 123.15, -0.935 ], [ 123.096, -0.835 ], [ 123.061, -0.881 ], [ 122.812, -0.924 ], [ 122.721, -1.109 ], [ 122.648, -1.159 ], [ 122.369, -1.493 ], [ 122.184, -1.614 ], [ 122.019, -1.618 ], [ 121.799, -1.718 ], [ 121.692, -1.908 ], [ 121.54, -1.923 ], [ 121.441, -1.814 ], [ 121.312, -1.783 ], [ 121.15317884375014, -1.545421664690782 ], [ 121.024611692099498, -1.545421664690782 ], [ 120.851630433514956, -1.587498187049188 ], [ 120.666961252053056, -1.543084080115315 ], [ 120.426190040779957, -1.190108809219804 ], [ 120.426190040779971, -1.026477888937117 ], [ 119.993736894318573, -1.019465135210716 ], [ 119.847, -0.875 ], [ 119.854, -0.716 ], [ 119.758, -0.47 ], [ 119.792, -0.107 ], [ 119.73, -0.121 ], [ 119.639, -0.051 ], [ 119.675, 0.03 ], [ 119.826, -0.09 ], [ 119.888, 0.071 ], [ 119.785, 0.239 ], [ 119.869, 0.287 ], [ 119.912, 0.474 ], [ 120.032, 0.516 ], [ 120.025, 0.667 ], [ 120.063, 0.743 ], [ 120.236, 0.832 ], [ 120.278, 0.994 ], [ 120.342, 0.983 ], [ 120.346, 0.856 ], [ 120.568, 0.782 ], [ 120.69, 0.996 ], [ 120.803, 1.068 ], [ 120.821, 1.31 ], [ 120.909, 1.354 ], [ 121.159, 1.303 ], [ 121.265, 1.23 ], [ 121.451, 1.298 ], [ 121.43, 1.233 ], [ 121.481, 1.121 ], [ 121.631, 1.062 ], [ 121.926, 1.099 ], [ 121.97, 1.029 ], [ 122.088, 1.062 ], [ 122.235, 1.01 ], [ 122.454, 1.021 ], [ 122.624, 0.966 ], [ 122.849, 0.818 ], [ 122.968, 0.963 ], [ 123.191, 0.928 ], [ 123.369, 0.927 ], [ 123.563, 0.867 ], [ 123.612, 0.886 ], [ 123.832, 0.832 ], [ 123.948, 0.839 ], [ 124.008, 0.898 ], [ 124.153, 0.946 ], [ 124.315, 1.038 ], [ 124.389, 1.186 ], [ 124.594, 1.196 ], [ 124.548, 1.36 ], [ 124.692, 1.401 ], [ 124.85, 1.49 ], [ 124.837, 1.589 ], [ 125.034, 1.733 ], [ 125.043, 1.681 ], [ 125.18, 1.667 ], [ 125.168, 1.585 ], [ 125.249, 1.485 ], [ 125.144, 1.421 ], [ 125.034, 1.175 ], [ 124.899, 0.973 ], [ 124.822, 0.941 ], [ 124.664, 0.806 ], [ 124.636, 0.725 ], [ 124.503, 0.534 ], [ 124.514, 0.503 ], [ 124.322, 0.399 ], [ 123.746, 0.311 ], [ 123.632, 0.267 ], [ 123.571, 0.304 ], [ 123.39, 0.298 ], [ 123.239, 0.325 ], [ 123.074, 0.516 ], [ 122.978, 0.483 ], [ 122.653, 0.48 ], [ 122.324, 0.497 ], [ 121.8, 0.426 ], [ 121.69, 0.524 ], [ 121.528, 0.537 ], [ 121.508, 0.487 ], [ 121.164, 0.457 ], [ 121.119, 0.411 ], [ 120.987, 0.447 ], [ 120.892, 0.423 ], [ 120.68, 0.531 ], [ 120.503, 0.529 ], [ 120.375, 0.478 ], [ 120.273, 0.378 ], [ 120.128, 0.181 ], [ 120.084, 0.006 ], [ 120.023, -0.071 ] ] ], [ [ [ 127.227, -3.917 ], [ 127.138, -3.847 ], [ 127.235, -3.821 ], [ 127.227, -3.917 ] ] ], [ [ [ 127.912, -3.703 ], [ 128.035, -3.589 ], [ 128.159, -3.585 ], [ 128.331, -3.512 ], [ 128.335, -3.627 ], [ 128.161, -3.739 ], [ 128.203, -3.639 ], [ 127.986, -3.772 ], [ 127.912, -3.703 ] ] ], [ [ [ 128.529, -3.533 ], [ 128.564, -3.592 ], [ 128.393, -3.643 ], [ 128.41, -3.543 ], [ 128.529, -3.533 ] ] ], [ [ [ 128.627, -3.618 ], [ 128.598, -3.492 ], [ 128.721, -3.526 ], [ 128.728, -3.615 ], [ 128.627, -3.618 ] ] ], [ [ [ 127.063, -3.334 ], [ 127.269, -3.386 ], [ 127.241, -3.471 ], [ 127.243, -3.606 ], [ 127.122, -3.653 ], [ 126.946, -3.766 ], [ 126.742, -3.859 ], [ 126.589, -3.817 ], [ 126.174, -3.603 ], [ 126.149, -3.526 ], [ 126.053, -3.446 ], [ 125.992, -3.248 ], [ 126.091, -3.112 ], [ 126.185, -3.181 ], [ 126.297, -3.106 ], [ 126.421, -3.07 ], [ 126.84, -3.074 ], [ 126.893, -3.126 ], [ 127.094, -3.201 ], [ 127.063, -3.334 ] ] ], [ [ [ 127.625, -3.362 ], [ 127.48, -3.293 ], [ 127.564, -3.256 ], [ 127.615, -3.307 ], [ 127.625, -3.362 ] ] ], [ [ [ 128.2, -3.111 ], [ 128.136, -3.075 ], [ 128.067, -3.197 ], [ 128.057, -3.297 ], [ 127.988, -3.376 ], [ 127.926, -3.553 ], [ 127.899, -3.524 ], [ 127.93, -3.323 ], [ 127.842, -3.173 ], [ 128.008, -3.074 ], [ 128.104, -3.067 ], [ 128.175, -2.857 ], [ 128.381, -2.86 ], [ 128.516, -2.834 ], [ 128.865, -2.862 ], [ 129.053, -2.804 ], [ 129.122, -2.958 ], [ 129.358, -2.856 ], [ 129.444, -2.785 ], [ 129.612, -2.807 ], [ 129.825, -2.918 ], [ 130.047, -2.992 ], [ 130.345, -2.978 ], [ 130.578, -3.123 ], [ 130.667, -3.404 ], [ 130.607, -3.778 ], [ 130.419, -3.637 ], [ 130.126, -3.533 ], [ 129.983, -3.46 ], [ 129.89, -3.333 ], [ 129.545, -3.298 ], [ 129.502, -3.334 ], [ 129.563, -3.44 ], [ 129.486, -3.463 ], [ 129.358, -3.41 ], [ 129.236, -3.402 ], [ 129.114, -3.349 ], [ 128.961, -3.356 ], [ 128.982, -3.252 ], [ 128.877, -3.203 ], [ 128.693, -3.349 ], [ 128.678, -3.432 ], [ 128.484, -3.462 ], [ 128.399, -3.41 ], [ 128.282, -3.221 ], [ 128.179, -3.194 ], [ 128.2, -3.111 ] ] ], [ [ [ 127.772, -3.163 ], [ 127.778, -3.244 ], [ 127.643, -3.224 ], [ 127.772, -3.163 ] ] ], [ [ [ 127.947, -3.018 ], [ 127.838, -3.033 ], [ 127.954, -2.917 ], [ 127.947, -3.018 ] ] ], [ [ [ 128.017, -0.313 ], [ 128.043, -0.415 ], [ 128.228, -0.71 ], [ 128.433, -0.909 ], [ 128.284, -0.878 ], [ 128.204, -0.769 ], [ 128.049, -0.713 ], [ 127.851, -0.365 ], [ 127.708, -0.287 ], [ 127.666, -0.209 ], [ 127.7, 0.048 ], [ 127.892, -0.017 ], [ 128.017, -0.313 ] ] ] ] } },
{ "type": "Feature", "properties": { "id": "polynesia1000m", "colorId": null, "name": "Полинезия", "parent": null }, "geometry": { "type": "MultiPolygon", "coordinates": [ [ [ [ -174.915, -21.292 ], [ -174.92, -21.454 ], [ -174.984, -21.398 ], [ -174.915, -21.292 ] ] ], [ [ [ -159.846, -21.234 ], [ -159.798, -21.186 ], [ -159.743, -21.254 ], [ -159.846, -21.234 ] ] ], [ [ [ -175.25, -21.111 ], [ -175.155, -21.172 ], [ -175.066, -21.124 ], [ -175.149, -21.268 ], [ -175.326, -21.174 ], [ -175.365, -21.114 ], [ -175.25, -21.111 ] ] ], [ [ [ -173.956, -18.567 ], [ -173.923, -18.637 ], [ -174.072, -18.634 ], [ -173.956, -18.567 ] ] ], [ [ [ -170.591, -14.265 ], [ -170.749, -14.375 ], [ -170.831, -14.319 ], [ -170.661, -14.252 ], [ -170.591, -14.265 ] ] ], [ [ [ -178.047, -14.319 ], [ -178.147, -14.31 ], [ -178.142, -14.244 ], [ -178.047, -14.319 ] ] ], [ [ [ -171.88, -13.805 ], [ -171.568, -13.897 ], [ -171.564, -13.949 ], [ -171.438, -14.006 ], [ -171.441, -14.052 ], [ -171.743, -14.052 ], [ -171.941, -13.99 ], [ -172.061, -13.906 ], [ -172.044, -13.846 ], [ -171.88, -13.805 ] ] ], [ [ [ -172.597, -13.701 ], [ -172.783, -13.52 ], [ -172.639, -13.522 ], [ -172.366, -13.463 ], [ -172.281, -13.494 ], [ -172.201, -13.593 ], [ -172.181, -13.702 ], [ -172.213, -13.801 ], [ -172.298, -13.77 ], [ -172.523, -13.805 ], [ -172.597, -13.701 ] ] ], [ [ [ -176.142, -13.336 ], [ -176.2, -13.291 ], [ -176.155, -13.209 ], [ -176.142, -13.336 ] ] ], [ [ [ -156.893, 20.914 ], [ -156.848, 20.877 ], [ -156.831, 20.764 ], [ -156.962, 20.732 ], [ -157.055, 20.911 ], [ -156.893, 20.914 ] ] ], [ [ [ -157.273, 21.087 ], [ -157.26, 21.222 ], [ -156.897, 21.165 ], [ -156.749, 21.171 ], [ -156.756, 21.096 ], [ -156.87, 21.053 ], [ -157.072, 21.099 ], [ -157.273, 21.087 ] ] ], [ [ [ -157.707, 21.352 ], [ -157.647, 21.306 ], [ -157.795, 21.255 ], [ -157.999, 21.311 ], [ -158.094, 21.294 ], [ -158.279, 21.575 ], [ -158.121, 21.586 ], [ -157.962, 21.705 ], [ -157.836, 21.534 ], [ -157.842, 21.461 ], [ -157.707, 21.352 ] ] ], [ [ [ -160.235, 21.793 ], [ -160.234, 21.874 ], [ -160.114, 22.0 ], [ -160.06, 22.001 ], [ -160.085, 21.894 ], [ -160.235, 21.793 ] ] ], [ [ [ -159.787, 22.066 ], [ -159.717, 22.158 ], [ -159.548, 22.231 ], [ -159.4, 22.235 ], [ -159.301, 22.151 ], [ -159.334, 21.958 ], [ -159.437, 21.869 ], [ -159.605, 21.892 ], [ -159.76, 21.979 ], [ -159.787, 22.066 ] ] ], [ [ [ -140.679, -17.78 ], [ -140.785, -17.859 ], [ -140.839, -17.843 ], [ -140.782, -17.752 ], [ -140.652, -17.684 ], [ -140.679, -17.78 ] ] ], [ [ [ -149.343, -17.725 ], [ -149.45, -17.759 ], [ -149.588, -17.731 ], [ -149.642, -17.601 ], [ -149.604, -17.526 ], [ -149.43, -17.502 ], [ -149.354, -17.54 ], [ -149.304, -17.712 ], [ -149.183, -17.731 ], [ -149.19, -17.869 ], [ -149.276, -17.845 ], [ -149.343, -17.725 ] ] ], [ [ [ -149.937, -17.512 ], [ -149.797, -17.464 ], [ -149.862, -17.567 ], [ -149.937, -17.512 ] ] ], [ [ [ -151.352, -16.859 ], [ -151.458, -16.903 ], [ -151.479, -16.738 ], [ -151.352, -16.859 ] ] ], [ [ [ -138.686, -10.542 ], [ -138.699, -10.426 ], [ -138.62, -10.511 ], [ -138.686, -10.542 ] ] ], [ [ [ -139.051, -9.701 ], [ -138.837, -9.741 ], [ -138.869, -9.792 ], [ -139.055, -9.806 ], [ -139.062, -9.854 ], [ -139.169, -9.761 ], [ -139.051, -9.701 ] ] ], [ [ [ -140.063, -9.436 ], [ -140.159, -9.372 ], [ -140.077, -9.323 ], [ -140.063, -9.436 ] ] ], [ [ [ -139.613, -8.939 ], [ -139.597, -8.858 ], [ -139.514, -8.884 ], [ -139.613, -8.939 ] ] ], [ [ [ -140.049, -8.823 ], [ -140.056, -8.879 ], [ -140.228, -8.927 ], [ -140.248, -8.787 ], [ -140.049, -8.823 ] ] ], [ [ [ 179.191, -8.542 ], [ 179.204, -8.519 ], [ 179.199, -8.461 ], [ 179.218, -8.521 ], [ 179.191, -8.542 ] ] ], [ [ [ -155.085, 19.727 ], [ -155.019, 19.746 ], [ -154.9, 19.567 ], [ -154.817, 19.48 ], [ -154.982, 19.339 ], [ -155.203, 19.256 ], [ -155.291, 19.26 ], [ -155.503, 19.138 ], [ -155.675, 18.906 ], [ -155.878, 19.029 ], [ -155.92, 19.139 ], [ -155.886, 19.334 ], [ -155.982, 19.608 ], [ -156.06, 19.731 ], [ -155.926, 19.869 ], [ -155.824, 20.02 ], [ -155.883, 20.105 ], [ -155.867, 20.263 ], [ -155.738, 20.244 ], [ -155.586, 20.123 ], [ -155.332, 20.047 ], [ -155.168, 19.947 ], [ -155.087, 19.86 ], [ -155.085, 19.727 ] ] ], [ [ [ -156.545, 20.513 ], [ -156.701, 20.525 ], [ -156.562, 20.598 ], [ -156.545, 20.513 ] ] ], [ [ [ -156.298, 20.953 ], [ -156.119, 20.836 ], [ -156.002, 20.8 ], [ -156.003, 20.686 ], [ -156.303, 20.581 ], [ -156.408, 20.587 ], [ -156.464, 20.781 ], [ -156.62, 20.807 ], [ -156.696, 20.916 ], [ -156.666, 21.003 ], [ -156.542, 21.003 ], [ -156.482, 20.904 ], [ -156.298, 20.953 ] ] ] ] } },
{ "type": "Feature", "properties": { "id": "tututepec", "colorId": "tututepec", "name": "Тутутепек", "parent": null }, "geometry": { "type": "MultiPolygon", "coordinates": [ [ [ [ -97.343850119238382, 16.39878012653314 ], [ -96.748275126082305, 16.67632963790685 ], [ -96.482290177682515, 16.679220778650325 ], [ -96.089376734487388, 16.509572938797568 ], [ -95.735700580206213, 16.410695734374876 ], [ -95.324979884911954, 16.410695734374876 ], [ -95.100604690260454, 16.289000713546947 ], [ -94.806, 16.237 ], [ -95.233, 16.158 ], [ -95.353, 16.079 ], [ -95.434, 15.975 ], [ -95.96, 15.828 ], [ -96.237, 15.683 ], [ -96.431, 15.696 ], [ -96.556, 15.659 ], [ -96.845, 15.733 ], [ -97.022, 15.807 ], [ -97.161, 15.904 ], [ -97.266, 15.936 ], [ -97.773, 15.979 ], [ -98.172, 16.209 ], [ -98.037723897672649, 16.257114230102811 ], [ -97.745718682581554, 16.48551434883742 ], [ -97.51442742310347, 16.48551434883742 ], [ -97.343850119238382, 16.39878012653314 ] ] ] ] } },
{ "type": "Feature", "properties": { "id": "malacca1400", "colorId": "malacca", "name": "Малакка", "parent": null }, "geometry": { "type": "MultiPolygon", "coordinates": [ [ [ [ 103.462, -0.367 ], [ 103.558, -0.223 ], [ 103.713, -0.27 ], [ 103.757, -0.346 ], [ 103.613, -0.387 ], [ 103.462, -0.367 ] ] ], [ [ [ 103.212, 0.708 ], [ 103.294, 0.625 ], [ 103.281, 0.538 ], [ 103.171, 0.514 ], [ 103.137, 0.574 ], [ 103.212, 0.708 ] ] ], [ [ [ 103.346, 0.763 ], [ 103.401, 0.88 ], [ 103.489, 0.777 ], [ 103.459, 0.658 ], [ 103.346, 0.763 ] ] ], [ [ [ 100.805108436800438, 1.542393132522618 ], [ 100.561, 2.157 ], [ 100.666, 2.134 ], [ 100.856, 1.999 ], [ 100.947, 1.825 ], [ 100.886, 2.036 ], [ 100.803, 2.162 ], [ 100.813, 2.25 ], [ 100.908, 2.3 ], [ 101.05, 2.291 ], [ 101.067, 2.22 ], [ 101.3, 2.047 ], [ 101.378, 1.773 ], [ 101.427, 1.709 ], [ 101.592, 1.655 ], [ 101.779, 1.644 ], [ 102.021, 1.438 ], [ 102.118, 1.387 ], [ 102.147, 1.248 ], [ 102.201, 1.182 ], [ 102.194, 1.066 ], [ 102.24, 0.982 ], [ 102.464, 0.774 ], [ 102.877, 0.726 ], [ 103.056, 0.558 ], [ 103.075, 0.442 ], [ 102.716, 0.258 ], [ 102.903, 0.268 ], [ 103.076, 0.383 ], [ 103.166, 0.408 ], [ 103.224, 0.488 ], [ 103.362, 0.536 ], [ 103.541, 0.435 ], [ 103.606, 0.311 ], [ 103.645, 0.345 ], [ 103.76, 0.239 ], [ 103.792, -0.013 ], [ 103.592, -0.011 ], [ 103.587, -0.095 ], [ 103.494, -0.118 ], [ 103.415, -0.217 ], [ 103.489, -0.212 ], [ 103.437, -0.338 ], [ 103.346, -0.36 ], [ 103.482, -0.374 ], [ 103.591, -0.425 ], [ 103.573, -0.475 ], [ 103.418, -0.518 ], [ 103.346, -0.696 ], [ 103.080428361313125, -0.673815481657186 ], [ 102.528760061576165, -0.377293770548574 ], [ 101.888347742111762, 0.131951107986824 ], [ 101.377713195443278, 0.647543271613265 ], [ 101.052989284697773, 1.073898329996669 ], [ 100.805108436800438, 1.542393132522618 ] ] ], [ [ [ 102.605, 1.011 ], [ 102.664, 0.996 ], [ 102.764, 1.011 ], [ 103.022, 0.845 ], [ 103.049, 0.797 ], [ 103.007, 0.694 ], [ 102.852, 0.798 ], [ 102.558, 0.78 ], [ 102.407, 0.873 ], [ 102.502, 0.973 ], [ 102.489, 1.133 ], [ 102.556, 1.126 ], [ 102.605, 1.011 ] ] ], [ [ [ 102.637, 1.041 ], [ 102.716, 1.154 ], [ 102.802, 1.163 ], [ 103.037, 1.045 ], [ 103.126, 0.928 ], [ 103.175, 0.882 ], [ 103.086, 0.841 ], [ 102.791, 1.031 ], [ 102.648, 1.006 ], [ 102.637, 1.041 ] ] ], [ [ [ 103.443, 1.013 ], [ 103.315, 1.062 ], [ 103.39, 1.13 ], [ 103.443, 1.013 ] ] ], [ [ [ 102.334, 0.964 ], [ 102.233, 1.1 ], [ 102.242, 1.222 ], [ 102.201, 1.298 ], [ 102.217, 1.409 ], [ 102.291, 1.405 ], [ 102.473, 1.242 ], [ 102.447, 1.1 ], [ 102.465, 0.963 ], [ 102.334, 0.964 ] ] ], [ [ [ 102.008, 1.615 ], [ 102.349, 1.555 ], [ 102.49, 1.49 ], [ 102.496, 1.364 ], [ 102.51, 1.277 ], [ 102.435, 1.299 ], [ 102.33, 1.413 ], [ 102.135, 1.456 ], [ 102.057, 1.511 ], [ 102.008, 1.615 ] ] ], [ [ [ 101.721, 2.058 ], [ 101.776, 1.948 ], [ 101.715, 1.778 ], [ 101.577, 1.709 ], [ 101.46, 1.766 ], [ 101.394, 1.931 ], [ 101.441, 2.065 ], [ 101.531, 2.056 ], [ 101.649, 2.128 ], [ 101.721, 2.058 ] ] ], [ [ [ 103.469, 4.55 ], [ 103.451, 4.488 ], [ 103.494, 4.337 ], [ 103.455, 4.183 ], [ 103.395, 4.116 ], [ 103.438, 3.975 ], [ 103.339, 3.758 ], [ 103.405, 3.6 ], [ 103.482, 3.512 ], [ 103.428, 3.367 ], [ 103.456, 3.204 ], [ 103.435, 2.962 ], [ 103.474, 2.851 ], [ 103.638, 2.672 ], [ 103.767, 2.624 ], [ 103.838, 2.464 ], [ 103.949, 2.34 ], [ 103.969, 2.213 ], [ 104.121, 1.954 ], [ 104.135, 1.849 ], [ 104.195, 1.799 ], [ 104.295, 1.447 ], [ 104.277, 1.367 ], [ 104.106, 1.375 ], [ 104.008, 1.549 ], [ 103.974, 1.42 ], [ 103.84, 1.477 ], [ 103.681, 1.442 ], [ 103.516, 1.27 ], [ 103.446, 1.359 ], [ 103.367, 1.538 ], [ 103.037, 1.716 ], [ 102.935, 1.748 ], [ 102.804, 1.86 ], [ 102.722, 1.847 ], [ 102.489, 2.093 ], [ 102.188, 2.216 ], [ 102.056459014156403, 2.319821617124922 ], [ 101.927, 2.422 ], [ 101.865, 2.395 ], [ 101.783, 2.576 ], [ 101.542, 2.661 ], [ 101.399, 2.819 ], [ 101.286, 2.85 ], [ 101.283, 2.911 ], [ 101.373, 3.002 ], [ 101.298, 3.275 ], [ 101.108, 3.474 ], [ 101.041, 3.622 ], [ 100.812, 3.787 ], [ 100.845, 3.851 ], [ 100.721, 3.868 ], [ 100.719, 3.991 ], [ 100.802, 3.991 ], [ 100.776, 4.086 ], [ 100.633, 4.155 ], [ 100.565, 4.319 ], [ 100.633, 4.533 ], [ 100.597, 4.572 ], [ 100.577, 4.854 ], [ 100.454, 4.909 ], [ 100.365, 5.084 ], [ 100.409, 5.127 ], [ 100.43, 5.303 ], [ 100.385, 5.377 ], [ 100.344, 5.669 ], [ 100.376, 5.811 ], [ 100.349, 6.013 ], [ 101.247236272040965, 6.520333788765543 ], [ 101.351154663061834, 6.771222475658733 ], [ 101.351, 6.876 ], [ 101.321, 6.949 ], [ 101.566, 6.832 ], [ 101.772, 6.501 ], [ 102.073, 6.258 ], [ 102.164, 6.197 ], [ 102.2, 6.233 ], [ 102.38, 6.133 ], [ 102.5, 5.897 ], [ 102.876, 5.571 ], [ 102.959, 5.542 ], [ 103.12, 5.381 ], [ 103.449, 4.795 ], [ 103.469, 4.55 ] ] ], [ [ [ 100.192, 5.463 ], [ 100.31, 5.451 ], [ 100.343, 5.418 ], [ 100.289, 5.263 ], [ 100.196, 5.3 ], [ 100.192, 5.463 ] ] ], [ [ [ 104.851, -0.301 ], [ 104.736, -0.214 ], [ 104.541, -0.271 ], [ 104.437, -0.181 ], [ 104.517, -0.089 ], [ 104.537, 0.021 ], [ 104.62, -0.004 ], [ 104.766, -0.188 ], [ 104.849, -0.14 ], [ 104.929, -0.237 ], [ 105.011, -0.282 ], [ 104.851, -0.301 ] ] ], [ [ [ 104.411, 0.092 ], [ 104.421, 0.173 ], [ 104.497, 0.071 ], [ 104.411, 0.092 ] ] ], [ [ [ 104.548, 0.224 ], [ 104.689, 0.071 ], [ 104.606, 0.092 ], [ 104.49, 0.243 ], [ 104.548, 0.224 ] ] ], [ [ [ 104.277, 0.788 ], [ 104.284, 0.708 ], [ 104.206, 0.726 ], [ 104.277, 0.788 ] ] ], [ [ [ 103.821, 0.769 ], [ 103.73, 0.848 ], [ 103.802, 0.853 ], [ 103.821, 0.769 ] ] ], [ [ [ 103.819, 0.886 ], [ 103.898, 0.853 ], [ 103.911, 0.781 ], [ 103.819, 0.886 ] ] ], [ [ [ 104.226, 0.88 ], [ 104.188, 0.799 ], [ 104.092, 0.88 ], [ 104.113, 0.953 ], [ 104.226, 0.88 ] ] ], [ [ [ 103.845, 1.013 ], [ 103.942, 0.996 ], [ 103.911, 0.938 ], [ 103.845, 1.013 ] ] ], [ [ [ 104.6, 0.835 ], [ 104.483, 0.859 ], [ 104.421, 0.957 ], [ 104.452, 1.058 ], [ 104.315, 1.004 ], [ 104.232, 1.093 ], [ 104.4, 1.203 ], [ 104.508, 1.18 ], [ 104.587, 1.22 ], [ 104.655, 1.096 ], [ 104.65, 0.918 ], [ 104.6, 0.835 ] ] ], [ [ [ 103.903, 1.091 ], [ 104.041, 1.181 ], [ 104.146, 1.16 ], [ 104.131, 1.049 ], [ 104.049, 0.984 ], [ 103.951, 1.014 ], [ 103.903, 1.091 ] ] ], [ [ [ 103.844, 1.269 ], [ 103.648, 1.308 ], [ 103.684, 1.41 ], [ 103.805, 1.449 ], [ 103.961, 1.391 ], [ 103.954, 1.318 ], [ 103.844, 1.269 ] ] ], [ [ [ 104.157, 2.713 ], [ 104.132, 2.791 ], [ 104.186, 2.885 ], [ 104.223, 2.786 ], [ 104.157, 2.713 ] ] ] ] } },
{ "type": "Feature", "properties": { "id": "arag_naples1442", "colorId": "aragon", "name": null, "parent": "aragon1134" }, "geometry": { "type": "MultiPolygon", "coordinates": [ [ [ [ 20.815, 37.652 ], [ 20.619, 37.823 ], [ 20.686, 37.93 ], [ 20.742, 37.862 ], [ 20.901, 37.792 ], [ 20.815, 37.652 ] ] ], [ [ [ 14.694, 42.185 ], [ 14.741, 42.085 ], [ 14.994, 42.011 ], [ 15.123, 41.934 ], [ 15.446, 41.907 ], [ 16.027, 41.944 ], [ 16.14, 41.92 ], [ 16.193, 41.791 ], [ 15.925, 41.64 ], [ 15.912, 41.503 ], [ 16.022, 41.428 ], [ 16.594, 41.207 ], [ 17.057, 41.082 ], [ 17.276, 40.98 ], [ 17.476, 40.83 ], [ 18.007, 40.651 ], [ 18.037, 40.557 ], [ 18.238, 40.458 ], [ 18.437, 40.268 ], [ 18.517, 40.114 ], [ 18.434, 40.023 ], [ 18.368, 39.797 ], [ 18.072, 39.912 ], [ 17.967, 40.057 ], [ 17.997, 40.12 ], [ 17.848, 40.29 ], [ 17.512, 40.304 ], [ 17.213, 40.406 ], [ 17.228, 40.474 ], [ 17.05, 40.519 ], [ 16.912, 40.445 ], [ 16.738, 40.211 ], [ 16.605, 40.084 ], [ 16.632, 39.966 ], [ 16.492, 39.805 ], [ 16.516, 39.69 ], [ 16.625, 39.625 ], [ 16.75, 39.62 ], [ 16.846, 39.553 ], [ 17.159, 39.406 ], [ 17.122, 39.338 ], [ 17.122, 39.121 ], [ 17.206, 39.029 ], [ 17.104, 38.899 ], [ 16.981, 38.937 ], [ 16.839, 38.918 ], [ 16.611, 38.817 ], [ 16.539, 38.723 ], [ 16.57, 38.43 ], [ 16.34, 38.301 ], [ 16.169, 38.143 ], [ 16.09, 37.949 ], [ 16.001, 37.919 ], [ 15.761, 37.925 ], [ 15.666, 37.967 ], [ 15.624, 38.092 ], [ 15.651, 38.241 ], [ 15.786, 38.278 ], [ 15.905, 38.474 ], [ 15.844, 38.66 ], [ 16.003, 38.725 ], [ 16.179, 38.748 ], [ 16.22, 38.899 ], [ 16.083, 39.075 ], [ 15.995, 39.439 ], [ 15.868, 39.564 ], [ 15.806, 39.696 ], [ 15.782, 39.869 ], [ 15.61, 40.073 ], [ 15.41, 39.994 ], [ 15.343, 40.004 ], [ 15.127, 40.17 ], [ 14.911, 40.242 ], [ 14.998, 40.398 ], [ 14.889, 40.573 ], [ 14.752, 40.677 ], [ 14.544, 40.614 ], [ 14.33, 40.584 ], [ 14.474, 40.73 ], [ 14.294, 40.839 ], [ 14.203, 40.801 ], [ 14.096, 40.834 ], [ 13.852, 41.147 ], [ 13.722, 41.252 ], [ 13.575, 41.208 ], [ 13.324, 41.295 ], [ 13.277545180376556, 41.371011672667954 ], [ 13.408566401564084, 41.543408016335754 ], [ 13.567171037738458, 41.577887285069309 ], [ 13.567171037738458, 41.812346312457521 ], [ 13.408566401564084, 41.915784118658195 ], [ 13.070669567975198, 42.026117778605588 ], [ 12.978699011816207, 42.321770293767401 ], [ 12.909230816379711, 42.37966045663115 ], [ 12.909230816379711, 42.599643075513384 ], [ 12.955542946670709, 42.707704712859048 ], [ 13.152369500407447, 42.769454219913712 ], [ 13.235470042214311, 42.834367731262233 ], [ 13.329899333189603, 42.900671922404868 ], [ 13.600053426553753, 42.900671922404868 ], [ 13.781442603526827, 42.997155527177775 ], [ 13.835, 43.127 ], [ 13.945, 42.798 ], [ 14.075, 42.599 ], [ 14.221, 42.47 ], [ 14.387, 42.373 ], [ 14.56, 42.226 ], [ 14.694, 42.185 ] ] ] ] } },
{ "type": "Feature", "properties": { "id": "oirats1438", "colorId": "oirats", "name": "Ойраты", "parent": null }, "geometry": { "type": "MultiPolygon", "coordinates": [ [ [ [ 118.503051949602622, 54.934857012461848 ], [ 119.08717187955645, 54.859969841954943 ], [ 120.491306326560832, 54.549188084351314 ], [ 121.272005079095521, 53.976301229973544 ], [ 122.020876784164528, 53.736662284351461 ], [ 123.74328170582325, 51.445114866840292 ], [ 126.004874255131654, 49.767642247485711 ], [ 126.379310107666186, 48.524515217071169 ], [ 125.548062515039575, 47.139102562693495 ], [ 124.933987716882996, 45.895975532278939 ], [ 124.410348833783686, 45.119923184529867 ], [ 124.101725686733829, 43.159749142456334 ], [ 123.78476137354744, 42.876149493815902 ], [ 123.401067731269222, 42.65927917426734 ], [ 122.758797938760011, 42.542502848356577 ], [ 120.540047746455485, 42.592549845175476 ], [ 119.21380233075466, 42.125444541532417 ], [ 118.613238368927867, 41.574927576524523 ], [ 118.300181080046485, 41.440745692721435 ], [ 117.94096009437645, 41.371664733938736 ], [ 117.284690985940799, 41.599631897921647 ], [ 116.870205233244604, 41.869047637174177 ], [ 116.186303741295887, 41.910496212443782 ], [ 115.633656071034281, 41.413113309208349 ], [ 115.295159372999052, 41.212778528738518 ], [ 114.721787415102654, 41.136789474077545 ], [ 114.079334498423535, 40.853557543068476 ], [ 112.870417719726305, 40.687763241989998 ], [ 112.317770049464698, 40.356174639833043 ], [ 111.640776653394241, 40.29400177692861 ], [ 111.640776653394241, 39.955505078893381 ], [ 111.2124747089415, 39.789710777814896 ], [ 110.825621339758399, 39.983137462406461 ], [ 110.23843319010544, 39.762078394301817 ], [ 110.107179368418315, 39.437397888023128 ], [ 109.789406958017892, 39.050544518840013 ], [ 109.872304108557117, 38.608426382630732 ], [ 109.091689274312614, 38.304470163986856 ], [ 108.255809673041952, 37.81399535662969 ], [ 107.226503387179719, 37.807087260751416 ], [ 106.141932334291369, 38.877842121883276 ], [ 105.430398458829558, 38.870934026005003 ], [ 104.566886474045816, 39.112717381744453 ], [ 103.882984982097085, 39.223246915796771 ], [ 103.544488284061856, 39.154165957014072 ], [ 103.01256490143507, 39.161074052892332 ], [ 102.439192943538657, 38.953831176544227 ], [ 101.700026684563767, 38.629150670265545 ], [ 101.396070465919891, 38.622242574387272 ], [ 101.119746630789109, 38.718955916683058 ], [ 100.753617549240801, 39.057452614718287 ], [ 100.394396563570766, 39.292327874579463 ], [ 100.124980824318243, 39.575559805588533 ], [ 99.945370331483218, 39.644640764371232 ], [ 99.814116509796094, 39.858791736597595 ], [ 100.035175577900731, 40.072942708823966 ], [ 100.173337495466114, 40.573779659998529 ], [ 99.738127455135114, 40.853557543068462 ], [ 99.354728133891115, 40.857011591007598 ], [ 98.681188785759801, 40.559963468241989 ], [ 98.467037813533423, 40.511606797094103 ], [ 98.083638492289467, 40.511606797094089 ], [ 97.541352965845277, 41.216232576677633 ], [ 97.541352965845277, 41.651442617008641 ], [ 97.511185562358719, 41.924455545422035 ], [ 97.329019982491417, 42.625478949325554 ], [ 96.86167104655577, 42.791312442722067 ], [ 96.369195823741848, 42.550100088690762 ], [ 96.305313167963149, 42.246954633350292 ], [ 96.158804206472254, 42.016726265293165 ], [ 95.482072336728592, 41.933006858726941 ], [ 95.216960882602194, 41.779521280022195 ], [ 94.725109369025603, 41.594640923855117 ], [ 94.390231742760704, 41.441155345150371 ], [ 93.800707588190178, 40.984186917643036 ], [ 93.029791386059543, 40.701633920481981 ], [ 92.764679931933145, 42.208583238674059 ], [ 93.134440644267315, 43.450421102739767 ], [ 93.413505332821401, 44.789931607799396 ], [ 92.799563018002402, 46.031769471865097 ], [ 92.276316726963486, 46.227114753852959 ], [ 91.603934667955784, 46.08635290593903 ], [ 90.738256823086999, 46.05458491163192 ], [ 89.840810983911098, 46.149888894553257 ], [ 89.022785130502982, 46.284902870358479 ], [ 88.037977306982526, 46.245192877474594 ], [ 87.076995479192405, 46.459626839047594 ], [ 86.100129654248732, 46.419916846163702 ], [ 85.488595763836841, 46.197540886013925 ], [ 83.757240074099272, 45.331863041145134 ], [ 83.038002854782491, 45.264554358137595 ], [ 82.57388228615936, 45.022125096650797 ], [ 80.938074151156982, 44.776335639927751 ], [ 80.091044085829068, 44.393995679883894 ], [ 79.114606649409367, 44.252824002329241 ], [ 78.344044576090212, 44.005773566608596 ], [ 77.355842833207618, 43.952834187525603 ], [ 76.549987840499796, 44.023420026302929 ], [ 75.455907339451244, 44.417524292809659 ], [ 74.779459717835181, 44.511638744512759 ], [ 74.197126547922224, 44.717514107613297 ], [ 74.197126547922238, 45.152793446740155 ], [ 73.732436442638161, 45.882180447439204 ], [ 74.123330391159115, 45.95923331760099 ], [ 74.613718494844619, 46.46653135589635 ], [ 75.194292916449299, 46.646903991734696 ], [ 75.566311477865895, 46.663813926344545 ], [ 76.017243067461763, 46.534171094335733 ], [ 78.598826417898124, 46.342525168757483 ], [ 80.145799562762491, 46.957072845521338 ], [ 80.256133222709906, 47.198427726656242 ], [ 80.656092740019204, 47.363928216577321 ], [ 81.083635672315339, 47.8121587101136 ], [ 81.573241288331886, 48.425889693570959 ], [ 81.904242268174059, 49.018933115788187 ], [ 82.414535445430744, 49.515434585551446 ], [ 82.648994472818941, 49.998144347821281 ], [ 83.210202657562633, 50.189833331321019 ], [ 83.866004675664726, 50.315412441170366 ], [ 84.75203506182396, 50.395643539129665 ], [ 85.610158979127803, 50.639825141614509 ], [ 86.391540107079251, 50.814240571960809 ], [ 86.984552570256696, 51.463065972849066 ], [ 89.119397437695469, 52.223517249158959 ], [ 89.734759381014229, 52.720771384929705 ], [ 92.371603581410412, 53.598128429061944 ], [ 93.808827190846927, 54.361967550161076 ], [ 95.798829111605187, 54.995149979493249 ], [ 97.316456839052137, 54.512725271430625 ], [ 99.246155671302574, 54.392119094414973 ], [ 100.773833913500837, 53.196107839009755 ], [ 102.231158552439965, 52.522723350672379 ], [ 102.793987378513009, 51.990046068853246 ], [ 103.081911362969024, 51.978685956701931 ], [ 104.547827725641639, 51.709092142877104 ], [ 105.933240380019299, 52.016129541955387 ], [ 106.401285195687421, 52.529106659927663 ], [ 108.041314229788568, 53.173136326287008 ], [ 109.507230592461141, 55.015360720756789 ], [ 109.934087464350469, 55.588247575134581 ], [ 110.310395496147649, 55.876563181586128 ], [ 110.673598273106123, 55.972044323982431 ], [ 111.059267201216656, 56.091863796793476 ], [ 111.815627623336354, 56.163006608775021 ], [ 112.631897781861582, 56.050675853014674 ], [ 113.410724355133354, 55.818525624443282 ], [ 114.421701156976511, 55.683728717530855 ], [ 115.92693328416523, 55.444089771908772 ], [ 116.144106078635247, 55.339247733199109 ], [ 116.645850121031472, 55.181984675134622 ], [ 117.754180244533615, 54.957323163613914 ], [ 118.503051949602622, 54.934857012461848 ] ] ] ] } },
{ "type": "Feature", "properties": { "id": "alodia", "colorId": "sudan", "name": "Алва", "parent": null }, "geometry": { "type": "MultiPolygon", "coordinates": [ [ [ [ 33.09029031481618, 17.800942085906801 ], [ 33.748438970019343, 17.984138103334484 ], [ 34.36248488028621, 17.933250320715686 ], [ 34.362484880286203, 17.56685828586032 ], [ 34.253924277366096, 17.322596929290075 ], [ 34.257316796207348, 17.020662752418524 ], [ 34.080905816462163, 16.711943537864457 ], [ 33.890924761351975, 16.511784926230504 ], [ 33.582205546797915, 16.274308607342764 ], [ 33.432934717782764, 16.077542514550068 ], [ 33.229383587307559, 15.521169424584507 ], [ 33.032617494514859, 15.215842728871701 ], [ 32.771393543738355, 15.080141975221567 ], [ 32.079319700122653, 15.09371205058658 ], [ 31.81470323050489, 15.202272653506689 ], [ 31.767207966727341, 15.466889123124457 ], [ 31.943618946472519, 16.009692137725001 ], [ 32.025039398662599, 16.471074700135468 ], [ 32.126814963900202, 16.667840792928164 ], [ 32.411786546565487, 16.959597413275951 ], [ 32.571234932104403, 17.007092677053492 ], [ 32.985122230737318, 17.414194938003902 ], [ 33.09029031481618, 17.800942085906801 ] ] ] ] } },
{ "type": "Feature", "properties": { "id": "chiang_mai1291", "colorId": "chiang_mai", "name": "Чиангмай", "parent": null }, "geometry": { "type": "MultiPolygon", "coordinates": [ [ [ [ 98.151210493841305, 17.300753445846091 ], [ 97.914915936589253, 17.731883568243926 ], [ 97.798610668711405, 18.17834572558149 ], [ 97.644787572485853, 18.455977655354431 ], [ 97.528482304608019, 18.932454075370153 ], [ 97.708567880676966, 19.138802131282471 ], [ 97.896157022415423, 19.892910481071137 ], [ 98.909138387803168, 20.358131552582545 ], [ 98.691534983386546, 20.932154326302268 ], [ 99.010436524341955, 21.176020210562282 ], [ 98.867868776620725, 21.558702059708761 ], [ 98.762818857247169, 22.001412434211556 ], [ 98.905386604968413, 22.050185611063561 ], [ 98.999181175837649, 22.125221267758949 ], [ 99.514576861362841, 22.16876079606871 ], [ 99.947234139082113, 21.813594374060351 ], [ 100.224909705379559, 21.684442947875496 ], [ 100.625279126552613, 21.645697520020036 ], [ 100.951327640468264, 21.472143286793926 ], [ 100.788705704488194, 21.28506692435068 ], [ 100.678660785403935, 21.228821743485394 ], [ 100.639533703062853, 21.057640758243227 ], [ 100.492807144283844, 21.01851367590216 ], [ 100.468352717820693, 20.967159380329505 ], [ 100.468352717820679, 20.859559903891565 ], [ 100.611411112630194, 20.862005346537877 ], [ 100.573506751612285, 20.776414853916787 ], [ 100.457348225912241, 20.758074034069413 ], [ 100.405993930339591, 20.832660034782073 ], [ 100.337521536242733, 20.835105477428385 ], [ 100.320403437718511, 20.771523968624152 ], [ 100.203022190695307, 20.749514984807298 ], [ 100.127213468659491, 20.632133737784095 ], [ 100.080750058379465, 20.265317340836575 ], [ 100.232367502451112, 20.377807702567146 ], [ 100.347303306827996, 20.377807702567146 ], [ 100.349748749474315, 20.221299373202875 ], [ 100.479357209729102, 20.08680002765545 ], [ 100.508702521484906, 20.172390520276537 ], [ 100.579620358228098, 20.16260874969127 ], [ 100.469575439143838, 19.830028549792186 ], [ 99.880759521301542, 19.772074474083048 ], [ 99.797531217687052, 19.680994443712475 ], [ 99.791249836282191, 19.060708029981839 ], [ 99.854063650330872, 18.865985206430956 ], [ 99.759842929257857, 18.470258177924325 ], [ 99.722154640828649, 18.105938056442032 ], [ 99.508797909779659, 17.856279388456858 ], [ 98.921407640740497, 17.593499531255123 ], [ 98.272186817065631, 17.400279048018554 ], [ 98.151210493841305, 17.300753445846091 ] ] ] ] } },
{ "type": "Feature", "properties": { "id": "rwanda1349", "colorId": "rwanda", "name": "Руанда", "parent": null }, "geometry": { "type": "MultiPolygon", "coordinates": [ [ [ [ 29.965609917435444, -1.539967509478055 ], [ 30.201338906937242, -1.663628618724901 ], [ 30.317271196856151, -1.961188162850123 ], [ 30.247711822904801, -2.123493368736607 ], [ 30.069948978362458, -2.247154477983453 ], [ 29.88753321161877, -2.316459591703981 ], [ 29.697035288569761, -2.319436121751621 ], [ 29.536660444735446, -2.135086597728499 ], [ 29.474829890112023, -1.883899969570844 ], [ 29.552118083391303, -1.663628618724901 ], [ 29.799440301884996, -1.536103099814091 ], [ 29.965609917435444, -1.539967509478055 ] ] ] ] } },
{ "type": "Feature", "properties": { "id": "epirus1364", "colorId": "epirus", "name": "Эпир", "parent": null }, "geometry": { "type": "MultiPolygon", "coordinates": [ [ [ [ 20.562, 38.691 ], [ 20.686, 38.85 ], [ 20.721, 38.638 ], [ 20.585, 38.618 ], [ 20.562, 38.691 ] ] ], [ [ [ 20.797119179391167, 39.382381880654194 ], [ 20.867705018168493, 39.223563743405208 ], [ 20.834, 39.108 ], [ 20.735, 38.95 ], [ 20.687, 39.072 ], [ 20.366, 39.288 ], [ 20.134, 39.53 ], [ 20.182, 39.624 ], [ 20.0, 39.694 ], [ 20.016, 39.845 ], [ 20.060379487152812, 39.907364056560567 ], [ 20.406691258654075, 39.909569864022359 ], [ 20.494923557125734, 39.858836292401151 ], [ 20.536833898899772, 39.633843931298422 ], [ 20.675799768992633, 39.481643216434811 ], [ 20.797119179391167, 39.382381880654194 ] ] ] ] } },
{ "type": "Feature", "properties": { "id": "kongo1389", "colorId": "kongo", "name": "Конго", "parent": null }, "geometry": { "type": "MultiPolygon", "coordinates": [ [ [ [ 13.184, -5.856 ], [ 13.036, -5.857 ], [ 12.924, -5.815 ], [ 12.822, -5.83 ], [ 12.718, -5.931 ], [ 12.723, -5.979 ], [ 12.449, -6.052 ], [ 12.211, -5.763 ], [ 12.147, -5.618 ], [ 12.232, -5.48 ], [ 12.125, -5.185 ], [ 12.023, -5.046 ], [ 12.117, -5.07 ], [ 12.132, -5.006 ], [ 12.329038270737529, -4.965471123299448 ], [ 12.570284054993369, -4.838817086565132 ], [ 12.996484940512019, -4.788557548178497 ], [ 13.426706589101601, -4.848868994242458 ], [ 13.800637554698152, -5.009699517079683 ], [ 14.138381652656328, -5.35548514117972 ], [ 14.315295227777277, -5.725395343705342 ], [ 14.403752015337751, -6.167679281507715 ], [ 14.307253701635414, -6.62604627159381 ], [ 14.138381652656328, -6.971831895693847 ], [ 13.806668699304552, -7.309575993652023 ], [ 13.412633918353347, -7.486489568772972 ], [ 12.999793767589438, -7.575098831330731 ], [ 12.939, -7.436 ], [ 12.85, -7.266 ], [ 12.829, -6.905 ], [ 12.78, -6.915 ], [ 12.62, -6.735 ], [ 12.458, -6.466 ], [ 12.275, -6.115 ], [ 12.497, -6.095 ], [ 12.646, -6.029 ], [ 12.743, -6.049 ], [ 12.928, -5.981 ], [ 12.986, -5.901 ], [ 13.184, -5.856 ] ] ], [ [ [ 12.807, -5.954 ], [ 12.745, -5.94 ], [ 12.905, -5.869 ], [ 12.995, -5.868 ], [ 12.807, -5.954 ] ] ] ] } },
{ "type": "Feature", "properties": { "id": "jaunpur", "colorId": "jaunpur", "name": "Джаунпурский султанат", "parent": null }, "geometry": { "type": "MultiPolygon", "coordinates": [ [ [ [ 79.612220458132768, 24.23569175124133 ], [ 79.11191870559442, 24.817123517704815 ], [ 78.871909081065894, 24.992905214542603 ], [ 78.540628190871587, 25.12136106992407 ], [ 78.216108135171041, 25.432359456637098 ], [ 78.118076035011512, 25.881954950472231 ], [ 77.965957258901881, 26.013791223100579 ], [ 77.654958872188857, 26.142247078482047 ], [ 77.458894671869757, 26.280844185604156 ], [ 77.69432067206948, 26.692920590839393 ], [ 78.598839595247071, 27.116913836078886 ], [ 78.930967637351344, 27.173446268777486 ], [ 80.365478117078283, 27.979033434732521 ], [ 81.16399872894597, 28.84821958747348 ], [ 82.364252488261698, 28.20770221438168 ], [ 83.469469522610993, 27.89937792197605 ], [ 83.847814758690305, 27.784837815246586 ], [ 84.028489436982312, 27.662775071880237 ], [ 84.337772409753413, 27.618591790055795 ], [ 85.103615961377059, 27.375583740021369 ], [ 85.427626694756299, 27.338764338501001 ], [ 85.869459513000706, 27.13257568998694 ], [ 86.1492869645555, 27.066300767250279 ], [ 86.149947413600032, 26.983970972955344 ], [ 85.800074228547885, 26.664521543125112 ], [ 85.801764437171329, 26.40930004098562 ], [ 85.713873588752435, 26.084779985285074 ], [ 85.625982740333527, 25.881954950472231 ], [ 85.396114367545636, 25.777162015818931 ], [ 84.537488386837936, 25.773781598572043 ], [ 84.094653727496564, 25.574336981006081 ], [ 83.858024520214911, 25.652086577684337 ], [ 83.746470751067847, 25.442500708377732 ], [ 83.408429026379778, 25.574336981006081 ], [ 83.347581515935957, 25.364751111699476 ], [ 83.032357607664366, 25.130657217352994 ], [ 82.393458748003908, 25.21178723127813 ], [ 82.26162247537556, 25.096853044884188 ], [ 81.419898580902242, 24.998820944724649 ], [ 80.841847231685634, 24.626975047567772 ], [ 80.355067148134822, 23.764968649613191 ], [ 80.180130555608727, 23.819900429874998 ], [ 79.612220458132768, 24.23569175124133 ] ] ] ] } },
{ "type": "Feature", "properties": { "id": "great_perm", "colorId": "perm", "name": "Пермь Великая", "parent": null }, "geometry": { "type": "MultiPolygon", "coordinates": [ [ [ [ 57.771182237394903, 58.303263489524795 ], [ 57.927862731422266, 58.51217081489461 ], [ 57.921334377504458, 58.655794601086349 ], [ 57.771182237394903, 58.884286988209581 ], [ 57.78423894523052, 59.093194313579389 ], [ 57.66672857471, 59.295573285031395 ], [ 57.869107546162006, 59.504480610401203 ], [ 58.260808781230395, 59.804784890620304 ], [ 58.313035612572847, 60.307468142291405 ], [ 58.143298410709875, 60.522903821579021 ], [ 58.149826764627683, 60.705697731277603 ], [ 58.064958163696197, 60.881963287058383 ], [ 58.326092320408463, 61.195324275113094 ], [ 58.143298410709875, 61.378118184811676 ], [ 57.908277669668841, 61.443401723989744 ], [ 57.379481002326514, 61.430345016154128 ], [ 57.301140755312836, 61.515213617085614 ], [ 56.981251413340317, 61.515213617085614 ], [ 56.563436762600695, 61.306306291715806 ], [ 56.556908408682887, 61.22143769078432 ], [ 56.458983099915791, 61.071285550674773 ], [ 56.20437729712134, 61.012530365414513 ], [ 55.949771494326882, 61.175739213359677 ], [ 55.884487955148813, 61.306306291715806 ], [ 55.936714786491265, 61.508685263167806 ], [ 55.864902893395396, 61.587025510181483 ], [ 55.70822239936804, 61.639252341523935 ], [ 55.558070259258493, 61.560912094510257 ], [ 54.507005278491647, 61.534798678839032 ], [ 54.245871121779388, 61.65883740327736 ], [ 53.932510133724676, 61.665365757195161 ], [ 53.736659516190478, 61.54132703275684 ], [ 53.377600050711123, 61.528270324921223 ], [ 53.220919556683768, 61.652309049359552 ], [ 52.992427169560543, 61.632723987606127 ], [ 52.783519844190728, 61.547855386674648 ], [ 52.026230789725169, 61.560912094510257 ], [ 51.849965233944403, 61.397703246565108 ], [ 51.81079511043756, 61.267136168208978 ], [ 51.634529554656787, 61.103927320263814 ], [ 51.340753628355493, 60.99947365757891 ], [ 50.439840787698188, 60.986416949743294 ], [ 50.204820046657154, 60.790566332209089 ], [ 50.198291692739346, 60.699169377359794 ], [ 50.263575231917414, 60.594715714674891 ], [ 50.067724614383216, 60.346638265798241 ], [ 50.198291692739346, 60.176901063935276 ], [ 50.348443832848893, 60.072447401250365 ], [ 50.459425849451605, 60.052862339496947 ], [ 50.622634697396769, 59.850483368044948 ], [ 50.524709388629674, 59.746029705360044 ], [ 50.825013668848776, 59.458782132976552 ], [ 51.510490830218458, 58.988740650894485 ], [ 51.582302723314328, 58.871230280373965 ], [ 51.530075891971876, 58.708021432428801 ], [ 51.686756385999239, 58.583982707990479 ], [ 51.706341447752656, 58.466472337469959 ], [ 51.820587641314276, 58.371811205661778 ], [ 51.996853197095049, 58.319584374319327 ], [ 51.978900223821107, 58.199625871079704 ], [ 52.241139668641679, 57.672423704452726 ], [ 53.038136602741979, 57.892646541506757 ], [ 53.709291915668544, 57.950323951211381 ], [ 55.450101008571828, 57.924106946800187 ], [ 55.953636768123339, 58.059900904871768 ], [ 56.241711321088971, 57.919926707913895 ], [ 56.46224727687472, 58.143318818538539 ], [ 56.687475487039045, 58.234715773387826 ], [ 57.062855837312917, 58.231451596428926 ], [ 57.320725817066275, 58.130262110702922 ], [ 57.591652504655251, 58.175960588127566 ], [ 57.771182237394903, 58.303263489524795 ] ] ] ] } },
{ "type": "Feature", "properties": { "id": "dulkadir1335", "colorId": "dulkadir", "name": "Кызылбаши", "parent": null }, "geometry": { "type": "MultiPolygon", "coordinates": [ [ [ [ 37.287900882212455, 38.599849895685963 ], [ 37.053718481990892, 38.648999288325065 ], [ 36.223961088613251, 38.533353658586023 ], [ 35.096416198657579, 37.929105243199523 ], [ 35.044375665275005, 37.799003909743099 ], [ 35.047266806018484, 37.674684857773627 ], [ 35.160021295014047, 37.533018961343302 ], [ 35.243864376574855, 37.570603791008494 ], [ 35.654406362148464, 37.570603791008494 ], [ 35.842330510474412, 37.611079761417152 ], [ 36.325151014634912, 37.492542990934631 ], [ 36.47549033329566, 37.524345539112872 ], [ 36.547768851882559, 37.547474665060683 ], [ 36.611373948239034, 37.515672116882442 ], [ 36.703890452030272, 37.324856827813022 ], [ 36.848447489204077, 37.269925153686977 ], [ 37.065283044964779, 37.235231464765263 ], [ 37.640620052916525, 37.232340324021784 ], [ 37.77361252711642, 37.272816294430449 ], [ 37.767830245629526, 37.333530250043502 ], [ 37.860346749420764, 37.41737333160431 ], [ 38.279562157224795, 37.457849302012974 ], [ 38.640954750159302, 37.619753183647632 ], [ 38.779729505846156, 37.668902576286726 ], [ 38.869354868893915, 37.848153302382244 ], [ 38.999456202350338, 37.992710339556048 ], [ 39.12377525431981, 38.044750872938614 ], [ 39.112210691345908, 38.157505361934184 ], [ 39.0283676097851, 38.174852206395038 ], [ 39.054387876476383, 38.270259850929747 ], [ 38.95030680971125, 38.304953539851461 ], [ 38.860681446663492, 38.264477569442796 ], [ 38.661192735363642, 38.414816888103552 ], [ 38.418336912911649, 38.437946014051363 ], [ 38.233303905329173, 38.568047347507786 ], [ 38.140787401537899, 38.605632177172922 ], [ 37.510518719460109, 38.648999288325058 ], [ 37.287900882212455, 38.599849895685963 ] ] ] ] } },
{ "type": "Feature", "properties": { "id": "hung_croatia1377", "colorId": "hungary", "name": null, "parent": "hungary894" }, "geometry": { "type": "MultiPolygon", "coordinates": [ [ [ [ 15.59, 46.114 ], [ 15.602656084686762, 46.260368193900938 ], [ 15.743672744800293, 46.401384854014466 ], [ 15.876855146018627, 46.565904290813585 ], [ 16.235, 46.493 ], [ 16.344, 46.547 ], [ 16.58488585912356, 46.463569735012996 ], [ 16.865, 46.359 ], [ 16.975, 46.211 ], [ 17.197, 46.121 ], [ 17.345, 45.956 ], [ 17.591, 45.936 ], [ 17.657, 45.845 ], [ 17.87, 45.773 ], [ 18.211, 45.785 ], [ 18.412, 45.743 ], [ 18.674, 45.91 ], [ 18.763, 45.884 ], [ 18.901, 45.931 ], [ 18.849, 45.81 ], [ 18.968, 45.669 ], [ 18.942, 45.539 ], [ 19.018, 45.567 ], [ 18.976, 45.391 ], [ 19.104, 45.299 ], [ 19.627816630033465, 45.160729861626407 ], [ 19.551164191311237, 44.99043584268771 ], [ 19.315621488118591, 45.014802329224835 ], [ 19.16942256889558, 44.884847734359937 ], [ 18.868902568270503, 44.876725572180881 ], [ 18.698337162510324, 45.087901788836341 ], [ 18.552138243287313, 45.123097824945582 ], [ 17.867169232853577, 45.123097824945582 ], [ 17.734507250595662, 45.087901788836341 ], [ 16.995390492301553, 45.15287908626879 ], [ 16.824825086541374, 45.125805212338598 ], [ 16.684040942104399, 45.017509716617859 ], [ 16.773384726074017, 44.652012418560332 ], [ 16.924998420083064, 44.262148633965637 ], [ 16.984560942729477, 44.172804849996027 ], [ 16.989975717515517, 43.999532056842824 ], [ 17.036001303196834, 43.939969534196415 ], [ 16.987268330122497, 43.87499223676398 ], [ 16.900631933545895, 43.650279083143424 ], [ 16.788319138253399, 43.532045461921847 ], [ 16.608864810177501, 43.712712026276833 ], [ 16.535471167540624, 43.729726602660925 ], [ 16.526276695878341, 43.828567173030464 ], [ 16.252741163925435, 44.017053842107259 ], [ 16.020580754452798, 44.253811487411035 ], [ 15.731093432030942, 44.288331040953445 ], [ 15.61892916060523, 44.433794080458668 ], [ 15.465579570765396, 44.500391616617669 ], [ 15.283312629698617, 44.674772007349823 ], [ 15.161621288547268, 44.759449111474858 ], [ 15.062489220329248, 44.826369030448646 ], [ 14.884, 44.861 ], [ 14.922, 44.959 ], [ 14.827, 45.114 ], [ 14.658, 45.197 ], [ 14.582, 45.285 ], [ 14.33, 45.354 ], [ 14.266914943055818, 45.390765456534169 ], [ 14.266914943055818, 45.649296000075644 ], [ 14.494108451016507, 45.692384423999222 ], [ 14.689964923396412, 45.547450634438093 ], [ 14.783976030138765, 45.496527951619314 ], [ 14.905407043014305, 45.664964517866032 ], [ 15.269700081640927, 45.813815436874762 ], [ 15.457722295125635, 45.919577931959907 ], [ 15.622241731924754, 45.95091496754069 ], [ 15.698, 46.036 ], [ 15.59, 46.114 ] ] ], [ [ [ 14.665, 45.087 ], [ 14.815, 44.977 ], [ 14.723, 44.943 ], [ 14.626, 45.037 ], [ 14.425, 45.087 ], [ 14.53, 45.135 ], [ 14.563, 45.25 ], [ 14.665, 45.162 ], [ 14.665, 45.087 ] ] ] ] } },
{ "type": "Feature", "properties": { "id": "denmark849", "colorId": "denmark", "name": "Дания", "parent": null }, "geometry": { "type": "MultiPolygon", "coordinates": [ [ [ [ 8.498, 54.756 ], [ 8.566, 54.688 ], [ 8.395, 54.715 ], [ 8.498, 54.756 ] ] ], [ [ [ 8.36, 54.948 ], [ 8.446, 54.866 ], [ 8.289, 54.891 ], [ 8.36, 54.948 ] ] ], [ [ [ 10.011, 54.976 ], [ 10.065, 54.891 ], [ 9.815, 54.901 ], [ 9.799, 55.017 ], [ 9.628, 55.058 ], [ 9.793, 55.081 ], [ 10.011, 54.976 ] ] ], [ [ [ 10.294, 55.616 ], [ 10.489, 55.545 ], [ 10.472, 55.443 ], [ 10.605, 55.489 ], [ 10.609, 55.613 ], [ 10.738, 55.509 ], [ 10.657, 55.46 ], [ 10.797, 55.359 ], [ 10.815, 55.214 ], [ 10.666, 55.064 ], [ 10.538, 55.03 ], [ 10.205, 55.094 ], [ 9.884, 55.253 ], [ 9.885, 55.349 ], [ 9.676, 55.496 ], [ 9.888, 55.509 ], [ 10.294, 55.616 ] ] ], [ [ [ 10.02, 54.546 ], [ 10.125, 54.496 ], [ 10.217, 54.405 ], [ 10.307, 54.441 ], [ 10.777, 54.315 ], [ 10.935, 54.38 ], [ 11.077, 54.342 ], [ 11.067, 54.184 ], [ 10.753, 54.044 ], [ 10.77620974104946, 53.984697339996451 ], [ 10.642419142841938, 53.916515592833015 ], [ 10.571586342215683, 53.836925390586018 ], [ 10.387489334613845, 53.807469869369719 ], [ 10.253911828816253, 53.66823111731329 ], [ 10.089246477176228, 53.729980624178296 ], [ 9.924581125536202, 53.637356363880784 ], [ 9.821665280761184, 53.539586311344515 ], [ 9.677583098076163, 53.534440519105765 ], [ 9.577402927989908, 53.571164538685103 ], [ 9.523209330913637, 53.591044233732028 ], [ 9.430585070616123, 53.729980624178296 ], [ 9.353398187034861, 53.853479637908315 ], [ 9.008, 53.892 ], [ 8.833, 54.036 ], [ 8.997, 54.03 ], [ 8.977, 54.146 ], [ 8.861, 54.125 ], [ 8.84, 54.256 ], [ 8.963, 54.318 ], [ 8.652, 54.275 ], [ 8.629, 54.388 ], [ 8.861, 54.414 ], [ 9.012, 54.506 ], [ 8.805, 54.688 ], [ 8.689, 54.735 ], [ 8.661, 54.896 ], [ 8.682, 55.133 ], [ 8.484, 55.068 ], [ 8.689, 55.142 ], [ 8.618, 55.438 ], [ 8.442, 55.464 ], [ 8.31, 55.563 ], [ 8.244, 55.517 ], [ 8.094, 55.564 ], [ 8.194, 55.812 ], [ 8.388, 55.893 ], [ 8.282, 56.076 ], [ 8.106, 56.119 ], [ 8.134, 56.205 ], [ 8.122, 56.552 ], [ 8.27, 56.843 ], [ 8.618, 57.123 ], [ 9.412, 57.165 ], [ 9.573, 57.243 ], [ 9.788, 57.459 ], [ 9.967, 57.591 ], [ 10.198, 57.601 ], [ 10.596, 57.751 ], [ 10.43, 57.571 ], [ 10.547, 57.435 ], [ 10.539, 57.237 ], [ 10.447, 57.185 ], [ 10.266, 56.908 ], [ 10.361, 56.562 ], [ 10.552, 56.516 ], [ 10.789, 56.536 ], [ 10.964, 56.448 ], [ 10.912, 56.334 ], [ 10.75, 56.216 ], [ 10.629, 56.238 ], [ 10.531, 56.1 ], [ 10.505, 56.278 ], [ 10.403, 56.298 ], [ 10.22, 56.148 ], [ 10.245, 55.915 ], [ 9.893, 55.836 ], [ 10.046, 55.814 ], [ 10.06, 55.749 ], [ 9.792, 55.674 ], [ 9.854, 55.627 ], [ 9.707, 55.537 ], [ 9.498, 55.489 ], [ 9.71, 55.249 ], [ 9.494, 55.161 ], [ 9.58, 55.051 ], [ 9.739, 54.981 ], [ 9.746, 54.836 ], [ 9.587, 54.928 ], [ 9.438, 54.81 ], [ 9.58, 54.866 ], [ 9.824, 54.757 ], [ 9.915, 54.791 ], [ 10.034, 54.673 ], [ 10.02, 54.546 ] ] ], [ [ [ -6.655, 61.396 ], [ -6.87, 61.502 ], [ -6.963, 61.629 ], [ -6.737, 61.579 ], [ -6.655, 61.396 ] ] ], [ [ [ -6.613, 61.821 ], [ -6.668, 61.749 ], [ -6.907, 61.91 ], [ -6.613, 61.821 ] ] ], [ [ [ -7.286, 62.155 ], [ -7.038, 62.089 ], [ -7.185, 62.027 ], [ -7.384, 62.095 ], [ -7.286, 62.155 ] ] ], [ [ [ -6.716, 62.034 ], [ -6.734, 61.938 ], [ -7.031, 62.117 ], [ -7.223, 62.171 ], [ -7.19, 62.31 ], [ -6.716, 62.034 ] ] ], [ [ [ -7.055, 62.29 ], [ -6.941, 62.337 ], [ -6.737, 62.262 ], [ -6.722, 62.184 ], [ -6.564, 62.136 ], [ -6.691, 62.073 ], [ -6.958, 62.19 ], [ -7.055, 62.29 ] ] ], [ [ [ -6.572, 62.347 ], [ -6.387, 62.26 ], [ -6.537, 62.191 ], [ -6.572, 62.347 ] ] ], [ [ [ 11.256, 54.479 ], [ 11.314, 54.414 ], [ 11.113, 54.415 ], [ 11.006, 54.468 ], [ 11.121, 54.536 ], [ 11.256, 54.479 ] ] ], [ [ [ 11.845, 54.732 ], [ 11.811, 54.655 ], [ 11.611, 54.666 ], [ 11.474, 54.626 ], [ 10.999, 54.787 ], [ 11.108, 54.832 ], [ 11.074, 54.948 ], [ 11.232, 54.961 ], [ 11.595, 54.811 ], [ 11.649, 54.914 ], [ 11.845, 54.732 ] ] ], [ [ [ 10.383, 54.831 ], [ 10.211, 54.939 ], [ 10.45, 54.9 ], [ 10.383, 54.831 ] ] ], [ [ [ 10.731, 54.74 ], [ 10.641, 54.843 ], [ 10.855, 55.044 ], [ 10.909, 55.03 ], [ 10.731, 54.74 ] ] ], [ [ [ 12.28, 55.064 ], [ 12.417, 55.03 ], [ 12.503, 54.948 ], [ 12.314, 54.951 ], [ 12.227, 54.893 ], [ 12.129, 54.954 ], [ 12.287, 54.989 ], [ 12.28, 55.064 ] ] ], [ [ [ 14.761, 55.309 ], [ 15.151, 55.133 ], [ 15.073, 54.992 ], [ 14.684, 55.101 ], [ 14.761, 55.309 ] ] ], [ [ [ 11.148, 55.557 ], [ 10.96, 55.724 ], [ 11.252, 55.729 ], [ 11.478, 55.842 ], [ 11.477, 55.941 ], [ 11.768, 55.971 ], [ 11.663, 55.907 ], [ 11.811, 55.679 ], [ 11.869, 55.805 ], [ 11.998, 55.903 ], [ 12.06, 55.654 ], [ 12.095, 55.729 ], [ 12.026, 55.941 ], [ 11.866, 55.973 ], [ 12.245, 56.129 ], [ 12.622, 56.044 ], [ 12.513, 55.921 ], [ 12.602, 55.709 ], [ 12.465, 55.606 ], [ 12.248, 55.546 ], [ 12.225, 55.435 ], [ 12.445, 55.349 ], [ 12.392, 55.255 ], [ 12.183, 55.227 ], [ 12.149, 54.994 ], [ 11.91, 55.01 ], [ 12.04, 54.893 ], [ 12.17, 54.838 ], [ 11.961, 54.694 ], [ 11.969, 54.57 ], [ 11.869, 54.66 ], [ 11.91, 54.722 ], [ 11.75, 54.873 ], [ 11.75, 54.966 ], [ 11.883, 54.976 ], [ 11.649, 55.181 ], [ 11.423, 55.222 ], [ 11.261, 55.201 ], [ 11.242, 55.279 ], [ 11.088, 55.366 ], [ 11.204, 55.392 ], [ 11.148, 55.557 ] ] ], [ [ [ 12.616, 55.688 ], [ 12.674, 55.606 ], [ 12.556, 55.55 ], [ 12.616, 55.688 ] ] ], [ [ [ 12.923, 55.749 ], [ 12.61, 56.117 ], [ 12.505, 56.275 ], [ 12.797, 56.228 ], [ 12.829, 56.279 ], [ 12.622, 56.419 ], [ 12.89, 56.455 ], [ 12.939, 56.527 ], [ 13.427356223376229, 56.366489478925288 ], [ 13.625576091977212, 56.360572467922275 ], [ 14.01905732367767, 56.478912687982564 ], [ 14.243903741792217, 56.508497742997633 ], [ 14.595965896471574, 56.42270108345393 ], [ 16.095, 56.419 ], [ 16.038, 56.255 ], [ 15.852, 56.086 ], [ 15.827, 56.159 ], [ 15.573, 56.206 ], [ 15.321, 56.14 ], [ 14.953, 56.173 ], [ 14.686, 56.147 ], [ 14.768, 56.031 ], [ 14.479, 56.032 ], [ 14.209, 55.821 ], [ 14.196, 55.726 ], [ 14.363, 55.524 ], [ 14.181, 55.391 ], [ 13.882, 55.433 ], [ 13.63, 55.418 ], [ 13.281, 55.345 ], [ 12.953, 55.425 ], [ 12.929, 55.579 ], [ 13.061, 55.674 ], [ 12.923, 55.749 ] ] ], [ [ [ 11.029, 57.202 ], [ 10.855, 57.265 ], [ 11.142, 57.332 ], [ 11.029, 57.202 ] ] ], [ [ [ 18.299, 56.942 ], [ 18.139, 56.922 ], [ 18.266, 57.041 ], [ 18.099, 57.259 ], [ 18.179, 57.38 ], [ 18.112, 57.511 ], [ 18.463, 57.803 ], [ 18.742, 57.918 ], [ 19.04, 57.868 ], [ 18.941, 57.73 ], [ 18.807, 57.734 ], [ 18.762, 57.617 ], [ 18.79, 57.449 ], [ 18.93, 57.405 ], [ 18.667, 57.297 ], [ 18.714, 57.243 ], [ 18.386, 57.127 ], [ 18.299, 56.942 ] ] ] ] } },
{ "type": "Feature", "properties": { "id": "tmr_khorasan1393", "colorId": "afghan", "name": null, "parent": "timurid1361" }, "geometry": { "type": "MultiPolygon", "coordinates": [ [ [ [ 61.975185977066303, 39.732630282779681 ], [ 60.978096607047874, 39.536481554251466 ], [ 60.06273587391621, 39.528308690562788 ], [ 59.088121879041651, 39.34850568941193 ], [ 58.186865194222094, 39.216672868606999 ], [ 56.596183168054665, 38.673869823192739 ], [ 55.936695718270705, 38.499133832224338 ], [ 55.404961988664432, 38.243890702360488 ], [ 53.875846642450838, 37.515333002146654 ], [ 53.825, 37.745 ], [ 53.807, 38.032 ], [ 53.859, 38.206 ], [ 53.863, 38.381 ], [ 53.827, 38.525 ], [ 53.863, 38.679 ], [ 53.978, 38.902 ], [ 53.871, 39.028 ], [ 53.684, 39.083 ], [ 53.581, 39.33 ], [ 53.577, 39.468 ], [ 53.712, 39.543 ], [ 53.471, 39.696 ], [ 53.415, 39.782 ], [ 53.567, 39.95 ], [ 53.437, 40.003 ], [ 53.29, 39.942 ], [ 53.172, 39.997 ], [ 53.054, 39.968 ], [ 52.914, 40.022 ], [ 52.884, 39.945 ], [ 52.738, 40.054 ], [ 52.768, 40.154 ], [ 52.699, 40.274 ], [ 52.737, 40.485 ], [ 52.828, 40.711 ], [ 52.882, 41.05 ], [ 54.287711297434363, 41.040099934289167 ], [ 55.408475080730447, 40.88156846539384 ], [ 56.842845076997257, 41.59637078911485 ], [ 57.448044377747706, 42.010956136873055 ], [ 59.058732280532375, 41.953771950975359 ], [ 60.621766695068978, 41.348572650224909 ], [ 61.417579948811699, 40.90062986069308 ], [ 61.736858320073743, 40.824384279496172 ], [ 61.775245181521889, 40.219823734983812 ], [ 61.975185977066303, 39.732630282779681 ] ] ] ] } },
{ "type": "Feature", "properties": { "id": "pegu1287", "colorId": "pegu", "name": "Хантавади", "parent": null }, "geometry": { "type": "MultiPolygon", "coordinates": [ [ [ [ 98.151210493841305, 17.300753445846091 ], [ 98.02873524728102, 16.931100883500505 ], [ 98.030962069945758, 16.519138690525001 ], [ 97.904033178056011, 16.28309548806336 ], [ 97.688031379576969, 16.01587676829547 ], [ 97.582, 16.009 ], [ 97.37, 16.484 ], [ 97.33, 16.68 ], [ 97.255, 16.698 ], [ 97.199, 16.997 ], [ 97.131, 17.079 ], [ 97.069, 17.251 ], [ 96.905, 17.375 ], [ 96.849, 17.213 ], [ 96.91, 17.067 ], [ 96.801, 16.737 ], [ 96.616, 16.518 ], [ 96.436, 16.478 ], [ 96.336, 16.439 ], [ 96.285, 16.366 ], [ 96.068, 16.31 ], [ 95.98, 16.223 ], [ 95.89, 16.244 ], [ 95.732, 16.127 ], [ 95.665, 15.949 ], [ 95.432, 15.734 ], [ 95.294, 15.728 ], [ 95.224, 15.81 ], [ 95.055, 15.846 ], [ 94.976, 15.764 ], [ 94.847, 15.791 ], [ 94.721, 15.857 ], [ 94.601, 15.921 ], [ 94.562, 15.962 ], [ 94.215, 16.015 ], [ 94.215, 16.158 ], [ 94.273, 16.538 ], [ 94.403, 16.788 ], [ 94.379, 16.887 ], [ 94.465, 16.95 ], [ 94.457, 17.051 ], [ 94.511, 17.169 ], [ 94.512, 17.275 ], [ 94.594, 17.292 ], [ 94.554, 17.544 ], [ 94.615, 17.546 ], [ 94.544, 17.748 ], [ 94.502, 17.787 ], [ 94.447, 17.973 ], [ 94.71498711409221, 18.032193855662523 ], [ 94.931394055274183, 18.530702702313864 ], [ 95.457679029535427, 18.498382306868578 ], [ 97.528482304608019, 18.932454075370153 ], [ 97.644787572485853, 18.455977655354431 ], [ 97.798610668711405, 18.17834572558149 ], [ 97.914915936589253, 17.731883568243926 ], [ 98.151210493841305, 17.300753445846091 ] ] ] ] } },
{ "type": "Feature", "properties": { "id": "ott_bulgaria1461", "colorId": "turkey", "name": null, "parent": "ottoman1461" }, "geometry": { "type": "MultiPolygon", "coordinates": [ [ [ [ 27.800018686566148, 42.792629164963159 ], [ 26.702231563994861, 42.902407877220298 ], [ 26.34060757067726, 42.818459450200145 ], [ 26.075847146998299, 42.779714022344685 ], [ 25.539868728331143, 42.585986883067399 ], [ 25.359056731672343, 42.624732310922859 ], [ 25.213761377214379, 42.579529311758144 ], [ 25.071694808411035, 42.621503525268224 ], [ 24.56154667498085, 42.618274739613604 ], [ 24.367819535703561, 42.556927812175793 ], [ 23.909331972747317, 42.553699026521173 ], [ 23.621970049486009, 42.411632457717829 ], [ 23.465991052815962, 42.186572400139063 ], [ 23.327463801357474, 42.109612815995462 ], [ 23.035017381611777, 42.120607042301714 ], [ 22.90473579988295, 42.083226672860533 ], [ 22.561715939128597, 42.157987411742887 ], [ 22.469364438156273, 42.193168935922827 ], [ 22.345, 42.313 ], [ 22.270399520142199, 42.435258046414809 ], [ 22.270399520142199, 42.545200309477103 ], [ 22.402330235816947, 42.641949500971918 ], [ 22.481, 42.74 ], [ 22.404529081078191, 42.853038646051516 ], [ 22.505675963095499, 42.923401694411382 ], [ 22.725560489220079, 43.004758969077479 ], [ 22.866286585939811, 43.17187120893216 ], [ 22.875081966984794, 43.321392686696875 ], [ 22.773935084967487, 43.378562663489262 ], [ 22.519, 43.474 ], [ 22.473, 43.636 ], [ 22.349, 43.808 ], [ 22.328367346212673, 43.876794925037444 ], [ 22.704411773182088, 43.947303255094212 ], [ 22.851, 43.897 ], [ 22.990362222856749, 43.782783818295108 ], [ 23.378158038168962, 43.857209277799477 ], [ 24.185086704374168, 43.657435675971968 ], [ 24.498457060182012, 43.692689841000352 ], [ 24.706, 43.744 ], [ 24.964, 43.75 ], [ 25.252, 43.705 ], [ 25.36, 43.654 ], [ 25.557, 43.67 ], [ 25.781, 43.732 ], [ 25.934, 43.87 ], [ 26.151, 44.012 ], [ 26.634625758224125, 44.086713845074009 ], [ 26.810533379123793, 44.086713845074009 ], [ 26.898487189573625, 44.152679202911379 ], [ 27.232711669282995, 44.148281512388891 ], [ 27.430607742795122, 44.020748487236631 ], [ 27.662585917856557, 44.020198775921315 ], [ 27.725253007802067, 43.954783129399253 ], [ 27.929745617097925, 44.002058302516041 ], [ 27.956131760232875, 43.895414307345611 ], [ 28.150729565853133, 43.783273199022076 ], [ 28.578, 43.741 ], [ 28.604, 43.538 ], [ 28.473, 43.367 ], [ 28.322, 43.428 ], [ 28.157, 43.408 ], [ 28.031, 43.249 ], [ 27.904, 43.202 ], [ 27.944, 43.157 ], [ 27.885, 43.009 ], [ 27.892, 42.711 ], [ 27.800018686566148, 42.792629164963159 ] ] ] ] } },
{ "type": "Feature", "properties": { "id": "ming1381", "colorId": "china", "name": "Империя Мин", "parent": null }, "geometry": { "type": "MultiPolygon", "coordinates": [ [ [ [ 110.383, 20.081 ], [ 110.564, 19.985 ], [ 110.593, 20.107 ], [ 110.678, 20.164 ], [ 110.788, 20.01 ], [ 110.935, 19.995 ], [ 111.011, 19.684 ], [ 110.876, 19.54 ], [ 110.67, 19.382 ], [ 110.58, 19.155 ], [ 110.513, 18.906 ], [ 110.431, 18.821 ], [ 110.427, 18.681 ], [ 110.271, 18.668 ], [ 110.103, 18.539 ], [ 110.053, 18.39 ], [ 109.993, 18.443 ], [ 109.835, 18.382 ], [ 109.746, 18.396 ], [ 109.727, 18.304 ], [ 109.561, 18.169 ], [ 109.44, 18.289 ], [ 109.163, 18.288 ], [ 109.092, 18.369 ], [ 109.001, 18.367 ], [ 108.796, 18.487 ], [ 108.695, 18.505 ], [ 108.694, 18.72 ], [ 108.627, 18.836 ], [ 108.654, 18.921 ], [ 108.615, 19.102 ], [ 108.663, 19.156 ], [ 108.627, 19.275 ], [ 108.687, 19.378 ], [ 108.771, 19.394 ], [ 108.941, 19.514 ], [ 109.016, 19.601 ], [ 109.157, 19.65 ], [ 109.167, 19.805 ], [ 109.304, 19.922 ], [ 109.527, 19.951 ], [ 109.719, 20.011 ], [ 109.835, 19.931 ], [ 109.943, 19.991 ], [ 109.99, 19.906 ], [ 110.157, 20.067 ], [ 110.261, 20.033 ], [ 110.383, 20.081 ] ] ], [ [ [ 110.267, 20.973 ], [ 110.287, 21.074 ], [ 110.408, 21.048 ], [ 110.507, 21.082 ], [ 110.548, 21.037 ], [ 110.521, 20.972 ], [ 110.441, 21.006 ], [ 110.267, 20.973 ] ] ], [ [ [ 110.418, 21.178 ], [ 110.617, 21.191 ], [ 110.565, 21.113 ], [ 110.418, 21.178 ] ] ], [ [ [ 111.822, 21.562 ], [ 111.835, 21.644 ], [ 111.963, 21.658 ], [ 111.981, 21.612 ], [ 111.822, 21.562 ] ] ], [ [ [ 112.65, 21.64 ], [ 112.518, 21.617 ], [ 112.645, 21.713 ], [ 112.65, 21.64 ] ] ], [ [ [ 112.798, 21.706 ], [ 112.8, 21.579 ], [ 112.716, 21.68 ], [ 112.778, 21.773 ], [ 112.844, 21.774 ], [ 112.798, 21.706 ] ] ], [ [ [ 113.559, 22.163 ], [ 113.586, 22.132 ], [ 113.547, 22.105 ], [ 113.559, 22.163 ] ] ], [ [ [ 114.013, 22.311 ], [ 114.019, 22.265 ], [ 113.846, 22.197 ], [ 113.893, 22.293 ], [ 114.013, 22.311 ] ] ], [ [ [ 126.931444908696406, 41.570415478026099 ], [ 126.724569296295044, 41.648568487155501 ], [ 126.471721325582266, 41.643971251324359 ], [ 126.085553515766406, 41.469276289740989 ], [ 125.929247497507603, 41.239414498183926 ], [ 125.349995782783793, 40.848649452536918 ], [ 124.471923739035816, 40.462481642721045 ], [ 124.265048126634454, 40.296981152799958 ], [ 124.058172514233092, 40.021147002931485 ], [ 123.986, 39.81 ], [ 123.72, 39.831 ], [ 123.631, 39.904 ], [ 123.591, 39.784 ], [ 123.41, 39.735 ], [ 123.387, 39.79 ], [ 123.206, 39.735 ], [ 123.174, 39.666 ], [ 123.009, 39.68 ], [ 122.964, 39.612 ], [ 122.849, 39.618 ], [ 122.588, 39.467 ], [ 122.396, 39.411 ], [ 122.115, 39.201 ], [ 122.127, 39.142 ], [ 121.86, 38.945 ], [ 121.772, 39.022 ], [ 121.592, 38.949 ], [ 121.705, 38.873 ], [ 121.485, 38.81 ], [ 121.345, 38.815 ], [ 121.153, 38.728 ], [ 121.118, 38.943 ], [ 121.334, 38.969 ], [ 121.674, 39.088 ], [ 121.593, 39.192 ], [ 121.78, 39.371 ], [ 121.549, 39.362 ], [ 121.436, 39.509 ], [ 121.223, 39.529 ], [ 121.306, 39.598 ], [ 121.547, 39.673 ], [ 121.457, 39.748 ], [ 121.536, 39.862 ], [ 121.874, 39.991 ], [ 121.991, 40.187 ], [ 122.092, 40.227 ], [ 122.106, 40.31 ], [ 122.302, 40.502 ], [ 122.138, 40.624 ], [ 122.049, 40.746 ], [ 121.851, 40.832 ], [ 121.826, 40.948 ], [ 121.74, 40.849 ], [ 121.575, 40.841 ], [ 121.361, 40.94 ], [ 121.176, 40.922 ], [ 121.05, 40.797 ], [ 120.991, 40.831 ], [ 120.94, 40.741 ], [ 121.021, 40.719 ], [ 120.825, 40.674 ], [ 120.798, 40.6 ], [ 120.546, 40.402 ], [ 120.505, 40.249 ], [ 120.436, 40.194 ], [ 119.95, 40.057 ], [ 119.912, 39.998 ], [ 119.739745695240131, 39.948980703654698 ], [ 119.536, 39.891 ], [ 119.34, 39.716 ], [ 119.256, 39.493 ], [ 119.305, 39.433 ], [ 119.016, 39.19 ], [ 118.859, 39.208 ], [ 118.796, 39.152 ], [ 118.619, 39.161 ], [ 118.344, 39.031 ], [ 118.235, 39.053 ], [ 118.141, 39.173 ], [ 118.045, 39.219 ], [ 117.886, 39.201 ], [ 117.757, 39.114 ], [ 117.775, 38.981 ], [ 117.709, 38.981 ], [ 117.584, 38.812 ], [ 117.544, 38.621 ], [ 117.716, 38.379 ], [ 117.837, 38.271 ], [ 118.085, 38.139 ], [ 118.216, 38.145 ], [ 118.543, 38.068 ], [ 118.655, 38.146 ], [ 118.84, 38.153 ], [ 119.117, 37.853 ], [ 119.243, 37.769 ], [ 119.256, 37.672 ], [ 119.12, 37.738 ], [ 119.037, 37.722 ], [ 118.977, 37.611 ], [ 118.945, 37.378 ], [ 118.972, 37.281 ], [ 119.146, 37.179 ], [ 119.441, 37.121 ], [ 119.771, 37.152 ], [ 119.897, 37.249 ], [ 119.859, 37.36 ], [ 120.06, 37.44 ], [ 120.298, 37.598 ], [ 120.306, 37.665 ], [ 120.738, 37.834 ], [ 120.926, 37.819 ], [ 121.033, 37.71 ], [ 121.138, 37.701 ], [ 121.191, 37.575 ], [ 121.375, 37.611 ], [ 121.477, 37.468 ], [ 121.592, 37.424 ], [ 121.732, 37.462 ], [ 121.938, 37.464 ], [ 122.122, 37.563 ], [ 122.183, 37.418 ], [ 122.688, 37.41 ], [ 122.571, 37.345 ], [ 122.629, 37.193 ], [ 122.51, 37.155 ], [ 122.409, 37.006 ], [ 122.54, 37.028 ], [ 122.525, 36.944 ], [ 122.32, 36.823 ], [ 122.185, 36.85 ], [ 122.266, 36.898 ], [ 122.04, 36.985 ], [ 121.637, 36.831 ], [ 121.634, 36.747 ], [ 121.453, 36.757 ], [ 121.158, 36.669 ], [ 121.032, 36.59 ], [ 120.95, 36.459 ], [ 120.867, 36.377 ], [ 120.751, 36.459 ], [ 120.644, 36.322 ], [ 120.697, 36.144 ], [ 120.354, 36.041 ], [ 120.189, 35.945 ], [ 120.039, 35.843 ], [ 120.003, 35.728 ], [ 119.938, 35.761 ], [ 119.905, 35.625 ], [ 119.812, 35.648 ], [ 119.648, 35.584 ], [ 119.552, 35.38 ], [ 119.429, 35.321 ], [ 119.358, 35.097 ], [ 119.207, 35.048 ], [ 119.192, 34.718 ], [ 119.347, 34.781 ], [ 119.641, 34.551 ], [ 119.826, 34.47 ], [ 119.94, 34.458 ], [ 120.257, 34.312 ], [ 120.371, 34.036 ], [ 120.407, 33.86 ], [ 120.498, 33.753 ], [ 120.484, 33.65 ], [ 120.628, 33.478 ], [ 120.662, 33.338 ], [ 120.75, 33.27 ], [ 120.834, 33.026 ], [ 120.896, 33.014 ], [ 120.908, 32.844 ], [ 120.864, 32.671 ], [ 121.12, 32.507 ], [ 121.389, 32.385 ], [ 121.419, 32.25 ], [ 121.367, 32.239 ], [ 121.443, 32.114 ], [ 121.655, 32.063 ], [ 121.822, 31.952 ], [ 121.922, 31.754 ], [ 121.817, 31.691 ], [ 121.725, 31.282 ], [ 121.877, 31.099 ], [ 121.977, 30.915 ], [ 121.907, 30.857 ], [ 121.631, 30.837 ], [ 121.411, 30.767 ], [ 120.978, 30.543 ], [ 120.94, 30.422 ], [ 120.893, 30.17 ], [ 121.15, 30.326 ], [ 121.377, 30.325 ], [ 121.507, 30.22 ], [ 121.678, 30.001 ], [ 121.936, 29.887 ], [ 122.136, 29.885 ], [ 121.983, 29.823 ], [ 121.916, 29.641 ], [ 121.91, 29.525 ], [ 121.971, 29.449 ], [ 121.916, 29.391 ], [ 121.943, 29.196 ], [ 121.785, 29.168 ], [ 121.746, 29.202 ], [ 121.652, 29.183 ], [ 121.621, 29.113 ], [ 121.69, 29.017 ], [ 121.684, 28.915 ], [ 121.67, 28.825 ], [ 121.606, 28.725 ], [ 121.51, 28.657 ], [ 121.584, 28.443 ], [ 121.656, 28.339 ], [ 121.581, 28.301 ], [ 121.473, 28.331 ], [ 121.396, 28.284 ], [ 121.368, 28.162 ], [ 121.262, 28.226 ], [ 121.119, 28.219 ], [ 121.009, 28.103 ], [ 120.965, 27.987 ], [ 120.835, 27.956 ], [ 120.807, 27.835 ], [ 120.597, 27.57 ], [ 120.677, 27.495 ], [ 120.635, 27.38 ], [ 120.546, 27.403 ], [ 120.518, 27.202 ], [ 120.358, 27.098 ], [ 120.244, 27.133 ], [ 120.237, 26.927 ], [ 120.126, 26.927 ], [ 120.025, 26.86 ], [ 120.128, 26.797 ], [ 120.121, 26.646 ], [ 119.96, 26.611 ], [ 119.884, 26.523 ], [ 119.877, 26.313 ], [ 119.674, 26.281 ], [ 119.566, 26.05 ], [ 119.702, 25.985 ], [ 119.583, 25.82 ], [ 119.58, 25.68 ], [ 119.558, 25.564 ], [ 119.576, 25.463 ], [ 119.289, 25.189 ], [ 119.102, 25.197 ], [ 119.134, 25.125 ], [ 118.947, 25.113 ], [ 118.858, 25.098 ], [ 118.997, 24.953 ], [ 118.716, 24.844 ], [ 118.764, 24.752 ], [ 118.647, 24.568 ], [ 118.428, 24.631 ], [ 118.284, 24.598 ], [ 118.219, 24.541 ], [ 118.047, 24.399 ], [ 118.126, 24.262 ], [ 117.968, 24.16 ], [ 117.894, 24.028 ], [ 117.791, 24.002 ], [ 117.649, 23.909 ], [ 117.582, 23.889 ], [ 117.463, 23.788 ], [ 117.293, 23.789 ], [ 117.264, 23.655 ], [ 117.084, 23.551 ], [ 117.068, 23.651 ], [ 116.951, 23.611 ], [ 116.909, 23.655 ], [ 116.867, 23.45 ], [ 116.749, 23.326 ], [ 116.784, 23.212 ], [ 116.715, 23.244 ], [ 116.647, 23.163 ], [ 116.612, 23.239 ], [ 116.534, 23.109 ], [ 116.563, 23.019 ], [ 116.495, 22.939 ], [ 116.298, 22.963 ], [ 116.096, 22.826 ], [ 116.124, 22.895 ], [ 115.826, 22.747 ], [ 115.81, 22.808 ], [ 115.682, 22.888 ], [ 115.591, 22.847 ], [ 115.524, 22.742 ], [ 115.575, 22.668 ], [ 115.374, 22.694 ], [ 115.424, 22.762 ], [ 115.233, 22.788 ], [ 115.303, 22.839 ], [ 115.065, 22.796 ], [ 114.88, 22.559 ], [ 114.754, 22.59 ], [ 114.785, 22.816 ], [ 114.563, 22.733 ], [ 114.5, 22.653 ], [ 114.583, 22.655 ], [ 114.543, 22.569 ], [ 114.618, 22.514 ], [ 114.516, 22.453 ], [ 114.396, 22.614 ], [ 114.23, 22.556 ], [ 114.335, 22.506 ], [ 114.39, 22.366 ], [ 114.256, 22.356 ], [ 114.239, 22.282 ], [ 114.111, 22.366 ], [ 113.914, 22.376 ], [ 114.082, 22.529 ], [ 113.964, 22.538 ], [ 113.89, 22.453 ], [ 113.61, 22.37 ], [ 113.588, 22.238 ], [ 113.484, 22.155 ], [ 113.303, 22.183 ], [ 113.231, 22.043 ], [ 113.157, 22.025 ], [ 113.029, 21.961 ], [ 112.957, 21.876 ], [ 112.879, 21.875 ], [ 112.826, 21.966 ], [ 112.645, 21.849 ], [ 112.608, 21.775 ], [ 112.443, 21.828 ], [ 112.404, 21.812 ], [ 112.363, 21.733 ], [ 112.245, 21.707 ], [ 112.173, 21.814 ], [ 112.0, 21.774 ], [ 111.884, 21.683 ], [ 111.78, 21.675 ], [ 111.63, 21.53 ], [ 111.438, 21.534 ], [ 111.292, 21.451 ], [ 111.301, 21.499 ], [ 111.088, 21.473 ], [ 110.869, 21.385 ], [ 110.791, 21.404 ], [ 110.705, 21.349 ], [ 110.636, 21.23 ], [ 110.424, 21.191 ], [ 110.394, 21.163 ], [ 110.205, 21.082 ], [ 110.157, 20.986 ], [ 110.157, 20.849 ], [ 110.369, 20.849 ], [ 110.301, 20.657 ], [ 110.479, 20.568 ], [ 110.534, 20.478 ], [ 110.4, 20.301 ], [ 110.28, 20.253 ], [ 110.128, 20.248 ], [ 110.027, 20.301 ], [ 109.915, 20.248 ], [ 109.931, 20.318 ], [ 109.863, 20.406 ], [ 109.975, 20.355 ], [ 110.015, 20.418 ], [ 109.931, 20.506 ], [ 109.835, 20.506 ], [ 109.773, 20.822 ], [ 109.689, 20.835 ], [ 109.661, 20.928 ], [ 109.696, 21.17 ], [ 109.773, 21.215 ], [ 109.766, 21.356 ], [ 109.924, 21.363 ], [ 109.944, 21.493 ], [ 109.803, 21.473 ], [ 109.741, 21.474 ], [ 109.65, 21.52 ], [ 109.531, 21.492 ], [ 109.316, 21.459 ], [ 109.139, 21.402 ], [ 109.04, 21.45 ], [ 109.143, 21.51 ], [ 109.136, 21.603 ], [ 108.97, 21.606 ], [ 108.855, 21.685 ], [ 108.752, 21.65 ], [ 108.519, 21.596 ], [ 108.42, 21.557 ], [ 108.284, 21.545 ], [ 108.253, 21.595 ], [ 108.066, 21.562 ], [ 107.991, 21.486 ], [ 107.783, 21.524 ], [ 107.749, 21.411 ], [ 107.635, 21.383 ], [ 107.562, 21.298 ], [ 107.367, 21.273 ], [ 107.46845787908974, 21.50612910677081 ], [ 107.076160422033297, 21.837130086162176 ], [ 106.659344373910841, 22.086402428666783 ], [ 106.356948417429848, 22.356106930393079 ], [ 106.205750439189345, 22.564514954454307 ], [ 106.011644926583301, 22.79539835365939 ], [ 105.921743426007865, 23.032411400630981 ], [ 105.786891175144717, 23.257165152069561 ], [ 105.116716352673322, 23.163177219649789 ], [ 104.769369645904604, 22.999719945876279 ], [ 104.348467165937819, 22.88529985423482 ], [ 104.025639050235128, 22.72184258046131 ], [ 103.645600888711698, 22.629897863963713 ], [ 103.406544625817943, 22.685064693862266 ], [ 102.865092406443182, 22.654416455029732 ], [ 102.472794949386753, 22.693237557550944 ], [ 102.10501608339635, 22.582903897753823 ], [ 102.027373878353927, 22.501175260867068 ], [ 101.892, 22.43 ], [ 101.751539728861118, 22.147698906331851 ], [ 101.642346607758327, 21.419682524196528 ], [ 101.306552899677698, 21.290531098011673 ], [ 100.951327640468264, 21.472143286793926 ], [ 100.625279126552613, 21.645697520020036 ], [ 100.224909705379559, 21.684442947875496 ], [ 99.947234139082113, 21.813594374060351 ], [ 99.514576861362841, 22.16876079606871 ], [ 99.388654220832592, 22.4690378619485 ], [ 99.621126787965338, 22.953355710141714 ], [ 98.663, 23.97 ], [ 98.177859600349535, 24.051142832712998 ], [ 97.89, 24.023 ], [ 97.348061687111823, 24.212582115444071 ], [ 97.528873683770627, 24.580663680070916 ], [ 98.497509380157055, 25.581587233003567 ], [ 98.717066804671319, 25.962583940248898 ], [ 98.607288092414194, 26.440444217132871 ], [ 98.665406234197377, 26.853728780924413 ], [ 98.568542664558734, 27.357419343045358 ], [ 98.407103381827653, 27.748102407254546 ], [ 98.345756454389829, 28.200132398901548 ], [ 98.184317171658748, 28.193674827592307 ], [ 98.119, 28.141 ], [ 98.275647533676761, 28.377060915213875 ], [ 98.280327604992138, 28.863788332012607 ], [ 98.186726178684694, 28.994830328843033 ], [ 98.186726178684694, 29.406676604595809 ], [ 98.345848603407362, 29.72024138272576 ], [ 98.514331170760769, 30.001045661648106 ], [ 98.682813738114149, 30.19994869255143 ], [ 98.987018373613353, 30.274829833597391 ], [ 99.347383864897054, 30.410551901743183 ], [ 99.979193492472334, 30.948760103011015 ], [ 100.681204189778185, 31.510368660855708 ], [ 100.802886043977864, 31.903494651347003 ], [ 100.915207755546803, 32.18897900158472 ], [ 100.990088896592766, 32.511903922345418 ], [ 101.088370394215588, 33.022031695721004 ], [ 101.079010251584847, 33.382397187004685 ], [ 100.8626188353565, 34.226233317717622 ], [ 100.81692625792401, 35.259105784469021 ], [ 100.456560766640337, 36.017277337559356 ], [ 100.306798484548423, 36.466564183835104 ], [ 100.311478555863786, 37.103053882725753 ], [ 100.199156844294848, 37.589781299524482 ], [ 100.104103440790652, 37.875039398766262 ], [ 100.153679610370119, 38.197284501032783 ], [ 99.87109544376716, 38.440207731972166 ], [ 99.226605239234118, 38.569105772878778 ], [ 99.008470093084469, 38.732707132491008 ], [ 98.592030268616952, 38.911181342977088 ], [ 98.235701549764585, 39.015291299093995 ], [ 97.935765723808842, 38.812029003818182 ], [ 97.558986835004902, 38.673215728995672 ], [ 96.805429057397021, 38.678173345953624 ], [ 96.111362683284511, 38.561669347441892 ], [ 95.357804905676645, 38.774846876633589 ], [ 94.971110782956814, 38.903744917540202 ], [ 94.896036490764956, 38.945270536894704 ], [ 94.648865680690278, 39.067346277152438 ], [ 93.8490671306823, 39.069688099170236 ], [ 93.605592549708973, 39.016041157599844 ], [ 93.263077461221044, 39.049054660104701 ], [ 93.242444022155496, 38.991281030721197 ], [ 93.118643387762276, 38.929380713524587 ], [ 92.268545698262145, 38.78081995225272 ], [ 93.029791386059543, 40.701633920481981 ], [ 93.800707588190178, 40.984186917643036 ], [ 94.390231742760704, 41.441155345150371 ], [ 94.725109369025603, 41.594640923855117 ], [ 95.216960882602194, 41.779521280022195 ], [ 95.482072336728592, 41.933006858726941 ], [ 96.158804206472254, 42.016726265293165 ], [ 96.305313167963149, 42.246954633350292 ], [ 96.369195823741848, 42.550100088690762 ], [ 96.86167104655577, 42.791312442722067 ], [ 97.329019982491417, 42.625478949325554 ], [ 97.511185562358719, 41.924455545422035 ], [ 97.541352965845277, 41.651442617008641 ], [ 97.541352965845277, 41.216232576677633 ], [ 98.083638492289467, 40.511606797094089 ], [ 98.467037813533423, 40.511606797094103 ], [ 98.681188785759801, 40.559963468241989 ], [ 99.354728133891115, 40.857011591007598 ], [ 99.738127455135114, 40.853557543068462 ], [ 100.173337495466114, 40.573779659998529 ], [ 100.035175577900731, 40.072942708823966 ], [ 99.814116509796094, 39.858791736597595 ], [ 99.945370331483218, 39.644640764371232 ], [ 100.124980824318243, 39.575559805588533 ], [ 100.394396563570766, 39.292327874579463 ], [ 100.753617549240801, 39.057452614718287 ], [ 101.119746630789109, 38.718955916683058 ], [ 101.396070465919891, 38.622242574387272 ], [ 101.700026684563767, 38.629150670265545 ], [ 102.439192943538657, 38.953831176544227 ], [ 103.01256490143507, 39.161074052892332 ], [ 103.544488284061856, 39.154165957014072 ], [ 103.882984982097085, 39.223246915796771 ], [ 104.566886474045816, 39.112717381744453 ], [ 105.430398458829558, 38.870934026005003 ], [ 106.141932334291369, 38.877842121883276 ], [ 107.226503387179719, 37.807087260751416 ], [ 108.255809673041952, 37.81399535662969 ], [ 109.091689274312614, 38.304470163986856 ], [ 109.872304108557117, 38.608426382630732 ], [ 109.789406958017892, 39.050544518840013 ], [ 110.107179368418315, 39.437397888023128 ], [ 110.23843319010544, 39.762078394301817 ], [ 110.825621339758399, 39.983137462406461 ], [ 111.2124747089415, 39.789710777814896 ], [ 111.640776653394241, 39.955505078893381 ], [ 111.640776653394241, 40.29400177692861 ], [ 112.317770049464698, 40.356174639833043 ], [ 112.870417719726305, 40.687763241989998 ], [ 114.079334498423535, 40.853557543068476 ], [ 114.721787415102654, 41.136789474077545 ], [ 115.295159372999052, 41.212778528738518 ], [ 115.633656071034281, 41.413113309208349 ], [ 116.186303741295887, 41.910496212443782 ], [ 116.870205233244604, 41.869047637174177 ], [ 117.284690985940799, 41.599631897921647 ], [ 117.94096009437645, 41.371664733938736 ], [ 118.300181080046485, 41.440745692721435 ], [ 118.613238368927867, 41.574927576524523 ], [ 119.21380233075466, 42.125444541532417 ], [ 120.540047746455485, 42.592549845175476 ], [ 122.758797938760011, 42.542502848356577 ], [ 123.401067731269222, 42.65927917426734 ], [ 123.78476137354744, 42.876149493815902 ], [ 124.101725686733829, 43.159749142456334 ], [ 124.794042476061932, 43.418325292687314 ], [ 125.794982412439907, 43.952159925422229 ], [ 126.145311390172196, 44.352535899973425 ], [ 126.587393195405809, 44.644476714750333 ], [ 127.630038962466202, 45.111582018393392 ], [ 128.42244974543209, 45.4035228331703 ], [ 129.114766534760207, 45.386840500897335 ], [ 129.798742157951807, 44.944758695663729 ], [ 129.882153819316642, 44.469312225884188 ], [ 129.636089418290425, 43.339084214390709 ], [ 129.42314672917496, 42.853044274914517 ], [ 129.168000140546638, 42.662258987922158 ], [ 129.112833310572938, 42.528939148819063 ], [ 128.846193632366749, 42.404813781378245 ], [ 128.772637859068482, 42.276091178106292 ], [ 128.211775087669253, 41.871534424965859 ], [ 127.719870853737149, 41.793381415836464 ], [ 127.676197113341303, 41.634776779662083 ], [ 127.76124597621741, 41.510651412221272 ], [ 127.662405405847863, 41.427901167260714 ], [ 127.225668001889446, 41.432498403091856 ], [ 126.931444908696406, 41.570415478026099 ] ] ], [ [ [ 114.113, 22.278 ], [ 114.216, 22.286 ], [ 114.208, 22.19 ], [ 114.113, 22.278 ] ] ], [ [ [ 118.394, 24.523 ], [ 118.449, 24.416 ], [ 118.284, 24.401 ], [ 118.282, 24.477 ], [ 118.394, 24.523 ] ] ], [ [ [ 119.699, 25.613 ], [ 119.782, 25.659 ], [ 119.847, 25.536 ], [ 119.757, 25.405 ], [ 119.668, 25.488 ], [ 119.699, 25.613 ] ] ], [ [ [ 121.231, 28.22 ], [ 121.256, 28.14 ], [ 121.285, 28.102 ], [ 121.152, 28.041 ], [ 121.12, 28.136 ], [ 121.231, 28.22 ] ] ], [ [ [ 122.087, 30.148 ], [ 122.327, 30.024 ], [ 122.294, 29.934 ], [ 122.185, 29.994 ], [ 122.011, 30.0 ], [ 121.975, 30.148 ], [ 122.087, 30.148 ] ] ], [ [ [ 122.202, 30.242 ], [ 122.074, 30.291 ], [ 122.239, 30.313 ], [ 122.202, 30.242 ] ] ], [ [ [ 122.285, 30.422 ], [ 122.277, 30.48 ], [ 122.399, 30.456 ], [ 122.285, 30.422 ] ] ], [ [ [ 118.514, 38.919 ], [ 118.488, 39.05 ], [ 118.56, 39.003 ], [ 118.633, 39.075 ], [ 118.514, 38.919 ] ] ], [ [ [ 121.266, 39.434 ], [ 121.423, 39.475 ], [ 121.434, 39.386 ], [ 121.266, 39.434 ] ] ] ] } },
{ "type": "Feature", "properties": { "id": "micronesia499", "colorId": null, "name": "Микронезия", "parent": null }, "geometry": { "type": "MultiPolygon", "coordinates": [ [ [ [ -157.355, 1.948 ], [ -157.496, 2.034 ], [ -157.322, 1.972 ], [ -157.348, 1.861 ], [ -157.191, 1.764 ], [ -157.179, 1.718 ], [ -157.411, 1.782 ], [ -157.581, 1.88 ], [ -157.429, 1.839 ], [ -157.42, 1.929 ], [ -157.355, 1.948 ] ] ], [ [ [ 134.592, 7.367 ], [ 134.524, 7.361 ], [ 134.488, 7.47 ], [ 134.569, 7.614 ], [ 134.635, 7.629 ], [ 134.648, 7.719 ], [ 134.658, 7.591 ], [ 134.592, 7.367 ] ] ], [ [ [ 144.952, 13.587 ], [ 144.808, 13.446 ], [ 144.76, 13.286 ], [ 144.681, 13.247 ], [ 144.626, 13.345 ], [ 144.654, 13.439 ], [ 144.783, 13.517 ], [ 144.886, 13.64 ], [ 144.952, 13.587 ] ] ], [ [ [ 145.206, 14.181 ], [ 145.21, 14.111 ], [ 145.126, 14.123 ], [ 145.206, 14.181 ] ] ], [ [ [ 145.606, 14.928 ], [ 145.578, 15.017 ], [ 145.647, 15.072 ], [ 145.668, 14.983 ], [ 145.606, 14.928 ] ] ], [ [ [ 145.698, 15.203 ], [ 145.788, 15.267 ], [ 145.753, 15.096 ], [ 145.686, 15.102 ], [ 145.698, 15.203 ] ] ], [ [ [ 166.958, -0.518 ], [ 166.916, -0.548 ], [ 166.939, -0.49 ], [ 166.958, -0.518 ] ] ], [ [ [ 163.026, 5.341 ], [ 163.019, 5.273 ], [ 162.916, 5.287 ], [ 163.026, 5.341 ] ] ], [ [ [ 158.181, 6.979 ], [ 158.291, 6.938 ], [ 158.339, 6.869 ], [ 158.292, 6.795 ], [ 158.194, 6.793 ], [ 158.126, 6.907 ], [ 158.181, 6.979 ] ] ], [ [ [ 171.394, 7.11 ], [ 171.263, 7.068 ], [ 171.202, 7.072 ], [ 171.394, 7.11 ] ] ], [ [ [ 145.719, 18.054 ], [ 145.771, 18.175 ], [ 145.836, 18.128 ], [ 145.719, 18.054 ] ] ] ] } },
{ "type": "Feature", "properties": { "id": "sind1339", "colorId": "sind", "name": "Синд", "parent": null }, "geometry": { "type": "MultiPolygon", "coordinates": [ [ [ [ 67.50853839480898, 29.072004177840551 ], [ 67.750581945043024, 29.451515198354958 ], [ 68.122008445685196, 29.614717751667428 ], [ 68.448413552310143, 29.676622168441124 ], [ 69.106851439812175, 29.676622168441124 ], [ 69.821566069835768, 30.00865494931822 ], [ 69.990396297400395, 30.599560745794406 ], [ 69.996023971652534, 31.359296769835218 ], [ 70.221130941738707, 31.941761054933167 ], [ 70.842988946601722, 31.826393732764018 ], [ 71.568958925129607, 31.545010020156312 ], [ 71.799693569467919, 31.241115610539989 ], [ 71.929130077267473, 30.774018647611193 ], [ 72.120471001840713, 29.592207054658822 ], [ 72.120471001840713, 28.888747773139553 ], [ 71.867225660493773, 28.472299878480143 ], [ 71.788438220963599, 28.247192908393973 ], [ 71.349479629295601, 27.808234316725951 ], [ 70.81625749390399, 27.802606642473805 ], [ 70.442017156135734, 27.726633040069725 ], [ 70.053707632737101, 27.529664441244332 ], [ 69.839856011155248, 27.301743634032093 ], [ 69.811717639894468, 27.023173758550463 ], [ 69.701977991977472, 26.837460508229377 ], [ 69.983361704585178, 26.398501916561358 ], [ 70.072470607518298, 25.975617824120253 ], [ 70.190920495241713, 24.379652859185178 ], [ 69.895736449208613, 24.106219216543987 ], [ 68.822, 23.878 ], [ 68.633, 23.833 ], [ 68.588, 23.776 ], [ 68.411, 23.701 ], [ 68.327, 23.587 ], [ 68.157, 23.601 ], [ 68.276, 23.666 ], [ 68.164, 23.758 ], [ 68.183, 23.842 ], [ 68.144, 23.743 ], [ 68.157, 23.696 ], [ 68.063, 23.723 ], [ 68.102, 23.816 ], [ 68.014, 23.769 ], [ 67.869, 23.85 ], [ 67.832, 23.81 ], [ 67.632, 23.803 ], [ 67.547, 23.898 ], [ 67.491, 23.883 ], [ 67.51, 24.052 ], [ 67.354, 24.071 ], [ 67.3, 24.186 ], [ 67.286, 24.33 ], [ 67.157, 24.663 ], [ 67.253, 24.74 ], [ 67.14, 24.803 ], [ 67.083, 24.774 ], [ 66.958, 24.844 ], [ 66.68, 24.831 ], [ 67.014980084411619, 25.033443717366925 ], [ 67.144245356182353, 25.327228425936781 ], [ 67.418444417514209, 25.718941370696591 ], [ 67.465449970885388, 25.997057561476055 ], [ 67.140328226734752, 26.486698742425816 ], [ 67.203002297896319, 27.035096865089546 ], [ 67.140328226734752, 27.340632962002196 ], [ 67.332267569667053, 27.646169058914843 ], [ 67.289179145743475, 27.900782473008718 ], [ 67.508538394808966, 28.296412547216125 ], [ 67.461532841437801, 28.58236299689079 ], [ 67.50853839480898, 29.072004177840551 ] ] ] ] } },
{ "type": "Feature", "properties": { "id": "turkmens", "colorId": null, "name": "туркмены", "parent": null }, "geometry": { "type": "MultiPolygon", "coordinates": [ [ [ [ 55.546042847446493, 44.631862064256516 ], [ 55.582270575536143, 43.921798593699478 ], [ 55.524306210592712, 43.081315302019703 ], [ 55.741672579130579, 42.450952833259876 ], [ 56.632874690135857, 42.016220096184135 ], [ 57.448044377747706, 42.010956136873055 ], [ 56.842845076997257, 41.59637078911485 ], [ 55.408475080730447, 40.88156846539384 ], [ 54.287711297434363, 41.040099934289167 ], [ 52.882, 41.05 ], [ 52.761, 41.378 ], [ 52.562, 41.519 ], [ 52.595, 41.634 ], [ 52.438, 41.749 ], [ 52.485, 41.942 ], [ 52.402, 42.093 ], [ 52.599, 42.345 ], [ 52.71, 42.585 ], [ 52.713, 42.731 ], [ 52.471, 42.826 ], [ 52.273, 42.799 ], [ 52.169, 42.887 ], [ 51.933, 42.835 ], [ 51.854, 42.894 ], [ 51.651, 43.191 ], [ 51.276, 43.154 ], [ 51.32, 43.443 ], [ 51.273, 43.559 ], [ 51.142, 43.634 ], [ 51.023, 43.801 ], [ 50.983, 43.919 ], [ 50.853, 44.039 ], [ 50.847, 44.189 ], [ 50.696, 44.264 ], [ 50.345, 44.311 ], [ 50.23, 44.391 ], [ 50.238, 44.586 ], [ 50.299, 44.655 ], [ 50.498, 44.626 ], [ 50.895, 44.621 ], [ 51.143, 44.485 ], [ 51.299, 44.554 ], [ 51.201, 44.741 ], [ 50.971, 44.847 ], [ 50.959, 44.979 ], [ 51.197, 45.066 ], [ 51.275, 45.057 ], [ 51.244, 45.162 ], [ 51.397, 45.333 ], [ 51.792, 45.405 ], [ 51.958, 45.372 ], [ 52.403, 45.409 ], [ 52.567, 45.401 ], [ 52.738, 45.526 ], [ 52.850204503511051, 45.507348693896056 ], [ 53.305612303736822, 45.675326980864583 ], [ 54.14765254318619, 45.899832547394105 ], [ 55.227238840257613, 45.204260168072913 ], [ 55.546042847446493, 44.631862064256516 ] ] ] ] } },
{ "type": "Feature", "properties": { "id": "ott_wallachia1461", "colorId": "turkey", "name": null, "parent": "ottoman1461" }, "geometry": { "type": "MultiPolygon", "coordinates": [ [ [ [ 24.706, 43.744 ], [ 24.498457060182012, 43.692689841000352 ], [ 24.185086704374168, 43.657435675971968 ], [ 23.378158038168962, 43.857209277799477 ], [ 22.990362222856749, 43.782783818295108 ], [ 22.851, 43.897 ], [ 22.704411773182088, 43.947303255094212 ], [ 22.328367346212673, 43.876794925037444 ], [ 22.4, 43.993 ], [ 22.605, 44.079 ], [ 22.606, 44.175 ], [ 22.692, 44.228 ], [ 22.682, 44.305 ], [ 22.505, 44.404 ], [ 22.484, 44.5 ], [ 22.621, 44.569 ], [ 22.765, 44.583 ], [ 22.337065818727471, 44.673671517704506 ], [ 22.415580053125012, 44.91192160829015 ], [ 22.808151225112738, 45.006680167045801 ], [ 23.406483838969862, 45.014802329224864 ], [ 23.85591014621097, 45.139342149303722 ], [ 24.603149066684132, 45.293663230705775 ], [ 25.122967446143718, 45.299078005491808 ], [ 25.504709068559357, 45.461521249072931 ], [ 26.078675195879324, 45.653745753977255 ], [ 26.216751952923278, 45.851385033667626 ], [ 26.781833352910308, 45.808939150243972 ], [ 27.282194979515012, 45.637386592550932 ], [ 27.470426258094879, 45.549227639292006 ], [ 27.804000675831347, 45.444389965146257 ], [ 28.001762652060826, 45.380057756011368 ], [ 28.166167186516656, 45.432476593084246 ], [ 28.33, 45.323 ], [ 28.577, 45.248 ], [ 28.883352184650068, 45.170382407719863 ], [ 29.350356369481126, 44.998829850026823 ], [ 29.618, 44.861 ], [ 29.562, 44.82 ], [ 29.156, 44.784 ], [ 29.001, 44.689 ], [ 28.975, 44.745 ], [ 29.098, 44.775 ], [ 29.052, 44.945 ], [ 28.973, 45.011 ], [ 28.864, 44.892 ], [ 28.946, 44.765 ], [ 28.789, 44.706 ], [ 28.784, 44.649 ], [ 28.924, 44.682 ], [ 28.733, 44.568 ], [ 28.746, 44.486 ], [ 28.91, 44.584 ], [ 28.844, 44.494 ], [ 28.641, 44.329 ], [ 28.631, 44.154 ], [ 28.671, 44.003 ], [ 28.578, 43.741 ], [ 28.150729565853133, 43.783273199022076 ], [ 27.956131760232875, 43.895414307345611 ], [ 27.929745617097925, 44.002058302516041 ], [ 27.725253007802067, 43.954783129399253 ], [ 27.662585917856557, 44.020198775921315 ], [ 27.430607742795122, 44.020748487236631 ], [ 27.232711669282995, 44.148281512388891 ], [ 26.898487189573625, 44.152679202911379 ], [ 26.810533379123793, 44.086713845074009 ], [ 26.634625758224125, 44.086713845074009 ], [ 26.151, 44.012 ], [ 25.934, 43.87 ], [ 25.781, 43.732 ], [ 25.557, 43.67 ], [ 25.36, 43.654 ], [ 25.252, 43.705 ], [ 24.964, 43.75 ], [ 24.706, 43.744 ] ] ] ] } },
{ "type": "Feature", "properties": { "id": "mali1375", "colorId": "mali", "name": "Мали", "parent": null }, "geometry": { "type": "MultiPolygon", "coordinates": [ [ [ [ -8.295147541762461, 10.009155928907759 ], [ -7.93353646433189, 10.157731135819486 ], [ -7.765302923987317, 10.257168303185486 ], [ -7.518154258955061, 10.635386336277731 ], [ -7.133998698553103, 11.655056230932674 ], [ -6.743934117375391, 11.989188173638144 ], [ -6.334073980310548, 12.441447635226936 ], [ -5.994879384118954, 13.133969935784773 ], [ -5.825282086023158, 14.29288480610605 ], [ -5.903014180983731, 14.617946294122994 ], [ -5.761683099237233, 15.020739877100514 ], [ -5.761683099237232, 15.745061671051308 ], [ -5.87474796463443, 16.09838937541755 ], [ -5.88461605410565, 16.250944240233707 ], [ -6.192742898564053, 16.773245290757075 ], [ -6.736867563288068, 16.900443264328924 ], [ -8.263243246150239, 17.133639549210645 ], [ -8.510572639206611, 17.253770968695168 ], [ -9.620021630916614, 17.501100361751536 ], [ -10.948533799333688, 17.522300024013511 ], [ -11.506791572232354, 17.479900699489562 ], [ -12.183496213990818, 17.335132533467199 ], [ -12.83067875298854, 17.245089745432733 ], [ -13.52851036025565, 17.250717419684886 ], [ -13.961841277671516, 17.200068351415499 ], [ -14.344523126817995, 17.065004169363803 ], [ -14.541491725643384, 16.924312313059954 ], [ -14.541491725643384, 16.378427910601005 ], [ -14.682183581947234, 15.911330947672209 ], [ -14.479587308869686, 15.354191196708951 ], [ -14.701521890122763, 14.703634414313292 ], [ -15.524173553615308, 14.415172142699024 ], [ -16.101098096843845, 14.308334264323369 ], [ -16.429, 14.161 ], [ -16.591, 14.044 ], [ -16.638, 13.962 ], [ -16.747, 13.951 ], [ -16.7, 13.769 ], [ -16.638, 13.846 ], [ -16.522, 13.852 ], [ -16.627, 13.77 ], [ -16.636, 13.678 ], [ -16.561, 13.587 ], [ -16.522, 13.359 ], [ -16.281, 13.36 ], [ -16.142, 13.455 ], [ -16.09, 13.44 ], [ -15.77, 13.465 ], [ -15.555, 13.509 ], [ -15.635, 13.455 ], [ -15.995, 13.413 ], [ -16.161, 13.429 ], [ -16.228, 13.342 ], [ -16.375, 13.264 ], [ -16.546, 13.29 ], [ -16.585, 13.443 ], [ -16.679, 13.496 ], [ -16.83, 13.339 ], [ -16.754, 13.065 ], [ -16.759, 12.891 ], [ -16.795, 12.839 ], [ -15.562159471326488, 13.019044773935375 ], [ -15.001010208344294, 12.904110587541432 ], [ -14.243796745043017, 12.904110587541432 ], [ -13.7570166614922, 12.674242214753543 ], [ -12.701242245188991, 12.512215699371138 ], [ -12.341071093051129, 12.455938956849597 ], [ -11.541941349245246, 12.045118736442351 ], [ -10.313066405203966, 10.899745818359596 ], [ -9.845224880998252, 10.730646472261148 ], [ -9.422476515752127, 10.443177583893782 ], [ -8.858812028757292, 10.166981985266315 ], [ -8.295147541762461, 10.009155928907759 ] ] ] ] } },
{ "type": "Feature", "properties": { "id": "hre_luxembourg1453", "colorId": "germany", "name": null, "parent": "holy_roman1453" }, "geometry": { "type": "MultiPolygon", "coordinates": [ [ [ [ 6.456510238517566, 50.103347487680111 ], [ 6.56166424297917, 50.169945023839126 ], [ 6.71589011618952, 50.173450157321177 ], [ 6.785992785830589, 50.050770485449313 ], [ 6.6948593152972, 49.956131881433869 ], [ 6.537128308604796, 49.886029211792795 ], [ 6.414448636732926, 49.742318739028605 ], [ 6.359486580275552, 49.646244232251703 ], [ 6.270247297850909, 49.507425463507815 ], [ 6.221158021766103, 49.411584495913672 ], [ 6.113629131294622, 49.332106620347794 ], [ 6.008437825398609, 49.329769035772323 ], [ 5.882208258323392, 49.411584495913672 ], [ 5.83779415138952, 49.491062371479543 ], [ 5.100286217829693, 49.521450970960565 ], [ 5.100286217829693, 49.661706045488579 ], [ 4.95, 49.796 ], [ 4.858, 49.787 ], [ 4.788, 49.974 ], [ 4.657, 49.989 ], [ 4.682, 50.084 ], [ 4.872, 50.14 ], [ 4.955296076287173, 50.095273547939108 ], [ 5.250481633958003, 50.095273547939108 ], [ 5.357386673763115, 50.213347771007442 ], [ 5.360577868981177, 50.318657213203522 ], [ 5.587152729463653, 50.325039603639645 ], [ 5.769504076035094, 50.250563093926381 ], [ 6.035894220671155, 50.348706831423875 ], [ 6.270738163968735, 50.229532293034033 ], [ 6.456510238517566, 50.103347487680111 ] ] ] ] } },
{ "type": "Feature", "properties": { "id": "poland_lithuania", "colorId": "poland", "name": "Речь Посполитая", "parent": null }, "geometry": { "type": "MultiPolygon", "coordinates": [ [ [ [ 28.283164839417275, 56.631266487461517 ], [ 28.814633182066753, 56.595637324825795 ], [ 29.257028618126938, 56.45015157739661 ], [ 30.744968176448673, 56.128329786053939 ], [ 31.079646682104528, 56.049030571708244 ], [ 31.449169508618912, 55.902308272945177 ], [ 31.351354642776869, 56.46383805833468 ], [ 31.510756646371306, 56.844229203275958 ], [ 31.858542836031901, 57.076086663049686 ], [ 32.543246896926199, 56.565275696985687 ], [ 33.050435090181232, 56.13778850552788 ], [ 33.814840152872748, 56.13416573271892 ], [ 34.456070940059476, 55.597995356992165 ], [ 34.840084857809714, 55.199490348006066 ], [ 35.977635519824574, 55.018351707557841 ], [ 36.77556406333408, 54.946098409408727 ], [ 37.067838791255561, 54.526747712825738 ], [ 37.405649074614089, 53.89454476873474 ], [ 37.398236309775498, 52.763568647647276 ], [ 37.449066697240106, 52.410932834611579 ], [ 37.452243596456647, 51.975697641945885 ], [ 37.67250860880327, 51.585998004717247 ], [ 37.820763905575035, 50.988740952008143 ], [ 37.782552162434598, 50.637218935373653 ], [ 37.575378941840086, 49.825323881692455 ], [ 37.357007168781017, 49.357784316296737 ], [ 37.049046976005386, 48.932239322643149 ], [ 36.483520076544693, 48.792257416836044 ], [ 36.380921156819873, 48.613725812225674 ], [ 36.333585068795756, 48.311958251071943 ], [ 36.144027959963132, 47.864947420088512 ], [ 36.01512991905652, 47.7360493791819 ], [ 35.796994772906871, 47.607151338275301 ], [ 35.370639714523463, 47.527829466948162 ], [ 34.661700489537111, 47.250202917303156 ], [ 34.255175898985492, 47.027110154195562 ], [ 33.720276112674696, 46.886960711497338 ], [ 33.352071427224153, 46.719102693130182 ], [ 33.032599714847947, 46.621636746981508 ], [ 32.61566205632306, 46.616221972195468 ], [ 32.305430395850671, 46.418232415361381 ], [ 32.062, 46.394 ], [ 32.008, 46.449 ], [ 31.582, 46.545 ], [ 31.338, 46.601 ], [ 31.187, 46.629 ], [ 30.991, 46.601 ], [ 30.755, 46.516 ], [ 30.798, 46.446 ], [ 30.494, 46.08 ], [ 30.252112862217707, 46.112647917093973 ], [ 29.380334121665683, 46.865301612353178 ], [ 29.239549977228709, 47.103551702938823 ], [ 29.044618084931361, 47.211847198659576 ], [ 28.654754300336673, 47.94825656956067 ], [ 28.242104069347363, 48.147646414944532 ], [ 27.966781452386638, 48.298544387701853 ], [ 27.556444859800948, 48.433558363326824 ], [ 26.754303004617302, 48.528862346120931 ], [ 26.285725089212995, 48.502389017567012 ], [ 26.009897368152611, 48.615418324548415 ], [ 25.589991771439482, 48.560126120382897 ], [ 25.449403563940045, 48.478923709301903 ], [ 25.27593483384932, 48.279911525205442 ], [ 25.070173391979896, 48.010526479600095 ], [ 24.926681860149905, 47.599003595861248 ], [ 24.968646364741655, 47.400010622474312 ], [ 24.502975733142431, 47.45957314512075 ], [ 23.799055010957566, 47.362107198972076 ], [ 23.474168523795321, 47.400010622474333 ], [ 23.214259334065527, 47.686993686134308 ], [ 23.149282036633078, 47.871096028859583 ], [ 23.024742216554216, 47.984806299366369 ], [ 22.802736450326684, 48.331351885672767 ], [ 22.337065818727464, 48.515454228398035 ], [ 21.855150862770131, 48.607505399760669 ], [ 21.514020051249773, 48.558772426686332 ], [ 21.021275545720368, 48.607505399760669 ], [ 20.57455662587228, 48.737459994625574 ], [ 20.271329237854182, 48.867414589490473 ], [ 20.1440820303823, 49.00007657174838 ], [ 19.859806354115335, 49.143568103578367 ], [ 19.499723830843848, 49.289767022801378 ], [ 19.061534389407736, 49.449856637372832 ], [ 18.833, 49.51 ], [ 18.770924822634505, 49.53732780264265 ], [ 18.869195333413337, 49.665684492485383 ], [ 18.903975020395922, 50.025074591305405 ], [ 18.985127623355282, 50.094633965270596 ], [ 19.127144678534158, 50.129413652253177 ], [ 19.133938899741203, 50.190032986969634 ], [ 18.988109382113507, 50.282336655158424 ], [ 18.86437999671335, 50.511367645154458 ], [ 18.967049061194331, 50.645627191014206 ], [ 18.822259354874998, 50.790416897333529 ], [ 18.41684817718086, 51.03787566813385 ], [ 18.31154657258498, 51.074731229742405 ], [ 18.153594165691164, 51.227418556406434 ], [ 17.917353756948955, 51.232231933794516 ], [ 17.345653989025035, 51.672000986043685 ], [ 17.015827199838157, 51.672000986043685 ], [ 16.853112650505963, 51.610433318728802 ], [ 16.624432743336396, 51.698387129178634 ], [ 16.532081242364068, 51.80393170171844 ], [ 16.030744522800017, 51.891885512168272 ], [ 15.788871544062969, 52.102974657247877 ], [ 15.656940828388219, 52.278882278147542 ], [ 15.621759304208284, 52.358040707552398 ], [ 15.296330205543899, 52.507562185317113 ], [ 15.234762538229015, 52.617504448379407 ], [ 15.357897872858784, 52.736242092486684 ], [ 15.806462306152936, 52.828593593459004 ], [ 15.878142252911237, 53.130610808125198 ], [ 15.947701626876404, 53.240746483570042 ], [ 15.889735481905433, 53.362475388009081 ], [ 16.202752664748676, 53.472611063453925 ], [ 16.176667899511738, 53.518983979430715 ], [ 16.031752537084312, 53.539272130170552 ], [ 15.921616861639468, 53.626221347627009 ], [ 15.921616861639468, 53.736357023071854 ], [ 15.959294855870599, 53.782729939048629 ], [ 16.060735609569797, 53.776933324551528 ], [ 16.579532607059988, 53.426238147477157 ], [ 16.779515807209837, 53.463916141708289 ], [ 16.828787030435162, 53.67549257085232 ], [ 16.712854740493221, 53.837797776771041 ], [ 16.846176873926453, 54.005899597186854 ], [ 17.10702452629582, 54.05806912766073 ], [ 17.50699092659552, 54.371086310503976 ], [ 17.57075368606359, 54.47542537145172 ], [ 17.518584155589714, 54.562374588908177 ], [ 17.51930873240185, 54.77395101805223 ], [ 17.885, 54.824 ], [ 18.317, 54.838 ], [ 18.448, 54.79 ], [ 18.413, 54.732 ], [ 18.571, 54.55 ], [ 18.588, 54.434 ], [ 18.717, 54.382 ], [ 19.002, 54.345 ], [ 19.377, 54.378 ], [ 19.61, 54.457 ], [ 19.832, 54.598 ], [ 19.962, 54.773 ], [ 19.921, 54.89 ], [ 20.034, 54.948 ], [ 20.366, 54.946 ], [ 20.634, 55.049 ], [ 20.925, 55.283 ], [ 21.082, 55.498 ], [ 21.085, 55.723 ], [ 21.132, 55.656 ], [ 21.106, 55.421 ], [ 20.989, 55.273 ], [ 20.531, 54.965 ], [ 21.079, 54.9 ], [ 21.23, 54.939 ], [ 21.181, 55.193 ], [ 21.268, 55.249 ], [ 21.223, 55.52 ], [ 21.074, 55.745 ], [ 21.053, 56.073 ], [ 20.969, 56.253 ], [ 21.151704987627117, 56.292426134758536 ], [ 21.495803170524038, 56.410402654608909 ], [ 22.150572855693614, 56.48118856651913 ], [ 22.74242173027632, 56.237370425495044 ], [ 23.007868899939659, 56.017147588440992 ], [ 23.560392267905577, 55.93063147388407 ], [ 23.922186928780057, 55.926698923222389 ], [ 24.429485964136664, 56.009282487117652 ], [ 25.337905166984537, 56.032877791087714 ], [ 26.033966634101738, 56.23737042549503 ], [ 26.517670365488271, 56.158719412261448 ], [ 27.166541224665323, 56.335684192037007 ], [ 27.81850117670977, 56.69510207051718 ], [ 28.283164839417275, 56.631266487461517 ] ] ] ] } },
{ "type": "Feature", "properties": { "id": "france1302", "colorId": "france", "name": "Франция", "parent": null }, "geometry": { "type": "MultiPolygon", "coordinates": [ [ [ [ 6.63903291582013, 45.115520979529713 ], [ 6.722283552997551, 44.907561915432019 ], [ 6.99847915162502, 44.811738952642898 ], [ 7.04639063301958, 44.676459475764133 ], [ 6.871654642051181, 44.648276251414394 ], [ 6.657462136993145, 44.524270064275534 ], [ 6.60673233316361, 44.411537166876563 ], [ 6.347352588488029, 44.510122532399173 ], [ 6.200952337969934, 44.436922407140131 ], [ 6.059780667827485, 44.491822501084414 ], [ 5.915994707497212, 44.340193670190672 ], [ 5.884623225243335, 44.259150674368158 ], [ 5.466336795191634, 44.107521843474416 ], [ 5.380065218993471, 44.222550611738633 ], [ 5.275493611480545, 44.23823635286557 ], [ 5.254627970140596, 44.181204898082029 ], [ 5.153187216461545, 44.23627273579352 ], [ 5.063339691774384, 44.30003549524892 ], [ 5.006822700438913, 44.260908347401298 ], [ 4.827127651064592, 44.23482358216954 ], [ 4.740178433625405, 44.168162515466165 ], [ 4.798144578584863, 44.060925147291172 ], [ 4.803941193080809, 43.927603013884415 ], [ 4.467677943443197, 43.689235413422715 ], [ 4.513, 43.456 ], [ 4.206, 43.46 ], [ 4.105, 43.552 ], [ 3.939, 43.533 ], [ 3.622, 43.375 ], [ 3.513, 43.281 ], [ 3.385, 43.284 ], [ 3.244, 43.219 ], [ 3.114, 43.106 ], [ 3.039, 42.943 ], [ 3.044565488168373, 42.776891625273308 ], [ 3.052, 42.555 ], [ 3.127881454496422, 42.482059687313715 ], [ 3.047135724400006, 42.450938937143228 ], [ 3.021315574627431, 42.499480818715668 ], [ 2.921133393509842, 42.497415206733862 ], [ 2.686686433574863, 42.412725115479802 ], [ 2.66809592573861, 42.33423186017118 ], [ 2.52969992295761, 42.330100636207568 ], [ 2.366516576394937, 42.437512459261477 ], [ 2.126905586505444, 42.437512459261477 ], [ 2.10831507866919, 42.371412875843689 ], [ 1.994706419669862, 42.371412875843689 ], [ 1.959591015979161, 42.454037355115922 ], [ 1.845982356979832, 42.456102967097728 ], [ 1.742701757889534, 42.538727446369968 ], [ 1.707, 42.503 ], [ 1.477462795578655, 42.49511938380634 ], [ 1.427359285622175, 42.515160787788929 ], [ 1.429, 42.595 ], [ 1.319, 42.713 ], [ 1.134, 42.716 ], [ 1.068, 42.776 ], [ 0.656, 42.838 ], [ 0.644, 42.684 ], [ 0.275, 42.669 ], [ 0.169, 42.726 ], [ -0.039, 42.685 ], [ -0.161, 42.795 ], [ -0.323, 42.843 ], [ -0.424, 42.791 ], [ -0.583, 42.796 ], [ -0.73, 42.878 ], [ -0.76, 42.947 ], [ -0.981, 42.957 ], [ -1.183623117325545, 43.024503004589008 ], [ -1.110346734016217, 43.173874093642638 ], [ -1.161076537845752, 43.362701696785905 ], [ -1.313265949334357, 43.351428407046008 ], [ -1.404, 43.243 ], [ -1.747, 43.291 ], [ -1.794, 43.386 ], [ -1.661, 43.4 ], [ -1.477, 43.58 ], [ -1.346, 44.019 ], [ -1.247, 44.505 ], [ -1.26, 44.627 ], [ -1.14, 45.49 ], [ -1.085, 45.569 ], [ -1.23, 45.792 ], [ -1.383399830378558, 45.990984630361247 ], [ -1.495721541947496, 46.243708481391359 ], [ -1.504, 46.419 ], [ -1.805, 46.504 ], [ -1.857, 46.635 ], [ -2.119, 46.82 ], [ -2.102, 46.931 ], [ -1.993, 47.052 ], [ -2.278, 47.246 ], [ -2.556, 47.383 ], [ -2.392, 47.424 ], [ -2.502, 47.527 ], [ -2.817, 47.499 ], [ -2.909, 47.558 ], [ -2.741, 47.551 ], [ -2.775, 47.629 ], [ -3.074, 47.576 ], [ -3.528, 47.78 ], [ -3.852, 47.801 ], [ -3.935, 47.888 ], [ -4.107, 47.88 ], [ -4.225, 47.802 ], [ -4.372, 47.807 ], [ -4.435, 47.976 ], [ -4.684, 48.067 ], [ -4.755, 48.342 ], [ -4.775, 48.491 ], [ -4.722, 48.568 ], [ -4.564, 48.63 ], [ -4.307, 48.642 ], [ -3.974, 48.733 ], [ -3.81, 48.733 ], [ -3.571, 48.688 ], [ -3.515, 48.842 ], [ -3.372, 48.822 ], [ -3.091, 48.871 ], [ -3.042, 48.794 ], [ -2.827, 48.658 ], [ -2.682, 48.509 ], [ -2.577, 48.582 ], [ -2.312, 48.687 ], [ -2.214, 48.582 ], [ -2.145, 48.636 ], [ -1.844, 48.712 ], [ -1.554, 48.747 ], [ -1.546, 49.03 ], [ -1.603, 49.225 ], [ -1.82, 49.397 ], [ -1.885, 49.531 ], [ -1.844, 49.572 ], [ -1.935, 49.724 ], [ -1.597, 49.652 ], [ -1.391, 49.713 ], [ -1.271, 49.698 ], [ -1.228, 49.624 ], [ -1.306, 49.558 ], [ -1.185, 49.43 ], [ -1.182, 49.356 ], [ -1.072, 49.397 ], [ -0.822, 49.363 ], [ -0.411, 49.343 ], [ -0.219, 49.28 ], [ -0.034, 49.32 ], [ 0.08, 49.542 ], [ 0.236, 49.729 ], [ 0.675, 49.876 ], [ 1.173, 49.961 ], [ 1.391, 50.075 ], [ 1.555, 50.218 ], [ 1.569349849232088, 50.400960585461469 ], [ 1.772095326872793, 50.301430986106745 ], [ 1.972655410618428, 50.401711027979566 ], [ 2.001698075410828, 50.556190041663072 ], [ 2.082260289558004, 50.665185978450417 ], [ 1.973, 51.007 ], [ 2.522, 51.088 ], [ 3.125, 51.33 ], [ 3.541, 51.417 ], [ 3.858, 51.345 ], [ 3.984, 51.41 ], [ 4.221, 51.368 ], [ 4.261, 51.369 ], [ 4.312316248729982, 51.271619686806915 ], [ 4.159380264712439, 51.127506932636543 ], [ 3.90644767576035, 51.02456925108627 ], [ 3.682925852965479, 51.027510327701989 ], [ 3.582929248030932, 50.921631569536004 ], [ 3.577047094799488, 50.815752811370018 ], [ 3.444698647091999, 50.665757903968192 ], [ 3.494696949559272, 50.486352230409153 ], [ 3.568223864952322, 50.421648544863267 ], [ 3.485873719712107, 50.318710863313001 ], [ 3.165296368598411, 50.115776576828182 ], [ 3.321496701292498, 50.051491464799881 ], [ 3.776436263535372, 50.053860941686565 ], [ 3.920974353622951, 50.089403094986793 ], [ 4.340571230802936, 50.024031654685963 ], [ 4.657, 49.989 ], [ 4.788, 49.974 ], [ 4.858, 49.787 ], [ 4.95, 49.796 ], [ 5.100286217829693, 49.661706045488579 ], [ 5.100286217829693, 49.521450970960565 ], [ 5.100286217829693, 49.388208650158944 ], [ 5.055872110895818, 49.329769035772287 ], [ 4.794062638443518, 49.301718020866687 ], [ 4.728610270330443, 49.264316667659216 ], [ 4.742635777783245, 49.201201884121609 ], [ 5.074572787499553, 49.088997824499195 ], [ 5.186776847121968, 49.121724008555731 ], [ 5.352745351980123, 49.098348162801059 ], [ 5.453261488725202, 48.930042073367439 ], [ 5.352745351980122, 48.780436660537561 ], [ 5.357420521131056, 48.649531924311411 ], [ 5.626242747309758, 48.588754725349268 ], [ 5.567803132923084, 48.544340618415397 ], [ 5.565465548347618, 48.317594914595091 ], [ 5.766497821837776, 48.210066024123613 ], [ 5.845668112734657, 47.946449117934762 ], [ 5.692122807121946, 47.79819847803283 ], [ 5.640684480610833, 47.583796678760017 ], [ 5.530238206106338, 47.453269263436518 ], [ 5.372935936357512, 47.095155585497693 ], [ 5.268549550259294, 47.078123941366322 ], [ 5.359548509144846, 46.76046990518104 ], [ 5.149659634281962, 46.452002609797866 ], [ 4.910102227309157, 46.277266618829472 ], [ 4.822734231824958, 46.175807011170399 ], [ 4.867827390784544, 45.910884702282829 ], [ 4.921375517049054, 45.834789996538525 ], [ 5.251119241941032, 45.769968580534119 ], [ 5.346942204730153, 45.871428188193185 ], [ 5.44558348995425, 45.80378844975381 ], [ 5.470948391869017, 45.71642045426961 ], [ 5.653834671127345, 45.555436794715746 ], [ 5.699401406394039, 45.47481872462852 ], [ 5.899194014871085, 45.404716054987453 ], [ 5.941255616655728, 45.516880326413165 ], [ 6.011358286296796, 45.446777656772099 ], [ 6.176099559953307, 45.415231455433606 ], [ 6.137543091650718, 45.166366978207819 ], [ 6.347851100573924, 45.131315643387282 ], [ 6.410943503250886, 45.054202706782107 ], [ 6.554653976015076, 45.138325910351391 ], [ 6.63903291582013, 45.115520979529713 ] ] ] ] } },
{ "type": "Feature", "properties": { "id": "buganda", "colorId": "buganda", "name": "Буганда", "parent": null }, "geometry": { "type": "MultiPolygon", "coordinates": [ [ [ [ 32.296685620583538, 0.810154528599104 ], [ 32.517602773578901, 0.813898887124449 ], [ 32.900131654930092, 0.683409720504584 ], [ 33.137336753336321, 0.435649529368771 ], [ 33.271653753125577, 0.148699575273543 ], [ 32.671121473118042, -0.492882238220974 ], [ 32.004625655606624, -0.492882238220974 ], [ 31.716310049155055, -0.234521499972166 ], [ 31.772475427035232, 0.285944335050796 ], [ 31.892294899846274, 0.529327639198225 ], [ 32.09823461874025, 0.720289923990822 ], [ 32.296685620583538, 0.810154528599104 ] ] ] ] } },
{ "type": "Feature", "properties": { "id": "yemen1250", "colorId": "yemen", "name": "Йемен", "parent": null }, "geometry": { "type": "MultiPolygon", "coordinates": [ [ [ [ 42.789, 13.927 ], [ 42.701, 13.988 ], [ 42.76, 14.065 ], [ 42.789, 13.927 ] ] ], [ [ [ 42.339, 17.174 ], [ 42.302, 17.454 ], [ 42.460151672291104, 17.523433875745233 ], [ 42.616273272438811, 17.679555475892943 ], [ 43.151134309981884, 17.809656809349367 ], [ 43.772729569829245, 17.812547950092842 ], [ 44.021367673768189, 17.93975814280579 ], [ 44.524426163133029, 17.994689816931835 ], [ 44.585140118746033, 17.679555475892915 ], [ 44.741261718893739, 17.367312275597499 ], [ 44.839560504171935, 16.927858882589131 ], [ 45.186497393389054, 16.416126970993865 ], [ 45.533434282606194, 16.207964837463582 ], [ 45.996016801562369, 15.797422851889976 ], [ 46.342953690779495, 15.699124066611791 ], [ 46.499075290927209, 15.61238984430751 ], [ 47.279683291665748, 15.531437903490179 ], [ 47.765394936569734, 15.618172125794462 ], [ 48.337840803777986, 15.733817755533506 ], [ 49.060625989647008, 15.918850763115975 ], [ 49.332393219533763, 16.04027867434197 ], [ 49.604160449420512, 16.242658526385299 ], [ 49.968444183098498, 16.445038378428624 ], [ 50.361639324211247, 16.575139711885047 ], [ 50.824221843167422, 16.621397963780666 ], [ 51.234763828741023, 16.708132186084946 ], [ 51.682890643979832, 16.601159978576334 ], [ 52.096323770296912, 16.41034468950691 ], [ 52.293, 16.264 ], [ 52.156, 15.984 ], [ 52.224, 15.847 ], [ 52.228, 15.616 ], [ 52.047, 15.57 ], [ 51.68, 15.403 ], [ 51.676, 15.34 ], [ 51.549, 15.323 ], [ 51.368, 15.23 ], [ 51.07, 15.15 ], [ 50.554, 15.049 ], [ 50.18, 14.843 ], [ 49.942, 14.839 ], [ 49.578, 14.737 ], [ 49.078, 14.506 ], [ 49.004, 14.325 ], [ 48.887, 14.25 ], [ 48.853, 14.167 ], [ 48.681, 14.044 ], [ 48.565, 14.046 ], [ 48.469, 13.989 ], [ 48.338, 14.016 ], [ 48.189, 13.969 ], [ 48.14, 14.031 ], [ 48.017, 14.057 ], [ 47.867, 13.962 ], [ 47.667, 13.887 ], [ 47.398, 13.655 ], [ 47.167, 13.586 ], [ 46.912, 13.533 ], [ 46.701, 13.43 ], [ 46.313, 13.414 ], [ 46.235, 13.436 ], [ 45.941, 13.399 ], [ 45.666, 13.342 ], [ 45.494, 13.195 ], [ 45.403, 13.07 ], [ 45.194, 13.013 ], [ 45.118, 12.962 ], [ 45.057, 12.817 ], [ 44.945, 12.834 ], [ 44.867, 12.795 ], [ 44.881, 12.73 ], [ 44.694, 12.803 ], [ 44.543, 12.797 ], [ 44.416, 12.67 ], [ 44.191, 12.619 ], [ 44.191, 12.66 ], [ 43.946, 12.598 ], [ 43.909, 12.645 ], [ 43.601, 12.756 ], [ 43.462, 12.693 ], [ 43.473, 12.847 ], [ 43.42731244559382, 12.921650162280439 ], [ 43.249, 13.213 ], [ 43.254, 13.527 ], [ 43.281, 13.722 ], [ 43.233, 13.876 ], [ 43.096, 14.084 ], [ 42.987, 14.489 ], [ 43.029, 14.538 ], [ 42.942, 14.789 ], [ 42.937, 14.948 ], [ 42.864, 15.136 ], [ 42.61, 15.244 ], [ 42.678, 15.308 ], [ 42.809, 15.268 ], [ 42.774, 15.491 ], [ 42.719, 15.57 ], [ 42.699, 15.717 ], [ 42.82, 15.875 ], [ 42.843, 16.052 ], [ 42.789, 16.371 ], [ 42.788, 16.472 ], [ 42.725, 16.566 ], [ 42.737, 16.671 ], [ 42.636, 16.815 ], [ 42.542, 16.878 ], [ 42.544, 17.004 ], [ 42.46, 17.038 ], [ 42.402, 17.164 ], [ 42.339, 17.174 ] ] ], [ [ [ 42.636, 15.446 ], [ 42.582, 15.268 ], [ 42.559, 15.393 ], [ 42.636, 15.446 ] ] ], [ [ [ 41.905, 16.748 ], [ 42.011, 16.739 ], [ 42.048, 16.812 ], [ 42.186, 16.706 ], [ 42.156, 16.585 ], [ 42.086, 16.694 ], [ 41.976, 16.664 ], [ 41.778, 16.813 ], [ 41.757, 16.896 ], [ 41.905, 16.748 ] ] ], [ [ [ 41.919, 16.791 ], [ 41.835, 16.892 ], [ 41.928, 16.955 ], [ 41.919, 16.791 ] ] ] ] } },
{ "type": "Feature", "properties": { "id": "delhi1436", "colorId": "delhi", "name": "Делийский султанат", "parent": null }, "geometry": { "type": "MultiPolygon", "coordinates": [ [ [ [ 81.16399872894597, 28.84821958747348 ], [ 80.365478117078283, 27.979033434732521 ], [ 78.930967637351344, 27.173446268777486 ], [ 78.598839595247071, 27.116913836078886 ], [ 77.69432067206948, 26.692920590839393 ], [ 77.458894671869757, 26.280844185604156 ], [ 77.127613781675436, 26.196333754432136 ], [ 76.847039150184344, 26.000269554113057 ], [ 76.65119091443394, 25.947653019414979 ], [ 76.266674849736432, 26.118937448234782 ], [ 75.696891953866469, 26.26924827352563 ], [ 75.266933081522893, 26.39508989469936 ], [ 74.602768969772654, 26.346151486465132 ], [ 74.497900952127893, 26.744649953515296 ], [ 74.211261703898828, 27.209564831740472 ], [ 74.092411283901413, 27.206069231152313 ], [ 73.948543165556615, 27.381951893804295 ], [ 73.183555130980011, 27.251512038798381 ], [ 72.390053797467871, 27.248016438210215 ], [ 71.969930715595567, 27.571871998135496 ], [ 71.349479629295601, 27.808234316725951 ], [ 71.788438220963599, 28.247192908393973 ], [ 71.867225660493773, 28.472299878480143 ], [ 72.120471001840713, 28.888747773139553 ], [ 72.120471001840713, 29.592207054658822 ], [ 71.929130077267473, 30.774018647611193 ], [ 71.799693569467919, 31.241115610539989 ], [ 71.568958925129607, 31.545010020156312 ], [ 70.842988946601722, 31.826393732764018 ], [ 70.221130941738707, 31.941761054933167 ], [ 70.480402027675524, 32.519349611255414 ], [ 70.809349595927273, 32.976792323355497 ], [ 71.230813667749857, 33.346858337638743 ], [ 72.053182588379286, 33.521611733272501 ], [ 72.639120444327759, 33.511332121764632 ], [ 73.049580658676632, 33.34603147258332 ], [ 73.353959481653845, 33.224843607879436 ], [ 73.596335211061628, 33.182568771354816 ], [ 73.89507738916889, 32.979649556036676 ], [ 74.162818020491429, 32.855643368897816 ], [ 74.340372333894805, 32.821823499678125 ], [ 74.52356329216812, 32.754183761238743 ], [ 74.794122245925649, 32.751365438803781 ], [ 75.39724324701011, 32.37371023251724 ], [ 75.786171743036547, 32.463896550436417 ], [ 77.76919117851979, 30.843971363240023 ], [ 78.071110270986807, 30.659874355638181 ], [ 78.792770540785995, 30.151766614657109 ], [ 79.77953050153188, 29.378559182729379 ], [ 81.16399872894597, 28.84821958747348 ] ] ] ] } },
{ "type": "Feature", "properties": { "id": "crimea1441", "colorId": "crimea", "name": "Крымское ханство", "parent": null }, "geometry": { "type": "MultiPolygon", "coordinates": [ [ [ [ 35.481, 45.298 ], [ 35.695, 45.33 ], [ 35.858, 45.469 ], [ 35.986, 45.363 ], [ 36.137, 45.462 ], [ 36.583, 45.427 ], [ 36.638, 45.351 ], [ 36.502, 45.347 ], [ 36.418, 45.23 ], [ 36.44, 45.067 ], [ 36.225, 45.008 ], [ 36.048, 45.049 ], [ 35.848, 44.992 ], [ 35.634, 45.115 ], [ 35.47, 45.101 ], [ 35.428906843068511, 45.143886557950069 ], [ 35.387731770448404, 45.049772106246962 ], [ 35.435, 45.011 ], [ 35.154, 44.901 ], [ 35.081, 44.794 ], [ 35.006, 44.835 ], [ 34.757, 44.821 ], [ 34.469, 44.73 ], [ 34.323, 44.544 ], [ 33.958, 44.383 ], [ 33.721, 44.4 ], [ 33.578, 44.497 ], [ 33.38, 44.565 ], [ 33.572, 44.621 ], [ 33.515, 44.649 ], [ 33.516, 44.785 ], [ 33.62, 44.931 ], [ 33.563, 45.094 ], [ 33.413, 45.185 ], [ 33.26, 45.156 ], [ 32.899, 45.354 ], [ 32.663, 45.32 ], [ 32.513, 45.341 ], [ 32.525, 45.458 ], [ 32.868, 45.63 ], [ 33.374, 45.797 ], [ 33.482, 45.854 ], [ 33.777, 45.93 ], [ 33.647, 45.98 ], [ 33.629, 46.125 ], [ 33.516, 46.046 ], [ 33.293, 46.136 ], [ 33.235, 46.224 ], [ 33.123, 46.136 ], [ 32.79, 46.134 ], [ 32.503, 46.076 ], [ 32.262, 46.128 ], [ 32.269, 46.205 ], [ 32.115, 46.215 ], [ 31.817, 46.348 ], [ 32.062, 46.394 ], [ 32.305430395850671, 46.418232415361381 ], [ 32.61566205632306, 46.616221972195468 ], [ 33.032599714847947, 46.621636746981508 ], [ 33.352071427224153, 46.719102693130182 ], [ 33.720276112674696, 46.886960711497338 ], [ 34.255175898985492, 47.027110154195562 ], [ 34.661700489537111, 47.250202917303156 ], [ 35.370639714523463, 47.527829466948162 ], [ 35.796994772906871, 47.607151338275301 ], [ 36.01512991905652, 47.7360493791819 ], [ 36.144027959963132, 47.864947420088512 ], [ 36.333585068795756, 48.311958251071943 ], [ 36.380921156819873, 48.613725812225674 ], [ 36.483520076544693, 48.792257416836044 ], [ 37.049046976005386, 48.932239322643149 ], [ 37.265865509086439, 48.930110259691631 ], [ 37.621678221338669, 48.777619097297816 ], [ 38.104566902252415, 48.6166562036599 ], [ 38.629814239386668, 48.502287831864543 ], [ 39.244014754583979, 48.502287831864543 ], [ 39.87515873226949, 48.354032535092777 ], [ 40.332632219450936, 48.28625868513997 ], [ 40.807049169120582, 47.769483079249824 ], [ 40.794272666516989, 47.230372449471353 ], [ 40.595967988199128, 46.66520411626545 ], [ 40.085333441530636, 46.233891440924097 ], [ 39.736839807453983, 45.71631663591053 ], [ 39.102562249995877, 45.479119267127587 ], [ 38.138732338081219, 45.468289717555514 ], [ 37.608, 45.663 ], [ 37.829, 45.753 ], [ 37.972, 46.04 ], [ 38.091, 46.06 ], [ 38.167, 46.121 ], [ 38.249, 46.142 ], [ 38.3, 46.219 ], [ 38.123, 46.378 ], [ 37.971, 46.362 ], [ 37.827, 46.477 ], [ 37.738, 46.676 ], [ 37.852, 46.623 ], [ 38.037, 46.629 ], [ 38.272, 46.732 ], [ 38.403, 46.821 ], [ 38.804, 46.894 ], [ 39.075, 47.033 ], [ 39.262, 47.009 ], [ 39.264, 47.261 ], [ 39.088, 47.286 ], [ 38.945, 47.253 ], [ 38.938, 47.19 ], [ 38.517, 47.119 ], [ 38.217, 47.103 ], [ 38.142, 47.038 ], [ 38.072, 47.1 ], [ 37.753, 47.075 ], [ 37.581, 47.09 ], [ 37.335, 46.882 ], [ 37.261, 46.933 ], [ 37.018, 46.871 ], [ 36.803, 46.725 ], [ 36.696, 46.78 ], [ 36.371, 46.708 ], [ 36.278, 46.607 ], [ 36.189, 46.669 ], [ 35.902, 46.653 ], [ 35.38, 46.368 ], [ 35.162, 46.128 ], [ 35.0, 46.074 ], [ 35.044, 46.142 ], [ 35.2, 46.183 ], [ 35.342, 46.336 ], [ 35.285, 46.437 ], [ 35.075, 46.271 ], [ 34.905, 46.256 ], [ 34.811, 46.166 ], [ 34.874, 45.926 ], [ 35.002, 45.729 ], [ 35.332, 45.371 ], [ 35.481, 45.298 ] ] ] ] } },
{ "type": "Feature", "properties": { "id": "tlaxcala", "colorId": "tlaxcala", "name": "Тласкала", "parent": null }, "geometry": { "type": "MultiPolygon", "coordinates": [ [ [ [ -98.709914120530854, 19.253781610715755 ], [ -98.808212905809043, 19.600718499932889 ], [ -98.799539483578613, 19.704799566698025 ], [ -98.345630386852875, 19.797316070489263 ], [ -98.183726505218203, 19.696126144467598 ], [ -98.05362517176178, 19.690343862980647 ], [ -97.883047867896693, 19.612283062906791 ], [ -97.807878208566322, 19.482181729450367 ], [ -97.698014860314231, 19.447488040528654 ], [ -97.654647749162081, 19.343406973763511 ], [ -97.8454630382315, 19.036946054955045 ], [ -98.024713764327018, 19.031163773468094 ], [ -98.143250534809539, 18.91262700298558 ], [ -98.267569586779018, 18.947320691907287 ], [ -98.602941913022235, 19.008034647520287 ], [ -98.808212905809057, 19.158373966181045 ], [ -98.709914120530854, 19.253781610715755 ] ] ] ] } },
{ "type": "Feature", "properties": { "id": "cambodia1431", "colorId": "cambodia", "name": "Камбоджа", "parent": null }, "geometry": { "type": "MultiPolygon", "coordinates": [ [ [ [ 104.085, 10.248 ], [ 104.011, 10.03 ], [ 103.937, 10.266 ], [ 103.846, 10.371 ], [ 103.934, 10.366 ], [ 104.005, 10.451 ], [ 104.082, 10.371 ], [ 104.085, 10.248 ] ] ], [ [ [ 103.808, 10.538 ], [ 103.624, 10.501 ], [ 103.507, 10.635 ], [ 103.567, 10.727 ], [ 103.689, 10.741 ], [ 103.722, 10.895 ], [ 103.675, 11.064 ], [ 103.533, 11.163 ], [ 103.474, 11.134 ], [ 103.417, 10.958 ], [ 103.352, 10.872 ], [ 103.277, 10.933 ], [ 103.181, 10.864 ], [ 103.096, 10.934 ], [ 103.114, 11.161 ], [ 103.058, 11.221 ], [ 103.134, 11.316 ], [ 103.03, 11.543 ], [ 102.955, 11.557 ], [ 102.914, 11.646 ], [ 102.907, 11.741 ], [ 102.777, 11.903 ], [ 102.75, 12.04 ], [ 102.562, 12.202 ], [ 102.572, 12.091 ], [ 102.474, 12.149 ], [ 102.296, 12.19 ], [ 102.263, 12.29 ], [ 102.072, 12.489 ], [ 102.112, 12.537 ], [ 101.914, 12.555 ], [ 101.824307618844585, 13.019195899506007 ], [ 101.994341644058991, 13.444280962542038 ], [ 101.928646679771603, 13.664552313387983 ], [ 101.986612824731068, 13.884823664233926 ], [ 102.233935043224761, 14.309908727269956 ], [ 102.280307959192314, 14.731129380642024 ], [ 102.570138683989597, 14.734993790305987 ], [ 102.813596492819329, 14.669298826018601 ], [ 102.995223747025634, 14.781366706273555 ], [ 103.462817316365275, 14.518586849124008 ], [ 103.721732763850852, 14.425841017188874 ], [ 104.224106020166161, 14.344688414245631 ], [ 104.498479106307599, 14.402654559205091 ], [ 104.939021807999481, 14.267400220966353 ], [ 105.340920413051748, 14.07804414743212 ], [ 105.541869715577874, 13.915738941545635 ], [ 105.789191934071567, 14.039400050792478 ], [ 106.036163517649314, 14.062693502309489 ], [ 106.318127314908637, 14.05860707046515 ], [ 106.6286961350783, 14.164854298417932 ], [ 107.351994571526092, 13.956446274356704 ], [ 107.707514141983481, 14.123989979974555 ], [ 108.415160155350506, 13.495368996308992 ], [ 108.411189156062122, 12.728966133649928 ], [ 108.539750258023687, 12.48524605232506 ], [ 108.540246632934725, 12.330873454988936 ], [ 108.448913649301801, 12.015179011562015 ], [ 108.349638667092066, 11.803723299455303 ], [ 108.347653167447874, 11.524760599445985 ], [ 108.472, 11.053 ], [ 108.369, 11.023 ], [ 108.3, 10.913 ], [ 108.259, 10.952 ], [ 108.106, 10.918 ], [ 107.998, 10.699 ], [ 107.882, 10.717 ], [ 107.581, 10.57 ], [ 107.448, 10.473 ], [ 107.334, 10.454 ], [ 107.272, 10.378 ], [ 107.19, 10.405 ], [ 107.176, 10.477 ], [ 106.972, 10.474 ], [ 106.788, 10.393 ], [ 106.776, 10.275 ], [ 106.798, 10.157 ], [ 106.704, 10.084 ], [ 106.645, 9.973 ], [ 106.696, 9.897 ], [ 106.611, 9.817 ], [ 106.575, 9.739 ], [ 106.576, 9.649 ], [ 106.485, 9.547 ], [ 106.398, 9.542 ], [ 106.25, 9.631 ], [ 106.197, 9.541 ], [ 106.193, 9.369 ], [ 106.018, 9.315 ], [ 105.539, 9.129 ], [ 105.444, 9.041 ], [ 105.334, 8.84 ], [ 105.184, 8.741 ], [ 105.101, 8.634 ], [ 104.856, 8.566 ], [ 104.752, 8.591 ], [ 104.912, 8.685 ], [ 104.922, 8.809 ], [ 104.817, 8.771 ], [ 104.775, 8.818 ], [ 104.807, 9.046 ], [ 104.836, 9.556 ], [ 104.893, 9.851 ], [ 104.97, 9.854 ], [ 105.088, 9.997 ], [ 105.003, 10.092 ], [ 104.901, 10.097 ], [ 104.805, 10.207 ], [ 104.707, 10.222 ], [ 104.608, 10.154 ], [ 104.589, 10.261 ], [ 104.451, 10.42 ], [ 104.306, 10.479 ], [ 104.25, 10.57 ], [ 104.072, 10.556 ], [ 103.946, 10.588 ], [ 103.859, 10.68 ], [ 103.808, 10.538 ] ] ], [ [ [ 102.428, 11.961 ], [ 102.29, 11.975 ], [ 102.25, 12.153 ], [ 102.311, 12.146 ], [ 102.4, 12.043 ], [ 102.428, 11.961 ] ] ] ] } },
{ "type": "Feature", "properties": { "id": "ava", "colorId": "ava", "name": "Ава", "parent": null }, "geometry": { "type": "MultiPolygon", "coordinates": [ [ [ [ 97.027619296166264, 24.113666170186757 ], [ 97.233967352078608, 23.798516412066125 ], [ 97.173938826722292, 23.453352391267337 ], [ 96.92632115962752, 22.77427969817407 ], [ 97.00545642448715, 21.009752009024517 ], [ 97.420689502629884, 19.689383193866281 ], [ 97.421996647792454, 19.281553903152833 ], [ 97.528482304608019, 18.932454075370153 ], [ 95.457679029535427, 18.498382306868578 ], [ 94.931394055274183, 18.530702702313864 ], [ 94.707258294764273, 19.087177693924662 ], [ 94.575868366189511, 19.230160851491323 ], [ 94.405834340975105, 19.78277143343816 ], [ 94.060935778466316, 20.508314347847371 ], [ 93.921817030563616, 21.343026835263565 ], [ 93.832935608292459, 21.717874572668066 ], [ 93.744736896554187, 22.730569499972816 ], [ 93.754208531509221, 22.963074500972681 ], [ 93.8236523838263, 23.326887676738526 ], [ 94.035128875592846, 23.915056669464231 ], [ 95.215232113810671, 24.455388554433632 ], [ 96.099625371969694, 24.434700992839272 ], [ 96.67370520621327, 24.310575623273092 ], [ 97.027619296166264, 24.113666170186757 ] ] ] ] } },
{ "type": "Feature", "properties": { "id": "oman1154", "colorId": "oman", "name": "Оман", "parent": null }, "geometry": { "type": "MultiPolygon", "coordinates": [ [ [ [ 59.498, 21.756 ], [ 59.173494072308578, 22.051719441469757 ], [ 59.083033401175975, 22.221333199843393 ], [ 58.698575548862408, 22.453138669620692 ], [ 58.212349441524651, 22.560560716590661 ], [ 57.313396522144394, 22.656675179669051 ], [ 57.058573333822849, 22.769722600667077 ], [ 56.617980112812496, 22.967633736687382 ], [ 56.160022965203687, 23.244669542030984 ], [ 55.97344783099269, 23.600858434615613 ], [ 55.890607601157733, 23.781019305316864 ], [ 55.807, 24.007 ], [ 55.823896069506546, 24.743856178850784 ], [ 55.617707420992488, 25.146414968806809 ], [ 55.291031102311834, 25.267535477118823 ], [ 55.359, 25.349 ], [ 55.473, 25.413 ], [ 55.525, 25.543 ], [ 55.626, 25.536 ], [ 55.657, 25.598 ], [ 55.878, 25.74 ], [ 56.014, 25.879 ], [ 56.077, 26.061 ], [ 56.182, 26.246 ], [ 56.308, 26.222 ], [ 56.364, 26.386 ], [ 56.453, 26.318 ], [ 56.399, 26.269 ], [ 56.487, 26.235 ], [ 56.329, 26.173 ], [ 56.439, 25.926 ], [ 56.302, 25.763 ], [ 56.279, 25.627 ], [ 56.37, 25.526 ], [ 56.382, 25.327 ], [ 56.362, 25.057 ], [ 56.383, 24.978 ], [ 56.494, 24.7 ], [ 56.611, 24.496 ], [ 56.801, 24.303 ], [ 56.939, 24.116 ], [ 57.152, 23.954 ], [ 57.326, 23.884 ], [ 57.645, 23.79 ], [ 57.796, 23.782 ], [ 57.913, 23.718 ], [ 58.043, 23.725 ], [ 58.412, 23.616 ], [ 58.491, 23.657 ], [ 58.600319617291014, 23.603266698267664 ], [ 58.786, 23.512 ], [ 58.808, 23.421 ], [ 58.915, 23.336 ], [ 59.084, 23.055 ], [ 59.208, 22.97 ], [ 59.298, 22.793 ], [ 59.535, 22.583 ], [ 59.803, 22.535 ], [ 59.845, 22.445 ], [ 59.792, 22.198 ], [ 59.688, 22.083 ], [ 59.645, 21.926 ], [ 59.498, 21.756 ] ] ] ] } },
{ "type": "Feature", "properties": { "id": "den_sweden", "colorId": "denmark", "name": null, "parent": "denmark849" }, "geometry": { "type": "MultiPolygon", "coordinates": [ [ [ [ 16.643, 56.568 ], [ 16.566, 56.346 ], [ 16.413, 56.229 ], [ 16.399, 56.545 ], [ 16.621, 56.872 ], [ 16.717, 56.892 ], [ 16.888, 57.118 ], [ 16.966, 57.305 ], [ 17.125, 57.319 ], [ 16.883, 56.916 ], [ 16.782, 56.811 ], [ 16.643, 56.568 ] ] ], [ [ [ 17.104, 61.399 ], [ 17.202, 61.337 ], [ 17.152, 61.204 ], [ 17.168, 60.992 ], [ 17.312, 60.745 ], [ 17.191, 60.702 ], [ 17.414, 60.638 ], [ 17.575, 60.648 ], [ 17.638, 60.515 ], [ 17.919, 60.6 ], [ 17.967, 60.512 ], [ 18.326, 60.356 ], [ 18.448, 60.341 ], [ 18.564, 60.228 ], [ 18.331, 60.286 ], [ 18.42, 60.194 ], [ 18.82, 60.114 ], [ 18.949, 59.9 ], [ 18.79, 59.779 ], [ 19.042, 59.785 ], [ 18.66, 59.636 ], [ 18.687, 59.606 ], [ 18.413, 59.491 ], [ 18.427, 59.436 ], [ 18.612, 59.375 ], [ 18.62, 59.308 ], [ 18.276, 59.313 ], [ 18.414, 59.14 ], [ 18.043, 59.06 ], [ 17.9, 58.916 ], [ 17.749, 58.924 ], [ 17.591, 58.867 ], [ 17.46, 58.791 ], [ 17.162, 58.732 ], [ 16.924, 58.625 ], [ 16.789, 58.607 ], [ 16.94, 58.491 ], [ 16.715, 58.395 ], [ 16.799, 58.324 ], [ 16.777, 58.131 ], [ 16.66, 57.99 ], [ 16.577, 57.71 ], [ 16.689, 57.472 ], [ 16.548, 57.383 ], [ 16.465, 57.177 ], [ 16.583, 57.045 ], [ 16.44, 57.014 ], [ 16.468, 56.949 ], [ 16.357, 56.758 ], [ 16.379, 56.676 ], [ 16.255, 56.65 ], [ 16.095, 56.419 ], [ 14.595965896471574, 56.42270108345393 ], [ 14.243903741792217, 56.508497742997633 ], [ 14.01905732367767, 56.478912687982564 ], [ 13.625576091977212, 56.360572467922275 ], [ 13.427356223376229, 56.366489478925288 ], [ 12.939, 56.527 ], [ 12.872, 56.649 ], [ 12.732, 56.647 ], [ 12.598, 56.821 ], [ 12.375, 56.912 ], [ 12.271, 57.043 ], [ 12.059, 57.459 ], [ 11.934, 57.361 ], [ 11.917, 57.621 ], [ 11.706, 57.722 ], [ 11.802, 57.774 ], [ 11.687, 57.838 ], [ 11.581, 58.251 ], [ 11.504, 58.28 ], [ 11.522, 58.336 ], [ 11.415, 58.432 ], [ 11.564687963580145, 58.798581391733101 ], [ 11.807954257279459, 59.095555828197199 ], [ 11.757405417030251, 59.449397709941657 ], [ 11.890096122684422, 59.689504701125394 ], [ 12.108087996259133, 59.828514011810725 ], [ 12.447, 60.051 ], [ 12.569346163533156, 60.18551519607076 ], [ 12.632532213844666, 60.523560565237339 ], [ 12.352933941216236, 60.929530938488803 ], [ 12.480885693097044, 61.011672803893767 ], [ 12.683, 61.04 ], [ 12.82, 61.205 ], [ 12.877, 61.371 ], [ 13.520296220721363, 61.641953655751067 ], [ 14.319599757161969, 61.583506559212886 ], [ 14.379626504957905, 61.548754231541558 ], [ 14.499680000549775, 61.597723420532965 ], [ 14.499680000549775, 61.692502496000245 ], [ 14.619733496141643, 61.88364029819256 ], [ 14.660804428844127, 61.88679960070813 ], [ 14.769800365631482, 61.765166453858477 ], [ 15.019385264361947, 61.856786226810158 ], [ 15.076252709642306, 62.014751352588931 ], [ 15.354271331012951, 62.109530428056196 ], [ 15.3479527259818, 62.19167229346116 ], [ 15.284766675670291, 62.254858343772668 ], [ 15.205784112780902, 62.273814158866124 ], [ 15.13627945743824, 62.24853973874152 ], [ 14.941982352730346, 62.291190322701802 ], [ 14.752424201795815, 62.43335893590271 ], [ 14.806132344560599, 62.585005456650336 ], [ 15.014646310588581, 62.588164759165892 ], [ 15.111005037313634, 62.556571734010134 ], [ 15.229478881647717, 62.597642666712616 ], [ 15.450630057738003, 62.599222317970401 ], [ 16.000348695448142, 62.705058952242204 ], [ 16.073012653306378, 62.673465927086447 ], [ 16.373146392286056, 62.712957208531151 ], [ 16.491620236620136, 62.826692099091872 ], [ 16.670120828750154, 62.921471174559137 ], [ 16.986051080307703, 62.924630477074714 ], [ 16.467925467753318, 63.20264909844537 ], [ 16.050897535697349, 63.354295619192996 ], [ 15.908728922496451, 63.547013072643097 ], [ 15.763401006779979, 63.632314240563637 ], [ 16.512155702971373, 63.723934013515311 ], [ 16.515315005486951, 63.853465416653911 ], [ 16.689076643843602, 63.992474727339228 ], [ 16.180428938835949, 64.245218928585288 ], [ 16.00982660299487, 64.245218928585288 ], [ 15.940321947652208, 64.321042188959098 ], [ 15.580161460876599, 64.42213986945751 ], [ 15.485382385409334, 64.535874760018231 ], [ 15.340054469692861, 64.573786390205143 ], [ 15.289505629443653, 64.68752128076585 ], [ 15.024124218135309, 64.763344541139674 ], [ 14.739786991733514, 64.921309666918447 ], [ 14.311, 65.084 ], [ 14.4, 65.255 ], [ 14.514, 65.318 ], [ 14.561, 65.701 ], [ 14.644, 65.843 ], [ 14.541, 66.125 ], [ 15.053, 66.153 ], [ 15.482, 66.275 ], [ 15.426, 66.491 ], [ 15.669, 66.599 ], [ 16.039, 66.888 ], [ 16.416, 67.053 ], [ 16.438, 67.2 ], [ 16.127, 67.423 ], [ 16.2, 67.508 ], [ 16.483, 67.558 ], [ 16.609, 67.647 ], [ 16.808, 67.911 ], [ 17.321, 68.105 ], [ 17.895, 67.97 ], [ 18.167, 68.158 ], [ 18.172, 68.536 ], [ 18.436, 68.574 ], [ 18.645, 68.501 ], [ 19.038, 68.506 ], [ 19.931, 68.35 ], [ 20.246, 68.477 ], [ 19.962, 68.541 ], [ 20.237, 68.659 ], [ 20.357, 68.805 ], [ 20.341, 68.91 ], [ 20.102, 69.022 ], [ 20.623, 69.036 ], [ 20.935, 68.967 ], [ 21.464, 68.687 ], [ 21.919, 68.568 ], [ 22.072, 68.477 ], [ 22.303, 68.476 ], [ 22.808, 68.395 ], [ 23.052, 68.298 ], [ 23.152, 68.13 ], [ 23.661, 67.933 ], [ 23.499, 67.882 ], [ 23.554, 67.587 ], [ 23.431, 67.486 ], [ 23.765, 67.42 ], [ 23.735, 67.29 ], [ 23.581, 67.153 ], [ 24.001, 66.812 ], [ 23.892, 66.751 ], [ 23.882, 66.564 ], [ 23.642, 66.436 ], [ 23.724, 66.207 ], [ 24.02, 66.049 ], [ 24.163, 65.823 ], [ 23.926, 65.76 ], [ 23.69, 65.83 ], [ 23.374, 65.823 ], [ 23.13, 65.715 ], [ 22.685, 65.862 ], [ 22.678, 65.765 ], [ 22.477, 65.857 ], [ 22.319, 65.802 ], [ 22.388, 65.673 ], [ 22.258, 65.693 ], [ 22.405, 65.542 ], [ 22.177, 65.54 ], [ 21.577, 65.238 ], [ 21.619, 65.148 ], [ 21.378, 64.96 ], [ 21.256, 64.957 ], [ 21.181, 64.836 ], [ 21.042, 64.82 ], [ 21.492, 64.454 ], [ 21.373, 64.33 ], [ 21.244, 64.307 ], [ 20.948, 64.13 ], [ 20.786, 63.879 ], [ 20.543, 63.775 ], [ 20.503, 63.822 ], [ 20.308, 63.654 ], [ 20.074, 63.666 ], [ 19.753, 63.524 ], [ 19.687, 63.431 ], [ 19.133, 63.308 ], [ 19.037, 63.178 ], [ 18.913, 63.212 ], [ 18.643, 63.147 ], [ 18.393, 62.945 ], [ 18.471, 62.868 ], [ 18.077, 62.774 ], [ 17.926, 62.822 ], [ 18.043, 62.626 ], [ 17.823, 62.486 ], [ 17.55, 62.448 ], [ 17.438, 62.537 ], [ 17.337, 62.404 ], [ 17.509, 62.218 ], [ 17.469, 62.062 ], [ 17.355, 61.955 ], [ 17.399, 61.722 ], [ 17.056, 61.582 ], [ 17.177, 61.487 ], [ 17.104, 61.399 ] ] ] ] } },
{ "type": "Feature", "properties": { "id": "kilwa", "colorId": "kilwa", "name": "Килва", "parent": null }, "geometry": { "type": "MultiPolygon", "coordinates": [ [ [ [ 39.389, -8.899 ], [ 39.492, -8.938 ], [ 39.499, -9.124 ], [ 39.557, -9.094 ], [ 39.644, -9.189 ], [ 39.616, -9.425 ], [ 39.681, -9.505 ], [ 39.752, -9.749 ], [ 39.807, -9.852 ], [ 39.389096918585111, -9.931087018148007 ], [ 39.196652652403039, -9.817293886840346 ], [ 38.945638392165549, -9.767091034792848 ], [ 38.743153555573976, -9.598074766232937 ], [ 38.622666710659978, -9.330326221979615 ], [ 38.51556729295865, -8.922009691993299 ], [ 38.482098724926985, -8.577283441267147 ], [ 38.549035860990315, -7.834281230964177 ], [ 38.669522705904313, -7.730528670066016 ], [ 38.846906116472134, -7.589960684333022 ], [ 39.101267233512793, -7.472820696222193 ], [ 39.313594677988846, -7.475330794139208 ], [ 39.275, -7.596 ], [ 39.305, -7.792 ], [ 39.396, -7.78 ], [ 39.454, -8.01 ], [ 39.28, -8.309 ], [ 39.303, -8.505 ], [ 39.362, -8.611 ], [ 39.354, -8.714 ], [ 39.439, -8.755 ], [ 39.521, -8.923 ], [ 39.449, -8.859 ], [ 39.389, -8.899 ] ] ], [ [ [ 39.719, -8.093 ], [ 39.742, -7.995 ], [ 39.801, -8.007 ], [ 39.719, -8.093 ] ] ], [ [ [ 39.823, -7.914 ], [ 39.65, -7.994 ], [ 39.587, -7.945 ], [ 39.715, -7.812 ], [ 39.845, -7.738 ], [ 39.896, -7.638 ], [ 39.893, -7.754 ], [ 39.823, -7.914 ] ] ] ] } },
{ "type": "Feature", "properties": { "id": "bornu", "colorId": "bornu", "name": "Борну", "parent": null }, "geometry": { "type": "MultiPolygon", "coordinates": [ [ [ [ 11.324704345609373, 11.863257459670145 ], [ 10.800496372704178, 13.013133013139612 ], [ 11.369797504568965, 14.072822248689896 ], [ 11.809455804424935, 14.52939048315571 ], [ 12.547856282388167, 15.036688521451062 ], [ 13.990837369094942, 16.355663421018974 ], [ 14.481225472780453, 16.710772047825721 ], [ 14.791240940627603, 16.558582636337121 ], [ 14.86451732393693, 16.248567168489959 ], [ 15.264719109703263, 15.927278410902906 ], [ 15.828383596698092, 15.662356102015334 ], [ 16.4822344016121, 15.504530045656781 ], [ 17.090992047566523, 15.155058063719983 ], [ 17.818119235789858, 14.980322072751584 ], [ 18.252140890775884, 14.563210352375405 ], [ 18.748165639331337, 14.20810172556866 ], [ 18.849625246990406, 13.593707434744292 ], [ 18.528336489403351, 11.942170487849424 ], [ 18.133771348506965, 11.54760534695304 ], [ 17.592653440991924, 11.389779290594486 ], [ 17.051535533476883, 11.299592972675313 ], [ 15.755107213388765, 11.299592972675313 ], [ 14.954703641856103, 11.164313495796552 ], [ 14.447405603560753, 10.972667570218309 ], [ 14.007747303704782, 10.927574411258723 ], [ 13.274983470611499, 10.938847700998618 ], [ 12.598586086217697, 11.029034018917793 ], [ 11.910915412084, 11.355959421374795 ], [ 11.324704345609373, 11.863257459670145 ] ] ] ] } },
{ "type": "Feature", "properties": { "id": "kashmir1339", "colorId": "kashmir", "name": "Кашмир", "parent": null }, "geometry": { "type": "MultiPolygon", "coordinates": [ [ [ [ 75.772847524333926, 33.857172155002765 ], [ 75.973536823818407, 33.678183030500847 ], [ 76.355472874901324, 33.075472518825798 ], [ 76.214556753152621, 32.990922845776574 ], [ 76.03982076218422, 32.585084415140294 ], [ 75.786171743036547, 32.463896550436417 ], [ 75.39724324701011, 32.37371023251724 ], [ 74.794122245925649, 32.751365438803781 ], [ 74.52356329216812, 32.754183761238743 ], [ 74.340372333894805, 32.821823499678125 ], [ 74.162818020491429, 32.855643368897816 ], [ 73.89507738916889, 32.979649556036676 ], [ 73.596335211061628, 33.182568771354816 ], [ 73.353959481653845, 33.224843607879436 ], [ 73.049580658676632, 33.34603147258332 ], [ 72.987577565107202, 33.489765916767006 ], [ 73.089037172766268, 33.74059661347971 ], [ 73.01857911189191, 33.966062408277644 ], [ 72.993214209977154, 34.529726895272482 ], [ 73.026857551267724, 34.579211429233432 ], [ 73.232816352103129, 34.663276245900946 ], [ 73.539652932939589, 34.612837355900439 ], [ 74.035635351277932, 34.688495690901206 ], [ 74.607276104617057, 34.566601706733309 ], [ 75.006583983787763, 34.478333649232411 ], [ 75.452190325111815, 34.239892037945275 ], [ 75.593555326919414, 33.998537156810357 ], [ 75.772847524333926, 33.857172155002765 ] ] ] ] } },
{ "type": "Feature", "properties": { "id": "arag_sardinia1323", "colorId": "aragon", "name": null, "parent": "aragon1134" }, "geometry": { "type": "MultiPolygon", "coordinates": [ [ [ [ 8.456, 39.074 ], [ 8.41, 38.962 ], [ 8.36, 39.118 ], [ 8.456, 39.074 ] ] ], [ [ [ 8.29, 39.099 ], [ 8.225, 39.157 ], [ 8.306, 39.193 ], [ 8.29, 39.099 ] ] ], [ [ [ 9.018, 39.146 ], [ 9.015, 38.99 ], [ 8.853, 38.878 ], [ 8.717, 38.933 ], [ 8.6, 38.899 ], [ 8.56, 39.057 ], [ 8.442, 39.118 ], [ 8.372, 39.231 ], [ 8.426, 39.283 ], [ 8.374, 39.379 ], [ 8.463, 39.577 ], [ 8.446, 39.763 ], [ 8.5, 39.716 ], [ 8.545, 39.879 ], [ 8.398, 39.905 ], [ 8.407, 40.022 ], [ 8.49, 40.104 ], [ 8.463, 40.315 ], [ 8.312, 40.578 ], [ 8.162, 40.564 ], [ 8.197, 40.691 ], [ 8.134, 40.729 ], [ 8.233, 40.91 ], [ 8.31, 40.851 ], [ 8.521, 40.827 ], [ 8.764, 40.914 ], [ 9.006, 41.122 ], [ 9.093, 41.135 ], [ 9.231, 41.263 ], [ 9.443, 41.133 ], [ 9.566, 41.119 ], [ 9.521, 41.032 ], [ 9.616, 41.02 ], [ 9.557, 40.931 ], [ 9.724, 40.845 ], [ 9.658, 40.8 ], [ 9.792, 40.557 ], [ 9.827, 40.52 ], [ 9.749, 40.377 ], [ 9.626, 40.263 ], [ 9.655, 40.145 ], [ 9.732, 40.084 ], [ 9.649, 39.639 ], [ 9.645, 39.484 ], [ 9.558, 39.14 ], [ 9.443, 39.124 ], [ 9.292, 39.221 ], [ 9.079, 39.212 ], [ 9.018, 39.146 ] ] ] ] } },
{ "type": "Feature", "properties": { "id": "kutai", "colorId": "kutai", "name": "Кутай", "parent": null }, "geometry": { "type": "MultiPolygon", "coordinates": [ [ [ [ 117.914, 0.84 ], [ 117.811, 0.812 ], [ 117.62, 0.502 ], [ 117.47, 0.109 ], [ 117.53, -0.032 ], [ 117.434, -0.264 ], [ 117.489, -0.387 ], [ 117.441, -0.525 ], [ 117.596, -0.423 ], [ 117.599, -0.521 ], [ 117.539, -0.695 ], [ 117.615, -0.786 ], [ 117.379, -0.839 ], [ 117.339, -0.901 ], [ 117.282, -0.809 ], [ 117.25, -0.909 ], [ 117.164, -0.982 ], [ 117.024, -1.203 ], [ 116.82, -1.261 ], [ 116.787, -1.159 ], [ 116.715, -1.125 ], [ 116.791, -1.244 ], [ 116.762, -1.365 ], [ 116.61, -1.421 ], [ 116.539, -1.481 ], [ 116.458491652223557, -1.372206940533247 ], [ 116.327652648282992, -1.078616980471449 ], [ 116.276593524793995, -0.504201841220103 ], [ 116.327652648283006, -0.118067219834476 ], [ 116.499977190058402, 0.23615544937052 ], [ 116.876538225789844, 0.644628437282588 ], [ 117.291393604138037, 0.842482540802496 ], [ 117.840279181644888, 0.963747959088892 ], [ 118.03, 0.859 ], [ 117.994, 0.788 ], [ 117.914, 0.84 ] ] ] ] } },
{ "type": "Feature", "properties": { "id": "hre_flanders1453", "colorId": "germany", "name": null, "parent": "holy_roman1453" }, "geometry": { "type": "MultiPolygon", "coordinates": [ [ [ [ 3.165296368598411, 50.115776576828182 ], [ 3.485873719712107, 50.318710863313001 ], [ 3.568223864952322, 50.421648544863267 ], [ 3.494696949559272, 50.486352230409153 ], [ 3.444698647091999, 50.665757903968192 ], [ 3.577047094799488, 50.815752811370018 ], [ 3.582929248030932, 50.921631569536004 ], [ 3.682925852965479, 51.027510327701989 ], [ 3.90644767576035, 51.02456925108627 ], [ 4.159380264712439, 51.127506932636543 ], [ 4.312316248729982, 51.271619686806915 ], [ 4.261, 51.369 ], [ 3.943, 51.45 ], [ 3.827, 51.391 ], [ 3.69, 51.454 ], [ 3.535, 51.459 ], [ 3.458, 51.555 ], [ 3.56, 51.595 ], [ 3.829, 51.613 ], [ 4.129, 51.441 ], [ 4.283, 51.448 ], [ 4.24, 51.519 ], [ 3.988, 51.59 ], [ 4.177, 51.686 ], [ 4.072, 51.717 ], [ 3.963, 51.847 ], [ 4.078, 51.844 ], [ 4.01, 51.98 ], [ 4.142, 52.006 ], [ 4.508, 52.336 ], [ 4.577920906471894, 52.470342549506455 ], [ 4.930181147194965, 52.38882869003146 ], [ 4.932994984321041, 52.11025881454983 ], [ 4.986457889716505, 52.037099049271831 ], [ 5.194681837046208, 51.961125446867747 ], [ 5.605502057453457, 51.871082658833281 ], [ 5.763076936513771, 51.775412196546661 ], [ 5.816539841909234, 51.668486385755742 ], [ 5.813726004783157, 51.389916510274112 ], [ 5.88688577006116, 51.232341631213799 ], [ 5.992404662289048, 51.121195064733726 ], [ 6.270738163968735, 50.229532293034033 ], [ 6.035894220671155, 50.348706831423875 ], [ 5.769504076035094, 50.250563093926381 ], [ 5.587152729463653, 50.325039603639645 ], [ 5.360577868981177, 50.318657213203522 ], [ 5.357386673763115, 50.213347771007442 ], [ 5.250481633958003, 50.095273547939108 ], [ 4.955296076287173, 50.095273547939108 ], [ 4.872, 50.14 ], [ 4.682, 50.084 ], [ 4.657, 49.989 ], [ 4.340571230802936, 50.024031654685963 ], [ 3.920974353622951, 50.089403094986793 ], [ 3.776436263535372, 50.053860941686565 ], [ 3.321496701292498, 50.051491464799881 ], [ 3.165296368598411, 50.115776576828182 ] ] ], [ [ [ 3.94, 51.741 ], [ 4.037, 51.686 ], [ 3.978, 51.623 ], [ 3.689, 51.725 ], [ 3.94, 51.741 ] ] ] ] } },
{ "type": "Feature", "properties": { "id": "ott_bosnia1463", "colorId": "turkey", "name": null, "parent": "ottoman1461" }, "geometry": { "type": "MultiPolygon", "coordinates": [ [ [ [ 17.324, 42.791 ], [ 17.659, 42.743 ], [ 17.749, 42.695 ], [ 17.324, 42.791 ] ] ], [ [ [ 16.924998420083064, 44.262148633965637 ], [ 16.773384726074017, 44.652012418560332 ], [ 16.684040942104399, 45.017509716617859 ], [ 16.824825086541374, 45.125805212338598 ], [ 16.995390492301553, 45.15287908626879 ], [ 17.734507250595662, 45.087901788836341 ], [ 17.867169232853577, 45.123097824945582 ], [ 18.552138243287313, 45.123097824945582 ], [ 18.698337162510324, 45.087901788836341 ], [ 18.868902568270503, 44.876725572180881 ], [ 19.16942256889558, 44.884847734359937 ], [ 19.315621488118591, 45.014802329224835 ], [ 19.551164191311237, 44.99043584268771 ], [ 19.369, 44.887 ], [ 19.328, 44.734 ], [ 19.13, 44.518 ], [ 19.107, 44.383 ], [ 19.177, 44.287 ], [ 19.324, 44.264 ], [ 19.362, 44.191 ], [ 19.619, 44.036 ], [ 19.50687946769612, 43.967634920331697 ], [ 19.361818741372037, 43.956968690454929 ], [ 19.218891261023309, 44.035898791543033 ], [ 19.229557490900081, 43.961235182405638 ], [ 19.385284447100933, 43.867372359490055 ], [ 19.462, 43.762 ], [ 19.534455725708384, 43.749951380884859 ], [ 19.538853416230875, 43.600429903120144 ], [ 19.482, 43.561 ], [ 19.35968549539669, 43.564451430989763 ], [ 19.233823982850797, 43.504720543679852 ], [ 19.103695978354185, 43.543118971236218 ], [ 18.945835776177979, 43.538852479285509 ], [ 18.928769808375147, 43.462055624172763 ], [ 19.026899123241435, 43.41939070466568 ], [ 19.067430796773166, 43.235931550785224 ], [ 19.001300171537189, 43.231665058834515 ], [ 18.854106199237751, 43.355393325405053 ], [ 18.659980815480523, 43.21459909103168 ], [ 18.600249928170609, 43.129269252017515 ], [ 18.681313275234064, 43.058872134830828 ], [ 18.632248617800919, 43.024740199225164 ], [ 18.506387105255026, 43.029006691175866 ], [ 18.465268708013255, 42.895958590451997 ], [ 18.467, 42.769 ], [ 18.432675063323625, 42.597980419233167 ], [ 18.496, 42.416 ], [ 18.239, 42.559 ], [ 18.218, 42.62 ], [ 18.076, 42.651 ], [ 17.807, 42.812 ], [ 17.749, 42.791 ], [ 17.44, 42.873 ], [ 17.202, 42.984 ], [ 17.028, 43.004 ], [ 17.24, 43.023 ], [ 17.465, 42.921 ], [ 17.653, 42.891 ], [ 17.617832878534951, 42.924061023253429 ], [ 17.506062582390332, 43.00278868686172 ], [ 17.535944615292749, 43.059104825793199 ], [ 17.137709061420136, 43.391829769072039 ], [ 16.788319138253399, 43.532045461921847 ], [ 16.900631933545895, 43.650279083143424 ], [ 16.987268330122497, 43.87499223676398 ], [ 17.036001303196834, 43.939969534196415 ], [ 16.989975717515517, 43.999532056842824 ], [ 16.984560942729477, 44.172804849996027 ], [ 16.924998420083064, 44.262148633965637 ] ] ] ] } },
{ "type": "Feature", "properties": { "id": "ceylon1070", "colorId": "ceylon", "name": "Шри-Ланка", "parent": null }, "geometry": { "type": "MultiPolygon", "coordinates": [ [ [ [ 80.032, 6.266 ], [ 79.97, 6.535 ], [ 79.863, 6.807 ], [ 79.862, 7.012 ], [ 79.814, 7.181 ], [ 79.834, 7.233 ], [ 79.785, 7.59 ], [ 79.802, 7.659 ], [ 79.697, 8.098 ], [ 79.697, 8.219 ], [ 79.744, 8.281 ], [ 79.732, 8.013 ], [ 79.834, 8.003 ], [ 79.793, 8.073 ], [ 79.874, 8.538 ], [ 79.917, 8.576 ], [ 79.951, 8.74 ], [ 79.916, 8.939 ], [ 80.048, 9.026 ], [ 80.116, 9.234 ], [ 80.053, 9.392 ], [ 80.197, 9.473 ], [ 80.085, 9.595 ], [ 80.272, 9.504 ], [ 80.287, 9.453 ], [ 80.427, 9.5 ], [ 80.615, 9.446 ], [ 80.465, 9.529 ], [ 80.369, 9.53 ], [ 80.174, 9.649 ], [ 80.186, 9.584 ], [ 79.947, 9.693 ], [ 79.91, 9.768 ], [ 79.988, 9.823 ], [ 80.122, 9.819 ], [ 80.339, 9.629 ], [ 80.444, 9.576 ], [ 80.248, 9.755 ], [ 80.137, 9.814 ], [ 80.227, 9.83 ], [ 80.41, 9.617 ], [ 80.744, 9.36 ], [ 80.824, 9.27 ], [ 80.958, 9.018 ], [ 80.875, 9.041 ], [ 80.931, 8.932 ], [ 80.979, 8.98 ], [ 81.232, 8.651 ], [ 81.213, 8.472 ], [ 81.366, 8.482 ], [ 81.448, 8.128 ], [ 81.576, 7.889 ], [ 81.697, 7.753 ], [ 81.636, 7.733 ], [ 81.755, 7.615 ], [ 81.758, 7.505 ], [ 81.826, 7.474 ], [ 81.881, 7.327 ], [ 81.876, 7.092 ], [ 81.89, 7.02 ], [ 81.776, 6.61 ], [ 81.681, 6.462 ], [ 81.362, 6.225 ], [ 81.113, 6.12 ], [ 80.809, 6.035 ], [ 80.714, 5.958 ], [ 80.591, 5.924 ], [ 80.379, 5.965 ], [ 80.185, 6.041 ], [ 80.032, 6.266 ] ] ], [ [ [ 79.714, 9.076 ], [ 79.842, 9.077 ], [ 79.886, 8.976 ], [ 79.714, 9.076 ] ] ], [ [ [ 79.841, 9.699 ], [ 79.973, 9.634 ], [ 79.896, 9.617 ], [ 79.841, 9.699 ] ] ] ] } },
{ "type": "Feature", "properties": { "id": "malagasy", "colorId": null, "name": "малагасийцы", "parent": null }, "geometry": { "type": "MultiPolygon", "coordinates": [ [ [ [ 44.453, -16.187 ], [ 44.755, -16.197 ], [ 44.854, -16.225 ], [ 45.04, -16.118 ], [ 45.139, -15.991 ], [ 45.266, -15.924 ], [ 45.379, -15.974 ], [ 45.612, -15.981 ], [ 45.621, -15.851 ], [ 45.694, -15.783 ], [ 45.802, -15.817 ], [ 45.956, -15.783 ], [ 46.051, -15.749 ], [ 46.219, -15.707 ], [ 46.333, -15.63 ], [ 46.482, -15.491 ], [ 46.701, -15.364 ], [ 46.879, -15.225 ], [ 46.971, -15.198 ], [ 47.092, -15.135 ], [ 47.206, -15.047 ], [ 47.292, -14.923 ], [ 47.32, -14.8 ], [ 47.459, -14.662 ], [ 47.709, -14.37 ], [ 47.814, -14.216 ], [ 47.907, -14.1 ], [ 47.941, -14.004 ], [ 47.917, -13.898 ], [ 47.876, -13.784 ], [ 47.904, -13.603 ], [ 47.966, -13.521 ], [ 48.015, -13.58 ], [ 48.084, -13.529 ], [ 48.142, -13.595 ], [ 48.332, -13.661 ], [ 48.428, -13.524 ], [ 48.596, -13.443 ], [ 48.747, -13.412 ], [ 48.839, -13.26 ], [ 48.844, -13.081 ], [ 48.942, -12.928 ], [ 48.955, -12.812 ], [ 48.866, -12.637 ], [ 48.887, -12.565 ], [ 48.73, -12.435 ], [ 48.853, -12.414 ], [ 48.955, -12.469 ], [ 48.985, -12.333 ], [ 49.12, -12.243 ], [ 49.13, -12.097 ], [ 49.26, -11.944 ], [ 49.323, -12.0 ], [ 49.367, -12.199 ], [ 49.455, -12.351 ], [ 49.512, -12.349 ], [ 49.593, -12.503 ], [ 49.563, -12.617 ], [ 49.712, -12.749 ], [ 49.805, -12.805 ], [ 49.942, -13.034 ], [ 49.935, -13.168 ], [ 49.973, -13.331 ], [ 50.033, -13.361 ], [ 50.041, -13.497 ], [ 50.143, -13.783 ], [ 50.174, -14.057 ], [ 50.162, -14.202 ], [ 50.213, -14.287 ], [ 50.191, -14.457 ], [ 50.232, -14.738 ], [ 50.355, -15.033 ], [ 50.477, -15.195 ], [ 50.504, -15.316 ], [ 50.483, -15.443 ], [ 50.337, -15.811 ], [ 50.23, -15.971 ], [ 49.85, -16.241 ], [ 49.849, -16.552 ], [ 49.723, -16.708 ], [ 49.625, -16.886 ], [ 49.529, -17.042 ], [ 49.431, -17.284 ], [ 49.504, -17.663 ], [ 49.498, -17.797 ], [ 47.126, -24.934 ], [ 46.955, -25.071 ], [ 46.926, -25.047 ], [ 46.77, -25.153 ], [ 46.654, -25.184 ], [ 46.387, -25.165 ], [ 46.238, -25.198 ], [ 45.774, -25.408 ], [ 45.674, -25.494 ], [ 45.492, -25.574 ], [ 45.136, -25.584 ], [ 45.118, -25.53 ], [ 44.981, -25.472 ], [ 44.835, -25.344 ], [ 44.728, -25.304 ], [ 44.369, -25.257 ], [ 44.187, -25.067 ], [ 44.029, -24.999 ], [ 44.001, -24.865 ], [ 43.928, -24.775 ], [ 43.928, -24.652 ], [ 43.84, -24.506 ], [ 43.707, -24.406 ], [ 43.656, -24.185 ], [ 43.664, -23.867 ], [ 43.629, -23.339 ], [ 43.583, -23.076 ], [ 43.488, -23.002 ], [ 43.357, -22.83 ], [ 43.285, -22.587 ], [ 43.278, -22.426 ], [ 43.225, -22.234 ], [ 43.295, -22.234 ], [ 43.247, -22.035 ], [ 43.347, -21.75 ], [ 43.473, -21.672 ], [ 43.473, -21.405 ], [ 43.507, -21.31 ], [ 43.735, -21.282 ], [ 43.813, -21.224 ], [ 43.902, -20.883 ], [ 43.965, -20.767 ], [ 44.036, -20.726 ], [ 44.126, -20.498 ], [ 44.255, -20.376 ], [ 44.356, -20.138 ], [ 44.439, -20.055 ], [ 44.479, -19.913 ], [ 44.371, -19.774 ], [ 44.405, -19.61 ], [ 44.484, -19.523 ], [ 44.46, -19.418 ], [ 44.228, -19.055 ], [ 44.257, -18.804 ], [ 44.186, -18.611 ], [ 44.05, -18.427 ], [ 44.042, -18.198 ], [ 44.001, -17.938 ], [ 44.036, -17.769 ], [ 43.929, -17.602 ], [ 43.943, -17.456 ], [ 44.18, -17.095 ], [ 44.238, -16.971 ], [ 44.431, -16.7 ], [ 44.417, -16.549 ], [ 44.463, -16.485 ], [ 44.401, -16.373 ], [ 44.453, -16.187 ] ] ] ] } },
{ "type": "Feature", "properties": { "id": "arag_navarre", "colorId": "aragon", "name": null, "parent": "aragon1134" }, "geometry": { "type": "MultiPolygon", "coordinates": [ [ [ [ -1.404, 43.243 ], [ -1.313265949334357, 43.351428407046008 ], [ -1.161076537845752, 43.362701696785905 ], [ -1.110346734016217, 43.173874093642638 ], [ -1.183623117325545, 43.024503004589008 ], [ -0.981, 42.957 ], [ -0.76, 42.947 ], [ -0.853054431733019, 42.864728586295186 ], [ -0.863095002142519, 42.784404023019185 ], [ -1.030437842300845, 42.700732602940022 ], [ -1.16096525762434, 42.643836037286192 ], [ -1.207821252868671, 42.57020518761653 ], [ -1.291492672947834, 42.543430333191196 ], [ -1.345042381798499, 42.369393779426538 ], [ -1.432060658680828, 42.272334932134711 ], [ -1.432060658680828, 42.131766946401719 ], [ -1.335001811388999, 42.066503238739969 ], [ -1.432060658680828, 41.902507255384805 ], [ -1.498997794744158, 41.93597582341647 ], [ -1.577648929618572, 41.904180683786393 ], [ -1.662993778099318, 41.964424106243385 ], [ -1.900620611124141, 42.011280101487721 ], [ -1.902294039525725, 42.086584379558964 ], [ -1.724910628957899, 42.155194944023883 ], [ -1.811928905840229, 42.228825793693545 ], [ -1.907314324730474, 42.263967790126799 ], [ -1.950823463171639, 42.325884640985379 ], [ -2.0846977352983, 42.362700065820206 ], [ -2.210204865417045, 42.429637201883537 ], [ -2.469586267662451, 42.484860339135786 ], [ -2.461219125654535, 42.610367469254534 ], [ -2.355793136354789, 42.677304605317865 ], [ -2.252040575456627, 42.931665722358517 ], [ -2.111472589723633, 42.971828003996514 ], [ -1.907314324730475, 43.13917084415484 ], [ -1.947476606368473, 43.182679982596007 ], [ -1.747, 43.291 ], [ -1.404, 43.243 ] ] ] ] } },
{ "type": "Feature", "properties": { "id": "mansi", "colorId": null, "name": "манси", "parent": null }, "geometry": { "type": "MultiPolygon", "coordinates": [ [ [ [ 65.368211746911882, 65.094233489858311 ], [ 65.81914333650775, 65.032230396288881 ], [ 65.621860766059555, 64.79549131175105 ], [ 65.886783074947132, 64.665848479742237 ], [ 65.75714024293832, 64.603845386172807 ], [ 66.196798542794269, 64.164187086316844 ], [ 66.072792355655409, 64.152913796576954 ], [ 65.931876233906692, 64.085274058137571 ], [ 66.027699196695821, 63.84853497359974 ], [ 65.86423649546731, 63.792168524900262 ], [ 65.819143336507736, 63.611795889061909 ], [ 65.204749045683357, 63.048131402067064 ], [ 64.938448690821019, 62.614309959790049 ], [ 64.205684857727732, 61.937912575396247 ], [ 63.055809304258275, 62.061918762535107 ], [ 61.973573489228187, 61.768813229297798 ], [ 61.252082945874797, 61.182602162823166 ], [ 61.060437020296554, 60.28073898363143 ], [ 60.71096503835976, 59.525428571058349 ], [ 59.549816195150399, 58.578472232907025 ], [ 58.680051509389742, 58.447499308896617 ], [ 57.921334377504458, 58.655794601086349 ], [ 57.771182237394903, 58.884286988209581 ], [ 57.78423894523052, 59.093194313579389 ], [ 57.66672857471, 59.295573285031395 ], [ 57.869107546162006, 59.504480610401203 ], [ 58.260808781230395, 59.804784890620304 ], [ 58.313035612572847, 60.307468142291405 ], [ 58.143298410709875, 60.522903821579021 ], [ 58.149826764627683, 60.705697731277603 ], [ 58.064958163696197, 60.881963287058383 ], [ 58.326092320408463, 61.195324275113094 ], [ 58.143298410709875, 61.378118184811676 ], [ 57.908277669668841, 61.443401723989744 ], [ 57.379481002326514, 61.430345016154128 ], [ 57.301140755312836, 61.515213617085614 ], [ 56.981251413340317, 61.515213617085614 ], [ 56.563436762600695, 61.306306291715806 ], [ 56.556908408682887, 61.22143769078432 ], [ 56.458983099915791, 61.071285550674773 ], [ 56.20437729712134, 61.012530365414513 ], [ 55.949771494326882, 61.175739213359677 ], [ 55.884487955148813, 61.306306291715806 ], [ 55.936714786491265, 61.508685263167806 ], [ 55.864902893395396, 61.587025510181483 ], [ 55.70822239936804, 61.639252341523935 ], [ 55.558070259258493, 61.560912094510257 ], [ 54.507005278491647, 61.534798678839032 ], [ 54.245871121779388, 61.65883740327736 ], [ 53.932510133724676, 61.665365757195161 ], [ 53.736659516190478, 61.54132703275684 ], [ 53.377600050711123, 61.528270324921223 ], [ 53.220919556683768, 61.652309049359552 ], [ 52.992427169560543, 61.632723987606127 ], [ 52.783519844190728, 61.547855386674648 ], [ 52.026230789725169, 61.560912094510257 ], [ 51.849965233944403, 61.397703246565108 ], [ 51.81079511043756, 61.267136168208978 ], [ 51.634529554656787, 61.103927320263814 ], [ 51.340753628355493, 60.99947365757891 ], [ 50.439840787698188, 60.986416949743294 ], [ 50.204820046657154, 60.790566332209089 ], [ 50.198291692739346, 60.699169377359794 ], [ 50.263575231917414, 60.594715714674891 ], [ 50.067724614383216, 60.346638265798241 ], [ 48.935871253883519, 60.194854037209311 ], [ 48.466645816041179, 60.239736470394242 ], [ 47.895414848233102, 60.272378239983276 ], [ 47.995295804248755, 60.579889493654107 ], [ 48.105407222775774, 60.936440753646345 ], [ 47.890427786603979, 61.340182621578734 ], [ 47.893049487045097, 62.15290975832572 ], [ 47.628257742492039, 62.855525476545736 ], [ 47.397548103673529, 63.343161758593951 ], [ 46.684445583689048, 63.961883062698135 ], [ 45.924152455764421, 64.533413758862167 ], [ 45.174346129604267, 64.931912225912313 ], [ 44.220047169036803, 65.734152560894856 ], [ 44.167, 65.885 ], [ 44.124, 66.315 ], [ 44.371, 66.522 ], [ 44.488, 66.676 ], [ 44.364, 66.782 ], [ 44.499, 66.921 ], [ 44.952, 67.321 ], [ 45.594, 67.158 ], [ 45.853, 66.887 ], [ 46.042, 66.831 ], [ 46.578, 66.873 ], [ 46.583, 66.815 ], [ 46.927, 66.845 ], [ 47.41, 66.929 ], [ 47.559, 66.905 ], [ 47.726, 67.001 ], [ 47.695, 67.205 ], [ 47.77, 67.338 ], [ 47.948, 67.444 ], [ 47.825, 67.56 ], [ 48.008, 67.651 ], [ 48.071, 67.59 ], [ 48.256, 67.683 ], [ 48.529, 67.668 ], [ 48.778, 67.727 ], [ 48.843, 67.865 ], [ 49.133, 67.863 ], [ 49.655, 67.981 ], [ 50.201, 68.169 ], [ 50.435, 68.221 ], [ 50.796, 68.377 ], [ 50.952, 68.341 ], [ 51.587, 68.448 ], [ 52.806, 68.768 ], [ 53.437, 68.918 ], [ 54.104, 69.001 ], [ 54.527, 69.01 ], [ 54.356, 68.959 ], [ 53.612, 68.913 ], [ 54.026, 68.845 ], [ 53.865, 68.798 ], [ 53.72, 68.657 ], [ 54.185, 68.321 ], [ 54.24, 68.211 ], [ 54.465, 68.304 ], [ 54.65, 68.194 ], [ 54.864, 68.185 ], [ 54.937, 68.398 ], [ 55.393, 68.564 ], [ 55.787, 68.595 ], [ 55.953, 68.654 ], [ 56.202, 68.62 ], [ 56.691, 68.631 ], [ 56.848, 68.572 ], [ 57.33, 68.565 ], [ 57.604, 68.742 ], [ 57.93, 68.751 ], [ 57.978, 68.853 ], [ 58.879, 69.003 ], [ 59.242, 68.989 ], [ 58.892, 68.934 ], [ 59.105, 68.903 ], [ 59.416, 68.767 ], [ 59.056, 68.62 ], [ 59.11, 68.405 ], [ 59.675, 68.336 ], [ 59.964, 68.466 ], [ 59.774, 68.668 ], [ 60.467, 68.722 ], [ 60.907, 68.927 ], [ 60.903, 69.122 ], [ 60.582, 69.15 ], [ 60.519, 69.332 ], [ 60.139, 69.578 ], [ 60.233, 69.665 ], [ 60.654, 69.673 ], [ 60.77, 69.849 ], [ 60.927, 69.867 ], [ 61.409, 69.791 ], [ 62.161, 69.746 ], [ 62.631, 69.742 ], [ 63.41, 69.671 ], [ 64.128, 69.55 ], [ 64.548, 69.452 ], [ 65.068, 69.268 ], [ 65.419, 69.177 ], [ 65.817, 69.143 ], [ 65.716, 69.08 ], [ 66.114, 69.037 ], [ 66.329, 68.964 ], [ 66.653366777260104, 66.678130698313808 ], [ 65.886783074947132, 66.182105949758352 ], [ 66.033335841565787, 66.091919631839176 ], [ 66.033335841565787, 65.911546996000837 ], [ 65.368211746911882, 65.094233489858311 ] ] ] ] } },
{ "type": "Feature", "properties": { "id": "libyan669", "colorId": null, "name": "ливийцы", "parent": null }, "geometry": { "type": "MultiPolygon", "coordinates": [ [ [ [ 9.063343629051591, 29.801044508416091 ], [ 9.362489688518917, 31.904563624987944 ], [ 9.658849727733404, 33.489967942990383 ], [ 10.117424001889749, 33.296884038082446 ], [ 10.441529127985209, 33.110695986921229 ], [ 11.220760601363656, 32.821070129559324 ], [ 12.234451102130304, 32.503860857210569 ], [ 13.392954531577907, 32.538340125944131 ], [ 13.83428917136747, 32.393527197263182 ], [ 14.254936249916899, 32.338360367289482 ], [ 14.634208205986052, 32.193547438608533 ], [ 14.827292110893987, 32.165964023621683 ], [ 14.979000893321651, 32.000463533700596 ], [ 15.37, 31.929 ], [ 15.49, 31.665 ], [ 15.623, 31.497 ], [ 15.761, 31.388 ], [ 16.045, 31.276 ], [ 16.359, 31.227 ], [ 16.728, 31.224 ], [ 17.16, 31.119 ], [ 17.366, 31.087 ], [ 17.467, 31.03 ], [ 17.849, 30.924 ], [ 17.927, 30.855 ], [ 18.175, 30.786 ], [ 18.324, 30.657 ], [ 18.653, 30.422 ], [ 18.926, 30.293 ], [ 19.057, 30.266 ], [ 19.339, 30.299 ], [ 19.616, 30.421 ], [ 19.749, 30.511 ], [ 20.036, 30.819 ], [ 20.147, 31.046 ], [ 20.147, 31.217 ], [ 20.022, 31.397 ], [ 19.989290369243552, 31.500957340010117 ], [ 22.219647327369167, 30.814376689266144 ], [ 22.702357089639001, 30.676459614331904 ], [ 23.371254903070056, 30.531646685650955 ], [ 23.844891267931494, 30.321568005960572 ], [ 24.303088435721186, 30.195018311999611 ], [ 24.647827257201044, 29.972465401930332 ], [ 24.707829267268728, 29.850279490519753 ], [ 24.805, 29.755 ], [ 24.90747231894855, 29.695365209981336 ], [ 25.217300880025387, 29.210985346889377 ], [ 25.692953178016591, 28.83570004755687 ], [ 26.229698431713082, 28.626238485138735 ], [ 26.639893991448616, 28.556417964332688 ], [ 27.556288327027996, 28.669876310642518 ], [ 28.555594531064557, 28.571691203259014 ], [ 28.87415065724214, 28.436413944197291 ], [ 29.197070565970115, 28.331683162988224 ], [ 29.694541776713201, 28.080765666341488 ], [ 30.146193270677319, 27.725117388485678 ], [ 30.268379182087902, 27.550566086470557 ], [ 30.399292658599244, 27.245101307944097 ], [ 30.665483394172295, 26.882907356262724 ], [ 30.831307131086664, 26.73453874954987 ], [ 30.940401694846113, 26.538168534782859 ], [ 31.080042736458211, 26.420346405922654 ], [ 31.197864865318415, 26.359253450217363 ], [ 31.717154988813398, 25.791961718668222 ], [ 31.930980333781918, 25.447222897188361 ], [ 32.36735858881972, 24.648650690469189 ], [ 32.482254480682116, 23.886131522191736 ], [ 32.575348507856745, 23.69994346784247 ], [ 32.217899036469284, 22.66749341259758 ], [ 31.816431041834498, 21.716188816615162 ], [ 31.292777135789141, 20.529239962912346 ], [ 30.736741471157703, 19.510712244983942 ], [ 30.333334020067621, 19.215914492264268 ], [ 29.666160158649415, 18.897843232750937 ], [ 27.66263116767918, 18.400255797605571 ], [ 24.856356228866591, 17.830453779572562 ], [ 22.249511996365555, 18.001394384982465 ], [ 19.685402915216997, 18.457235999408873 ], [ 18.117800700131884, 18.833229574030739 ], [ 17.142107863789896, 19.246658741972258 ], [ 16.397935361495161, 19.238390158613424 ], [ 15.456365035281499, 19.033069734244432 ], [ 14.15993671519338, 19.078162893204016 ], [ 13.136242059535149, 19.329961500443012 ], [ 12.049778760852613, 19.882352697697932 ], [ 10.820990179203864, 20.378377446253392 ], [ 9.580928307815238, 20.4956901176092 ], [ 9.327279288667549, 21.014261445644443 ], [ 9.937040056702212, 23.039393894424339 ], [ 10.051000460308813, 25.470549171365192 ], [ 9.272271035663696, 27.635796839890642 ], [ 9.063343629051591, 29.801044508416091 ] ] ] ] } },
{ "type": "Feature", "properties": { "id": "jaisalmer", "colorId": "jaisalmer", "name": "Джайсалмер", "parent": null }, "geometry": { "type": "MultiPolygon", "coordinates": [ [ [ [ 71.349479629295601, 27.808234316725951 ], [ 71.969930715595567, 27.571871998135496 ], [ 72.390053797467871, 27.248016438210215 ], [ 72.23624737158886, 26.933412385275886 ], [ 71.666464475718911, 26.461506305874391 ], [ 70.977831159851547, 26.10845064647031 ], [ 70.072470607518298, 25.975617824120253 ], [ 69.983361704585178, 26.398501916561358 ], [ 69.701977991977472, 26.837460508229377 ], [ 69.811717639894468, 27.023173758550463 ], [ 69.839856011155248, 27.301743634032093 ], [ 70.053707632737101, 27.529664441244332 ], [ 70.442017156135734, 27.726633040069725 ], [ 70.81625749390399, 27.802606642473805 ], [ 71.349479629295601, 27.808234316725951 ] ] ] ] } },
{ "type": "Feature", "properties": { "id": "holy_roman1453", "colorId": "germany", "name": "Священная Римская империя", "parent": null }, "geometry": { "type": "MultiPolygon", "coordinates": [ [ [ [ 4.566, 43.371 ], [ 4.513, 43.456 ], [ 4.467677943443197, 43.689235413422715 ], [ 4.803941193080809, 43.927603013884415 ], [ 4.899585332263915, 43.927603013884415 ], [ 5.037254926542628, 43.856594486309064 ], [ 5.153187216461545, 43.911662324020554 ], [ 5.254627970140596, 44.181204898082029 ], [ 5.275493611480545, 44.23823635286557 ], [ 5.380065218993471, 44.222550611738633 ], [ 5.466336795191634, 44.107521843474416 ], [ 5.884623225243335, 44.259150674368158 ], [ 5.915994707497212, 44.340193670190672 ], [ 6.059780667827485, 44.491822501084414 ], [ 6.200952337969934, 44.436922407140131 ], [ 6.347352588488029, 44.510122532399173 ], [ 6.60673233316361, 44.411537166876563 ], [ 6.472283339186821, 44.400495312379128 ], [ 6.388160135617539, 44.3724542445227 ], [ 6.451252538294501, 44.246269439168778 ], [ 6.654550280253599, 44.141115434707174 ], [ 6.752694017751095, 44.039466563727622 ], [ 6.619498945433065, 43.860704756142901 ], [ 7.001558494976889, 43.75204561819924 ], [ 7.152, 43.655 ], [ 7.139, 43.554 ], [ 6.976, 43.547 ], [ 6.92, 43.449 ], [ 6.731, 43.408 ], [ 6.597, 43.284 ], [ 6.68, 43.202 ], [ 6.027, 43.078 ], [ 5.941, 43.134 ], [ 5.857, 43.045 ], [ 5.634, 43.187 ], [ 5.347, 43.216 ], [ 5.294, 43.355 ], [ 5.065, 43.328 ], [ 5.006, 43.382 ], [ 5.174, 43.428 ], [ 5.029, 43.559 ], [ 5.062, 43.452 ], [ 4.928, 43.44 ], [ 4.82, 43.346 ], [ 4.566, 43.371 ] ] ], [ [ [ 10.015034184380243, 46.24580735065021 ], [ 9.911785159324753, 46.407020740649138 ], [ 9.730646518876526, 46.359924694132594 ], [ 9.679927699551023, 46.309205874807091 ], [ 9.560376196855195, 46.307394488402629 ], [ 9.437201921350402, 46.405209354244676 ], [ 9.411842511687649, 46.517515311322576 ], [ 9.241572189666316, 46.517515311322576 ], [ 9.216212780003564, 46.399775195031225 ], [ 9.1002840501167, 46.27297814671747 ], [ 8.9879780930388, 46.32550835244745 ], [ 8.984355320229835, 46.401586581435708 ], [ 8.870237976747452, 46.479476196828443 ], [ 8.739818155624727, 46.477664810423946 ], [ 8.643814676187167, 46.535629175367376 ], [ 8.471732967761353, 46.542874720985324 ], [ 8.225384416751762, 46.376227171772953 ], [ 8.062359640348358, 46.184220212897834 ], [ 7.870352681473238, 45.948739980315139 ], [ 7.838778920205112, 45.822613737665698 ], [ 7.510878447257685, 45.940928341306531 ], [ 7.362, 45.908 ], [ 7.184, 45.88 ], [ 7.022, 45.925 ], [ 6.834794997881547, 45.984873765515992 ], [ 6.834794997881546, 46.099807951909916 ], [ 6.919305429053564, 46.197840052069481 ], [ 6.865218753103473, 46.654196380398368 ], [ 7.000435442978702, 46.870543084198722 ], [ 6.856430214361076, 46.936179887347286 ], [ 6.625209128574944, 46.867162666951842 ], [ 6.533937862909165, 46.867162666951842 ], [ 6.437236399764467, 46.824060184441201 ], [ 6.443, 46.944 ], [ 6.599, 46.987 ], [ 6.956, 47.245 ], [ 7.044, 47.34 ], [ 6.867, 47.354 ], [ 7.01, 47.499 ], [ 7.120831901811231, 47.478370689460249 ], [ 7.164341040252396, 47.545307825523579 ], [ 7.051528228365519, 47.599648513878435 ], [ 7.050204561937822, 47.737309822358803 ], [ 6.769239592234298, 47.860786162092111 ], [ 6.626631305075171, 47.922623122236239 ], [ 6.0521600754552, 48.05763709786121 ], [ 5.975387422648844, 47.980864445054856 ], [ 5.845668112734657, 47.946449117934762 ], [ 5.766497821837776, 48.210066024123613 ], [ 5.565465548347618, 48.317594914595091 ], [ 5.567803132923084, 48.544340618415397 ], [ 5.626242747309758, 48.588754725349268 ], [ 5.357420521131056, 48.649531924311411 ], [ 5.352745351980122, 48.780436660537561 ], [ 5.453261488725202, 48.930042073367439 ], [ 5.352745351980123, 49.098348162801059 ], [ 5.186776847121968, 49.121724008555731 ], [ 5.074572787499553, 49.088997824499195 ], [ 4.742635777783245, 49.201201884121609 ], [ 4.728610270330443, 49.264316667659216 ], [ 4.794062638443518, 49.301718020866687 ], [ 5.055872110895818, 49.329769035772287 ], [ 5.100286217829693, 49.388208650158944 ], [ 5.100286217829693, 49.521450970960565 ], [ 5.83779415138952, 49.491062371479543 ], [ 5.882208258323392, 49.411584495913672 ], [ 6.008437825398609, 49.329769035772323 ], [ 6.113629131294622, 49.332106620347794 ], [ 6.221158021766103, 49.411584495913672 ], [ 6.270247297850909, 49.507425463507815 ], [ 6.359486580275552, 49.646244232251703 ], [ 6.414448636732926, 49.742318739028605 ], [ 6.537128308604796, 49.886029211792795 ], [ 6.6948593152972, 49.956131881433869 ], [ 6.785992785830589, 50.050770485449313 ], [ 6.71589011618952, 50.173450157321177 ], [ 6.56166424297917, 50.169945023839126 ], [ 6.456510238517566, 50.103347487680111 ], [ 6.270738163968735, 50.229532293034033 ], [ 5.992404662289048, 51.121195064733726 ], [ 5.88688577006116, 51.232341631213799 ], [ 5.813726004783157, 51.389916510274112 ], [ 5.816539841909234, 51.668486385755742 ], [ 5.763076936513771, 51.775412196546661 ], [ 5.605502057453457, 51.871082658833281 ], [ 5.194681837046208, 51.961125446867747 ], [ 4.986457889716505, 52.037099049271831 ], [ 4.932994984321041, 52.11025881454983 ], [ 4.930181147194965, 52.38882869003146 ], [ 4.577920906471894, 52.470342549506455 ], [ 4.597, 52.507 ], [ 4.669, 52.797 ], [ 4.745, 52.968 ], [ 4.913, 52.906 ], [ 5.078, 52.954 ], [ 5.379, 53.097 ], [ 5.447, 53.221 ], [ 5.592, 53.303 ], [ 5.981, 53.406 ], [ 6.346, 53.413 ], [ 6.73, 53.461 ], [ 6.867, 53.434 ], [ 6.901, 53.352 ], [ 7.195, 53.245 ], [ 7.303, 53.333 ], [ 7.024, 53.376 ], [ 7.087, 53.587 ], [ 7.226, 53.666 ], [ 7.951, 53.722 ], [ 8.168, 53.553 ], [ 8.059, 53.502 ], [ 8.205, 53.411 ], [ 8.32, 53.509 ], [ 8.257, 53.604 ], [ 8.566, 53.547 ], [ 8.484, 53.684 ], [ 8.573, 53.858 ], [ 8.685, 53.888 ], [ 8.861, 53.831 ], [ 9.008, 53.892 ], [ 9.353398187034861, 53.853479637908315 ], [ 9.430585070616123, 53.729980624178296 ], [ 9.523209330913637, 53.591044233732028 ], [ 9.577402927989908, 53.571164538685103 ], [ 9.677583098076163, 53.534440519105765 ], [ 9.821665280761184, 53.539586311344515 ], [ 9.924581125536202, 53.637356363880784 ], [ 10.089246477176228, 53.729980624178296 ], [ 10.253911828816253, 53.66823111731329 ], [ 10.387489334613845, 53.807469869369719 ], [ 10.571586342215683, 53.836925390586018 ], [ 10.642419142841938, 53.916515592833015 ], [ 10.77620974104946, 53.984697339996451 ], [ 10.753, 54.044 ], [ 10.887, 53.964 ], [ 11.175, 54.018 ], [ 11.243, 53.945 ], [ 11.458, 53.906 ], [ 11.492, 54.002 ], [ 11.658, 54.142 ], [ 12.051, 54.18 ], [ 12.342, 54.304 ], [ 12.502, 54.474 ], [ 12.695, 54.434 ], [ 12.363, 54.31 ], [ 12.677, 54.392 ], [ 12.876, 54.365 ], [ 13.034, 54.434 ], [ 13.115, 54.28 ], [ 13.289, 54.234 ], [ 13.465, 54.098 ], [ 13.698, 54.153 ], [ 13.729, 54.144 ], [ 13.808, 54.105 ], [ 13.773, 54.046 ], [ 13.746, 54.036 ], [ 13.906, 53.943 ], [ 13.819, 53.878 ], [ 13.984, 53.774 ], [ 14.227, 53.759 ], [ 14.264, 53.7 ], [ 14.294, 53.749 ], [ 14.512, 53.666 ], [ 14.631, 53.852 ], [ 14.201, 53.878 ], [ 13.875, 53.844 ], [ 13.932, 53.899 ], [ 13.904, 53.995 ], [ 14.048, 53.941 ], [ 13.946, 54.067 ], [ 13.774, 54.023 ], [ 13.809, 54.075 ], [ 13.815, 54.101 ], [ 13.806, 54.117 ], [ 13.753, 54.153 ], [ 13.815, 54.174 ], [ 14.21, 53.938 ], [ 14.367, 53.917 ], [ 14.782, 54.035 ], [ 15.288, 54.139 ], [ 16.138, 54.29 ], [ 16.337, 54.359 ], [ 16.324, 54.401 ], [ 16.57, 54.557 ], [ 16.94, 54.606 ], [ 17.036, 54.667 ], [ 17.337, 54.749 ], [ 17.51930873240185, 54.77395101805223 ], [ 17.518584155589714, 54.562374588908177 ], [ 17.57075368606359, 54.47542537145172 ], [ 17.50699092659552, 54.371086310503976 ], [ 17.10702452629582, 54.05806912766073 ], [ 16.846176873926453, 54.005899597186854 ], [ 16.712854740493221, 53.837797776771041 ], [ 16.828787030435162, 53.67549257085232 ], [ 16.779515807209837, 53.463916141708289 ], [ 16.579532607059988, 53.426238147477157 ], [ 16.060735609569797, 53.776933324551528 ], [ 15.959294855870599, 53.782729939048629 ], [ 15.921616861639468, 53.736357023071854 ], [ 15.921616861639468, 53.626221347627009 ], [ 16.031752537084312, 53.539272130170552 ], [ 16.176667899511738, 53.518983979430715 ], [ 16.202752664748676, 53.472611063453925 ], [ 15.889735481905433, 53.362475388009081 ], [ 15.947701626876404, 53.240746483570042 ], [ 15.878142252911237, 53.130610808125198 ], [ 15.806462306152936, 52.828593593459004 ], [ 15.357897872858784, 52.736242092486684 ], [ 15.234762538229015, 52.617504448379407 ], [ 15.296330205543899, 52.507562185317113 ], [ 15.621759304208284, 52.358040707552398 ], [ 15.353522377544236, 52.269148509673968 ], [ 15.161631394234739, 52.194868129038035 ], [ 15.102826092897958, 52.139157843561087 ], [ 14.619162496990517, 52.205345954793465 ], [ 14.403540100302489, 52.316711368467502 ], [ 14.05522699796029, 52.387795675067949 ], [ 13.676110696091229, 52.264582876960503 ], [ 13.496030452703422, 52.148478509513119 ], [ 13.53631155977701, 51.899683436411543 ], [ 13.538681036663689, 51.639040978876551 ], [ 13.709283372504768, 51.489763935015624 ], [ 13.801692971085352, 51.347595321814723 ], [ 13.950970014946295, 51.186470893520372 ], [ 14.103900756557593, 51.059044684139138 ], [ 14.163463279204004, 50.949395494721884 ], [ 14.057875170876276, 50.91961423339869 ], [ 13.762769945037235, 50.727389728494366 ], [ 13.513690304879514, 50.610972070594556 ], [ 13.03719012370822, 50.421454953083249 ], [ 12.628374627362394, 50.437699277441361 ], [ 12.238510842767699, 50.29691513300439 ], [ 12.237157149071189, 50.012639456737425 ], [ 12.353574806970997, 49.806878014867998 ], [ 12.623, 49.51 ], [ 12.895052285574739, 49.379110806771045 ], [ 13.076447240906992, 49.322255671517652 ], [ 13.287623457562452, 49.15169026575748 ], [ 13.609, 48.946 ], [ 13.799319674842984, 48.809205760540621 ], [ 13.75600147655468, 48.738813688322125 ], [ 13.810149224415055, 48.671129003496659 ], [ 13.666657692585062, 48.541174408631761 ], [ 13.521, 48.585 ], [ 13.420285439820359, 48.56554089516893 ], [ 13.406, 48.377 ], [ 13.274, 48.307 ], [ 13.033, 48.264 ], [ 12.745, 48.121 ], [ 12.76, 48.065 ], [ 12.841140836304881, 48.030584584676014 ], [ 12.98197504671883, 48.074077502597973 ], [ 13.108311617825461, 47.974665118776358 ], [ 13.174586540373202, 48.01401585403908 ], [ 13.23671928026171, 48.009873671379843 ], [ 13.238790371591326, 47.856612912988197 ], [ 13.508032244441523, 47.750987255177733 ], [ 13.4562549612011, 47.630863958059948 ], [ 13.458326052530719, 47.550091396204891 ], [ 13.555667345022714, 47.456892286372131 ], [ 13.563951710341181, 47.334697897924727 ], [ 13.613657902251983, 47.278778432025071 ], [ 13.688217190118193, 47.243569879421578 ], [ 13.766918660643636, 47.284991706013919 ], [ 13.868402135794865, 47.218716783466178 ], [ 13.916037236376052, 47.108948942996484 ], [ 13.826980309202526, 46.945332727956746 ], [ 13.601231354274283, 47.082024755711458 ], [ 13.331989481424086, 47.111020034326096 ], [ 13.195297453669371, 47.073740390392992 ], [ 13.079316339210823, 47.00746546784525 ], [ 12.78729246173484, 47.111020034326103 ], [ 12.611249698717407, 47.115162216985361 ], [ 12.431064753040733, 47.181437139533088 ], [ 12.217742346090192, 47.094451303689176 ], [ 12.068623770357776, 47.146228586929602 ], [ 12.070694861687393, 47.313986984628571 ], [ 12.410353839744566, 47.313986984628571 ], [ 12.687880077913229, 47.496243021634861 ], [ 12.536690410851197, 47.668143601993052 ], [ 12.201424015603143, 47.68480538506325 ], [ 12.155857280336448, 47.621712982386285 ], [ 12.015651941054312, 47.621712982386285 ], [ 11.938539004449137, 47.660269450688872 ], [ 11.591530789725848, 47.558620579709327 ], [ 11.328645778571842, 47.495528177032362 ], [ 11.170914771879437, 47.425425507391296 ], [ 10.950091362510072, 47.411404973463085 ], [ 10.862463025458736, 47.53408464533495 ], [ 10.654068392229432, 47.581157766149154 ], [ 10.376542154060767, 47.626721775400725 ], [ 10.413821797993871, 47.469318834349842 ], [ 10.341333601457277, 47.415470459779804 ], [ 10.246063400294899, 47.301560436650874 ], [ 10.123869011847502, 47.307773710639722 ], [ 10.198428299713711, 47.407186094461331 ], [ 9.904333330908113, 47.618437410082258 ], [ 9.751072572516462, 47.647432688696895 ], [ 9.668228919331785, 47.56873121817145 ], [ 9.547, 47.535 ], [ 9.65, 47.41 ], [ 9.521, 47.263 ], [ 9.477, 47.064 ], [ 9.581, 47.057 ], [ 9.858, 47.015 ], [ 9.862, 46.94 ], [ 10.111, 46.847 ], [ 10.368, 46.996 ], [ 10.454, 46.864 ], [ 10.369, 46.672 ], [ 10.467, 46.604 ], [ 10.426, 46.535 ], [ 10.230589166513631, 46.586347994692879 ], [ 10.223343620895703, 46.646123746040793 ], [ 10.082055481346087, 46.615330177164594 ], [ 10.042204980447476, 46.54649749379427 ], [ 10.082055481346087, 46.461362332783601 ], [ 10.179870347188128, 46.296526169975714 ], [ 10.143642619098484, 46.247618737054694 ], [ 10.015034184380243, 46.24580735065021 ] ] ], [ [ [ 4.893, 53.111 ], [ 4.796, 53.0 ], [ 4.714, 53.055 ], [ 4.854, 53.188 ], [ 4.893, 53.111 ] ] ], [ [ [ 5.179, 53.385 ], [ 5.424, 53.43 ], [ 5.208, 53.353 ], [ 5.179, 53.385 ] ] ], [ [ [ 5.679, 53.43 ], [ 5.674, 53.468 ], [ 5.955, 53.461 ], [ 5.679, 53.43 ] ] ], [ [ [ 13.251, 54.387 ], [ 13.166, 54.549 ], [ 13.369, 54.585 ], [ 13.431, 54.493 ], [ 13.5, 54.557 ], [ 13.395, 54.604 ], [ 13.64, 54.586 ], [ 13.575, 54.472 ], [ 13.698, 54.392 ], [ 13.766, 54.345 ], [ 13.5, 54.345 ], [ 13.268, 54.256 ], [ 13.115, 54.338 ], [ 13.251, 54.387 ] ] ] ] } },
{ "type": "Feature", "properties": { "id": "bahmani1347", "colorId": "bahmani", "name": "Бахманийский султанат", "parent": null }, "geometry": { "type": "MultiPolygon", "coordinates": [ [ [ [ 80.942040636399426, 18.741472406924778 ], [ 81.123811866983701, 18.241601522818012 ], [ 81.218193082864005, 17.926997469883684 ], [ 80.959316731014766, 17.816279399414853 ], [ 80.73958960996751, 17.630356450836413 ], [ 80.377884964551285, 17.46809642298614 ], [ 80.178440346985312, 17.238228050198259 ], [ 80.036462822616315, 17.018500929151013 ], [ 79.88096362925981, 16.927229663485232 ], [ 79.405874261416841, 16.455889924988551 ], [ 79.278074487668846, 16.359176582692768 ], [ 79.105372090712095, 16.286641575970936 ], [ 78.839410399398702, 16.075944651683702 ], [ 78.297124872954512, 15.999955597022732 ], [ 78.186595338902208, 15.951598925874832 ], [ 77.800590585282663, 16.103679945276035 ], [ 76.527948285878594, 16.210779362977366 ], [ 76.441766723197063, 16.170198724238972 ], [ 76.300685164134521, 16.283187528031792 ], [ 75.903469651133975, 16.283187528031792 ], [ 75.28864911796795, 15.958507021753105 ], [ 74.426776822849575, 15.467791207880325 ], [ 74.00228997693327, 15.36110984338138 ], [ 73.783, 15.408 ], [ 73.937, 15.411 ], [ 73.796, 15.449 ], [ 73.67669877600099, 15.709394642409393 ], [ 73.588, 15.903 ], [ 73.447, 16.069 ], [ 73.42, 16.217 ], [ 73.307, 16.563 ], [ 73.322, 16.692 ], [ 73.275, 16.849 ], [ 73.276, 17.079 ], [ 73.211, 17.275 ], [ 73.249, 17.285 ], [ 73.165, 17.413 ], [ 73.123, 17.723 ], [ 72.981, 18.081 ], [ 72.977, 18.243 ], [ 73.074, 18.224 ], [ 72.970754360400079, 18.314654707578296 ], [ 72.91, 18.368 ], [ 72.91, 18.559 ], [ 72.852, 18.77 ], [ 72.982, 18.871 ], [ 72.897, 18.894 ], [ 72.988, 18.999 ], [ 72.975, 19.163 ], [ 72.934, 19.034 ], [ 72.796, 18.985 ], [ 72.818, 19.175 ], [ 72.785, 19.314 ], [ 72.973, 19.294 ], [ 72.788, 19.345 ], [ 72.747, 19.468 ], [ 72.796, 19.527 ], [ 72.718, 19.607 ], [ 72.65, 19.842 ], [ 72.708, 20.013 ], [ 72.748, 20.28 ], [ 72.879, 20.512 ], [ 72.886731042408186, 20.597041638527926 ], [ 73.492310465923296, 20.658709647373641 ], [ 73.769173999312798, 20.769455060729442 ], [ 74.09266718043105, 20.810256002492103 ], [ 74.523991421922062, 20.711168001068494 ], [ 74.844570250057288, 20.553792939983936 ], [ 75.264237079616095, 20.550878587000884 ], [ 75.549401543256138, 20.707064300232251 ], [ 75.799466690513469, 20.749428097143689 ], [ 75.88760023545305, 20.791613973281478 ], [ 76.287802021219377, 21.09035615138874 ], [ 76.366715049398664, 21.236908918007398 ], [ 76.573110290525932, 21.340810785286479 ], [ 77.281552001005394, 21.465098804668838 ], [ 77.933702323244304, 21.422918198715699 ], [ 78.232444501351566, 21.332731880796523 ], [ 79.061031297233981, 21.197452403917762 ], [ 79.427413213780639, 21.033989702689258 ], [ 79.69233552266823, 20.690154365622405 ], [ 80.041807504605018, 20.39141218751514 ], [ 80.649804445500493, 19.283205529648662 ], [ 80.942040636399426, 18.741472406924778 ] ] ] ] } },
{ "type": "Feature", "properties": { "id": "chagatai1361", "colorId": "mongol", "name": "Чагатайский улус", "parent": null }, "geometry": { "type": "MultiPolygon", "coordinates": [ [ [ [ 78.487169508167014, 32.348043915347056 ], [ 78.10162643586429, 32.182246139094012 ], [ 77.847835135358181, 31.878934584830617 ], [ 75.786171743036547, 32.463896550436417 ], [ 76.03982076218422, 32.585084415140294 ], [ 76.214556753152621, 32.990922845776574 ], [ 76.355472874901324, 33.075472518825798 ], [ 75.973536823818407, 33.678183030500847 ], [ 75.772847524333926, 33.857172155002765 ], [ 75.593555326919414, 33.998537156810357 ], [ 75.452190325111815, 34.239892037945275 ], [ 75.006583983787763, 34.478333649232411 ], [ 74.607276104617057, 34.566601706733309 ], [ 74.035635351277932, 34.688495690901206 ], [ 73.539652932939589, 34.612837355900439 ], [ 73.232816352103129, 34.663276245900946 ], [ 73.026857551267724, 34.579211429233432 ], [ 73.223609152450777, 34.892260669995359 ], [ 73.090289313347668, 34.984205386618193 ], [ 72.908698498017628, 35.31060913062916 ], [ 72.706420121447422, 35.54047092218623 ], [ 72.291422145257556, 36.040936364476359 ], [ 71.611, 36.705 ], [ 71.463, 36.948 ], [ 71.431, 37.067 ], [ 71.487, 37.267 ], [ 71.497, 37.567 ], [ 71.538, 37.779 ], [ 71.598, 37.898 ], [ 71.501, 37.946 ], [ 71.341, 37.893 ], [ 71.258, 37.926 ], [ 71.365, 38.207 ], [ 71.334, 38.281 ], [ 71.05, 38.409 ], [ 70.986400389023558, 38.644237192147116 ], [ 70.414558530046747, 39.011169051657234 ], [ 70.119106902908726, 39.587776259458842 ], [ 69.642572020428062, 40.040484397815476 ], [ 69.609214578654417, 40.226333001982937 ], [ 69.394773881538114, 40.326405327303881 ], [ 69.39000853271331, 40.612326256792286 ], [ 68.980188533779923, 40.993554162776825 ], [ 68.589429930145783, 41.136514627521038 ], [ 69.504376904508675, 41.817959509468402 ], [ 70.142933647032777, 42.446985554342881 ], [ 70.966809263988011, 44.054047351558438 ], [ 71.609386779162136, 44.640258418033071 ], [ 72.263237584076137, 44.955910530750181 ], [ 73.108734314568409, 45.587214756184402 ], [ 73.732436442638161, 45.882180447439204 ], [ 74.197126547922238, 45.152793446740155 ], [ 74.197126547922224, 44.717514107613297 ], [ 74.779459717835181, 44.511638744512759 ], [ 75.455907339451244, 44.417524292809659 ], [ 76.549987840499796, 44.023420026302929 ], [ 77.355842833207618, 43.952834187525603 ], [ 78.344044576090212, 44.005773566608596 ], [ 79.114606649409367, 44.252824002329241 ], [ 80.091044085829068, 44.393995679883894 ], [ 80.938074151156982, 44.776335639927751 ], [ 82.57388228615936, 45.022125096650797 ], [ 83.038002854782491, 45.264554358137595 ], [ 83.757240074099272, 45.331863041145134 ], [ 85.488595763836841, 46.197540886013925 ], [ 86.100129654248732, 46.419916846163702 ], [ 87.076995479192405, 46.459626839047594 ], [ 88.037977306982526, 46.245192877474594 ], [ 89.022785130502982, 46.284902870358479 ], [ 89.840810983911098, 46.149888894553257 ], [ 90.738256823086999, 46.05458491163192 ], [ 91.603934667955784, 46.08635290593903 ], [ 92.276316726963486, 46.227114753852959 ], [ 92.799563018002402, 46.031769471865097 ], [ 93.413505332821401, 44.789931607799396 ], [ 93.134440644267315, 43.450421102739767 ], [ 92.764679931933145, 42.208583238674059 ], [ 93.029791386059543, 40.701633920481981 ], [ 92.268545698262145, 38.78081995225272 ], [ 91.905397170708696, 38.615752439728418 ], [ 91.344167628126073, 38.508458556587627 ], [ 90.448676372681746, 38.231970473109428 ], [ 90.18456835264287, 38.12467658996863 ], [ 90.135048098885576, 38.009129331201628 ], [ 89.573818556302967, 38.124676589968637 ], [ 89.185909901870858, 38.248477224361864 ], [ 88.542146603026097, 38.207210346230788 ], [ 88.030437314200768, 37.910088823687047 ], [ 87.205099751579297, 37.588207174264667 ], [ 86.800684345894766, 37.348859281104438 ], [ 86.01661366140435, 37.051737758560698 ], [ 85.447130743195501, 36.787629738521822 ], [ 84.646553307452663, 36.548281845361586 ], [ 83.907876188906428, 36.412101147529043 ], [ 83.338393270697608, 36.416227835342148 ], [ 82.797797167180534, 36.333694079080004 ], [ 82.372748322430468, 36.214020132499883 ], [ 82.149907180522661, 36.143866439677069 ], [ 80.878887334085562, 34.955380349502121 ], [ 79.996929634126005, 34.726676844005731 ], [ 79.585178907924927, 34.456097795359305 ], [ 79.361657085130048, 34.161990133787114 ], [ 78.957259050468281, 33.964938000533735 ], [ 78.914613439540318, 33.612008806647097 ], [ 79.117336591489206, 33.058977083820864 ], [ 78.487169508167014, 32.348043915347056 ] ] ] ] } },
{ "type": "Feature", "properties": { "id": "den_norway1380", "colorId": "denmark", "name": null, "parent": "denmark849" }, "geometry": { "type": "MultiPolygon", "coordinates": [ [ [ [ 5.166, 59.196 ], [ 5.209, 59.416 ], [ 5.277, 59.299 ], [ 5.297, 59.169 ], [ 5.166, 59.196 ] ] ], [ [ [ 7.64, 63.055 ], [ 7.706, 63.007 ], [ 7.527, 62.946 ], [ 7.401, 63.055 ], [ 7.64, 63.055 ] ] ], [ [ [ 11.401, 64.922 ], [ 11.835, 64.987 ], [ 12.349, 65.638 ], [ 12.567, 65.767 ], [ 12.712, 66.042 ], [ 12.869, 66.134 ], [ 13.032, 66.198 ], [ 13.0, 66.357 ], [ 13.171, 66.412 ], [ 13.251, 66.633 ], [ 13.48, 66.675 ], [ 13.256, 66.724 ], [ 13.547, 66.724 ], [ 13.542, 66.803 ], [ 13.801, 66.81 ], [ 13.59, 66.938 ], [ 14.043, 66.995 ], [ 14.328, 67.242 ], [ 14.653, 67.426 ], [ 14.727, 67.489 ], [ 14.836, 67.643 ], [ 14.793, 67.729 ], [ 15.015, 67.747 ], [ 14.789, 67.823 ], [ 14.999, 67.895 ], [ 15.282, 68.037 ], [ 15.508, 68.132 ], [ 15.925, 68.132 ], [ 15.964, 68.247 ], [ 16.103, 68.283 ], [ 16.172, 68.318 ], [ 16.22, 68.351 ], [ 16.535, 68.438 ], [ 16.629, 68.642 ], [ 17.679, 69.092 ], [ 18.003, 69.286 ], [ 18.301, 69.487 ], [ 18.843137133517985, 70.012730363510528 ], [ 19.325184479001344, 70.087611504556492 ], [ 20.417, 69.89 ], [ 20.512, 69.769 ], [ 21.17, 69.876 ], [ 21.253, 70.003 ], [ 21.209, 70.208 ], [ 21.586, 70.312 ], [ 21.822, 70.269 ], [ 22.267, 70.295 ], [ 22.473702456418163, 70.393571166798964 ], [ 22.904269017432426, 70.440371879952679 ], [ 23.320795364500572, 70.557373662836994 ], [ 23.643720285261267, 70.707135944928908 ], [ 24.064926703644787, 70.665015303090556 ], [ 24.292, 70.764 ], [ 24.396, 70.867 ], [ 24.616, 70.78 ], [ 24.666, 70.978 ], [ 25.143, 70.922 ], [ 25.423, 70.86 ], [ 25.925, 70.856 ], [ 28.191, 71.086 ], [ 28.185, 70.997 ], [ 29.994, 70.713 ], [ 30.812, 70.415 ], [ 30.926, 70.456 ], [ 31.077, 70.284 ], [ 30.549, 70.249 ], [ 30.159, 70.071 ], [ 29.686, 69.97 ], [ 30.841, 69.806 ], [ 30.949217032429086, 69.70203472939707 ], [ 30.949217032429097, 69.528063057709218 ], [ 30.870515561903648, 69.262963367518267 ], [ 30.402448921410222, 68.931588754779568 ], [ 29.872249541028296, 68.451095566308453 ], [ 29.18095879042918, 69.056836659806791 ], [ 29.083020412446338, 69.018925029619894 ], [ 28.871347143902778, 69.120022710118306 ], [ 28.865, 69.217 ], [ 29.345, 69.464 ], [ 29.131, 69.674 ], [ 28.405, 69.802 ], [ 28.167, 69.894 ], [ 27.897, 70.071 ], [ 27.1, 69.902 ], [ 26.865, 69.938 ], [ 26.501, 69.918 ], [ 26.198, 69.715 ], [ 26.032, 69.697 ], [ 25.887, 69.521 ], [ 25.877, 69.371 ], [ 25.734, 69.191 ], [ 25.801, 69.013 ], [ 25.652, 68.883 ], [ 25.201, 68.813 ], [ 25.118, 68.638 ], [ 24.861, 68.563 ], [ 24.663, 68.666 ], [ 24.332, 68.709 ], [ 23.929, 68.816 ], [ 23.735, 68.715 ], [ 23.198, 68.618 ], [ 23.019, 68.687 ], [ 22.429, 68.71 ], [ 22.371, 68.823 ], [ 22.023, 69.012 ], [ 21.663, 69.263 ], [ 21.314, 69.291 ], [ 21.034, 69.181 ], [ 21.156, 69.088 ], [ 21.033, 69.041 ], [ 20.744, 69.104 ], [ 20.623, 69.036 ], [ 20.102, 69.022 ], [ 20.341, 68.91 ], [ 20.357, 68.805 ], [ 20.237, 68.659 ], [ 19.962, 68.541 ], [ 20.246, 68.477 ], [ 19.931, 68.35 ], [ 19.038, 68.506 ], [ 18.645, 68.501 ], [ 18.436, 68.574 ], [ 18.172, 68.536 ], [ 18.167, 68.158 ], [ 17.895, 67.97 ], [ 17.321, 68.105 ], [ 16.808, 67.911 ], [ 16.609, 67.647 ], [ 16.483, 67.558 ], [ 16.2, 67.508 ], [ 16.127, 67.423 ], [ 16.438, 67.2 ], [ 16.416, 67.053 ], [ 16.039, 66.888 ], [ 15.669, 66.599 ], [ 15.426, 66.491 ], [ 15.482, 66.275 ], [ 15.053, 66.153 ], [ 14.541, 66.125 ], [ 14.644, 65.843 ], [ 14.561, 65.701 ], [ 14.514, 65.318 ], [ 14.4, 65.255 ], [ 14.311, 65.084 ], [ 14.739786991733514, 64.921309666918447 ], [ 15.024124218135309, 64.763344541139674 ], [ 15.289505629443653, 64.68752128076585 ], [ 15.340054469692861, 64.573786390205143 ], [ 15.485382385409334, 64.535874760018231 ], [ 15.580161460876599, 64.42213986945751 ], [ 15.940321947652208, 64.321042188959098 ], [ 16.00982660299487, 64.245218928585288 ], [ 16.180428938835949, 64.245218928585288 ], [ 16.689076643843602, 63.992474727339228 ], [ 16.515315005486951, 63.853465416653911 ], [ 16.512155702971373, 63.723934013515311 ], [ 15.763401006779979, 63.632314240563637 ], [ 15.908728922496451, 63.547013072643097 ], [ 16.050897535697349, 63.354295619192996 ], [ 16.467925467753318, 63.20264909844537 ], [ 16.986051080307703, 62.924630477074714 ], [ 16.670120828750154, 62.921471174559137 ], [ 16.491620236620136, 62.826692099091872 ], [ 16.373146392286056, 62.712957208531151 ], [ 16.073012653306378, 62.673465927086447 ], [ 16.000348695448142, 62.705058952242204 ], [ 15.450630057738003, 62.599222317970401 ], [ 15.229478881647717, 62.597642666712616 ], [ 15.111005037313634, 62.556571734010134 ], [ 15.014646310588581, 62.588164759165892 ], [ 14.806132344560599, 62.585005456650336 ], [ 14.752424201795815, 62.43335893590271 ], [ 14.941982352730346, 62.291190322701802 ], [ 15.13627945743824, 62.24853973874152 ], [ 15.205784112780902, 62.273814158866124 ], [ 15.284766675670291, 62.254858343772668 ], [ 15.3479527259818, 62.19167229346116 ], [ 15.354271331012951, 62.109530428056196 ], [ 15.076252709642306, 62.014751352588931 ], [ 15.019385264361947, 61.856786226810158 ], [ 14.769800365631482, 61.765166453858477 ], [ 14.660804428844127, 61.88679960070813 ], [ 14.619733496141643, 61.88364029819256 ], [ 14.499680000549775, 61.692502496000245 ], [ 14.499680000549775, 61.597723420532965 ], [ 14.379626504957905, 61.548754231541558 ], [ 14.319599757161969, 61.583506559212886 ], [ 13.520296220721363, 61.641953655751067 ], [ 12.877, 61.371 ], [ 12.82, 61.205 ], [ 12.683, 61.04 ], [ 12.480885693097044, 61.011672803893767 ], [ 12.352933941216236, 60.929530938488803 ], [ 12.632532213844666, 60.523560565237339 ], [ 12.569346163533156, 60.18551519607076 ], [ 12.447, 60.051 ], [ 12.108087996259133, 59.828514011810725 ], [ 11.890096122684422, 59.689504701125394 ], [ 11.757405417030251, 59.449397709941657 ], [ 11.807954257279459, 59.095555828197199 ], [ 11.564687963580145, 58.798581391733101 ], [ 11.415, 58.432 ], [ 11.232, 58.34 ], [ 11.286, 58.58 ], [ 11.179, 58.736 ], [ 11.232, 58.8 ], [ 11.117, 58.969 ], [ 11.22, 59.09 ], [ 11.355, 59.092 ], [ 11.438, 58.992 ], [ 11.37, 59.101 ], [ 10.902, 59.197 ], [ 10.823, 59.164 ], [ 10.361, 59.271 ], [ 10.314, 59.128 ], [ 9.957, 58.957 ], [ 9.846, 58.956 ], [ 9.69, 58.957 ], [ 9.399, 58.899 ], [ 9.271, 58.833 ], [ 9.45, 58.833 ], [ 8.949, 58.58 ], [ 8.944, 58.526 ], [ 8.501, 58.257 ], [ 8.354, 58.245 ], [ 8.123, 58.102 ], [ 8.03, 58.225 ], [ 7.916, 58.082 ], [ 7.654, 58.065 ], [ 7.579, 58.018 ], [ 6.999, 58.031 ], [ 6.531, 58.121 ], [ 6.698, 58.225 ], [ 6.001, 58.39 ], [ 5.964, 58.468 ], [ 5.704, 58.521 ], [ 5.478, 58.755 ], [ 5.297, 59.345 ], [ 5.182, 59.511 ], [ 5.223, 60.211 ], [ 5.178, 60.389 ], [ 5.298, 60.396 ], [ 5.3, 60.561 ], [ 4.927, 60.8 ], [ 5.047, 60.844 ], [ 5.016, 61.047 ], [ 5.135, 61.077 ], [ 5.021, 61.216 ], [ 5.058, 61.323 ], [ 4.948, 61.416 ], [ 5.29, 61.48 ], [ 5.146, 61.595 ], [ 4.993, 61.63 ], [ 4.974, 61.739 ], [ 5.071, 62.164 ], [ 5.182, 62.213 ], [ 5.431, 62.186 ], [ 6.028, 62.306 ], [ 6.305, 62.459 ], [ 6.263, 62.527 ], [ 6.32, 62.609 ], [ 6.537, 62.616 ], [ 6.613, 62.561 ], [ 6.777, 62.65 ], [ 7.017, 62.842 ], [ 6.91, 62.929 ], [ 7.271, 63.014 ], [ 7.501, 62.911 ], [ 7.668, 62.979 ], [ 7.961, 63.028 ], [ 8.087, 63.11 ], [ 8.236, 63.151 ], [ 8.639, 63.392 ], [ 8.823, 63.429 ], [ 9.115, 63.418 ], [ 9.162, 63.507 ], [ 9.544, 63.666 ], [ 9.546, 63.774 ], [ 9.936, 63.959 ], [ 10.17, 64.199 ], [ 10.397, 64.264 ], [ 10.45, 64.35 ], [ 10.607, 64.366 ], [ 10.605, 64.452 ], [ 10.762, 64.48 ], [ 10.892, 64.475 ], [ 10.957, 64.603 ], [ 11.245, 64.858 ], [ 11.401, 64.922 ] ] ] ] } },
{ "type": "Feature", "properties": { "id": "teutonic_knights1236", "colorId": "latvia", "name": "Тевтонский орден", "parent": null }, "geometry": { "type": "MultiPolygon", "coordinates": [ [ [ [ 25.485, 59.67 ], [ 25.622, 59.58 ], [ 25.725, 59.666 ], [ 26.458, 59.546 ], [ 26.665, 59.552 ], [ 26.827, 59.477 ], [ 27.116, 59.442 ], [ 27.409, 59.452 ], [ 27.873, 59.408 ], [ 27.368440546659905, 58.591771398999818 ], [ 27.460982729998886, 57.498892281472799 ], [ 27.649218765151463, 57.340498119979031 ], [ 27.707184910110922, 57.143413227116874 ], [ 27.649218765151463, 56.981108021230391 ], [ 27.812562982937148, 56.852464205491607 ], [ 27.81850117670977, 56.69510207051718 ], [ 27.166541224665323, 56.335684192037007 ], [ 26.517670365488271, 56.158719412261448 ], [ 26.033966634101738, 56.23737042549503 ], [ 25.337905166984537, 56.032877791087714 ], [ 24.429485964136664, 56.009282487117652 ], [ 23.922186928780057, 55.926698923222389 ], [ 23.560392267905577, 55.93063147388407 ], [ 23.007868899939659, 56.017147588440992 ], [ 22.74242173027632, 56.237370425495044 ], [ 22.150572855693614, 56.48118856651913 ], [ 21.495803170524038, 56.410402654608909 ], [ 21.151704987627117, 56.292426134758536 ], [ 20.969, 56.253 ], [ 20.992, 56.549 ], [ 21.065, 56.846 ], [ 21.402, 57.038 ], [ 21.421, 57.289 ], [ 21.699, 57.555 ], [ 21.999, 57.6 ], [ 22.586, 57.76 ], [ 22.656, 57.586 ], [ 23.031, 57.394 ], [ 23.13, 57.371 ], [ 23.25, 57.114 ], [ 23.34, 57.059 ], [ 23.695, 56.967 ], [ 23.953, 57.013 ], [ 24.379, 57.23 ], [ 24.406, 57.344 ], [ 24.306, 57.868 ], [ 24.464, 58.072 ], [ 24.529, 58.351 ], [ 24.327, 58.388 ], [ 24.112, 58.241 ], [ 23.98, 58.318 ], [ 23.741, 58.343 ], [ 23.664, 58.536 ], [ 23.516, 58.555 ], [ 23.533, 58.747 ], [ 23.803, 58.731 ], [ 23.816, 58.8 ], [ 23.429, 58.765 ], [ 23.526, 58.82 ], [ 23.422, 58.909 ], [ 23.553, 58.971 ], [ 23.408, 59.026 ], [ 23.519, 59.125 ], [ 23.471, 59.212 ], [ 23.757, 59.284 ], [ 24.092, 59.313 ], [ 24.022, 59.378 ], [ 25.146, 59.539 ], [ 25.408, 59.491 ], [ 25.533, 59.532 ], [ 25.485, 59.67 ] ] ], [ [ [ 22.114, 58.498 ], [ 22.583, 58.635 ], [ 22.641, 58.589 ], [ 22.9, 58.62 ], [ 23.231, 58.505 ], [ 23.022, 58.363 ], [ 22.669, 58.222 ], [ 22.535, 58.254 ], [ 22.323, 58.207 ], [ 22.19, 57.984 ], [ 22.017, 57.914 ], [ 21.998, 57.984 ], [ 22.203, 58.148 ], [ 21.868, 58.265 ], [ 22.011, 58.354 ], [ 21.885, 58.498 ], [ 22.114, 58.498 ] ] ], [ [ [ 23.059, 58.603 ], [ 23.155, 58.676 ], [ 23.288, 58.666 ], [ 23.382, 58.58 ], [ 23.224, 58.535 ], [ 23.059, 58.603 ] ] ], [ [ [ 22.463, 58.971 ], [ 22.598, 59.09 ], [ 22.737, 59.005 ], [ 22.934, 58.984 ], [ 23.041, 58.841 ], [ 22.737, 58.806 ], [ 22.556, 58.687 ], [ 22.44, 58.841 ], [ 22.292, 58.895 ], [ 22.063, 58.926 ], [ 22.463, 58.971 ] ] ], [ [ [ 23.364, 59.029 ], [ 23.148, 58.974 ], [ 23.114, 59.022 ], [ 23.364, 59.029 ] ] ] ] } },
{ "type": "Feature", "properties": { "id": "sunda1025", "colorId": "sunda", "name": "Сунда", "parent": null }, "geometry": { "type": "MultiPolygon", "coordinates": [ [ [ [ 108.198, -6.228 ], [ 108.36, -6.246 ], [ 108.372, -6.34 ], [ 108.54, -6.487 ], [ 108.605, -6.762 ], [ 108.749, -6.812 ], [ 108.835, -6.788 ], [ 108.673, -7.721 ], [ 108.54, -7.692 ], [ 108.454, -7.819 ], [ 108.327, -7.817 ], [ 107.954, -7.74 ], [ 107.865, -7.745 ], [ 107.807, -7.687 ], [ 107.687, -7.662 ], [ 107.591, -7.57 ], [ 107.411, -7.496 ], [ 107.107, -7.456 ], [ 106.523, -7.411 ], [ 106.398, -7.378 ], [ 106.381, -7.247 ], [ 106.541, -7.055 ], [ 106.537, -6.983 ], [ 106.283, -6.983 ], [ 106.053, -6.837 ], [ 105.96, -6.818 ], [ 105.486, -6.868 ], [ 105.261, -6.767 ], [ 105.364, -6.665 ], [ 105.454, -6.809 ], [ 105.628, -6.616 ], [ 105.619, -6.533 ], [ 105.678, -6.475 ], [ 105.711, -6.535 ], [ 105.824, -6.435 ], [ 105.832, -6.229 ], [ 105.888, -6.071 ], [ 106.053, -5.881 ], [ 106.176, -6.014 ], [ 106.257, -5.942 ], [ 106.495, -6.035 ], [ 106.549, -6.007 ], [ 106.721, -6.031 ], [ 106.793, -6.104 ], [ 106.994, -6.079 ], [ 107.044, -5.914 ], [ 107.15, -5.973 ], [ 107.354, -5.976 ], [ 107.47, -6.145 ], [ 107.678, -6.238 ], [ 107.811, -6.189 ], [ 108.094, -6.327 ], [ 108.204, -6.276 ], [ 108.198, -6.228 ] ] ], [ [ [ 105.188, -6.548 ], [ 105.264, -6.528 ], [ 105.256, -6.628 ], [ 105.183, -6.672 ], [ 105.188, -6.548 ] ] ] ] } }
]
}
