{
"type": "FeatureCollection",
"name": "1610",
"crs": { "type": "name", "properties": { "name": "urn:ogc:def:crs:OGC:1.3:CRS84" } },
"features": [
{ "type": "Feature", "properties": { "id": "kashgar1514", "colorId": "kashgar", "name": "Кашгар", "parent": null }, "geometry": { "type": "MultiPolygon", "coordinates": [ [ [ [ 78.187038263588974, 41.96440163618923 ], [ 79.484444839792772, 42.127266615415266 ], [ 80.914004583612794, 42.500540548523823 ], [ 81.894841407844851, 43.000886458860833 ], [ 82.339593328144403, 43.572710356388839 ], [ 82.57388228615936, 45.022125096650797 ], [ 82.98686621215181, 45.188907066763136 ], [ 83.757240074099272, 45.331863041145134 ], [ 85.488595763836841, 46.197540886013925 ], [ 86.100129654248732, 46.419916846163702 ], [ 87.076995479192405, 46.459626839047594 ], [ 88.037977306982526, 46.245192877474594 ], [ 89.022785130502982, 46.284902870358479 ], [ 89.840810983911098, 46.149888894553257 ], [ 90.738256823086999, 46.05458491163192 ], [ 91.603934667955784, 46.08635290593903 ], [ 92.276316726963486, 46.227114753852959 ], [ 92.799563018002402, 46.031769471865097 ], [ 93.413505332821401, 44.789931607799396 ], [ 93.134440644267315, 43.450421102739767 ], [ 92.764679931933145, 42.208583238674059 ], [ 93.029791386059543, 40.701633920481981 ], [ 92.268545698262145, 38.78081995225272 ], [ 91.905397170708696, 38.615752439728418 ], [ 91.344167628126073, 38.508458556587627 ], [ 90.448676372681746, 38.231970473109428 ], [ 90.18456835264287, 38.12467658996863 ], [ 90.135048098885576, 38.009129331201628 ], [ 89.573818556302967, 38.124676589968637 ], [ 89.185909901870858, 38.248477224361864 ], [ 88.542146603026097, 38.207210346230788 ], [ 88.030437314200768, 37.910088823687047 ], [ 87.205099751579297, 37.588207174264667 ], [ 86.800684345894766, 37.348859281104438 ], [ 86.01661366140435, 37.051737758560698 ], [ 85.447130743195501, 36.787629738521822 ], [ 84.646553307452663, 36.548281845361586 ], [ 83.907876188906428, 36.412101147529043 ], [ 83.338393270697608, 36.416227835342148 ], [ 82.797797167180534, 36.333694079080004 ], [ 82.372748322430468, 36.214020132499883 ], [ 82.149907180522661, 36.143866439677069 ], [ 80.878887334085562, 34.955380349502121 ], [ 80.610652626233573, 34.876973281053083 ], [ 80.346544606194698, 34.782059461351608 ], [ 80.041169708024739, 34.658258826958388 ], [ 79.645007677966433, 34.348757240975324 ], [ 79.451053350750385, 34.080522533123343 ], [ 79.286258171553072, 33.982616333201179 ], [ 78.928232715927081, 33.968576119255061 ], [ 78.928595077978287, 34.192886584634962 ], [ 78.589972907746443, 35.046038545998329 ], [ 78.334906857441922, 35.261525381600421 ], [ 78.123817712362325, 35.477012217202507 ], [ 77.758809398995524, 35.551772956084875 ], [ 77.442175681376128, 35.54957411082362 ], [ 76.980418176514505, 35.413245704626384 ], [ 76.610693754559421, 35.239790831218507 ], [ 76.452089118385047, 35.194967781864875 ], [ 76.317619970324159, 34.936373266363177 ], [ 76.141775699783011, 34.698466312101615 ], [ 75.669409718133252, 34.553653383420667 ], [ 75.452190325111815, 34.239892037945275 ], [ 75.006583983787763, 34.478333649232411 ], [ 74.607276104617057, 34.566601706733309 ], [ 74.035635351277932, 34.688495690901206 ], [ 73.539652932939589, 34.612837355900439 ], [ 73.232816352103129, 34.663276245900946 ], [ 73.026857551267724, 34.579211429233432 ], [ 73.223609152450777, 34.892260669995359 ], [ 73.090289313347668, 34.984205386618193 ], [ 72.908698498017628, 35.31060913062916 ], [ 72.706420121447422, 35.54047092218623 ], [ 72.291422145257556, 36.040936364476359 ], [ 71.611, 36.705 ], [ 71.463, 36.948 ], [ 71.431, 37.067 ], [ 71.487, 37.267 ], [ 71.497, 37.567 ], [ 71.538, 37.779 ], [ 71.598, 37.898 ], [ 71.501, 37.946 ], [ 71.341, 37.893 ], [ 71.258, 37.926 ], [ 71.365, 38.207 ], [ 71.334, 38.281 ], [ 71.05, 38.409 ], [ 71.185056327059883, 38.632787241633032 ], [ 71.371693293614172, 38.740004222419529 ], [ 71.667532740599142, 38.988191677943838 ], [ 71.937560692209587, 39.347567113543036 ], [ 72.08448766587999, 41.027299812531545 ], [ 72.652340564119598, 41.555442717887274 ], [ 72.960319958688629, 41.909307902928248 ], [ 73.02927849615574, 41.895516195434809 ], [ 74.022281435682274, 41.778286681740688 ], [ 74.102228884878485, 41.580687689427371 ], [ 74.395246807860275, 41.45859688818495 ], [ 77.719604910260855, 41.63650062713819 ], [ 78.187038263588974, 41.96440163618923 ] ] ] ] } },
{ "type": "Feature", "properties": { "id": "papal_states756", "colorId": "vatican", "name": "Папская область", "parent": null }, "geometry": { "type": "MultiPolygon", "coordinates": [ [ [ [ 12.118065257241843, 43.622369286106242 ], [ 12.035089357137142, 43.927257477188633 ], [ 11.9077309988369, 44.029530098247918 ], [ 11.900012310455066, 44.106716982066246 ], [ 11.952113457032439, 44.176185177502759 ], [ 11.79966936149124, 44.222497307793752 ], [ 11.512148219267965, 44.137591735593595 ], [ 11.417594286590512, 44.226356651984673 ], [ 11.23620510961744, 44.15302911235726 ], [ 10.89079380453042, 44.10671698206626 ], [ 10.805888232330258, 44.168466489120924 ], [ 10.803958560234793, 44.215743455459645 ], [ 10.852200362621256, 44.268809438084752 ], [ 10.850270690525797, 44.349855666093987 ], [ 10.931316918535043, 44.500370089539729 ], [ 10.931316918535043, 44.643165824603635 ], [ 10.993066425589705, 44.731930740994713 ], [ 11.319090822237683, 44.948686168750022 ], [ 11.443438900109104, 44.934151885021826 ], [ 11.725608409098998, 44.969269337705029 ], [ 12.063963814866131, 44.946729594876423 ], [ 12.292, 44.843 ], [ 12.254, 44.751 ], [ 12.284, 44.488 ], [ 12.369, 44.251 ], [ 12.479, 44.139 ], [ 12.71, 43.983 ], [ 12.818794127423066, 43.943981009707166 ], [ 12.947, 43.898 ], [ 13.253, 43.703 ], [ 13.617, 43.531 ], [ 13.835, 43.127 ], [ 13.781442603526827, 42.997155527177775 ], [ 13.600053426553753, 42.900671922404868 ], [ 13.329899333189603, 42.900671922404868 ], [ 13.235470042214311, 42.834367731262233 ], [ 13.152369500407447, 42.769454219913712 ], [ 12.955542946670709, 42.707704712859048 ], [ 12.909230816379711, 42.599643075513384 ], [ 12.909230816379711, 42.37966045663115 ], [ 12.978699011816207, 42.321770293767401 ], [ 13.070669567975198, 42.026117778605588 ], [ 13.408566401564084, 41.915784118658195 ], [ 13.567171037738458, 41.812346312457521 ], [ 13.567171037738458, 41.577887285069309 ], [ 13.408566401564084, 41.543408016335754 ], [ 13.277545180376556, 41.371011672667954 ], [ 13.324, 41.295 ], [ 13.045, 41.228 ], [ 12.894, 41.399 ], [ 12.635, 41.447 ], [ 12.448, 41.631 ], [ 12.239, 41.736 ], [ 12.147, 41.903 ], [ 11.917, 42.038 ], [ 11.827, 42.034 ], [ 11.658, 42.279 ], [ 11.396, 42.4 ], [ 11.588061012432133, 42.598473639582679 ], [ 11.701842599252879, 42.643296688936303 ], [ 11.705290526126236, 42.83638059384424 ], [ 11.782302312632114, 43.014522576036896 ], [ 11.828614442923111, 43.089779787759767 ], [ 11.967550833796102, 43.124513885478009 ], [ 12.166307059628299, 43.371511913696665 ], [ 12.214548862014755, 43.541323058096999 ], [ 12.118065257241843, 43.622369286106242 ] ], [ [ 12.429, 43.892 ], [ 12.482, 43.983 ], [ 12.386, 43.925 ], [ 12.429, 43.892 ] ] ], [ [ [ 4.803941193080809, 43.927603013884415 ], [ 4.798144578584863, 44.060925147291172 ], [ 4.740178433625405, 44.168162515466165 ], [ 4.827127651064592, 44.23482358216954 ], [ 5.006822700438913, 44.260908347401298 ], [ 5.063339691774384, 44.30003549524892 ], [ 5.153187216461545, 44.23627273579352 ], [ 5.254627970140596, 44.181204898082029 ], [ 5.153187216461545, 43.911662324020554 ], [ 5.037254926542628, 43.856594486309064 ], [ 4.899585332263915, 43.927603013884415 ], [ 4.803941193080809, 43.927603013884415 ] ] ] ] } },
{ "type": "Feature", "properties": { "id": "ott_wallachia1517", "colorId": "turkey", "name": null, "parent": "ottoman" }, "geometry": { "type": "MultiPolygon", "coordinates": [ [ [ [ 24.706, 43.744 ], [ 24.498457060182012, 43.692689841000352 ], [ 24.185086704374168, 43.657435675971968 ], [ 23.378158038168962, 43.857209277799477 ], [ 22.990362222856749, 43.782783818295108 ], [ 22.851, 43.897 ], [ 22.704411773182088, 43.947303255094212 ], [ 22.328367346212673, 43.876794925037444 ], [ 22.4, 43.993 ], [ 22.605, 44.079 ], [ 22.606, 44.175 ], [ 22.692, 44.228 ], [ 22.682, 44.305 ], [ 22.505, 44.404 ], [ 22.484, 44.5 ], [ 22.621, 44.569 ], [ 22.765, 44.583 ], [ 22.426, 44.734 ], [ 22.473592494237113, 44.944861572204836 ], [ 22.602297239332188, 45.120906433865208 ], [ 22.870008555061297, 45.118427625386232 ], [ 23.03360991467353, 45.220058773024135 ], [ 23.385600718687733, 45.269634942603602 ], [ 23.787167692281407, 45.428278685257894 ], [ 24.109412794547932, 45.423321068299948 ], [ 24.704972116592359, 45.523174162491685 ], [ 24.944241148051123, 45.465419568691296 ], [ 25.200011492024284, 45.34991038109051 ], [ 25.398027242197053, 45.424166287405299 ], [ 25.612544304884221, 45.391163662376506 ], [ 26.091082367801746, 45.481920881205696 ], [ 26.330351399260508, 45.622182037578071 ], [ 26.43760993060409, 45.811947131493639 ], [ 26.437609930604093, 45.997586897280598 ], [ 26.264036241859433, 46.449521104211129 ], [ 26.096924002004751, 46.647417177723248 ], [ 26.101321692527243, 46.81452941757793 ], [ 25.881437166402662, 46.920073990117729 ], [ 25.784687974907847, 47.052004705792477 ], [ 25.626371116098149, 47.175140040422242 ], [ 25.278392726467661, 47.321817226560988 ], [ 25.226233905846129, 47.467414479759327 ], [ 24.953793024536672, 47.542770468206619 ], [ 24.785691204154247, 47.815211349516076 ], [ 24.840759041865731, 48.049974236601912 ], [ 24.991471018760322, 48.244160822216095 ], [ 25.284200050805588, 48.334008346903261 ], [ 25.449403563940045, 48.478923709301903 ], [ 25.258115285573833, 48.693398445651901 ], [ 25.258115285573833, 48.803534121074868 ], [ 25.356657732004912, 48.849907037042449 ], [ 25.646488456802206, 48.670211987668125 ], [ 26.009897368152611, 48.615418324548415 ], [ 25.967835766367969, 48.457687317856013 ], [ 26.152962289730738, 48.316021305553448 ], [ 26.268658982177982, 48.310792227360551 ], [ 26.313119659674019, 48.26633154986451 ], [ 26.618, 48.259 ], [ 26.805, 48.258 ], [ 26.998, 48.167 ], [ 27.17, 47.974 ], [ 27.304, 47.667 ], [ 27.563, 47.468 ], [ 27.572, 47.375 ], [ 27.723, 47.283 ], [ 27.807, 47.145 ], [ 28.028, 47.033 ], [ 28.234, 46.662 ], [ 28.246, 46.428 ], [ 28.086, 46.001 ], [ 28.168, 45.632 ], [ 28.062, 45.594 ], [ 28.199, 45.462 ], [ 28.33, 45.323 ], [ 28.577, 45.248 ], [ 28.779, 45.231 ], [ 28.79, 45.321 ], [ 28.966, 45.32 ], [ 29.322, 45.444 ], [ 29.57, 45.395 ], [ 29.65, 45.346 ], [ 29.659, 45.216 ], [ 29.618, 44.861 ], [ 29.562, 44.82 ], [ 29.156, 44.784 ], [ 29.001, 44.689 ], [ 28.975, 44.745 ], [ 29.098, 44.775 ], [ 29.052, 44.945 ], [ 28.973, 45.011 ], [ 28.864, 44.892 ], [ 28.946, 44.765 ], [ 28.789, 44.706 ], [ 28.784, 44.649 ], [ 28.924, 44.682 ], [ 28.733, 44.568 ], [ 28.746, 44.486 ], [ 28.91, 44.584 ], [ 28.844, 44.494 ], [ 28.641, 44.329 ], [ 28.631, 44.154 ], [ 28.671, 44.003 ], [ 28.578, 43.741 ], [ 28.150729565853133, 43.783273199022076 ], [ 27.956131760232875, 43.895414307345611 ], [ 27.929745617097925, 44.002058302516041 ], [ 27.725253007802067, 43.954783129399253 ], [ 27.662585917856557, 44.020198775921315 ], [ 27.430607742795122, 44.020748487236631 ], [ 27.232711669282995, 44.148281512388891 ], [ 26.898487189573625, 44.152679202911379 ], [ 26.810533379123793, 44.086713845074009 ], [ 26.634625758224125, 44.086713845074009 ], [ 26.151, 44.012 ], [ 25.934, 43.87 ], [ 25.781, 43.732 ], [ 25.557, 43.67 ], [ 25.36, 43.654 ], [ 25.252, 43.705 ], [ 24.964, 43.75 ], [ 24.706, 43.744 ] ] ] ] } },
{ "type": "Feature", "properties": { "id": "banten1579", "colorId": "banten", "name": "Бантен", "parent": null }, "geometry": { "type": "MultiPolygon", "coordinates": [ [ [ [ 105.454, -6.809 ], [ 105.628, -6.616 ], [ 105.619, -6.533 ], [ 105.678, -6.475 ], [ 105.711, -6.535 ], [ 105.824, -6.435 ], [ 105.832, -6.229 ], [ 105.888, -6.071 ], [ 106.053, -5.881 ], [ 106.176, -6.014 ], [ 106.257, -5.942 ], [ 106.495, -6.035 ], [ 106.549, -6.007 ], [ 106.721, -6.031 ], [ 106.793, -6.104 ], [ 106.994, -6.079 ], [ 107.044, -5.914 ], [ 107.15, -5.973 ], [ 107.354, -5.976 ], [ 107.47, -6.145 ], [ 107.678, -6.238 ], [ 107.811, -6.189 ], [ 108.094, -6.327 ], [ 108.204, -6.276 ], [ 108.198, -6.228 ], [ 108.36, -6.246 ], [ 108.372, -6.34 ], [ 108.54, -6.487 ], [ 108.605, -6.762 ], [ 108.749, -6.812 ], [ 108.835, -6.788 ], [ 108.926758968745474, -7.269314585114866 ], [ 108.809028577172072, -7.547943178505281 ], [ 108.803931944879409, -7.695658388467193 ], [ 108.673, -7.721 ], [ 108.54, -7.692 ], [ 108.454, -7.819 ], [ 108.327, -7.817 ], [ 107.954, -7.74 ], [ 107.865, -7.745 ], [ 107.807, -7.687 ], [ 107.687, -7.662 ], [ 107.591, -7.57 ], [ 107.411, -7.496 ], [ 107.107, -7.456 ], [ 106.523, -7.411 ], [ 106.398, -7.378 ], [ 106.381, -7.247 ], [ 106.541, -7.055 ], [ 106.537, -6.983 ], [ 106.283, -6.983 ], [ 106.053, -6.837 ], [ 105.96, -6.818 ], [ 105.486, -6.868 ], [ 105.261, -6.767 ], [ 105.364, -6.665 ], [ 105.454, -6.809 ] ] ], [ [ [ 105.183, -6.672 ], [ 105.188, -6.548 ], [ 105.264, -6.528 ], [ 105.256, -6.628 ], [ 105.183, -6.672 ] ] ], [ [ [ 102.39, -5.477 ], [ 102.298, -5.473 ], [ 102.099, -5.335 ], [ 102.172, -5.28 ], [ 102.407, -5.404 ], [ 102.39, -5.477 ] ] ], [ [ [ 105.83, -5.655 ], [ 105.783, -5.829 ], [ 105.602, -5.81 ], [ 105.545, -5.658 ], [ 105.484, -5.659 ], [ 105.311, -5.466 ], [ 105.25, -5.459 ], [ 105.239, -5.569 ], [ 105.18, -5.58 ], [ 105.215, -5.759 ], [ 105.118, -5.782 ], [ 104.791, -5.609 ], [ 104.623, -5.491 ], [ 104.533, -5.56 ], [ 104.689, -5.808 ], [ 104.716, -5.921 ], [ 104.561, -5.928 ], [ 104.542, -5.842 ], [ 104.298, -5.643 ], [ 104.258, -5.54 ], [ 104.111, -5.446 ], [ 103.993, -5.313 ], [ 104.002, -5.263 ], [ 103.901, -5.219 ], [ 103.913, -5.139 ], [ 103.692, -4.952 ], [ 103.393, -4.814 ], [ 103.173, -4.618 ], [ 102.92, -4.493 ], [ 102.876, -4.421 ], [ 102.701, -4.27 ], [ 102.313, -3.991 ], [ 102.305, -3.845 ], [ 102.363259571655092, -3.742470398943993 ], [ 102.566687257183091, -3.745918325817349 ], [ 102.832177626431502, -3.852804058891384 ], [ 103.076980434439761, -3.842460278271315 ], [ 103.15585040989717, -3.78081329211237 ], [ 104.372668951893971, -4.042897285773227 ], [ 104.798555441592868, -4.230100138388124 ], [ 105.299323072337714, -4.328381636010945 ], [ 105.836653760234014, -4.336571760812848 ], [ 105.853, -4.404 ], [ 105.906, -4.469 ], [ 105.872, -4.849 ], [ 105.91, -4.943 ], [ 105.867, -5.041 ], [ 105.865, -5.256 ], [ 105.833, -5.383 ], [ 105.83, -5.655 ] ] ] ] } },
{ "type": "Feature", "properties": { "id": "fr_guyane1607", "colorId": "france", "name": null, "parent": "france1607" }, "geometry": { "type": "MultiPolygon", "coordinates": [ [ [ [ -54.479, 4.755 ], [ -54.482, 4.913 ], [ -54.43, 5.053 ], [ -54.269, 5.269 ], [ -54.171, 5.348 ], [ -54.061, 5.437 ], [ -53.944, 5.745 ], [ -53.81, 5.731 ], [ -53.517, 5.581 ], [ -53.281, 5.562 ], [ -52.995, 5.458 ], [ -52.783, 5.317 ], [ -52.753, 5.267 ], [ -52.402, 4.974 ], [ -52.389, 4.896 ], [ -52.3, 4.945 ], [ -51.996, 4.652 ], [ -51.896, 4.665 ], [ -51.793, 4.601 ], [ -51.717, 4.334 ], [ -51.651, 4.19 ], [ -51.683, 4.039 ], [ -51.783, 3.981 ], [ -51.835, 3.868 ], [ -51.988, 3.705 ], [ -52.013, 3.619 ], [ -52.228, 3.26 ], [ -52.362, 3.132 ], [ -52.560177112994715, 3.355352775846451 ], [ -53.218254860191195, 3.707894426130279 ], [ -53.594299287160609, 4.107441629785284 ], [ -54.033017785291598, 4.318966619955581 ], [ -54.428647859499002, 4.369889302774355 ], [ -54.451, 4.484 ], [ -54.435, 4.709 ], [ -54.479, 4.755 ] ] ] ] } },
{ "type": "Feature", "properties": { "id": "ott_serbia", "colorId": "turkey", "name": null, "parent": "ottoman" }, "geometry": { "type": "MultiPolygon", "coordinates": [ [ [ [ 18.872, 42.29 ], [ 18.779, 42.271 ], [ 18.827002580054636, 42.468290480397187 ], [ 18.662261306398126, 42.585712452045975 ], [ 18.432675063323625, 42.597980419233167 ], [ 18.467, 42.769 ], [ 18.465268708013255, 42.895958590451997 ], [ 18.506387105255026, 43.029006691175866 ], [ 18.632248617800919, 43.024740199225164 ], [ 18.681313275234064, 43.058872134830828 ], [ 18.600249928170609, 43.129269252017515 ], [ 18.659980815480523, 43.21459909103168 ], [ 18.854106199237751, 43.355393325405053 ], [ 19.001300171537189, 43.231665058834515 ], [ 19.067430796773166, 43.235931550785224 ], [ 19.026899123241435, 43.41939070466568 ], [ 18.928769808375147, 43.462055624172763 ], [ 18.945835776177979, 43.538852479285509 ], [ 19.103695978354185, 43.543118971236218 ], [ 19.233823982850797, 43.504720543679852 ], [ 19.35968549539669, 43.564451430989763 ], [ 19.482, 43.561 ], [ 19.538853416230875, 43.600429903120144 ], [ 19.534455725708384, 43.749951380884859 ], [ 19.462, 43.762 ], [ 19.385284447100933, 43.867372359490055 ], [ 19.229557490900081, 43.961235182405638 ], [ 19.218891261023309, 44.035898791543033 ], [ 19.361818741372037, 43.956968690454929 ], [ 19.50687946769612, 43.967634920331697 ], [ 19.619, 44.036 ], [ 19.362, 44.191 ], [ 19.324, 44.264 ], [ 19.177, 44.287 ], [ 19.107, 44.383 ], [ 19.13, 44.518 ], [ 19.328, 44.734 ], [ 19.369, 44.887 ], [ 19.513246666750074, 44.945628224487706 ], [ 19.627816630033465, 45.160729861626407 ], [ 19.851582539799708, 45.229175904613733 ], [ 20.070083369336164, 45.179157642430667 ], [ 20.199077834966115, 45.129139380247636 ], [ 20.04912450598971, 45.735650936650579 ], [ 20.039209272073816, 45.988489401505852 ], [ 20.173064929938374, 46.271073568108804 ], [ 20.396157693045971, 46.231412632445235 ], [ 20.644038540943299, 46.132260293286301 ], [ 20.951410792335984, 46.077726506748888 ], [ 21.452130105088585, 46.152090761118089 ], [ 21.66035001732234, 46.092599357622731 ], [ 21.903273248261723, 46.087641740664786 ], [ 22.16602694703289, 45.973616550632016 ], [ 22.245348818360036, 45.780269489272101 ], [ 22.324670689687178, 45.641456214449597 ], [ 22.408950177972269, 45.304338261309233 ], [ 22.473399198425579, 45.210143539108245 ], [ 22.602297239332188, 45.120906433865208 ], [ 22.473592494237113, 44.944861572204836 ], [ 22.426, 44.734 ], [ 22.765, 44.583 ], [ 22.621, 44.569 ], [ 22.484, 44.5 ], [ 22.505, 44.404 ], [ 22.682, 44.305 ], [ 22.692, 44.228 ], [ 22.606, 44.175 ], [ 22.605, 44.079 ], [ 22.4, 43.993 ], [ 22.328367346212673, 43.876794925037444 ], [ 22.349, 43.808 ], [ 22.473, 43.636 ], [ 22.519, 43.474 ], [ 22.773935084967487, 43.378562663489262 ], [ 22.875081966984794, 43.321392686696875 ], [ 22.866286585939811, 43.17187120893216 ], [ 22.725560489220079, 43.004758969077479 ], [ 22.505675963095499, 42.923401694411382 ], [ 22.404529081078191, 42.853038646051516 ], [ 22.481, 42.74 ], [ 22.402330235816947, 42.641949500971918 ], [ 22.270399520142199, 42.545200309477103 ], [ 22.270399520142199, 42.435258046414809 ], [ 21.761885975350424, 42.432843069398601 ], [ 21.667335629116856, 42.487814200929741 ], [ 21.662937938594361, 42.610949535559506 ], [ 21.555194520793314, 42.69450565548685 ], [ 21.293531934705062, 42.738482560711766 ], [ 21.26274810104762, 42.830834061684094 ], [ 21.130817385372868, 42.879208657431505 ], [ 21.095635861192935, 42.984753229971304 ], [ 20.959307454995692, 43.125479326691035 ], [ 20.839, 43.17 ], [ 20.699843714168683, 43.187046994005918 ], [ 20.598, 43.185 ], [ 20.669, 43.11 ], [ 20.596, 43.007 ], [ 20.476, 42.966 ], [ 20.476, 42.856 ], [ 20.345, 42.827 ], [ 20.183, 42.743 ], [ 20.311497659634053, 42.687011074079543 ], [ 20.484761441035225, 42.521997948935571 ], [ 20.501, 42.211 ], [ 20.333, 42.318 ], [ 20.23, 42.327 ], [ 20.2, 42.428 ], [ 19.972025932696301, 42.536188796677166 ], [ 19.87087905067899, 42.575768011379587 ], [ 19.822504454931583, 42.663721821829427 ], [ 19.699, 42.655 ], [ 19.422314617384838, 42.593358773469554 ], [ 19.259600068052645, 42.360281175777494 ], [ 19.272, 42.181 ], [ 19.375, 42.095 ], [ 19.365, 41.852 ], [ 19.17, 41.938 ], [ 19.139, 42.042 ], [ 18.872, 42.29 ] ] ] ] } },
{ "type": "Feature", "properties": { "id": "mrauk_u", "colorId": "mrauk_u", "name": "Мрау-У", "parent": null }, "geometry": { "type": "MultiPolygon", "coordinates": [ [ [ [ 93.645, 18.679 ], [ 93.484, 18.875 ], [ 93.622, 18.91 ], [ 93.742, 18.872 ], [ 93.745, 18.8 ], [ 93.747, 18.709 ], [ 93.645, 18.679 ] ] ], [ [ [ 93.505, 19.872 ], [ 93.505, 19.807 ], [ 93.441, 19.811 ], [ 93.403, 19.953 ], [ 93.505, 19.872 ] ] ], [ [ [ 92.964, 20.037 ], [ 93.009, 19.89 ], [ 92.909, 20.065 ], [ 92.964, 20.037 ] ] ], [ [ [ 92.97, 20.129 ], [ 92.772, 20.201 ], [ 92.731, 20.259 ], [ 92.653, 20.418 ], [ 92.54, 20.528 ], [ 92.454, 20.669 ], [ 92.381, 20.7 ], [ 92.265, 21.061 ], [ 92.301, 20.762 ], [ 92.193, 20.996 ], [ 92.053, 21.155 ], [ 92.045, 21.3 ], [ 91.96, 21.424 ], [ 92.005, 21.504 ], [ 92.001, 21.65 ], [ 91.95, 21.716 ], [ 91.99, 21.795 ], [ 91.899, 21.789 ], [ 91.916, 21.862 ], [ 92.152646498835324, 21.928696438965893 ], [ 92.381933635913498, 22.061441623590099 ], [ 92.6974189448256, 22.099368819197011 ], [ 93.334426761641083, 21.97679002015364 ], [ 93.832935608292459, 21.717874572668066 ], [ 93.921817030563616, 21.343026835263565 ], [ 94.060935778466316, 20.508314347847371 ], [ 94.405834340975105, 19.78277143343816 ], [ 94.575868366189511, 19.230160851491323 ], [ 94.707258294764273, 19.087177693924662 ], [ 94.931394055274183, 18.530702702313864 ], [ 94.71498711409221, 18.032193855662523 ], [ 94.447, 17.973 ], [ 94.492, 18.026 ], [ 94.423, 18.242 ], [ 94.328, 18.295 ], [ 94.417, 18.314 ], [ 94.245, 18.539 ], [ 94.249, 18.639 ], [ 94.149, 18.731 ], [ 94.212, 18.742 ], [ 94.153, 18.821 ], [ 94.038, 18.859 ], [ 93.93, 18.859 ], [ 93.679, 19.02 ], [ 93.642, 19.134 ], [ 93.498, 19.314 ], [ 93.484, 19.393 ], [ 93.553, 19.431 ], [ 93.731, 19.633 ], [ 93.761, 19.675 ], [ 93.601, 19.783 ], [ 93.745, 19.917 ], [ 93.611, 19.91 ], [ 93.447, 19.951 ], [ 93.375, 20.089 ], [ 93.272, 20.048 ], [ 93.13, 20.075 ], [ 93.135, 19.834 ], [ 92.97, 20.129 ] ] ], [ [ [ 91.877, 21.481 ], [ 91.848, 21.689 ], [ 91.936, 21.76 ], [ 91.984, 21.609 ], [ 91.961, 21.506 ], [ 91.877, 21.481 ] ] ], [ [ [ 91.833, 21.877 ], [ 91.888, 21.866 ], [ 91.841, 21.735 ], [ 91.833, 21.877 ] ] ] ] } },
{ "type": "Feature", "properties": { "id": "mutapa", "colorId": "mutapa", "name": "Мономотапа", "parent": null }, "geometry": { "type": "MultiPolygon", "coordinates": [ [ [ [ 32.661778746169787, -19.011159768074123 ], [ 32.795601338004161, -19.023608381268019 ], [ 32.832947177585851, -19.263244185250514 ], [ 32.745806885228575, -19.369057397398628 ], [ 32.836059330884325, -19.605581048082644 ], [ 32.926311776540068, -19.655375500858227 ], [ 32.997891302404966, -19.792310245991079 ], [ 32.954321156226328, -20.003936670287306 ], [ 32.630657213185046, -20.548563497520242 ], [ 32.512395387843029, -20.576572877206505 ], [ 32.406582175694915, -20.707283315742409 ], [ 32.213628671189532, -20.788199301502733 ], [ 31.522730638928323, -21.273695216064663 ], [ 31.267534068453465, -21.354611201824984 ], [ 30.651327715355627, -21.348386895228035 ], [ 30.249859939852492, -21.170994157215024 ], [ 29.832831397856985, -20.735292695428676 ], [ 29.670999426336344, -20.679273936056145 ], [ 29.509167454815699, -20.39918013919349 ], [ 29.509167454815699, -19.957254370810194 ], [ 29.197952124968307, -19.440636923263526 ], [ 29.241522271146941, -18.538112466706089 ], [ 29.48427022842791, -18.065065165338055 ], [ 29.776812638484458, -17.592017863970018 ], [ 30.28098147283723, -17.386615746270742 ], [ 30.610869722475467, -17.318148373704314 ], [ 30.990552424889284, -17.311924067107366 ], [ 31.208403155782456, -17.380391439673794 ], [ 31.351562207512259, -17.517326184806645 ], [ 31.650328924165755, -17.461307425434114 ], [ 32.160722065115479, -17.710279689312028 ], [ 32.57152630051403, -17.890784580623514 ], [ 32.745806885228575, -18.068177318636529 ], [ 32.770704111616368, -18.161541917590746 ], [ 32.885853783659897, -18.233121443455648 ], [ 33.069470828269864, -18.360719728693077 ], [ 32.96365761612175, -18.494542320527458 ], [ 32.832947177585844, -18.522551700213722 ], [ 32.954321156226328, -18.681271518435892 ], [ 32.870293017167533, -18.759075350897739 ], [ 32.664890899468254, -18.77774827068858 ], [ 32.661778746169787, -19.011159768074123 ] ] ] ] } },
{ "type": "Feature", "properties": { "id": "sp_tangier1589", "colorId": "spain", "name": null, "parent": "sp_portugal1589" }, "geometry": { "type": "MultiPolygon", "coordinates": [ [ [ [ -5.706351242899437, 35.813314624648157 ], [ -5.746299251853615, 35.729351779197721 ], [ -5.8660645137207, 35.654934529105553 ], [ -5.971876540825871, 35.634004689530251 ], [ -5.908, 35.797 ], [ -5.706351242899437, 35.813314624648157 ] ] ] ] } },
{ "type": "Feature", "properties": { "id": "hausa", "colorId": "nigeria", "name": "хауса", "parent": null }, "geometry": { "type": "MultiPolygon", "coordinates": [ [ [ [ 4.875526553998245, 11.102234135726523 ], [ 4.650832782136799, 11.525187118053951 ], [ 4.426139010275352, 11.657359925031272 ], [ 4.141967475274111, 11.981183302125711 ], [ 3.613276247364825, 12.212485714336022 ], [ 3.36875655445678, 12.549526372128192 ], [ 3.243192387828325, 12.919610231664691 ], [ 3.256409668526057, 13.250042249107995 ], [ 3.421625677247709, 13.593691547249032 ], [ 3.586841685969361, 13.772124836668416 ], [ 3.695884251725653, 14.115774134809453 ], [ 4.155184755971842, 14.584987599578932 ], [ 4.69709326457886, 14.862550494231307 ], [ 5.384391860860932, 15.060809704697288 ], [ 5.794127562490629, 15.074026985395021 ], [ 6.124559579933932, 15.007940581906361 ], [ 6.758989053425075, 15.100461546790486 ], [ 7.02333466737972, 15.074026985395028 ], [ 7.234811158543434, 14.968288739813172 ], [ 7.39341852691622, 14.756812248649457 ], [ 7.525591333893542, 14.413162950508422 ], [ 8.212889930175614, 13.937340845390072 ], [ 8.490452824827988, 13.844819880505947 ], [ 8.635842912503042, 13.606908827946768 ], [ 8.635842912503042, 13.329345933294391 ], [ 8.503670105525721, 13.091434880735214 ], [ 8.609408351107579, 12.919610231664695 ], [ 9.177751421110059, 12.57596093352366 ], [ 9.402445192971507, 12.100138828405303 ], [ 9.468531596460167, 11.716837688171069 ], [ 9.336358789482848, 11.241015583052713 ], [ 9.138099579016863, 10.870931723516211 ], [ 8.616016991456444, 10.355457776304654 ], [ 8.219498570524479, 10.249719530722798 ], [ 7.79654558819705, 9.853201109790833 ], [ 7.664372781219729, 9.562420934440727 ], [ 7.347158044474157, 9.350944443277012 ], [ 6.633424886796622, 9.139467952113296 ], [ 5.998995413305478, 9.152685232811031 ], [ 5.64212883446671, 9.251814838044023 ], [ 5.258827694232477, 9.450074048510004 ], [ 5.014308001324432, 9.780506065953308 ], [ 4.862309273300513, 10.104329443047746 ], [ 4.822657431207316, 10.454587381537648 ], [ 4.875526553998245, 11.102234135726523 ] ] ] ] } },
{ "type": "Feature", "properties": { "id": "hre_austria1477", "colorId": "austria", "name": "Австрия", "parent": "holy_roman1477" }, "geometry": { "type": "MultiPolygon", "coordinates": [ [ [ [ 14.689964923396412, 45.547450634438093 ], [ 14.494108451016507, 45.692384423999222 ], [ 14.266914943055818, 45.649296000075644 ], [ 14.266914943055818, 45.390765456534169 ], [ 14.33, 45.354 ], [ 14.154, 45.072 ], [ 14.024093426270923, 45.099769442048824 ], [ 13.929454822255481, 45.01564623847954 ], [ 13.838321351722092, 45.096264308566766 ], [ 13.841826485204145, 45.282036383115603 ], [ 13.75419814815281, 45.36615958668488 ], [ 13.712, 45.593 ], [ 13.787, 45.611 ], [ 13.726, 45.704 ], [ 13.551, 45.792 ], [ 13.423, 45.724 ], [ 13.328229569950375, 45.805259442666085 ], [ 13.323831879427884, 45.906406324683395 ], [ 13.50413719085004, 46.095507017150531 ], [ 13.359013403607817, 46.196653899167835 ], [ 13.394194927787749, 46.425333806337399 ], [ 13.271059593157984, 46.460515330517332 ], [ 13.231, 46.552 ], [ 13.065, 46.598 ], [ 12.585361057097185, 46.655379941810395 ], [ 12.295408270950817, 46.663664307128862 ], [ 12.002325877419157, 46.537474914660933 ], [ 11.852804399654444, 46.524281843093462 ], [ 11.791236732339561, 46.484702628391034 ], [ 11.649227776110346, 46.332289694390141 ], [ 11.742426885943106, 46.087900917495347 ], [ 11.466971739104057, 45.882862875863268 ], [ 11.334421894008575, 45.988488533673731 ], [ 11.168734587639223, 45.998843990321816 ], [ 10.911919262766727, 45.723388843482766 ], [ 10.771085052352777, 45.880791784533656 ], [ 10.687901400184392, 45.86562598709385 ], [ 10.563635920407378, 45.809706521194194 ], [ 10.478721175893087, 45.867697078423468 ], [ 10.422801709993431, 46.012673471496655 ], [ 10.505645363178106, 46.095517124681329 ], [ 10.588489016362782, 46.310910622961487 ], [ 10.518071911155809, 46.373043362849991 ], [ 10.623347852786043, 46.447925230306588 ], [ 10.426, 46.535 ], [ 10.467, 46.604 ], [ 10.369, 46.672 ], [ 10.454, 46.864 ], [ 10.368, 46.996 ], [ 10.111, 46.847 ], [ 9.862, 46.94 ], [ 9.858, 47.015 ], [ 9.581, 47.057 ], [ 9.477, 47.064 ], [ 9.521, 47.263 ], [ 9.65, 47.41 ], [ 9.547, 47.535 ], [ 9.668228919331785, 47.56873121817145 ], [ 9.751072572516462, 47.647432688696895 ], [ 9.904333330908113, 47.618437410082258 ], [ 10.198428299713711, 47.407186094461331 ], [ 10.123869011847502, 47.307773710639722 ], [ 10.246063400294899, 47.301560436650874 ], [ 10.341333601457277, 47.415470459779804 ], [ 10.413821797993871, 47.469318834349842 ], [ 10.376542154060767, 47.626721775400725 ], [ 10.654068392229432, 47.581157766149154 ], [ 10.862463025458736, 47.53408464533495 ], [ 10.950091362510072, 47.411404973463085 ], [ 11.170914771879437, 47.425425507391296 ], [ 11.328645778571842, 47.495528177032362 ], [ 11.591530789725848, 47.558620579709327 ], [ 11.938539004449137, 47.660269450688872 ], [ 12.015651941054312, 47.621712982386285 ], [ 12.155857280336448, 47.621712982386285 ], [ 12.201424015603143, 47.68480538506325 ], [ 12.536690410851197, 47.668143601993052 ], [ 12.687880077913229, 47.496243021634861 ], [ 12.410353839744566, 47.313986984628571 ], [ 12.070694861687393, 47.313986984628571 ], [ 12.068623770357776, 47.146228586929602 ], [ 12.217742346090192, 47.094451303689176 ], [ 12.431064753040733, 47.181437139533088 ], [ 12.611249698717407, 47.115162216985361 ], [ 12.78729246173484, 47.111020034326103 ], [ 13.079316339210823, 47.00746546784525 ], [ 13.195297453669371, 47.073740390392992 ], [ 13.331989481424086, 47.111020034326096 ], [ 13.601231354274283, 47.082024755711458 ], [ 13.826980309202526, 46.945332727956746 ], [ 13.916037236376052, 47.108948942996484 ], [ 13.868402135794865, 47.218716783466178 ], [ 13.766918660643636, 47.284991706013919 ], [ 13.688217190118193, 47.243569879421578 ], [ 13.613657902251983, 47.278778432025071 ], [ 13.563951710341181, 47.334697897924727 ], [ 13.555667345022714, 47.456892286372131 ], [ 13.458326052530719, 47.550091396204891 ], [ 13.4562549612011, 47.630863958059948 ], [ 13.508032244441523, 47.750987255177733 ], [ 13.238790371591326, 47.856612912988197 ], [ 13.23671928026171, 48.009873671379843 ], [ 13.174586540373202, 48.01401585403908 ], [ 13.108311617825461, 47.974665118776358 ], [ 12.98197504671883, 48.074077502597973 ], [ 12.841140836304881, 48.030584584676014 ], [ 12.76, 48.065 ], [ 12.745, 48.121 ], [ 13.033, 48.264 ], [ 13.274, 48.307 ], [ 13.406, 48.377 ], [ 13.521, 48.585 ], [ 13.717, 48.522 ], [ 13.802, 48.612 ], [ 13.816, 48.766 ], [ 13.982, 48.706 ], [ 14.075, 48.592 ], [ 14.316, 48.558 ], [ 14.458, 48.643 ], [ 14.696, 48.59 ], [ 14.8, 48.777 ], [ 14.919, 48.762 ], [ 14.982, 49.008 ], [ 15.263, 48.983 ], [ 15.681, 48.858 ], [ 15.818, 48.872 ], [ 16.032, 48.758 ], [ 16.358, 48.727 ], [ 16.436, 48.795 ], [ 16.873, 48.719 ], [ 17.001857865423727, 48.805481650701289 ], [ 17.080834068870633, 48.871295153573719 ], [ 17.328292839670954, 48.866030073343921 ], [ 17.42832936403704, 48.839704672194948 ], [ 17.528365888403126, 48.866030073343921 ], [ 17.700278903875542, 48.978856030534033 ], [ 17.849129822884272, 49.084618525619184 ], [ 18.01364925968339, 49.147292596780751 ], [ 18.175970756667784, 49.292501571957231 ], [ 18.295682579910455, 49.425408787560215 ], [ 18.523466051834188, 49.497839700919194 ], [ 18.770924822634505, 49.53732780264265 ], [ 18.833, 49.51 ], [ 19.061534389407736, 49.449856637372832 ], [ 19.502077091099618, 49.568687234539723 ], [ 19.664382296986101, 49.362907419933649 ], [ 19.844077346360422, 49.316534503966089 ], [ 19.936823178295555, 49.374500648925547 ], [ 20.058552082710417, 49.409280335901222 ], [ 20.412145566963115, 49.409280335901222 ], [ 20.574450772849598, 49.310737889470147 ], [ 21.194688523915801, 49.502026167836355 ], [ 21.40336664576985, 49.502026167836355 ], [ 21.687400756071199, 49.432466793885006 ], [ 21.785943202502278, 49.362907419933656 ], [ 21.868106481639408, 49.228578033755191 ], [ 21.492887261777788, 49.183909079009766 ], [ 21.376747979439664, 49.110205303679805 ], [ 21.189138369508854, 48.837724679732673 ], [ 21.081932878119822, 48.779655038563618 ], [ 20.536971630225562, 48.654581965276407 ], [ 20.407431661463814, 48.538442682938289 ], [ 20.367229602192925, 48.386568236803825 ], [ 20.193020678685745, 48.31063101373659 ], [ 19.777599399553239, 48.243627581618448 ], [ 19.589989789622429, 48.100686926433063 ], [ 19.009293377931822, 48.06941865811126 ], [ 18.830617558950099, 47.984547644094945 ], [ 18.665342426392005, 47.957746271247686 ], [ 18.415196279817593, 47.843840436646822 ], [ 18.337025609013086, 47.613795319707855 ], [ 18.254388042734039, 47.522223962479721 ], [ 17.990841209735997, 47.423952262039769 ], [ 18.075712223752319, 47.048733042178156 ], [ 17.731761272212498, 46.986196505534551 ], [ 17.356542052350878, 46.794120000129197 ], [ 17.08406142840375, 46.709248986112883 ], [ 16.833915281829338, 46.87899101414552 ], [ 16.70884220854213, 46.995130296483637 ], [ 16.414027107222285, 46.910259282467322 ], [ 16.414027107222285, 46.69138140421471 ], [ 16.58488585912356, 46.463569735012996 ], [ 16.344, 46.547 ], [ 16.235, 46.493 ], [ 15.876855146018627, 46.565904290813585 ], [ 15.743672744800293, 46.401384854014466 ], [ 15.602656084686762, 46.260368193900938 ], [ 15.59, 46.114 ], [ 15.698, 46.036 ], [ 15.622241731924754, 45.95091496754069 ], [ 15.457722295125635, 45.919577931959907 ], [ 15.269700081640927, 45.813815436874762 ], [ 14.905407043014305, 45.664964517866032 ], [ 14.783976030138765, 45.496527951619314 ], [ 14.689964923396412, 45.547450634438093 ] ] ] ] } },
{ "type": "Feature", "properties": { "id": "ott_mani1517", "colorId": "turkey", "name": null, "parent": "ottoman" }, "geometry": { "type": "MultiPolygon", "coordinates": [ [ [ [ 22.355, 36.512 ], [ 22.359, 36.702 ], [ 22.577, 36.783 ], [ 22.484, 36.607 ], [ 22.511, 36.467 ], [ 22.355, 36.512 ] ] ] ] } },
{ "type": "Feature", "properties": { "id": "venice814", "colorId": "venice", "name": "Венеция", "parent": null }, "geometry": { "type": "MultiPolygon", "coordinates": [ [ [ [ 16.851, 42.901 ], [ 16.638, 42.935 ], [ 16.72, 42.99 ], [ 16.824, 42.962 ], [ 17.132, 42.97 ], [ 17.2, 42.922 ], [ 16.851, 42.901 ] ] ], [ [ [ 16.241, 43.072 ], [ 16.121, 43.013 ], [ 16.049, 43.065 ], [ 16.241, 43.072 ] ] ], [ [ [ 16.521, 43.229 ], [ 16.751, 43.162 ], [ 17.193, 43.127 ], [ 16.693, 43.127 ], [ 16.372, 43.196 ], [ 16.521, 43.229 ] ] ], [ [ [ 16.688, 43.377 ], [ 16.892, 43.312 ], [ 16.813, 43.268 ], [ 16.501, 43.284 ], [ 16.426, 43.394 ], [ 16.688, 43.377 ] ] ], [ [ [ 16.391, 43.346 ], [ 16.207, 43.387 ], [ 16.277, 43.412 ], [ 16.391, 43.346 ] ] ], [ [ [ 17.137709061420136, 43.391829769072039 ], [ 17.535944615292749, 43.059104825793199 ], [ 17.506062582390332, 43.00278868686172 ], [ 17.617832878534951, 42.924061023253429 ], [ 17.653, 42.891 ], [ 17.316, 43.127 ], [ 17.073, 43.239 ], [ 16.881, 43.406 ], [ 16.626, 43.449 ], [ 16.337, 43.551 ], [ 15.973, 43.503 ], [ 15.931, 43.676 ], [ 15.466, 43.922 ], [ 15.145, 44.195 ], [ 15.11, 44.264 ], [ 15.309, 44.309 ], [ 15.525, 44.261 ], [ 15.308, 44.354 ], [ 14.901, 44.69 ], [ 14.884, 44.861 ], [ 15.062489220329248, 44.826369030448646 ], [ 15.161621288547268, 44.759449111474858 ], [ 15.283312629698617, 44.674772007349823 ], [ 15.465579570765396, 44.500391616617669 ], [ 15.61892916060523, 44.433794080458668 ], [ 15.731093432030942, 44.288331040953445 ], [ 16.020580754452798, 44.253811487411035 ], [ 16.252741163925435, 44.017053842107259 ], [ 16.526276695878341, 43.828567173030464 ], [ 16.535471167540624, 43.729726602660925 ], [ 16.608864810177501, 43.712712026276833 ], [ 16.788319138253399, 43.532045461921847 ], [ 17.137709061420136, 43.391829769072039 ] ] ], [ [ [ 15.136, 43.903 ], [ 15.003, 44.052 ], [ 15.145, 43.95 ], [ 15.136, 43.903 ] ] ], [ [ [ 14.897, 44.491 ], [ 14.877, 44.56 ], [ 14.904, 44.61 ], [ 15.254, 44.34 ], [ 15.097, 44.34 ], [ 15.117, 44.387 ], [ 14.897, 44.491 ] ] ], [ [ [ 13.808, 44.915 ], [ 13.613, 45.118 ], [ 13.603, 45.279 ], [ 13.507, 45.512 ], [ 13.59, 45.489 ], [ 13.712, 45.593 ], [ 13.75419814815281, 45.36615958668488 ], [ 13.841826485204145, 45.282036383115603 ], [ 13.838321351722092, 45.096264308566766 ], [ 13.929454822255481, 45.01564623847954 ], [ 14.024093426270923, 45.099769442048824 ], [ 14.154, 45.072 ], [ 14.164, 44.996 ], [ 14.039, 44.949 ], [ 13.964, 44.812 ], [ 13.799, 44.865 ], [ 13.808, 44.915 ] ] ], [ [ [ 13.085, 45.642 ], [ 12.944, 45.629 ], [ 12.781, 45.554 ], [ 12.41, 45.436 ], [ 12.563, 45.532 ], [ 12.507, 45.573 ], [ 12.273, 45.464 ], [ 12.209, 45.309 ], [ 12.328, 45.101 ], [ 12.534, 44.97 ], [ 12.445, 44.821 ], [ 12.292, 44.843 ], [ 12.063963814866131, 44.946729594876423 ], [ 11.725608409098998, 44.969269337705029 ], [ 11.443438900109104, 44.934151885021826 ], [ 10.825659123897182, 45.353891619497745 ], [ 10.728391669770197, 45.449406506883655 ], [ 10.462001525134138, 45.451159073624687 ], [ 10.377878321564856, 45.253119031888659 ], [ 10.286744851031466, 45.198789462916821 ], [ 10.052777191104397, 45.147088744056518 ], [ 9.732933760867025, 45.237345931219409 ], [ 9.547161686318194, 45.338994802198954 ], [ 9.547161686318194, 45.510746342819573 ], [ 9.620769489441315, 45.650951682101713 ], [ 9.626027189664393, 45.78589932116077 ], [ 9.419224314223241, 45.934867494148037 ], [ 9.323709426837276, 46.018114414346847 ], [ 9.516491768350214, 46.084711950505863 ], [ 9.632161173257977, 46.042650348721217 ], [ 10.080818258960818, 46.102237617916124 ], [ 10.29813653484813, 46.193371088449517 ], [ 10.505645363178106, 46.095517124681329 ], [ 10.422801709993431, 46.012673471496655 ], [ 10.478721175893087, 45.867697078423468 ], [ 10.563635920407378, 45.809706521194194 ], [ 10.687901400184392, 45.86562598709385 ], [ 10.771085052352777, 45.880791784533656 ], [ 10.911919262766727, 45.723388843482766 ], [ 11.168734587639223, 45.998843990321816 ], [ 11.334421894008575, 45.988488533673731 ], [ 11.466971739104057, 45.882862875863268 ], [ 11.742426885943106, 46.087900917495347 ], [ 11.649227776110346, 46.332289694390141 ], [ 11.791236732339561, 46.484702628391034 ], [ 11.852804399654444, 46.524281843093462 ], [ 12.002325877419157, 46.537474914660933 ], [ 12.295408270950817, 46.663664307128862 ], [ 12.585361057097185, 46.655379941810395 ], [ 13.065, 46.598 ], [ 13.231, 46.552 ], [ 13.271059593157984, 46.460515330517332 ], [ 13.394194927787749, 46.425333806337399 ], [ 13.359013403607817, 46.196653899167835 ], [ 13.50413719085004, 46.095507017150531 ], [ 13.323831879427884, 45.906406324683395 ], [ 13.328229569950375, 45.805259442666085 ], [ 13.423, 45.724 ], [ 13.222, 45.776 ], [ 13.07, 45.714 ], [ 13.085, 45.642 ] ] ], [ [ [ 23.827, 35.253 ], [ 23.587, 35.239 ], [ 23.518, 35.294 ], [ 23.605, 35.613 ], [ 23.642, 35.507 ], [ 23.718, 35.513 ], [ 23.742, 35.687 ], [ 23.817, 35.535 ], [ 24.0, 35.52 ], [ 24.183, 35.586 ], [ 24.273, 35.365 ], [ 24.34, 35.348 ], [ 24.721, 35.427 ], [ 24.971, 35.425 ], [ 25.055, 35.355 ], [ 25.376, 35.343 ], [ 25.482, 35.297 ], [ 25.639, 35.346 ], [ 25.766, 35.336 ], [ 25.713, 35.183 ], [ 25.818, 35.116 ], [ 25.897, 35.185 ], [ 26.067, 35.233 ], [ 26.155, 35.198 ], [ 26.321, 35.315 ], [ 26.266, 35.26 ], [ 26.294, 35.136 ], [ 26.241, 35.039 ], [ 26.147, 35.002 ], [ 25.985, 35.039 ], [ 25.808, 35.006 ], [ 25.601, 35.014 ], [ 25.304, 34.985 ], [ 25.097, 34.938 ], [ 24.739, 34.932 ], [ 24.759, 35.041 ], [ 24.708, 35.096 ], [ 24.565, 35.106 ], [ 24.402, 35.191 ], [ 24.031, 35.198 ], [ 23.827, 35.253 ] ] ], [ [ [ 23.052, 36.145 ], [ 22.909, 36.206 ], [ 22.9, 36.328 ], [ 22.956, 36.383 ], [ 23.012, 36.308 ], [ 23.104, 36.237 ], [ 23.052, 36.145 ] ] ], [ [ [ 25.463, 37.47 ], [ 25.395, 37.418 ], [ 25.307, 37.412 ], [ 25.348, 37.508 ], [ 25.463, 37.47 ] ] ], [ [ [ 25.053, 37.679 ], [ 25.246, 37.624 ], [ 25.216, 37.533 ], [ 25.091, 37.583 ], [ 24.998, 37.638 ], [ 25.053, 37.679 ] ] ], [ [ [ 20.686, 37.93 ], [ 20.742, 37.862 ], [ 20.901, 37.792 ], [ 20.815, 37.652 ], [ 20.619, 37.823 ], [ 20.686, 37.93 ] ] ], [ [ [ 20.798, 38.131 ], [ 20.734, 38.062 ], [ 20.615, 38.12 ], [ 20.51, 38.111 ], [ 20.435, 38.279 ], [ 20.425, 38.175 ], [ 20.339, 38.2 ], [ 20.4, 38.364 ], [ 20.489, 38.313 ], [ 20.572, 38.474 ], [ 20.626, 38.352 ], [ 20.798, 38.131 ] ] ], [ [ [ 20.716, 38.392 ], [ 20.719, 38.316 ], [ 20.615, 38.467 ], [ 20.716, 38.392 ] ] ], [ [ [ 20.092, 39.434 ], [ 20.106, 39.365 ], [ 19.866, 39.469 ], [ 19.841, 39.552 ], [ 19.626, 39.748 ], [ 19.852, 39.825 ], [ 19.948, 39.79 ], [ 19.852, 39.711 ], [ 19.928, 39.625 ], [ 19.932, 39.479 ], [ 20.092, 39.434 ] ] ], [ [ [ 18.779, 42.271 ], [ 18.654, 42.452 ], [ 18.496, 42.416 ], [ 18.432675063323625, 42.597980419233167 ], [ 18.662261306398126, 42.585712452045975 ], [ 18.827002580054636, 42.468290480397187 ], [ 18.779, 42.271 ] ] ] ] } },
{ "type": "Feature", "properties": { "id": "lan_xang", "colorId": "laos", "name": "Лансанг", "parent": null }, "geometry": { "type": "MultiPolygon", "coordinates": [ [ [ [ 107.364253867059091, 15.656401921601232 ], [ 107.486846822389225, 15.243672305323113 ], [ 107.629871936941072, 14.998486394662848 ], [ 107.707514141983481, 14.736954756625227 ], [ 107.707514141983481, 14.123989979974555 ], [ 107.351994571526092, 13.956446274356704 ], [ 106.6286961350783, 14.164854298417932 ], [ 106.318127314908637, 14.05860707046515 ], [ 106.036163517649314, 14.062693502309489 ], [ 105.789191934071567, 14.039400050792478 ], [ 105.541869715577874, 13.915738941545635 ], [ 105.340920413051748, 14.07804414743212 ], [ 104.939021807999481, 14.267400220966353 ], [ 104.498479106307599, 14.402654559205091 ], [ 104.224106020166161, 14.344688414245631 ], [ 103.721732763850852, 14.425841017188874 ], [ 103.462817316365275, 14.518586849124008 ], [ 102.995223747025634, 14.781366706273555 ], [ 103.241817645910174, 14.957972139908318 ], [ 103.402190646996516, 15.290311371075212 ], [ 103.112359922141678, 15.4487521673292 ], [ 102.90368180024619, 15.444887757664468 ], [ 102.667952810697571, 15.618786192577382 ], [ 102.509512014443587, 15.777226988831368 ], [ 102.459274688802083, 16.082515352345148 ], [ 102.281511844224426, 16.592617428089692 ], [ 102.01873198702269, 17.025431310539609 ], [ 101.945308203392784, 17.114312732828431 ], [ 101.844833552109762, 17.16068564880521 ], [ 101.547274007925466, 17.408007867348015 ], [ 101.464189200133745, 17.603160555416956 ], [ 101.193680523602552, 17.860143798121591 ], [ 101.127985559302118, 17.979940497728265 ], [ 101.197544933267281, 18.061093100687625 ], [ 101.185951704273108, 18.265906812918388 ], [ 101.184867413191498, 18.350535748770529 ], [ 101.087049707338821, 18.366431125971591 ], [ 101.087049707338821, 18.454467061238994 ], [ 101.259453413904168, 18.634207095743278 ], [ 101.259453413904183, 18.927660213301294 ], [ 101.345043906525262, 18.98390539416658 ], [ 101.188535577160991, 19.360503561699364 ], [ 101.19098101980731, 19.446094054320451 ], [ 101.301025938891556, 19.509675563124688 ], [ 101.230108102148378, 19.590375170453143 ], [ 100.897527902249294, 19.590375170453143 ], [ 100.760583114055549, 19.497448349893105 ], [ 100.628529211154444, 19.529239104295222 ], [ 100.577174915581793, 19.465657595490985 ], [ 100.494029865607018, 19.51456644841732 ], [ 100.398657602400661, 19.737101729232148 ], [ 100.469575439143838, 19.830028549792186 ], [ 100.579620358228098, 20.16260874969127 ], [ 100.508702521484906, 20.172390520276537 ], [ 100.479357209729102, 20.08680002765545 ], [ 100.349748749474315, 20.221299373202875 ], [ 100.347303306827996, 20.377807702567146 ], [ 100.232367502451112, 20.377807702567146 ], [ 100.080750058379465, 20.265317340836575 ], [ 100.127213468659491, 20.632133737784095 ], [ 100.203022190695307, 20.749514984807298 ], [ 100.320403437718511, 20.771523968624152 ], [ 100.337521536242733, 20.835105477428385 ], [ 100.405993930339591, 20.832660034782073 ], [ 100.457348225912241, 20.758074034069413 ], [ 100.573506751612285, 20.776414853916787 ], [ 100.611411112630194, 20.862005346537877 ], [ 100.468352717820679, 20.859559903891565 ], [ 100.468352717820693, 20.967159380329505 ], [ 100.492807144283844, 21.01851367590216 ], [ 100.639533703062853, 21.057640758243227 ], [ 100.678660785403935, 21.228821743485394 ], [ 100.788705704488194, 21.28506692435068 ], [ 100.951327640468264, 21.472143286793926 ], [ 101.306552899677698, 21.290531098011673 ], [ 101.642346607758327, 21.419682524196528 ], [ 101.751539728861118, 22.147698906331851 ], [ 101.892, 22.43 ], [ 102.027373878353927, 22.501175260867068 ], [ 102.10501608339635, 22.582903897753823 ], [ 102.472794949386753, 22.693237557550944 ], [ 102.865092406443182, 22.654416455029732 ], [ 103.406544625817943, 22.685064693862266 ], [ 103.645600888711698, 22.629897863963713 ], [ 103.563872251824947, 22.143612474487515 ], [ 103.563872251824947, 21.677759244233002 ], [ 103.764107412197504, 21.371276855907666 ], [ 104.434282234668899, 21.068880899426667 ], [ 104.614085235819758, 20.946287944096532 ], [ 104.744851054838577, 20.835954284299412 ], [ 104.642690258730141, 20.280199553469469 ], [ 104.699900304550852, 19.364838820337798 ], [ 104.937, 18.731 ], [ 105.353729399644877, 18.355490154786356 ], [ 105.443630900220342, 18.118477107814758 ], [ 105.729681129323964, 17.801778639878584 ], [ 106.064768540559669, 17.352271137001424 ], [ 106.24865797355487, 17.192900295072249 ], [ 106.306766952359823, 17.084447385575483 ], [ 106.440720270238742, 16.833294292770525 ], [ 106.726770499342393, 16.265280266407565 ], [ 106.775820284307102, 16.175261184298709 ], [ 107.09454936533281, 15.975143605459582 ], [ 107.364253867059091, 15.656401921601232 ] ] ] ] } },
{ "type": "Feature", "properties": { "id": "tidore", "colorId": "tidore", "name": "Тидор", "parent": null }, "geometry": { "type": "MultiPolygon", "coordinates": [ [ [ [ 129.517, -0.209 ], [ 129.458, -0.114 ], [ 129.373, -0.08 ], [ 129.309, 0.048 ], [ 129.537, -0.134 ], [ 129.517, -0.209 ] ] ], [ [ [ 127.46, -0.004 ], [ 127.391, 0.053 ], [ 127.409, 0.147 ], [ 127.46, -0.004 ] ] ], [ [ [ 127.399, 0.38 ], [ 127.396, 0.281 ], [ 127.337, 0.349 ], [ 127.399, 0.38 ] ] ], [ [ [ 127.379, 0.623 ], [ 127.385, 0.757 ], [ 127.446, 0.667 ], [ 127.379, 0.623 ] ] ], [ [ [ 128.44, 0.932 ], [ 128.315, 0.902 ], [ 128.293, 0.818 ], [ 128.214, 0.774 ], [ 128.313, 0.668 ], [ 128.684, 0.542 ], [ 128.69, 0.347 ], [ 128.824, 0.311 ], [ 128.861, 0.244 ], [ 128.538, 0.327 ], [ 128.475, 0.387 ], [ 128.262, 0.391 ], [ 128.152, 0.456 ], [ 127.96, 0.483 ], [ 127.91, 0.438 ], [ 127.881, 0.302 ], [ 127.921, 0.146 ], [ 127.892, -0.017 ], [ 127.7, 0.048 ], [ 127.681, 0.162 ], [ 127.714, 0.277 ], [ 127.572, 0.422 ], [ 127.527, 0.561 ], [ 127.555, 0.74 ], [ 127.625, 0.832 ], [ 127.655, 0.89 ], [ 127.796, 0.799 ], [ 127.923, 0.87 ], [ 127.936, 1.007 ], [ 128.055, 1.12 ], [ 128.161, 1.132 ], [ 128.196, 1.196 ], [ 128.092, 1.257 ], [ 128.187, 1.374 ], [ 128.46, 1.545 ], [ 128.719, 1.571 ], [ 128.686, 1.445 ], [ 128.741, 1.405 ], [ 128.701, 1.071 ], [ 128.44, 0.932 ] ] ], [ [ [ 127.313, 0.757 ], [ 127.325, 0.863 ], [ 127.371, 0.784 ], [ 127.313, 0.757 ] ] ], [ [ [ 130.438, -1.851 ], [ 130.386, -1.888 ], [ 130.434, -1.963 ], [ 130.374, -2.013 ], [ 130.338, -1.95 ], [ 130.256, -2.046 ], [ 129.926, -2.004 ], [ 129.715, -1.881 ], [ 130.012, -1.75 ], [ 130.22, -1.736 ], [ 130.353, -1.68 ], [ 130.352, -1.741 ], [ 130.438, -1.851 ] ] ], [ [ [ 129.744, -1.2 ], [ 129.859, -1.142 ], [ 129.954, -1.163 ], [ 129.859, -1.233 ], [ 129.744, -1.2 ] ] ], [ [ [ 130.983, -1.349 ], [ 130.853, -1.331 ], [ 130.77, -1.248 ], [ 130.649, -0.988 ], [ 130.892, -0.89 ], [ 131.035, -0.915 ], [ 131.057, -1.001 ], [ 131.073, -1.078 ], [ 130.983, -1.349 ] ] ], [ [ [ 130.733, -0.826 ], [ 130.801, -0.77 ], [ 130.917, -0.778 ], [ 130.819, -0.87 ], [ 130.618, -0.908 ], [ 130.441, -0.893 ], [ 130.448, -0.819 ], [ 130.733, -0.826 ] ] ], [ [ [ 130.678, -0.436 ], [ 130.641, -0.528 ], [ 130.462, -0.525 ], [ 130.505, -0.441 ], [ 130.678, -0.436 ] ] ], [ [ [ 130.242, -0.196 ], [ 130.399, -0.214 ], [ 130.414, -0.142 ], [ 130.303, -0.173 ], [ 130.281, -0.105 ], [ 130.428, -0.107 ], [ 130.51, -0.045 ], [ 130.558, -0.073 ], [ 130.825, -0.004 ], [ 131.154, -0.086 ], [ 131.297, -0.159 ], [ 131.298, -0.237 ], [ 131.339, -0.278 ], [ 131.238, -0.389 ], [ 131.098, -0.323 ], [ 130.952, -0.346 ], [ 130.879, -0.254 ], [ 130.797, -0.239 ], [ 130.696, -0.08 ], [ 130.629, -0.141 ], [ 130.811, -0.319 ], [ 130.887, -0.296 ], [ 130.948, -0.367 ], [ 130.865, -0.429 ], [ 130.733, -0.442 ], [ 130.688, -0.291 ], [ 130.579, -0.334 ], [ 130.562, -0.427 ], [ 130.507, -0.25 ], [ 130.445, -0.283 ], [ 130.311, -0.258 ], [ 130.242, -0.196 ] ] ] ] } },
{ "type": "Feature", "properties": { "id": "ahmadnagar1574", "colorId": "ahmadnagar", "name": "Ахмаднагарский султанат", "parent": null }, "geometry": { "type": "MultiPolygon", "coordinates": [ [ [ [ 72.879, 20.512 ], [ 72.886731042408186, 20.597041638527926 ], [ 73.492310465923296, 20.658709647373641 ], [ 73.769173999312798, 20.769455060729442 ], [ 74.09266718043105, 20.810256002492103 ], [ 74.523991421922062, 20.711168001068494 ], [ 74.844570250057288, 20.553792939983936 ], [ 75.264237079616095, 20.550878587000884 ], [ 75.680989556191875, 20.649966588424498 ], [ 76.077341561886314, 20.585850822797454 ], [ 76.593182039885704, 20.311901642391 ], [ 76.695184394292369, 20.166183993238629 ], [ 76.794272395715979, 20.08749646269635 ], [ 77.193538754393472, 19.953436225476171 ], [ 77.432515699003361, 20.017551991103211 ], [ 77.659835231681058, 19.915549636696554 ], [ 77.712293585375917, 19.764003281578098 ], [ 78.114474297036466, 19.230676685680425 ], [ 78.205365680695238, 18.962738358301504 ], [ 78.126944966086015, 18.948114877395689 ], [ 77.838873414204812, 18.948114877395685 ], [ 77.640203378424687, 19.017649389918731 ], [ 77.42663308996103, 19.156718414964828 ], [ 76.785922224570086, 19.141818162281318 ], [ 76.443216412849353, 19.022616140813238 ], [ 76.494976189249158, 18.802943042895475 ], [ 76.497850672688884, 18.297470510215735 ], [ 76.388582153009821, 18.024299211018043 ], [ 76.100510601128619, 17.964698200284001 ], [ 75.400198725003634, 18.128600979802616 ], [ 75.131994176700445, 18.2527697521652 ], [ 74.784321614085201, 18.33223776647726 ], [ 73.915140207547097, 18.406739029894812 ], [ 72.970754360400079, 18.314654707578296 ], [ 72.91, 18.368 ], [ 72.91, 18.559 ], [ 72.852, 18.77 ], [ 72.982, 18.871 ], [ 72.897, 18.894 ], [ 72.988, 18.999 ], [ 72.975, 19.163 ], [ 72.934, 19.034 ], [ 72.796, 18.985 ], [ 72.818, 19.175 ], [ 72.785, 19.314 ], [ 72.973, 19.294 ], [ 72.788, 19.345 ], [ 72.747, 19.468 ], [ 72.796, 19.527 ], [ 72.718, 19.607 ], [ 72.65, 19.842 ], [ 72.708, 20.013 ], [ 72.748, 20.28 ], [ 72.879, 20.512 ] ] ] ] } },
{ "type": "Feature", "properties": { "id": "polynesia1000m", "colorId": null, "name": "Полинезия", "parent": null }, "geometry": { "type": "MultiPolygon", "coordinates": [ [ [ [ -174.92, -21.454 ], [ -174.984, -21.398 ], [ -174.915, -21.292 ], [ -174.92, -21.454 ] ] ], [ [ [ -159.743, -21.254 ], [ -159.846, -21.234 ], [ -159.798, -21.186 ], [ -159.743, -21.254 ] ] ], [ [ [ -175.066, -21.124 ], [ -175.149, -21.268 ], [ -175.326, -21.174 ], [ -175.365, -21.114 ], [ -175.25, -21.111 ], [ -175.155, -21.172 ], [ -175.066, -21.124 ] ] ], [ [ [ -173.923, -18.637 ], [ -174.072, -18.634 ], [ -173.956, -18.567 ], [ -173.923, -18.637 ] ] ], [ [ [ -170.831, -14.319 ], [ -170.661, -14.252 ], [ -170.591, -14.265 ], [ -170.749, -14.375 ], [ -170.831, -14.319 ] ] ], [ [ [ -178.142, -14.244 ], [ -178.047, -14.319 ], [ -178.147, -14.31 ], [ -178.142, -14.244 ] ] ], [ [ [ -172.061, -13.906 ], [ -172.044, -13.846 ], [ -171.88, -13.805 ], [ -171.568, -13.897 ], [ -171.564, -13.949 ], [ -171.438, -14.006 ], [ -171.441, -14.052 ], [ -171.743, -14.052 ], [ -171.941, -13.99 ], [ -172.061, -13.906 ] ] ], [ [ [ -172.597, -13.701 ], [ -172.783, -13.52 ], [ -172.639, -13.522 ], [ -172.366, -13.463 ], [ -172.281, -13.494 ], [ -172.201, -13.593 ], [ -172.181, -13.702 ], [ -172.213, -13.801 ], [ -172.298, -13.77 ], [ -172.523, -13.805 ], [ -172.597, -13.701 ] ] ], [ [ [ -176.155, -13.209 ], [ -176.142, -13.336 ], [ -176.2, -13.291 ], [ -176.155, -13.209 ] ] ], [ [ [ -156.893, 20.914 ], [ -156.848, 20.877 ], [ -156.831, 20.764 ], [ -156.962, 20.732 ], [ -157.055, 20.911 ], [ -156.893, 20.914 ] ] ], [ [ [ -157.273, 21.087 ], [ -157.26, 21.222 ], [ -156.897, 21.165 ], [ -156.749, 21.171 ], [ -156.756, 21.096 ], [ -156.87, 21.053 ], [ -157.072, 21.099 ], [ -157.273, 21.087 ] ] ], [ [ [ -157.707, 21.352 ], [ -157.647, 21.306 ], [ -157.795, 21.255 ], [ -157.999, 21.311 ], [ -158.094, 21.294 ], [ -158.279, 21.575 ], [ -158.121, 21.586 ], [ -157.962, 21.705 ], [ -157.836, 21.534 ], [ -157.842, 21.461 ], [ -157.707, 21.352 ] ] ], [ [ [ -160.235, 21.793 ], [ -160.234, 21.874 ], [ -160.114, 22.0 ], [ -160.06, 22.001 ], [ -160.085, 21.894 ], [ -160.235, 21.793 ] ] ], [ [ [ -159.605, 21.892 ], [ -159.76, 21.979 ], [ -159.787, 22.066 ], [ -159.717, 22.158 ], [ -159.548, 22.231 ], [ -159.4, 22.235 ], [ -159.301, 22.151 ], [ -159.334, 21.958 ], [ -159.437, 21.869 ], [ -159.605, 21.892 ] ] ], [ [ [ -140.679, -17.78 ], [ -140.785, -17.859 ], [ -140.839, -17.843 ], [ -140.782, -17.752 ], [ -140.652, -17.684 ], [ -140.679, -17.78 ] ] ], [ [ [ -149.304, -17.712 ], [ -149.183, -17.731 ], [ -149.19, -17.869 ], [ -149.276, -17.845 ], [ -149.343, -17.725 ], [ -149.45, -17.759 ], [ -149.588, -17.731 ], [ -149.642, -17.601 ], [ -149.604, -17.526 ], [ -149.43, -17.502 ], [ -149.354, -17.54 ], [ -149.304, -17.712 ] ] ], [ [ [ -149.862, -17.567 ], [ -149.937, -17.512 ], [ -149.797, -17.464 ], [ -149.862, -17.567 ] ] ], [ [ [ -151.479, -16.738 ], [ -151.352, -16.859 ], [ -151.458, -16.903 ], [ -151.479, -16.738 ] ] ], [ [ [ -138.62, -10.511 ], [ -138.686, -10.542 ], [ -138.699, -10.426 ], [ -138.62, -10.511 ] ] ], [ [ [ -138.869, -9.792 ], [ -139.055, -9.806 ], [ -139.062, -9.854 ], [ -139.169, -9.761 ], [ -139.051, -9.701 ], [ -138.837, -9.741 ], [ -138.869, -9.792 ] ] ], [ [ [ -140.159, -9.372 ], [ -140.077, -9.323 ], [ -140.063, -9.436 ], [ -140.159, -9.372 ] ] ], [ [ [ -139.514, -8.884 ], [ -139.613, -8.939 ], [ -139.597, -8.858 ], [ -139.514, -8.884 ] ] ], [ [ [ -140.228, -8.927 ], [ -140.248, -8.787 ], [ -140.049, -8.823 ], [ -140.056, -8.879 ], [ -140.228, -8.927 ] ] ], [ [ [ 179.199, -8.461 ], [ 179.218, -8.521 ], [ 179.191, -8.542 ], [ 179.204, -8.519 ], [ 179.199, -8.461 ] ] ], [ [ [ -155.087, 19.86 ], [ -155.085, 19.727 ], [ -155.019, 19.746 ], [ -154.9, 19.567 ], [ -154.817, 19.48 ], [ -154.982, 19.339 ], [ -155.203, 19.256 ], [ -155.291, 19.26 ], [ -155.503, 19.138 ], [ -155.675, 18.906 ], [ -155.878, 19.029 ], [ -155.92, 19.139 ], [ -155.886, 19.334 ], [ -155.982, 19.608 ], [ -156.06, 19.731 ], [ -155.926, 19.869 ], [ -155.824, 20.02 ], [ -155.883, 20.105 ], [ -155.867, 20.263 ], [ -155.738, 20.244 ], [ -155.586, 20.123 ], [ -155.332, 20.047 ], [ -155.168, 19.947 ], [ -155.087, 19.86 ] ] ], [ [ [ -156.562, 20.598 ], [ -156.545, 20.513 ], [ -156.701, 20.525 ], [ -156.562, 20.598 ] ] ], [ [ [ -156.002, 20.8 ], [ -156.003, 20.686 ], [ -156.303, 20.581 ], [ -156.408, 20.587 ], [ -156.464, 20.781 ], [ -156.62, 20.807 ], [ -156.696, 20.916 ], [ -156.666, 21.003 ], [ -156.542, 21.003 ], [ -156.482, 20.904 ], [ -156.298, 20.953 ], [ -156.119, 20.836 ], [ -156.002, 20.8 ] ] ] ] } },
{ "type": "Feature", "properties": { "id": "ott_arabia1517", "colorId": "turkey", "name": null, "parent": "ottoman" }, "geometry": { "type": "MultiPolygon", "coordinates": [ [ [ [ 42.186, 16.706 ], [ 42.156, 16.585 ], [ 42.086, 16.694 ], [ 41.976, 16.664 ], [ 41.778, 16.813 ], [ 41.757, 16.896 ], [ 41.905, 16.748 ], [ 42.011, 16.739 ], [ 42.048, 16.812 ], [ 42.186, 16.706 ] ] ], [ [ [ 41.919, 16.791 ], [ 41.835, 16.892 ], [ 41.928, 16.955 ], [ 41.919, 16.791 ] ] ], [ [ [ 42.302, 17.454 ], [ 41.869, 17.821 ], [ 41.719, 17.909 ], [ 41.674, 18.009 ], [ 41.472, 18.279 ], [ 41.438, 18.464 ], [ 41.21, 18.698 ], [ 41.249, 18.834 ], [ 41.137, 18.958 ], [ 41.177, 19.067 ], [ 41.069, 19.125 ], [ 41.036, 19.265 ], [ 40.956, 19.343 ], [ 40.945, 19.506 ], [ 40.785, 19.596 ], [ 40.791, 19.714 ], [ 40.725, 19.789 ], [ 40.629, 19.792 ], [ 40.523, 19.972 ], [ 40.268, 20.125 ], [ 40.068, 20.287 ], [ 39.923, 20.264 ], [ 39.76, 20.351 ], [ 39.646, 20.462 ], [ 39.493, 20.706 ], [ 39.506, 20.746 ], [ 39.297, 20.924 ], [ 39.17, 21.191 ], [ 39.081, 21.315 ], [ 39.171, 21.404 ], [ 39.159, 21.508 ], [ 39.092, 21.577 ], [ 39.079, 21.706 ], [ 38.95, 21.922 ], [ 38.933, 22.025 ], [ 39.006, 22.002 ], [ 39.04, 22.236 ], [ 39.143, 22.391 ], [ 39.07, 22.366 ], [ 39.082, 22.547 ], [ 38.913, 22.862 ], [ 38.894, 22.965 ], [ 38.814, 22.983 ], [ 38.806, 23.093 ], [ 38.711, 23.236 ], [ 38.6, 23.568 ], [ 38.54, 23.543 ], [ 38.453, 23.784 ], [ 38.365, 23.87 ], [ 38.185, 23.976 ], [ 38.079, 24.07 ], [ 37.866, 24.15 ], [ 37.676, 24.291 ], [ 37.523, 24.268 ], [ 37.429, 24.367 ], [ 37.457, 24.441 ], [ 37.149, 24.851 ], [ 37.257, 24.871 ], [ 37.28, 24.964 ], [ 37.23, 25.194 ], [ 37.105, 25.322 ], [ 36.936, 25.646 ], [ 36.817, 25.758 ], [ 36.725, 25.754 ], [ 36.663, 25.856 ], [ 36.696, 26.022 ], [ 36.537, 26.082 ], [ 36.383, 26.335 ], [ 36.23, 26.626 ], [ 36.098, 26.754 ], [ 36.032, 26.907 ], [ 35.832, 27.093 ], [ 35.813, 27.191 ], [ 35.56, 27.456 ], [ 35.492, 27.632 ], [ 35.255, 27.953 ], [ 35.164, 28.009 ], [ 35.216, 28.054 ], [ 35.052, 28.12 ], [ 34.928, 28.079 ], [ 34.866, 28.113 ], [ 34.647, 28.099 ], [ 34.675, 28.277 ], [ 34.804, 28.527 ], [ 34.778, 28.665 ], [ 34.836, 28.816 ], [ 34.853, 29.045 ], [ 34.997, 29.534 ], [ 35.880769322271057, 29.535751494909288 ], [ 36.347148408195721, 29.737030889887297 ], [ 36.744797944615684, 30.355596835429481 ], [ 36.722215866117118, 30.486951261190498 ], [ 36.911758754389709, 30.239492490390177 ], [ 37.337608954041002, 29.500278030903338 ], [ 37.983458795562385, 28.835707904120451 ], [ 38.432745641838139, 28.442581913629166 ], [ 38.685469492868243, 28.236658775752772 ], [ 39.087955625990276, 27.815452357369253 ], [ 39.508333200045413, 27.286222520787828 ], [ 39.927729242113514, 26.647808545639709 ], [ 40.198006691446295, 25.287101386929844 ], [ 40.980879303306764, 24.504228775069379 ], [ 41.269796576731459, 24.000953524587651 ], [ 41.232516928547625, 23.497678274105922 ], [ 41.44221494958169, 23.045662539876968 ], [ 41.69851253084552, 22.593646805648007 ], [ 42.173828045189374, 22.109011379258195 ], [ 42.509344878843862, 21.32147881137475 ], [ 42.733022767946849, 21.149060438524529 ], [ 42.816901976360477, 20.934702461467495 ], [ 42.774962372153666, 20.697044704295571 ], [ 42.956700657049844, 20.035330949032556 ], [ 43.157078766037941, 19.965431608687872 ], [ 43.236875654384143, 19.532858833525296 ], [ 43.399396479232841, 19.387597061838481 ], [ 43.513857297948313, 19.159400437708427 ], [ 43.665013972542646, 19.066060096252933 ], [ 43.834409087691128, 18.845072954562557 ], [ 44.056450278472873, 18.688603658391635 ], [ 44.266998396179005, 18.09504400963035 ], [ 44.515970660056922, 17.690464080828743 ], [ 44.508190276810772, 17.55041718239741 ], [ 44.404371569442468, 17.546007675621446 ], [ 44.002896622471582, 17.397313250817415 ], [ 43.546900386405881, 16.941317014751718 ], [ 43.209, 16.773 ], [ 42.912470840575345, 16.73314482002608 ], [ 42.737, 16.671 ], [ 42.636, 16.815 ], [ 42.542, 16.878 ], [ 42.544, 17.004 ], [ 42.46, 17.038 ], [ 42.402, 17.164 ], [ 42.339, 17.174 ], [ 42.302, 17.454 ] ] ], [ [ [ 36.9, 25.361 ], [ 36.776, 25.489 ], [ 36.942, 25.418 ], [ 36.9, 25.361 ] ] ], [ [ [ 36.523, 25.662 ], [ 36.683, 25.572 ], [ 36.498, 25.624 ], [ 36.523, 25.662 ] ] ] ] } },
{ "type": "Feature", "properties": { "id": "sp_sardinia1589", "colorId": "spain", "name": null, "parent": "spain" }, "geometry": { "type": "MultiPolygon", "coordinates": [ [ [ [ 8.41, 38.962 ], [ 8.36, 39.118 ], [ 8.456, 39.074 ], [ 8.41, 38.962 ] ] ], [ [ [ 8.306, 39.193 ], [ 8.29, 39.099 ], [ 8.225, 39.157 ], [ 8.306, 39.193 ] ] ], [ [ [ 8.197, 40.691 ], [ 8.134, 40.729 ], [ 8.233, 40.91 ], [ 8.31, 40.851 ], [ 8.521, 40.827 ], [ 8.764, 40.914 ], [ 9.006, 41.122 ], [ 9.093, 41.135 ], [ 9.231, 41.263 ], [ 9.443, 41.133 ], [ 9.566, 41.119 ], [ 9.521, 41.032 ], [ 9.616, 41.02 ], [ 9.557, 40.931 ], [ 9.724, 40.845 ], [ 9.658, 40.8 ], [ 9.792, 40.557 ], [ 9.827, 40.52 ], [ 9.749, 40.377 ], [ 9.626, 40.263 ], [ 9.655, 40.145 ], [ 9.732, 40.084 ], [ 9.649, 39.639 ], [ 9.645, 39.484 ], [ 9.558, 39.14 ], [ 9.443, 39.124 ], [ 9.292, 39.221 ], [ 9.079, 39.212 ], [ 9.018, 39.146 ], [ 9.015, 38.99 ], [ 8.853, 38.878 ], [ 8.717, 38.933 ], [ 8.6, 38.899 ], [ 8.56, 39.057 ], [ 8.442, 39.118 ], [ 8.372, 39.231 ], [ 8.426, 39.283 ], [ 8.374, 39.379 ], [ 8.463, 39.577 ], [ 8.446, 39.763 ], [ 8.5, 39.716 ], [ 8.545, 39.879 ], [ 8.398, 39.905 ], [ 8.407, 40.022 ], [ 8.49, 40.104 ], [ 8.463, 40.315 ], [ 8.312, 40.578 ], [ 8.162, 40.564 ], [ 8.197, 40.691 ] ] ] ] } },
{ "type": "Feature", "properties": { "id": "france1607", "colorId": "france", "name": "Франция", "parent": null }, "geometry": { "type": "MultiPolygon", "coordinates": [ [ [ [ 7.321354834441046, 44.804677310521846 ], [ 7.227550029475641, 44.89289849614407 ], [ 7.050016463654448, 44.901311372779709 ], [ 7.050016463654448, 44.739408763026795 ], [ 6.858224141331767, 44.537653203180859 ], [ 6.784240219089576, 44.442556914163767 ], [ 6.472283339186821, 44.400495312379128 ], [ 6.388160135617539, 44.3724542445227 ], [ 6.451252538294501, 44.246269439168778 ], [ 6.654550280253599, 44.141115434707174 ], [ 6.752694017751095, 44.039466563727622 ], [ 6.619498945433065, 43.860704756142901 ], [ 7.001558494976889, 43.75204561819924 ], [ 7.152, 43.655 ], [ 7.139, 43.554 ], [ 6.976, 43.547 ], [ 6.92, 43.449 ], [ 6.731, 43.408 ], [ 6.597, 43.284 ], [ 6.68, 43.202 ], [ 6.027, 43.078 ], [ 5.941, 43.134 ], [ 5.857, 43.045 ], [ 5.634, 43.187 ], [ 5.347, 43.216 ], [ 5.294, 43.355 ], [ 5.065, 43.328 ], [ 5.006, 43.382 ], [ 5.174, 43.428 ], [ 5.029, 43.559 ], [ 5.062, 43.452 ], [ 4.928, 43.44 ], [ 4.82, 43.346 ], [ 4.566, 43.371 ], [ 4.513, 43.456 ], [ 4.206, 43.46 ], [ 4.105, 43.552 ], [ 3.939, 43.533 ], [ 3.622, 43.375 ], [ 3.513, 43.281 ], [ 3.385, 43.284 ], [ 3.244, 43.219 ], [ 3.114, 43.106 ], [ 3.039, 42.943 ], [ 3.044565488168373, 42.776891625273308 ], [ 2.848172323107466, 42.891493225810457 ], [ 2.728118827515597, 42.825147872983372 ], [ 2.323728105521932, 42.828307175498949 ], [ 2.323728105521932, 42.664023444689022 ], [ 2.00779785396438, 42.641908327079996 ], [ 1.868788543279058, 42.566085066706179 ], [ 1.722, 42.61 ], [ 1.467, 42.641 ], [ 1.429, 42.595 ], [ 1.319, 42.713 ], [ 1.134, 42.716 ], [ 1.068, 42.776 ], [ 0.656, 42.838 ], [ 0.644, 42.684 ], [ 0.275, 42.669 ], [ 0.169, 42.726 ], [ -0.039, 42.685 ], [ -0.161, 42.795 ], [ -0.323, 42.843 ], [ -0.424, 42.791 ], [ -0.583, 42.796 ], [ -0.73, 42.878 ], [ -0.76, 42.947 ], [ -0.981, 42.957 ], [ -1.275, 43.047 ], [ -1.383, 43.029 ], [ -1.488, 43.082 ], [ -1.404, 43.243 ], [ -1.747, 43.291 ], [ -1.794, 43.386 ], [ -1.661, 43.4 ], [ -1.477, 43.58 ], [ -1.346, 44.019 ], [ -1.247, 44.505 ], [ -1.26, 44.627 ], [ -1.14, 45.49 ], [ -1.085, 45.569 ], [ -1.23, 45.792 ], [ -1.383399830378558, 45.990984630361247 ], [ -1.495721541947496, 46.243708481391359 ], [ -1.504, 46.419 ], [ -1.805, 46.504 ], [ -1.857, 46.635 ], [ -2.119, 46.82 ], [ -2.102, 46.931 ], [ -1.993, 47.052 ], [ -2.278, 47.246 ], [ -2.556, 47.383 ], [ -2.392, 47.424 ], [ -2.502, 47.527 ], [ -2.817, 47.499 ], [ -2.909, 47.558 ], [ -2.741, 47.551 ], [ -2.775, 47.629 ], [ -3.074, 47.576 ], [ -3.528, 47.78 ], [ -3.852, 47.801 ], [ -3.935, 47.888 ], [ -4.107, 47.88 ], [ -4.225, 47.802 ], [ -4.372, 47.807 ], [ -4.435, 47.976 ], [ -4.684, 48.067 ], [ -4.755, 48.342 ], [ -4.775, 48.491 ], [ -4.722, 48.568 ], [ -4.564, 48.63 ], [ -4.307, 48.642 ], [ -3.974, 48.733 ], [ -3.81, 48.733 ], [ -3.571, 48.688 ], [ -3.515, 48.842 ], [ -3.372, 48.822 ], [ -3.091, 48.871 ], [ -3.042, 48.794 ], [ -2.827, 48.658 ], [ -2.682, 48.509 ], [ -2.577, 48.582 ], [ -2.312, 48.687 ], [ -2.214, 48.582 ], [ -2.145, 48.636 ], [ -1.844, 48.712 ], [ -1.554, 48.747 ], [ -1.546, 49.03 ], [ -1.603, 49.225 ], [ -1.82, 49.397 ], [ -1.885, 49.531 ], [ -1.844, 49.572 ], [ -1.935, 49.724 ], [ -1.597, 49.652 ], [ -1.391, 49.713 ], [ -1.271, 49.698 ], [ -1.228, 49.624 ], [ -1.306, 49.558 ], [ -1.185, 49.43 ], [ -1.182, 49.356 ], [ -1.072, 49.397 ], [ -0.822, 49.363 ], [ -0.411, 49.343 ], [ -0.219, 49.28 ], [ -0.034, 49.32 ], [ 0.08, 49.542 ], [ 0.236, 49.729 ], [ 0.675, 49.876 ], [ 1.173, 49.961 ], [ 1.391, 50.075 ], [ 1.555, 50.218 ], [ 1.583, 50.575 ], [ 1.581, 50.869 ], [ 1.73, 50.944 ], [ 1.973, 51.007 ], [ 2.082260289558004, 50.665185978450417 ], [ 2.001698075410828, 50.556190041663072 ], [ 2.203103610778767, 50.409282474688808 ], [ 2.504027175387335, 50.248158046394458 ], [ 2.762300156035632, 50.222093800640963 ], [ 2.949488830083482, 50.132053678947059 ], [ 3.04900685932411, 50.134423155833744 ], [ 3.321496701292498, 50.051491464799881 ], [ 3.776436263535372, 50.053860941686565 ], [ 3.920974353622951, 50.089403094986793 ], [ 4.340571230802936, 50.024031654685963 ], [ 4.657, 49.989 ], [ 4.788, 49.974 ], [ 4.858, 49.787 ], [ 4.95, 49.796 ], [ 5.100286217829693, 49.661706045488579 ], [ 5.100286217829693, 49.521450970960565 ], [ 5.100286217829693, 49.388208650158944 ], [ 5.055872110895818, 49.329769035772287 ], [ 4.794062638443518, 49.301718020866687 ], [ 4.728610270330443, 49.264316667659216 ], [ 4.742635777783245, 49.201201884121609 ], [ 5.074572787499553, 49.088997824499195 ], [ 5.186776847121968, 49.121724008555731 ], [ 5.352745351980123, 49.098348162801059 ], [ 5.453261488725202, 48.930042073367439 ], [ 5.352745351980122, 48.780436660537561 ], [ 5.357420521131056, 48.649531924311411 ], [ 5.626242747309758, 48.588754725349268 ], [ 5.567803132923084, 48.544340618415397 ], [ 5.565465548347618, 48.317594914595091 ], [ 5.766497821837776, 48.210066024123613 ], [ 5.845668112734657, 47.946449117934762 ], [ 5.692122807121946, 47.79819847803283 ], [ 5.686828141411163, 47.734662489503435 ], [ 5.575640161484717, 47.697599829527952 ], [ 5.437978853004354, 47.72936782379265 ], [ 5.385032195896524, 47.671126500974033 ], [ 5.469746847269054, 47.618179843866201 ], [ 5.416800190161222, 47.374625221170177 ], [ 5.501514841533753, 47.305794566929997 ], [ 5.443273518715138, 47.242258578400602 ], [ 5.39562152731809, 47.146954595606502 ], [ 5.268549550259294, 47.078123941366322 ], [ 5.22619222457303, 47.014587952836926 ], [ 5.252665553126945, 46.951051964307531 ], [ 5.406210858739656, 46.876926644356566 ], [ 5.321496207367126, 46.781622661562466 ], [ 5.437978853004354, 46.675729347346802 ], [ 5.273844215970078, 46.511594710312529 ], [ 5.27913888168086, 46.41629072751843 ], [ 5.490925510112186, 46.278629419038069 ], [ 5.628586818592549, 46.373933401832161 ], [ 5.692122807121946, 46.278629419038069 ], [ 5.840373447023874, 46.278629419038069 ], [ 6.054, 46.419 ], [ 6.136, 46.359 ], [ 6.09, 46.246 ], [ 5.959, 46.212 ], [ 5.959, 46.13 ], [ 5.818575944783856, 46.018114414346798 ], [ 5.822081078265909, 45.884919342028766 ], [ 5.781772043222294, 45.825332072833859 ], [ 5.843111879158229, 45.748219136228684 ], [ 5.829091345230015, 45.688631867033777 ], [ 5.695896272911986, 45.63955999828503 ], [ 5.653834671127345, 45.555436794715746 ], [ 5.699401406394039, 45.47481872462852 ], [ 5.899194014871085, 45.404716054987453 ], [ 5.941255616655728, 45.516880326413165 ], [ 6.011358286296796, 45.446777656772099 ], [ 6.176099559953307, 45.415231455433606 ], [ 6.137543091650718, 45.166366978207819 ], [ 6.347851100573924, 45.131315643387282 ], [ 6.410943503250886, 45.054202706782107 ], [ 6.554653976015076, 45.138325910351391 ], [ 6.63903291582013, 45.115520979529713 ], [ 6.957856516564329, 45.103066932625644 ], [ 7.17455693269515, 45.03830588872448 ], [ 7.330288625390132, 44.920816592859957 ], [ 7.387241542690557, 44.832595407237733 ], [ 7.321354834441046, 44.804677310521846 ] ], [ [ 4.827127651064592, 44.23482358216954 ], [ 4.740178433625405, 44.168162515466165 ], [ 4.798144578584863, 44.060925147291172 ], [ 4.803941193080809, 43.927603013884415 ], [ 4.899585332263915, 43.927603013884415 ], [ 5.037254926542628, 43.856594486309064 ], [ 5.153187216461545, 43.911662324020554 ], [ 5.254627970140596, 44.181204898082029 ], [ 5.153187216461545, 44.23627273579352 ], [ 5.063339691774384, 44.30003549524892 ], [ 5.006822700438913, 44.260908347401298 ], [ 4.827127651064592, 44.23482358216954 ] ] ] ] } },
{ "type": "Feature", "properties": { "id": "zunghar1610", "colorId": "zunghar", "name": "Джунгарское ханство", "parent": null }, "geometry": { "type": "MultiPolygon", "coordinates": [ [ [ [ 89.119397437695469, 52.223517249158959 ], [ 90.413559930864949, 51.375858257675915 ], [ 90.608905212852804, 51.082840334694126 ], [ 91.111221652250165, 50.768892560070775 ], [ 91.404239575231969, 50.552617426441351 ], [ 91.627491326075258, 50.196809948534884 ], [ 91.801906756421559, 49.750306446848342 ], [ 91.571678388364447, 49.24799000745098 ], [ 91.477494055977431, 48.822416357405999 ], [ 91.676327646572219, 48.368936238505604 ], [ 92.325153047460475, 47.489882469560222 ], [ 92.667007290939225, 47.196864546578418 ], [ 92.276316726963486, 46.227114753852959 ], [ 91.603934667955784, 46.08635290593903 ], [ 90.738256823086999, 46.05458491163192 ], [ 89.840810983911098, 46.149888894553257 ], [ 89.022785130502982, 46.284902870358479 ], [ 88.037977306982526, 46.245192877474594 ], [ 87.076995479192405, 46.459626839047594 ], [ 86.100129654248732, 46.419916846163702 ], [ 85.488595763836841, 46.197540886013925 ], [ 83.757240074099272, 45.331863041145134 ], [ 82.98686621215181, 45.188907066763136 ], [ 82.57388228615936, 45.022125096650797 ], [ 82.339593328144403, 43.572710356388839 ], [ 81.894841407844851, 43.000886458860833 ], [ 80.914004583612794, 42.500540548523823 ], [ 79.484444839792772, 42.127266615415266 ], [ 78.187038263588974, 41.96440163618923 ], [ 78.549822358709264, 42.564390716580512 ], [ 79.059115415320477, 43.659719619155318 ], [ 79.080045266962046, 44.769001756157834 ], [ 79.184694525169832, 45.452710243115348 ], [ 79.261437314522198, 45.662008759530913 ], [ 79.491665682579324, 45.906190362015742 ], [ 79.96607565312128, 46.331764012060731 ], [ 80.145799562762491, 46.957072845521338 ], [ 80.256133222709906, 47.198427726656242 ], [ 80.656092740019204, 47.363928216577321 ], [ 81.083635672315339, 47.8121587101136 ], [ 81.573241288331886, 48.425889693570959 ], [ 81.904242268174059, 49.018933115788187 ], [ 82.414535445430744, 49.515434585551446 ], [ 82.648994472818941, 49.998144347821281 ], [ 83.210202657562633, 50.189833331321019 ], [ 83.866004675664726, 50.315412441170366 ], [ 84.75203506182396, 50.395643539129665 ], [ 85.610158979127803, 50.639825141614509 ], [ 86.391540107079251, 50.814240571960809 ], [ 86.984552570256696, 51.463065972849066 ], [ 89.119397437695469, 52.223517249158959 ] ] ] ] } },
{ "type": "Feature", "properties": { "id": "rwanda1349", "colorId": "rwanda", "name": "Руанда", "parent": null }, "geometry": { "type": "MultiPolygon", "coordinates": [ [ [ [ 29.965609917435444, -1.539967509478055 ], [ 30.201338906937242, -1.663628618724901 ], [ 30.317271196856151, -1.961188162850123 ], [ 30.247711822904801, -2.123493368736607 ], [ 30.069948978362458, -2.247154477983453 ], [ 29.88753321161877, -2.316459591703981 ], [ 29.697035288569761, -2.319436121751621 ], [ 29.536660444735446, -2.135086597728499 ], [ 29.474829890112023, -1.883899969570844 ], [ 29.552118083391303, -1.663628618724901 ], [ 29.799440301884996, -1.536103099814091 ], [ 29.965609917435444, -1.539967509478055 ] ] ] ] } },
{ "type": "Feature", "properties": { "id": "sp_guam1589", "colorId": "spain", "name": null, "parent": "spain" }, "geometry": { "type": "MultiPolygon", "coordinates": [ [ [ [ 144.783, 13.517 ], [ 144.886, 13.64 ], [ 144.952, 13.587 ], [ 144.808, 13.446 ], [ 144.76, 13.286 ], [ 144.681, 13.247 ], [ 144.626, 13.345 ], [ 144.654, 13.439 ], [ 144.783, 13.517 ] ] ], [ [ [ 145.126, 14.123 ], [ 145.206, 14.181 ], [ 145.21, 14.111 ], [ 145.126, 14.123 ] ] ] ] } },
{ "type": "Feature", "properties": { "id": "kongo1389", "colorId": "kongo", "name": "Конго", "parent": null }, "geometry": { "type": "MultiPolygon", "coordinates": [ [ [ [ 13.277, -8.179 ], [ 13.123, -7.857 ], [ 12.939, -7.436 ], [ 12.85, -7.266 ], [ 12.829, -6.905 ], [ 12.78, -6.915 ], [ 12.62, -6.735 ], [ 12.458, -6.466 ], [ 12.275, -6.115 ], [ 12.497, -6.095 ], [ 12.646, -6.029 ], [ 12.743, -6.049 ], [ 12.928, -5.981 ], [ 12.986, -5.901 ], [ 13.184, -5.856 ], [ 13.036, -5.857 ], [ 12.924, -5.815 ], [ 12.822, -5.83 ], [ 12.718, -5.931 ], [ 12.723, -5.979 ], [ 12.449, -6.052 ], [ 12.211, -5.763 ], [ 12.147, -5.618 ], [ 12.232, -5.48 ], [ 12.125, -5.185 ], [ 12.023, -5.046 ], [ 12.117, -5.07 ], [ 12.132, -5.006 ], [ 12.01, -5.02 ], [ 11.901610948010584, -4.885940895005056 ], [ 12.38754318903111, -4.492029045141241 ], [ 12.762, -4.391 ], [ 13.718960547576415, -4.308446632892694 ], [ 14.125700263707678, -3.861967978978503 ], [ 14.565166163895469, -3.698337058695815 ], [ 15.037358248139796, -3.78716527256356 ], [ 15.546951685591598, -4.044299575864927 ], [ 15.841487342100432, -4.411300354213241 ], [ 16.243551889080752, -4.747912533080484 ], [ 16.327704933797566, -5.227117371051214 ], [ 16.136022998609274, -5.568404719069392 ], [ 16.140698167760206, -5.989169942653446 ], [ 15.677856421817747, -6.68109497699167 ], [ 15.336569073799566, -6.882127250481828 ], [ 14.87840249700804, -6.970955464349572 ], [ 14.621268193706673, -7.171987737839732 ], [ 14.527764810687996, -8.001830262130509 ], [ 14.387509736159979, -8.212212873922537 ], [ 14.26595533823569, -8.331429687271349 ], [ 13.868565960406304, -8.523111622459641 ], [ 13.508577935784391, -8.56986331396898 ], [ 13.406, -8.637 ], [ 13.342, -8.467 ], [ 13.369, -8.324 ], [ 13.277, -8.179 ] ] ], [ [ [ 12.905, -5.869 ], [ 12.995, -5.868 ], [ 12.807, -5.954 ], [ 12.745, -5.94 ], [ 12.905, -5.869 ] ] ] ] } },
{ "type": "Feature", "properties": { "id": "sp_st_tome1589", "colorId": "spain", "name": null, "parent": "sp_portugal1589" }, "geometry": { "type": "MultiPolygon", "coordinates": [ [ [ [ 6.533, 0.348 ], [ 6.681, 0.407 ], [ 6.746, 0.338 ], [ 6.74, 0.219 ], [ 6.66, 0.107 ], [ 6.516, 0.034 ], [ 6.462, 0.222 ], [ 6.533, 0.348 ] ] ], [ [ [ 7.403, 1.7 ], [ 7.463, 1.675 ], [ 7.401, 1.531 ], [ 7.333, 1.565 ], [ 7.403, 1.7 ] ] ] ] } },
{ "type": "Feature", "properties": { "id": "pers_georgia1607", "colorId": "iran", "name": null, "parent": "persia1509" }, "geometry": { "type": "MultiPolygon", "coordinates": [ [ [ [ 43.251995338057164, 41.433497984407097 ], [ 43.196285052580208, 41.668719189754221 ], [ 43.289135528375127, 41.885370299942366 ], [ 43.388176035889707, 42.015360966055248 ], [ 43.696130113942843, 42.25367718726222 ], [ 44.507024269218462, 42.25367718726222 ], [ 44.85830856930923, 42.334147599617829 ], [ 45.204950345610257, 42.269152266561385 ], [ 45.396841328919756, 42.194871885925444 ], [ 45.537664550542047, 42.102021410130511 ], [ 45.771338247959257, 42.041668600863815 ], [ 46.095655854820862, 42.015793813059297 ], [ 46.172944048100149, 41.903725932804342 ], [ 46.207723735075824, 41.733691907589929 ], [ 46.466639182561408, 41.428403544136778 ], [ 46.644402027103745, 41.31633566388183 ], [ 46.644402027103745, 41.072877855052099 ], [ 46.466639182561408, 40.898979420173724 ], [ 46.076333806501047, 40.895115010509762 ], [ 45.66284197245691, 41.076742264716053 ], [ 45.289449155338474, 40.767259466234677 ], [ 44.63979182136616, 40.768541572644729 ], [ 44.174321693463106, 40.827156329491778 ], [ 44.043300472275583, 40.865083525098697 ], [ 43.958909561307316, 40.831877283163337 ], [ 43.826736753953206, 40.802505548195768 ], [ 43.615260262186666, 40.617463617900043 ], [ 43.375795972450383, 40.58236862295368 ], [ 43.310800639393946, 40.662839035309275 ], [ 43.168429909841734, 40.774259606263179 ], [ 43.109624608504959, 40.870205097917925 ], [ 43.109624608504959, 41.062096081227423 ], [ 43.251995338057164, 41.433497984407097 ] ] ] ] } },
{ "type": "Feature", "properties": { "id": "sp_filippines1589", "colorId": "spain", "name": null, "parent": "spain" }, "geometry": { "type": "MultiPolygon", "coordinates": [ [ [ [ 122.002, 12.244 ], [ 121.921, 12.303 ], [ 121.993, 12.442 ], [ 121.991, 12.571 ], [ 122.115, 12.666 ], [ 122.136, 12.561 ], [ 122.081, 12.315 ], [ 122.019, 12.156 ], [ 122.002, 12.244 ] ] ], [ [ [ 120.34, 13.386 ], [ 120.357, 13.518 ], [ 120.565, 13.513 ], [ 120.737, 13.468 ], [ 120.957, 13.503 ], [ 121.122, 13.372 ], [ 121.197, 13.441 ], [ 121.431, 13.224 ], [ 121.448, 13.139 ], [ 121.549, 13.091 ], [ 121.49, 13.037 ], [ 121.486, 12.768 ], [ 121.526, 12.704 ], [ 121.546, 12.644 ], [ 121.438, 12.522 ], [ 121.384, 12.369 ], [ 121.245, 12.214 ], [ 121.114, 12.251 ], [ 121.087, 12.324 ], [ 120.916, 12.512 ], [ 120.912, 12.635 ], [ 120.798, 12.729 ], [ 120.758, 13.002 ], [ 120.642, 13.183 ], [ 120.48, 13.301 ], [ 120.44, 13.427 ], [ 120.34, 13.386 ] ] ], [ [ [ 121.873, 13.569 ], [ 122.115, 13.465 ], [ 122.102, 13.417 ], [ 122.12, 13.357 ], [ 121.993, 13.202 ], [ 121.817, 13.342 ], [ 121.814, 13.451 ], [ 121.873, 13.569 ] ] ], [ [ [ 120.238, 13.805 ], [ 120.261, 13.712 ], [ 120.092, 13.795 ], [ 120.104, 13.866 ], [ 120.238, 13.805 ] ] ], [ [ [ 121.818, 14.946 ], [ 121.844, 15.045 ], [ 122.005, 15.011 ], [ 121.972, 14.906 ], [ 122.026, 14.736 ], [ 121.94, 14.64 ], [ 121.882, 14.884 ], [ 121.818, 14.946 ] ] ], [ [ [ 122.208, 13.614 ], [ 122.118, 13.752 ], [ 121.725, 13.969 ], [ 121.69, 13.926 ], [ 121.485, 13.852 ], [ 121.433, 13.796 ], [ 121.43, 13.657 ], [ 121.279, 13.595 ], [ 121.034, 13.642 ], [ 121.04, 13.759 ], [ 120.929, 13.784 ], [ 120.895, 13.906 ], [ 120.705, 13.927 ], [ 120.723, 13.855 ], [ 120.628, 13.811 ], [ 120.601, 13.969 ], [ 120.619, 14.104 ], [ 120.402, 14.456 ], [ 120.367, 14.621 ], [ 120.242, 14.73 ], [ 120.176, 14.757 ], [ 120.08, 14.804 ], [ 120.053, 15.062 ], [ 120.005, 15.269 ], [ 119.888, 15.429 ], [ 119.964, 15.514 ], [ 119.904, 15.597 ], [ 119.899, 15.853 ], [ 119.828, 15.956 ], [ 119.771, 15.915 ], [ 119.756, 16.203 ], [ 119.813, 16.367 ], [ 119.926, 16.345 ], [ 119.902, 16.251 ], [ 120.091, 16.153 ], [ 120.106, 16.07 ], [ 120.299, 16.017 ], [ 120.402, 16.165 ], [ 120.336, 16.292 ], [ 120.307, 16.545 ], [ 120.312, 16.778 ], [ 120.427, 16.962 ], [ 120.403, 17.222 ], [ 120.442, 17.368 ], [ 120.402, 17.519 ], [ 120.334, 17.556 ], [ 120.353, 17.678 ], [ 120.477, 18.005 ], [ 120.47, 18.091 ], [ 120.586, 18.364 ], [ 120.562, 18.47 ], [ 120.611, 18.539 ], [ 120.771, 18.561 ], [ 120.851, 18.639 ], [ 120.927, 18.566 ], [ 121.107, 18.643 ], [ 121.592, 18.385 ], [ 121.853, 18.288 ], [ 121.975, 18.286 ], [ 122.112, 18.393 ], [ 122.153, 18.519 ], [ 122.22, 18.522 ], [ 122.297, 18.404 ], [ 122.307, 18.251 ], [ 122.18, 18.121 ], [ 122.183, 17.984 ], [ 122.14, 17.798 ], [ 122.157, 17.619 ], [ 122.251, 17.36 ], [ 122.382, 17.347 ], [ 122.417, 17.146 ], [ 122.529, 17.091 ], [ 122.465, 16.895 ], [ 122.345, 16.643 ], [ 122.205, 16.424 ], [ 122.232, 16.319 ], [ 122.081, 16.148 ], [ 122.067, 16.19 ], [ 121.752, 16.077 ], [ 121.578, 15.932 ], [ 121.555, 15.829 ], [ 121.632, 15.757 ], [ 121.629, 15.661 ], [ 121.488, 15.52 ], [ 121.379, 15.308 ], [ 121.488, 15.163 ], [ 121.508, 15.063 ], [ 121.726, 14.72 ], [ 121.629, 14.703 ], [ 121.611, 14.613 ], [ 121.662, 14.417 ], [ 121.735, 14.329 ], [ 121.732, 14.195 ], [ 122.186, 14.111 ], [ 122.244, 14.196 ], [ 122.3, 14.092 ], [ 122.366, 14.261 ], [ 122.471, 14.346 ], [ 122.691, 14.291 ], [ 122.68, 14.351 ], [ 122.853, 14.279 ], [ 123.012, 14.106 ], [ 123.084, 13.974 ], [ 123.13481656547043, 13.806232874803881 ], [ 122.972, 13.528 ], [ 122.815, 13.654 ], [ 122.863, 13.695 ], [ 122.767, 13.8 ], [ 122.666, 13.819 ], [ 122.537, 13.961 ], [ 122.416, 13.962 ], [ 122.51, 13.82 ], [ 122.498, 13.652 ], [ 122.643, 13.458 ], [ 122.691, 13.229 ], [ 122.588, 13.174 ], [ 122.505, 13.239 ], [ 122.501, 13.368 ], [ 122.319, 13.592 ], [ 122.208, 13.614 ] ] ], [ [ [ 121.388, 18.903 ], [ 121.478, 18.882 ], [ 121.319, 18.843 ], [ 121.388, 18.903 ] ] ], [ [ [ 121.834, 18.834 ], [ 121.902, 19.005 ], [ 121.971, 18.985 ], [ 121.866, 18.822 ], [ 121.834, 18.834 ] ] ], [ [ [ 121.211, 19.177 ], [ 121.259, 19.046 ], [ 121.197, 19.065 ], [ 121.211, 19.177 ] ] ], [ [ [ 121.35, 19.37 ], [ 121.517, 19.394 ], [ 121.526, 19.321 ], [ 121.498, 19.259 ], [ 121.35, 19.37 ] ] ], [ [ [ 121.897, 19.557 ], [ 121.977, 19.577 ], [ 121.961, 19.492 ], [ 121.897, 19.557 ] ] ], [ [ [ 121.877, 20.77 ], [ 121.803, 20.691 ], [ 121.838, 20.82 ], [ 121.877, 20.77 ] ] ], [ [ [ 126.345, 8.853 ], [ 126.3, 8.768 ], [ 126.111, 8.607 ], [ 125.943989169351838, 8.779700136253421 ], [ 125.899086546143096, 8.964491700997142 ], [ 125.952624289199676, 9.147556241771296 ], [ 126.076, 9.239 ], [ 126.22, 9.306 ], [ 126.179, 9.093 ], [ 126.313, 8.956 ], [ 126.345, 8.853 ] ] ], [ [ [ 123.698, 9.165 ], [ 123.64, 9.099 ], [ 123.475, 9.197 ], [ 123.614, 9.289 ], [ 123.704, 9.233 ], [ 123.698, 9.165 ] ] ], [ [ [ 123.805, 9.56 ], [ 123.727, 9.591 ], [ 123.841, 9.642 ], [ 123.805, 9.56 ] ] ], [ [ [ 124.051, 9.979 ], [ 124.185, 10.144 ], [ 124.331, 10.162 ], [ 124.589, 10.024 ], [ 124.565, 9.871 ], [ 124.624, 9.802 ], [ 124.585, 9.732 ], [ 124.5, 9.768 ], [ 124.41, 9.658 ], [ 124.294, 9.607 ], [ 124.065, 9.595 ], [ 123.892, 9.632 ], [ 123.809, 9.803 ], [ 123.886, 9.915 ], [ 124.051, 9.979 ] ] ], [ [ [ 122.824, 10.533 ], [ 122.91, 10.598 ], [ 122.972, 10.721 ], [ 122.951, 10.827 ], [ 123.003, 10.913 ], [ 123.214, 10.996 ], [ 123.522, 10.92 ], [ 123.574, 10.831 ], [ 123.486, 10.549 ], [ 123.39, 10.437 ], [ 123.29, 10.094 ], [ 123.157, 9.868 ], [ 123.17, 9.696 ], [ 123.135, 9.618 ], [ 123.321, 9.343 ], [ 123.299, 9.215 ], [ 123.23, 9.108 ], [ 123.033, 9.035 ], [ 122.934, 9.121 ], [ 122.869, 9.323 ], [ 122.599, 9.433 ], [ 122.497, 9.562 ], [ 122.395, 9.837 ], [ 122.475, 9.974 ], [ 122.708, 9.986 ], [ 122.879, 10.118 ], [ 122.869, 10.351 ], [ 122.824, 10.533 ] ] ], [ [ [ 123.423, 10.038 ], [ 123.508, 10.122 ], [ 123.597, 10.318 ], [ 123.707, 10.462 ], [ 123.765, 10.64 ], [ 123.849, 10.753 ], [ 123.935, 10.97 ], [ 123.952, 11.157 ], [ 124.075, 11.269 ], [ 124.041, 11.13 ], [ 124.047, 10.834 ], [ 124.021, 10.748 ], [ 124.051, 10.627 ], [ 124.04, 10.484 ], [ 123.973, 10.327 ], [ 123.808, 10.237 ], [ 123.643, 10.039 ], [ 123.602, 9.868 ], [ 123.488, 9.566 ], [ 123.37, 9.426 ], [ 123.314, 9.508 ], [ 123.423, 10.038 ] ] ], [ [ [ 122.67, 10.762 ], [ 122.711, 10.735 ], [ 122.737, 10.64 ], [ 122.634, 10.444 ], [ 122.531, 10.423 ], [ 122.482, 10.503 ], [ 122.67, 10.762 ] ] ], [ [ [ 124.284, 10.604 ], [ 124.38, 10.691 ], [ 124.39, 10.641 ], [ 124.284, 10.604 ] ] ], [ [ [ 122.084, 11.725 ], [ 121.854, 11.769 ], [ 121.897, 11.894 ], [ 121.964, 11.934 ], [ 122.118, 11.824 ], [ 122.388, 11.727 ], [ 122.604, 11.517 ], [ 122.725, 11.612 ], [ 122.855, 11.591 ], [ 122.945, 11.522 ], [ 122.901, 11.438 ], [ 123.118, 11.548 ], [ 123.17, 11.481 ], [ 123.114, 11.267 ], [ 123.131, 11.183 ], [ 123.041, 11.163 ], [ 123.015, 11.092 ], [ 122.839, 11.018 ], [ 122.78, 10.957 ], [ 122.761, 10.811 ], [ 122.631, 10.774 ], [ 122.59, 10.699 ], [ 122.227, 10.642 ], [ 122.102, 10.569 ], [ 122.04, 10.467 ], [ 121.95, 10.433 ], [ 121.932, 10.509 ], [ 121.985, 10.625 ], [ 121.937, 10.776 ], [ 122.045, 11.017 ], [ 122.053, 11.234 ], [ 122.107, 11.658 ], [ 122.084, 11.725 ] ] ], [ [ [ 123.734, 11.154 ], [ 123.746, 11.292 ], [ 123.801, 11.179 ], [ 123.734, 11.154 ] ] ], [ [ [ 122.612, 12.277 ], [ 122.432, 12.41 ], [ 122.481, 12.493 ], [ 122.649, 12.473 ], [ 122.688, 12.403 ], [ 122.612, 12.277 ] ] ], [ [ [ 122.105, 14.838 ], [ 122.235, 14.798 ], [ 122.242, 14.741 ], [ 122.105, 14.838 ] ] ] ] } },
{ "type": "Feature", "properties": { "id": "new_france1607", "colorId": "france", "name": null, "parent": "france1607" }, "geometry": { "type": "MultiPolygon", "coordinates": [ [ [ [ -65.193843859170087, 44.97818596556143 ], [ -65.200881718456159, 44.591103704827695 ], [ -65.334601044891443, 44.408119363389929 ], [ -65.595001838475966, 44.29551361481284 ], [ -66.033, 44.437 ], [ -65.786, 44.696 ], [ -65.254042940041359, 45.087053615546523 ], [ -65.193843859170087, 44.97818596556143 ] ] ], [ [ [ -70.388, 47.116 ], [ -70.320470041104173, 46.568113338344098 ], [ -70.59328206274381, 45.969257681086347 ], [ -71.232061430485402, 45.975911632833665 ], [ -71.717799908038913, 46.108990667779828 ], [ -71.973363700974005, 46.534142701289241 ], [ -71.861391033652183, 46.576282944994141 ], [ -71.158, 46.841 ], [ -70.535, 47.011 ], [ -70.388, 47.116 ] ] ], [ [ [ -71.404130471981276, 47.422825444719109 ], [ -71.100837446355413, 47.517604515227191 ], [ -70.683809536119853, 47.527082422278013 ], [ -70.378372209226839, 47.384203436275527 ], [ -70.715, 47.118 ], [ -71.881, 46.691 ], [ -71.997512445717703, 46.644663635902759 ], [ -71.999996103393826, 46.777068118090057 ], [ -71.915937452724933, 47.010536488008945 ], [ -71.816419428691447, 47.124271372618651 ], [ -71.404130471981276, 47.422825444719109 ] ] ] ] } },
{ "type": "Feature", "properties": { "id": "ott_moldavia1517", "colorId": "turkey", "name": null, "parent": "ottoman" }, "geometry": { "type": "MultiPolygon", "coordinates": [ [ [ [ 26.618, 48.259 ], [ 26.313119659674019, 48.26633154986451 ], [ 26.268658982177982, 48.310792227360551 ], [ 26.152962289730738, 48.316021305553448 ], [ 25.967835766367969, 48.457687317856013 ], [ 26.009897368152611, 48.615418324548415 ], [ 26.285725089212995, 48.502389017567012 ], [ 26.754303004617302, 48.528862346120931 ], [ 27.556444859800948, 48.433558363326824 ], [ 27.966781452386638, 48.298544387701853 ], [ 28.242104069347363, 48.147646414944532 ], [ 28.808633300401159, 47.663184502407873 ], [ 29.14484457303589, 47.419629879711849 ], [ 29.303684544359385, 47.562585853902995 ], [ 29.679031580812318, 47.613795319707805 ], [ 30.005114950453962, 47.698666333724127 ], [ 30.373712410225362, 47.748625286106559 ], [ 30.822369490757691, 47.748625286106567 ], [ 31.241232937035942, 47.625750886012888 ], [ 31.342687077208375, 47.595957251758762 ], [ 31.704105280970531, 47.409016801536957 ], [ 31.996978652984694, 47.296852531403871 ], [ 32.719815060509006, 47.10368073284134 ], [ 33.255711017811514, 46.910508934278809 ], [ 33.149778096019155, 46.704874439034825 ], [ 32.305430395850671, 46.418232415361381 ], [ 32.062, 46.394 ], [ 32.008, 46.449 ], [ 31.582, 46.545 ], [ 31.338, 46.601 ], [ 31.187, 46.629 ], [ 30.991, 46.601 ], [ 30.755, 46.516 ], [ 30.798, 46.446 ], [ 30.494, 46.08 ], [ 30.138, 45.82 ], [ 29.991, 45.847 ], [ 29.932, 45.724 ], [ 29.802, 45.737 ], [ 29.865, 45.672 ], [ 29.734, 45.614 ], [ 29.643, 45.827 ], [ 29.59, 45.559 ], [ 29.695, 45.562 ], [ 29.605, 45.487 ], [ 29.732, 45.476 ], [ 29.756, 45.321 ], [ 29.659, 45.216 ], [ 29.65, 45.346 ], [ 29.57, 45.395 ], [ 29.322, 45.444 ], [ 28.966, 45.32 ], [ 28.79, 45.321 ], [ 28.779, 45.231 ], [ 28.577, 45.248 ], [ 28.33, 45.323 ], [ 28.199, 45.462 ], [ 28.062, 45.594 ], [ 28.168, 45.632 ], [ 28.086, 46.001 ], [ 28.246, 46.428 ], [ 28.234, 46.662 ], [ 28.028, 47.033 ], [ 27.807, 47.145 ], [ 27.723, 47.283 ], [ 27.572, 47.375 ], [ 27.563, 47.468 ], [ 27.304, 47.667 ], [ 27.17, 47.974 ], [ 26.998, 48.167 ], [ 26.805, 48.258 ], [ 26.618, 48.259 ] ] ] ] } },
{ "type": "Feature", "properties": { "id": "sp_oran1589", "colorId": "spain", "name": null, "parent": "spain" }, "geometry": { "type": "MultiPolygon", "coordinates": [ [ [ [ -0.825, 35.769 ], [ -0.641677157097276, 35.625101545601531 ], [ -0.552880442218589, 35.662489636076771 ], [ -0.523, 35.78 ], [ -0.683, 35.717 ], [ -0.825, 35.769 ] ] ] ] } },
{ "type": "Feature", "properties": { "id": "aceh", "colorId": "aceh", "name": "Ачех", "parent": null }, "geometry": { "type": "MultiPolygon", "coordinates": [ [ [ [ 98.502, -0.461 ], [ 98.504, -0.551 ], [ 98.422, -0.587 ], [ 98.317, -0.535 ], [ 98.369, -0.349 ], [ 98.451, -0.258 ], [ 98.507, -0.365 ], [ 98.502, -0.461 ] ] ], [ [ [ 98.56, -0.278 ], [ 98.542, -0.381 ], [ 98.344, -0.045 ], [ 98.364, 0.01 ], [ 98.443, -0.052 ], [ 98.48, -0.158 ], [ 98.56, -0.278 ] ] ], [ [ [ 97.486, 1.477 ], [ 97.694, 1.186 ], [ 97.792, 1.144 ], [ 97.928, 0.996 ], [ 97.901, 0.906 ], [ 97.883, 0.643 ], [ 97.827, 0.563 ], [ 97.704, 0.573 ], [ 97.614, 0.824 ], [ 97.389, 0.952 ], [ 97.388, 1.019 ], [ 97.252, 1.259 ], [ 97.064, 1.415 ], [ 97.236, 1.417 ], [ 97.35, 1.545 ], [ 97.486, 1.477 ] ] ], [ [ [ 97.329, 2.148 ], [ 97.322, 2.031 ], [ 97.207, 2.176 ], [ 97.103, 2.213 ], [ 97.247, 2.231 ], [ 97.329, 2.148 ] ] ], [ [ [ 96.396, 2.525 ], [ 96.48, 2.415 ], [ 96.481, 2.364 ], [ 96.335, 2.355 ], [ 96.328, 2.395 ], [ 96.066, 2.579 ], [ 95.931, 2.596 ], [ 95.698, 2.779 ], [ 95.769, 2.841 ], [ 95.792, 2.943 ], [ 95.912, 2.906 ], [ 95.982, 2.79 ], [ 96.091, 2.758 ], [ 96.246, 2.6 ], [ 96.396, 2.525 ] ] ], [ [ [ 95.061, 5.656 ], [ 95.058, 5.757 ], [ 95.115, 5.711 ], [ 95.061, 5.656 ] ] ], [ [ [ 95.342, 5.896 ], [ 95.338, 5.779 ], [ 95.273, 5.807 ], [ 95.342, 5.896 ] ] ], [ [ [ 100.227, -2.773 ], [ 100.468, -3.015 ], [ 100.465, -3.133 ], [ 100.399, -3.184 ], [ 100.478, -3.315 ], [ 100.379, -3.272 ], [ 100.345, -3.127 ], [ 100.189, -2.967 ], [ 100.179, -2.827 ], [ 100.227, -2.773 ] ] ], [ [ [ 99.984, -2.485 ], [ 100.207, -2.694 ], [ 100.139, -2.82 ], [ 100.016, -2.834 ], [ 99.984, -2.485 ] ] ], [ [ [ 99.859, -2.357 ], [ 99.604, -2.266 ], [ 99.531, -2.156 ], [ 99.594, -2.015 ], [ 99.694, -2.068 ], [ 99.721, -2.159 ], [ 99.823, -2.293 ], [ 99.859, -2.357 ] ] ], [ [ [ 98.658, -0.963 ], [ 98.883, -0.913 ], [ 98.905, -0.991 ], [ 99.07, -1.251 ], [ 99.131, -1.448 ], [ 99.274, -1.635 ], [ 99.255, -1.772 ], [ 99.101, -1.799 ], [ 98.885, -1.679 ], [ 98.812, -1.529 ], [ 98.594, -1.198 ], [ 98.658, -0.963 ] ] ], [ [ [ 98.836, 0.141 ], [ 98.845, 0.085 ], [ 98.539, 0.09 ], [ 98.548, 0.159 ], [ 98.717, 0.175 ], [ 98.836, 0.141 ] ] ], [ [ [ 101.527156170226903, -2.200688787132342 ], [ 101.869407562117132, -3.412981031226637 ], [ 101.637, -3.251 ], [ 101.419, -2.927 ], [ 101.327, -2.739 ], [ 101.105, -2.587 ], [ 100.923, -2.333 ], [ 100.832, -2.141 ], [ 100.887, -2.037 ], [ 100.858, -1.892 ], [ 100.784, -1.816 ], [ 100.571, -1.443 ], [ 100.569, -1.331 ], [ 100.406, -1.264 ], [ 100.37, -1.161 ], [ 100.38, -1.03 ], [ 100.301, -0.816 ], [ 100.16, -0.668 ], [ 100.001, -0.456 ], [ 99.814, -0.295 ], [ 99.759, -0.168 ], [ 99.747, -0.03 ], [ 99.611, 0.099 ], [ 99.408, 0.164 ], [ 99.316, 0.243 ], [ 99.244, 0.216 ], [ 99.139, 0.274 ], [ 99.09, 0.622 ], [ 99.049, 0.62 ], [ 99.042, 0.777 ], [ 98.981, 0.832 ], [ 98.917, 1.117 ], [ 98.753, 1.536 ], [ 98.819, 1.682 ], [ 98.727, 1.792 ], [ 98.658, 1.764 ], [ 98.535, 1.936 ], [ 98.269, 2.038 ], [ 98.153, 2.157 ], [ 97.956, 2.272 ], [ 97.744, 2.281 ], [ 97.658, 2.412 ], [ 97.644, 2.669 ], [ 97.603, 2.866 ], [ 97.422, 2.928 ], [ 97.332, 3.031 ], [ 97.271, 3.214 ], [ 97.183, 3.246 ], [ 97.019, 3.523 ], [ 96.884, 3.682 ], [ 96.761, 3.749 ], [ 96.56, 3.747 ], [ 96.43, 3.825 ], [ 96.191, 4.126 ], [ 96.01, 4.226 ], [ 95.617, 4.628 ], [ 95.565, 4.638 ], [ 95.426, 4.827 ], [ 95.291, 5.192 ], [ 95.199, 5.293 ], [ 95.252, 5.396 ], [ 95.197, 5.546 ], [ 95.413, 5.65 ], [ 95.511, 5.603 ], [ 95.612, 5.627 ], [ 95.888, 5.512 ], [ 95.93, 5.414 ], [ 96.126, 5.282 ], [ 96.362, 5.225 ], [ 96.651, 5.216 ], [ 96.828, 5.28 ], [ 96.973, 5.273 ], [ 97.268, 5.155 ], [ 97.497, 5.252 ], [ 97.664, 5.073 ], [ 97.909, 4.89 ], [ 98.007, 4.634 ], [ 97.997, 4.546 ], [ 98.206, 4.498 ], [ 98.276, 4.425 ], [ 98.263, 4.177 ], [ 98.306, 4.08 ], [ 98.477, 4.046 ], [ 98.677, 3.915 ], [ 98.403191629851364, 3.866535823477841 ], [ 98.203211871196714, 3.618285088596212 ], [ 98.125782462163798, 2.837903644080771 ], [ 98.820046097929918, 2.138458936405943 ], [ 99.651608139276675, 1.091882410848053 ], [ 100.335509631225392, 0.117840892011996 ], [ 101.319913293878827, -1.755116602983933 ], [ 101.527156170226903, -2.200688787132342 ] ] ], [ [ [ 98.555, 1.682 ], [ 98.599, 1.632 ], [ 98.44, 1.65 ], [ 98.555, 1.682 ] ] ] ] } },
{ "type": "Feature", "properties": { "id": "sp_luxembourg1589", "colorId": "spain", "name": null, "parent": "spain" }, "geometry": { "type": "MultiPolygon", "coordinates": [ [ [ [ 6.456510238517566, 50.103347487680111 ], [ 6.56166424297917, 50.169945023839126 ], [ 6.71589011618952, 50.173450157321177 ], [ 6.785992785830589, 50.050770485449313 ], [ 6.6948593152972, 49.956131881433869 ], [ 6.537128308604796, 49.886029211792795 ], [ 6.414448636732926, 49.742318739028605 ], [ 6.359486580275552, 49.646244232251703 ], [ 6.270247297850909, 49.507425463507815 ], [ 6.221158021766103, 49.411584495913672 ], [ 6.113629131294622, 49.332106620347794 ], [ 6.008437825398609, 49.329769035772323 ], [ 5.882208258323392, 49.411584495913672 ], [ 5.83779415138952, 49.491062371479543 ], [ 5.100286217829693, 49.521450970960565 ], [ 5.100286217829693, 49.661706045488579 ], [ 4.95, 49.796 ], [ 4.858, 49.787 ], [ 4.788, 49.974 ], [ 4.657, 49.989 ], [ 4.682, 50.084 ], [ 4.872, 50.14 ], [ 4.955296076287173, 50.095273547939108 ], [ 5.250481633958003, 50.095273547939108 ], [ 5.357386673763115, 50.213347771007442 ], [ 5.360577868981177, 50.318657213203522 ], [ 5.587152729463653, 50.325039603639645 ], [ 5.769504076035094, 50.250563093926381 ], [ 6.035894220671155, 50.348706831423875 ], [ 6.067440422009636, 50.474891636777798 ], [ 5.913214548799285, 50.601076442131728 ], [ 5.625793603270904, 50.625612376506098 ], [ 5.552185800147782, 50.674684245254845 ], [ 5.681875738983759, 50.807879317572876 ], [ 5.986822351922407, 50.809631884313909 ], [ 6.127027691204544, 50.713240713557404 ], [ 6.270738163968735, 50.229532293034033 ], [ 6.456510238517566, 50.103347487680111 ] ] ] ] } },
{ "type": "Feature", "properties": { "id": "denmark849", "colorId": "denmark", "name": "Дания", "parent": null }, "geometry": { "type": "MultiPolygon", "coordinates": [ [ [ [ 8.566, 54.688 ], [ 8.395, 54.715 ], [ 8.498, 54.756 ], [ 8.566, 54.688 ] ] ], [ [ [ 10.45, 54.9 ], [ 10.383, 54.831 ], [ 10.211, 54.939 ], [ 10.45, 54.9 ] ] ], [ [ [ 8.289, 54.891 ], [ 8.36, 54.948 ], [ 8.446, 54.866 ], [ 8.289, 54.891 ] ] ], [ [ [ 9.628, 55.058 ], [ 9.793, 55.081 ], [ 10.011, 54.976 ], [ 10.065, 54.891 ], [ 9.815, 54.901 ], [ 9.799, 55.017 ], [ 9.628, 55.058 ] ] ], [ [ [ 10.538, 55.03 ], [ 10.205, 55.094 ], [ 9.884, 55.253 ], [ 9.885, 55.349 ], [ 9.676, 55.496 ], [ 9.888, 55.509 ], [ 10.294, 55.616 ], [ 10.489, 55.545 ], [ 10.472, 55.443 ], [ 10.605, 55.489 ], [ 10.609, 55.613 ], [ 10.738, 55.509 ], [ 10.657, 55.46 ], [ 10.797, 55.359 ], [ 10.815, 55.214 ], [ 10.666, 55.064 ], [ 10.538, 55.03 ] ] ], [ [ [ 8.833, 54.036 ], [ 8.997, 54.03 ], [ 8.977, 54.146 ], [ 8.861, 54.125 ], [ 8.84, 54.256 ], [ 8.963, 54.318 ], [ 8.652, 54.275 ], [ 8.629, 54.388 ], [ 8.861, 54.414 ], [ 9.012, 54.506 ], [ 8.805, 54.688 ], [ 8.689, 54.735 ], [ 8.661, 54.896 ], [ 8.682, 55.133 ], [ 8.484, 55.068 ], [ 8.689, 55.142 ], [ 8.618, 55.438 ], [ 8.442, 55.464 ], [ 8.31, 55.563 ], [ 8.244, 55.517 ], [ 8.094, 55.564 ], [ 8.194, 55.812 ], [ 8.388, 55.893 ], [ 8.282, 56.076 ], [ 8.106, 56.119 ], [ 8.134, 56.205 ], [ 8.122, 56.552 ], [ 8.27, 56.843 ], [ 8.618, 57.123 ], [ 9.412, 57.165 ], [ 9.573, 57.243 ], [ 9.788, 57.459 ], [ 9.967, 57.591 ], [ 10.198, 57.601 ], [ 10.596, 57.751 ], [ 10.43, 57.571 ], [ 10.547, 57.435 ], [ 10.539, 57.237 ], [ 10.447, 57.185 ], [ 10.266, 56.908 ], [ 10.361, 56.562 ], [ 10.552, 56.516 ], [ 10.789, 56.536 ], [ 10.964, 56.448 ], [ 10.912, 56.334 ], [ 10.75, 56.216 ], [ 10.629, 56.238 ], [ 10.531, 56.1 ], [ 10.505, 56.278 ], [ 10.403, 56.298 ], [ 10.22, 56.148 ], [ 10.245, 55.915 ], [ 9.893, 55.836 ], [ 10.046, 55.814 ], [ 10.06, 55.749 ], [ 9.792, 55.674 ], [ 9.854, 55.627 ], [ 9.707, 55.537 ], [ 9.498, 55.489 ], [ 9.71, 55.249 ], [ 9.494, 55.161 ], [ 9.58, 55.051 ], [ 9.739, 54.981 ], [ 9.746, 54.836 ], [ 9.587, 54.928 ], [ 9.438, 54.81 ], [ 9.58, 54.866 ], [ 9.824, 54.757 ], [ 9.915, 54.791 ], [ 10.034, 54.673 ], [ 10.02, 54.546 ], [ 10.125, 54.496 ], [ 10.217, 54.405 ], [ 10.307, 54.441 ], [ 10.777, 54.315 ], [ 10.935, 54.38 ], [ 11.077, 54.342 ], [ 11.067, 54.184 ], [ 10.753, 54.044 ], [ 10.77620974104946, 53.984697339996451 ], [ 10.642419142841938, 53.916515592833015 ], [ 10.571586342215683, 53.836925390586018 ], [ 10.387489334613845, 53.807469869369719 ], [ 10.253911828816253, 53.66823111731329 ], [ 10.089246477176228, 53.729980624178296 ], [ 9.924581125536202, 53.637356363880784 ], [ 9.821665280761184, 53.539586311344515 ], [ 9.677583098076163, 53.534440519105765 ], [ 9.577402927989908, 53.571164538685103 ], [ 9.523209330913637, 53.591044233732028 ], [ 9.430585070616123, 53.729980624178296 ], [ 9.353398187034861, 53.853479637908315 ], [ 9.008, 53.892 ], [ 8.833, 54.036 ] ] ], [ [ [ -6.655, 61.396 ], [ -6.87, 61.502 ], [ -6.963, 61.629 ], [ -6.737, 61.579 ], [ -6.655, 61.396 ] ] ], [ [ [ -6.907, 61.91 ], [ -6.613, 61.821 ], [ -6.668, 61.749 ], [ -6.907, 61.91 ] ] ], [ [ [ -7.185, 62.027 ], [ -7.384, 62.095 ], [ -7.286, 62.155 ], [ -7.038, 62.089 ], [ -7.185, 62.027 ] ] ], [ [ [ -7.19, 62.31 ], [ -6.716, 62.034 ], [ -6.734, 61.938 ], [ -7.031, 62.117 ], [ -7.223, 62.171 ], [ -7.19, 62.31 ] ] ], [ [ [ -7.055, 62.29 ], [ -6.941, 62.337 ], [ -6.737, 62.262 ], [ -6.722, 62.184 ], [ -6.564, 62.136 ], [ -6.691, 62.073 ], [ -6.958, 62.19 ], [ -7.055, 62.29 ] ] ], [ [ [ -6.537, 62.191 ], [ -6.572, 62.347 ], [ -6.387, 62.26 ], [ -6.537, 62.191 ] ] ], [ [ [ 11.121, 54.536 ], [ 11.256, 54.479 ], [ 11.314, 54.414 ], [ 11.113, 54.415 ], [ 11.006, 54.468 ], [ 11.121, 54.536 ] ] ], [ [ [ 11.649, 54.914 ], [ 11.845, 54.732 ], [ 11.811, 54.655 ], [ 11.611, 54.666 ], [ 11.474, 54.626 ], [ 10.999, 54.787 ], [ 11.108, 54.832 ], [ 11.074, 54.948 ], [ 11.232, 54.961 ], [ 11.595, 54.811 ], [ 11.649, 54.914 ] ] ], [ [ [ 10.855, 55.044 ], [ 10.909, 55.03 ], [ 10.731, 54.74 ], [ 10.641, 54.843 ], [ 10.855, 55.044 ] ] ], [ [ [ 12.129, 54.954 ], [ 12.287, 54.989 ], [ 12.28, 55.064 ], [ 12.417, 55.03 ], [ 12.503, 54.948 ], [ 12.314, 54.951 ], [ 12.227, 54.893 ], [ 12.129, 54.954 ] ] ], [ [ [ 14.684, 55.101 ], [ 14.761, 55.309 ], [ 15.151, 55.133 ], [ 15.073, 54.992 ], [ 14.684, 55.101 ] ] ], [ [ [ 12.026, 55.941 ], [ 11.866, 55.973 ], [ 12.245, 56.129 ], [ 12.622, 56.044 ], [ 12.513, 55.921 ], [ 12.602, 55.709 ], [ 12.465, 55.606 ], [ 12.248, 55.546 ], [ 12.225, 55.435 ], [ 12.445, 55.349 ], [ 12.392, 55.255 ], [ 12.183, 55.227 ], [ 12.149, 54.994 ], [ 11.91, 55.01 ], [ 12.04, 54.893 ], [ 12.17, 54.838 ], [ 11.961, 54.694 ], [ 11.969, 54.57 ], [ 11.869, 54.66 ], [ 11.91, 54.722 ], [ 11.75, 54.873 ], [ 11.75, 54.966 ], [ 11.883, 54.976 ], [ 11.649, 55.181 ], [ 11.423, 55.222 ], [ 11.261, 55.201 ], [ 11.242, 55.279 ], [ 11.088, 55.366 ], [ 11.204, 55.392 ], [ 11.148, 55.557 ], [ 10.96, 55.724 ], [ 11.252, 55.729 ], [ 11.478, 55.842 ], [ 11.477, 55.941 ], [ 11.768, 55.971 ], [ 11.663, 55.907 ], [ 11.811, 55.679 ], [ 11.869, 55.805 ], [ 11.998, 55.903 ], [ 12.06, 55.654 ], [ 12.095, 55.729 ], [ 12.026, 55.941 ] ] ], [ [ [ 12.674, 55.606 ], [ 12.556, 55.55 ], [ 12.616, 55.688 ], [ 12.674, 55.606 ] ] ], [ [ [ 12.622, 56.419 ], [ 12.89, 56.455 ], [ 12.939, 56.527 ], [ 13.427356223376229, 56.366489478925288 ], [ 13.625576091977212, 56.360572467922275 ], [ 14.01905732367767, 56.478912687982564 ], [ 14.243903741792217, 56.508497742997633 ], [ 14.595965896471574, 56.42270108345393 ], [ 16.095, 56.419 ], [ 16.038, 56.255 ], [ 15.852, 56.086 ], [ 15.827, 56.159 ], [ 15.573, 56.206 ], [ 15.321, 56.14 ], [ 14.953, 56.173 ], [ 14.686, 56.147 ], [ 14.768, 56.031 ], [ 14.479, 56.032 ], [ 14.209, 55.821 ], [ 14.196, 55.726 ], [ 14.363, 55.524 ], [ 14.181, 55.391 ], [ 13.882, 55.433 ], [ 13.63, 55.418 ], [ 13.281, 55.345 ], [ 12.953, 55.425 ], [ 12.929, 55.579 ], [ 13.061, 55.674 ], [ 12.923, 55.749 ], [ 12.61, 56.117 ], [ 12.505, 56.275 ], [ 12.797, 56.228 ], [ 12.829, 56.279 ], [ 12.622, 56.419 ] ] ], [ [ [ 11.142, 57.332 ], [ 11.029, 57.202 ], [ 10.855, 57.265 ], [ 11.142, 57.332 ] ] ], [ [ [ 18.099, 57.259 ], [ 18.179, 57.38 ], [ 18.112, 57.511 ], [ 18.463, 57.803 ], [ 18.742, 57.918 ], [ 19.04, 57.868 ], [ 18.941, 57.73 ], [ 18.807, 57.734 ], [ 18.762, 57.617 ], [ 18.79, 57.449 ], [ 18.93, 57.405 ], [ 18.667, 57.297 ], [ 18.714, 57.243 ], [ 18.386, 57.127 ], [ 18.299, 56.942 ], [ 18.139, 56.922 ], [ 18.266, 57.041 ], [ 18.099, 57.259 ] ] ], [ [ [ 23.231, 58.505 ], [ 23.022, 58.363 ], [ 22.669, 58.222 ], [ 22.535, 58.254 ], [ 22.323, 58.207 ], [ 22.19, 57.984 ], [ 22.017, 57.914 ], [ 21.998, 57.984 ], [ 22.203, 58.148 ], [ 21.868, 58.265 ], [ 22.011, 58.354 ], [ 21.885, 58.498 ], [ 22.114, 58.498 ], [ 22.583, 58.635 ], [ 22.641, 58.589 ], [ 22.9, 58.62 ], [ 23.231, 58.505 ] ] ], [ [ [ 23.155, 58.676 ], [ 23.288, 58.666 ], [ 23.382, 58.58 ], [ 23.224, 58.535 ], [ 23.059, 58.603 ], [ 23.155, 58.676 ] ] ] ] } },
{ "type": "Feature", "properties": { "id": "sp_angola1589", "colorId": "spain", "name": null, "parent": "sp_portugal1589" }, "geometry": { "type": "MultiPolygon", "coordinates": [ [ [ [ 13.364, -12.593 ], [ 13.46, -12.507 ], [ 13.506, -12.371 ], [ 13.6028069729559, -12.460967665457183 ], [ 13.604533996925468, -12.512778384544207 ], [ 13.531998990203633, -12.592221487144311 ], [ 13.364, -12.593 ] ] ] ] } },
{ "type": "Feature", "properties": { "id": "ott_bulgaria1517", "colorId": "turkey", "name": null, "parent": "ottoman" }, "geometry": { "type": "MultiPolygon", "coordinates": [ [ [ [ 27.800018686566148, 42.792629164963159 ], [ 26.702231563994861, 42.902407877220298 ], [ 26.34060757067726, 42.818459450200145 ], [ 26.075847146998299, 42.779714022344685 ], [ 25.539868728331143, 42.585986883067399 ], [ 25.359056731672343, 42.624732310922859 ], [ 25.213761377214379, 42.579529311758144 ], [ 25.071694808411035, 42.621503525268224 ], [ 24.56154667498085, 42.618274739613604 ], [ 24.367819535703561, 42.556927812175793 ], [ 23.909331972747317, 42.553699026521173 ], [ 23.621970049486009, 42.411632457717829 ], [ 23.465991052815962, 42.186572400139063 ], [ 23.327463801357474, 42.109612815995462 ], [ 23.035017381611777, 42.120607042301714 ], [ 22.90473579988295, 42.083226672860533 ], [ 22.561715939128597, 42.157987411742887 ], [ 22.469364438156273, 42.193168935922827 ], [ 22.345, 42.313 ], [ 22.270399520142199, 42.435258046414809 ], [ 22.270399520142199, 42.545200309477103 ], [ 22.402330235816947, 42.641949500971918 ], [ 22.481, 42.74 ], [ 22.404529081078191, 42.853038646051516 ], [ 22.505675963095499, 42.923401694411382 ], [ 22.725560489220079, 43.004758969077479 ], [ 22.866286585939811, 43.17187120893216 ], [ 22.875081966984794, 43.321392686696875 ], [ 22.773935084967487, 43.378562663489262 ], [ 22.519, 43.474 ], [ 22.473, 43.636 ], [ 22.349, 43.808 ], [ 22.328367346212673, 43.876794925037444 ], [ 22.704411773182088, 43.947303255094212 ], [ 22.851, 43.897 ], [ 22.990362222856749, 43.782783818295108 ], [ 23.378158038168962, 43.857209277799477 ], [ 24.185086704374168, 43.657435675971968 ], [ 24.498457060182012, 43.692689841000352 ], [ 24.706, 43.744 ], [ 24.964, 43.75 ], [ 25.252, 43.705 ], [ 25.36, 43.654 ], [ 25.557, 43.67 ], [ 25.781, 43.732 ], [ 25.934, 43.87 ], [ 26.151, 44.012 ], [ 26.634625758224125, 44.086713845074009 ], [ 26.810533379123793, 44.086713845074009 ], [ 26.898487189573625, 44.152679202911379 ], [ 27.232711669282995, 44.148281512388891 ], [ 27.430607742795122, 44.020748487236631 ], [ 27.662585917856557, 44.020198775921315 ], [ 27.725253007802067, 43.954783129399253 ], [ 27.929745617097925, 44.002058302516041 ], [ 27.956131760232875, 43.895414307345611 ], [ 28.150729565853133, 43.783273199022076 ], [ 28.578, 43.741 ], [ 28.604, 43.538 ], [ 28.473, 43.367 ], [ 28.322, 43.428 ], [ 28.157, 43.408 ], [ 28.031, 43.249 ], [ 27.904, 43.202 ], [ 27.944, 43.157 ], [ 27.885, 43.009 ], [ 27.892, 42.711 ], [ 27.800018686566148, 42.792629164963159 ] ] ] ] } },
{ "type": "Feature", "properties": { "id": "ming1381", "colorId": "china", "name": "Империя Мин", "parent": null }, "geometry": { "type": "MultiPolygon", "coordinates": [ [ [ [ 109.167, 19.805 ], [ 109.304, 19.922 ], [ 109.527, 19.951 ], [ 109.719, 20.011 ], [ 109.835, 19.931 ], [ 109.943, 19.991 ], [ 109.99, 19.906 ], [ 110.157, 20.067 ], [ 110.261, 20.033 ], [ 110.383, 20.081 ], [ 110.564, 19.985 ], [ 110.593, 20.107 ], [ 110.678, 20.164 ], [ 110.788, 20.01 ], [ 110.935, 19.995 ], [ 111.011, 19.684 ], [ 110.876, 19.54 ], [ 110.67, 19.382 ], [ 110.58, 19.155 ], [ 110.513, 18.906 ], [ 110.431, 18.821 ], [ 110.427, 18.681 ], [ 110.271, 18.668 ], [ 110.103, 18.539 ], [ 110.053, 18.39 ], [ 109.993, 18.443 ], [ 109.835, 18.382 ], [ 109.746, 18.396 ], [ 109.727, 18.304 ], [ 109.561, 18.169 ], [ 109.44, 18.289 ], [ 109.163, 18.288 ], [ 109.092, 18.369 ], [ 109.001, 18.367 ], [ 108.796, 18.487 ], [ 108.695, 18.505 ], [ 108.694, 18.72 ], [ 108.627, 18.836 ], [ 108.654, 18.921 ], [ 108.615, 19.102 ], [ 108.663, 19.156 ], [ 108.627, 19.275 ], [ 108.687, 19.378 ], [ 108.771, 19.394 ], [ 108.941, 19.514 ], [ 109.016, 19.601 ], [ 109.157, 19.65 ], [ 109.167, 19.805 ] ] ], [ [ [ 110.267, 20.973 ], [ 110.287, 21.074 ], [ 110.408, 21.048 ], [ 110.507, 21.082 ], [ 110.548, 21.037 ], [ 110.521, 20.972 ], [ 110.441, 21.006 ], [ 110.267, 20.973 ] ] ], [ [ [ 110.617, 21.191 ], [ 110.565, 21.113 ], [ 110.418, 21.178 ], [ 110.617, 21.191 ] ] ], [ [ [ 111.822, 21.562 ], [ 111.835, 21.644 ], [ 111.963, 21.658 ], [ 111.981, 21.612 ], [ 111.822, 21.562 ] ] ], [ [ [ 112.518, 21.617 ], [ 112.645, 21.713 ], [ 112.65, 21.64 ], [ 112.518, 21.617 ] ] ], [ [ [ 112.844, 21.774 ], [ 112.798, 21.706 ], [ 112.8, 21.579 ], [ 112.716, 21.68 ], [ 112.778, 21.773 ], [ 112.844, 21.774 ] ] ], [ [ [ 114.216, 22.286 ], [ 114.208, 22.19 ], [ 114.113, 22.278 ], [ 114.216, 22.286 ] ] ], [ [ [ 113.893, 22.293 ], [ 114.013, 22.311 ], [ 114.019, 22.265 ], [ 113.846, 22.197 ], [ 113.893, 22.293 ] ] ], [ [ [ 99.814116509796094, 39.858791736597595 ], [ 99.945370331483218, 39.644640764371232 ], [ 100.124980824318243, 39.575559805588533 ], [ 100.394396563570766, 39.292327874579463 ], [ 100.753617549240801, 39.057452614718287 ], [ 101.119746630789109, 38.718955916683058 ], [ 101.396070465919891, 38.622242574387272 ], [ 101.700026684563767, 38.629150670265545 ], [ 102.439192943538657, 38.953831176544227 ], [ 103.01256490143507, 39.161074052892332 ], [ 103.544488284061856, 39.154165957014072 ], [ 103.882984982097085, 39.223246915796771 ], [ 104.566886474045816, 39.112717381744453 ], [ 105.430398458829558, 38.870934026005003 ], [ 106.141932334291369, 38.877842121883276 ], [ 107.226503387179719, 37.807087260751416 ], [ 108.255809673041952, 37.81399535662969 ], [ 109.091689274312614, 38.304470163986856 ], [ 109.872304108557117, 38.608426382630732 ], [ 109.789406958017892, 39.050544518840013 ], [ 110.107179368418315, 39.437397888023128 ], [ 110.23843319010544, 39.762078394301817 ], [ 110.825621339758399, 39.983137462406461 ], [ 111.2124747089415, 39.789710777814896 ], [ 111.640776653394241, 39.955505078893381 ], [ 111.640776653394241, 40.29400177692861 ], [ 112.317770049464698, 40.356174639833043 ], [ 112.870417719726305, 40.687763241989998 ], [ 114.079334498423535, 40.853557543068476 ], [ 114.721787415102654, 41.136789474077545 ], [ 115.295159372999052, 41.212778528738518 ], [ 115.633656071034281, 41.413113309208349 ], [ 116.186303741295887, 41.910496212443782 ], [ 116.870205233244604, 41.869047637174177 ], [ 117.284690985940799, 41.599631897921647 ], [ 117.94096009437645, 41.371664733938736 ], [ 118.300181080046485, 41.440745692721435 ], [ 118.613238368927867, 41.574927576524523 ], [ 119.21380233075466, 42.125444541532417 ], [ 120.540047746455485, 42.592549845175476 ], [ 122.758797938760011, 42.542502848356577 ], [ 123.401067731269222, 42.65927917426734 ], [ 123.78476137354744, 42.876149493815902 ], [ 124.101725686733829, 43.159749142456334 ], [ 124.794042476061932, 43.418325292687314 ], [ 125.794982412439907, 43.952159925422229 ], [ 126.145311390172196, 44.352535899973425 ], [ 126.587393195405809, 44.644476714750333 ], [ 127.630038962466202, 45.111582018393392 ], [ 128.42244974543209, 45.4035228331703 ], [ 129.114766534760207, 45.386840500897335 ], [ 129.798742157951807, 44.944758695663729 ], [ 129.882153819316642, 44.469312225884188 ], [ 129.636089418290425, 43.339084214390709 ], [ 129.42314672917496, 42.853044274914517 ], [ 129.168000140546638, 42.662258987922158 ], [ 129.112833310572938, 42.528939148819063 ], [ 128.846193632366749, 42.404813781378245 ], [ 128.772637859068482, 42.276091178106292 ], [ 128.211775087669253, 41.871534424965859 ], [ 127.719870853737149, 41.793381415836464 ], [ 127.676197113341303, 41.634776779662083 ], [ 127.76124597621741, 41.510651412221272 ], [ 127.662405405847863, 41.427901167260714 ], [ 127.225668001889446, 41.432498403091856 ], [ 126.931444908696406, 41.570415478026099 ], [ 126.724569296295044, 41.648568487155501 ], [ 126.471721325582266, 41.643971251324359 ], [ 126.085553515766406, 41.469276289740989 ], [ 125.929247497507603, 41.239414498183926 ], [ 125.349995782783793, 40.848649452536918 ], [ 124.471923739035816, 40.462481642721045 ], [ 124.265048126634454, 40.296981152799958 ], [ 124.058172514233092, 40.021147002931485 ], [ 123.986, 39.81 ], [ 123.72, 39.831 ], [ 123.631, 39.904 ], [ 123.591, 39.784 ], [ 123.41, 39.735 ], [ 123.387, 39.79 ], [ 123.206, 39.735 ], [ 123.174, 39.666 ], [ 123.009, 39.68 ], [ 122.964, 39.612 ], [ 122.849, 39.618 ], [ 122.588, 39.467 ], [ 122.396, 39.411 ], [ 122.115, 39.201 ], [ 122.127, 39.142 ], [ 121.86, 38.945 ], [ 121.772, 39.022 ], [ 121.592, 38.949 ], [ 121.705, 38.873 ], [ 121.485, 38.81 ], [ 121.345, 38.815 ], [ 121.153, 38.728 ], [ 121.118, 38.943 ], [ 121.334, 38.969 ], [ 121.674, 39.088 ], [ 121.593, 39.192 ], [ 121.78, 39.371 ], [ 121.549, 39.362 ], [ 121.436, 39.509 ], [ 121.223, 39.529 ], [ 121.306, 39.598 ], [ 121.547, 39.673 ], [ 121.457, 39.748 ], [ 121.536, 39.862 ], [ 121.874, 39.991 ], [ 121.991, 40.187 ], [ 122.092, 40.227 ], [ 122.106, 40.31 ], [ 122.302, 40.502 ], [ 122.138, 40.624 ], [ 122.049, 40.746 ], [ 121.851, 40.832 ], [ 121.826, 40.948 ], [ 121.74, 40.849 ], [ 121.575, 40.841 ], [ 121.361, 40.94 ], [ 121.176, 40.922 ], [ 121.05, 40.797 ], [ 120.991, 40.831 ], [ 120.94, 40.741 ], [ 121.021, 40.719 ], [ 120.825, 40.674 ], [ 120.798, 40.6 ], [ 120.546, 40.402 ], [ 120.505, 40.249 ], [ 120.436, 40.194 ], [ 119.95, 40.057 ], [ 119.912, 39.998 ], [ 119.739745695240131, 39.948980703654698 ], [ 119.536, 39.891 ], [ 119.34, 39.716 ], [ 119.256, 39.493 ], [ 119.305, 39.433 ], [ 119.016, 39.19 ], [ 118.859, 39.208 ], [ 118.796, 39.152 ], [ 118.619, 39.161 ], [ 118.344, 39.031 ], [ 118.235, 39.053 ], [ 118.141, 39.173 ], [ 118.045, 39.219 ], [ 117.886, 39.201 ], [ 117.757, 39.114 ], [ 117.775, 38.981 ], [ 117.709, 38.981 ], [ 117.584, 38.812 ], [ 117.544, 38.621 ], [ 117.716, 38.379 ], [ 117.837, 38.271 ], [ 118.085, 38.139 ], [ 118.216, 38.145 ], [ 118.543, 38.068 ], [ 118.655, 38.146 ], [ 118.84, 38.153 ], [ 119.117, 37.853 ], [ 119.243, 37.769 ], [ 119.256, 37.672 ], [ 119.12, 37.738 ], [ 119.037, 37.722 ], [ 118.977, 37.611 ], [ 118.945, 37.378 ], [ 118.972, 37.281 ], [ 119.146, 37.179 ], [ 119.441, 37.121 ], [ 119.771, 37.152 ], [ 119.897, 37.249 ], [ 119.859, 37.36 ], [ 120.06, 37.44 ], [ 120.298, 37.598 ], [ 120.306, 37.665 ], [ 120.738, 37.834 ], [ 120.926, 37.819 ], [ 121.033, 37.71 ], [ 121.138, 37.701 ], [ 121.191, 37.575 ], [ 121.375, 37.611 ], [ 121.477, 37.468 ], [ 121.592, 37.424 ], [ 121.732, 37.462 ], [ 121.938, 37.464 ], [ 122.122, 37.563 ], [ 122.183, 37.418 ], [ 122.688, 37.41 ], [ 122.571, 37.345 ], [ 122.629, 37.193 ], [ 122.51, 37.155 ], [ 122.409, 37.006 ], [ 122.54, 37.028 ], [ 122.525, 36.944 ], [ 122.32, 36.823 ], [ 122.185, 36.85 ], [ 122.266, 36.898 ], [ 122.04, 36.985 ], [ 121.637, 36.831 ], [ 121.634, 36.747 ], [ 121.453, 36.757 ], [ 121.158, 36.669 ], [ 121.032, 36.59 ], [ 120.95, 36.459 ], [ 120.867, 36.377 ], [ 120.751, 36.459 ], [ 120.644, 36.322 ], [ 120.697, 36.144 ], [ 120.354, 36.041 ], [ 120.189, 35.945 ], [ 120.039, 35.843 ], [ 120.003, 35.728 ], [ 119.938, 35.761 ], [ 119.905, 35.625 ], [ 119.812, 35.648 ], [ 119.648, 35.584 ], [ 119.552, 35.38 ], [ 119.429, 35.321 ], [ 119.358, 35.097 ], [ 119.207, 35.048 ], [ 119.192, 34.718 ], [ 119.347, 34.781 ], [ 119.641, 34.551 ], [ 119.826, 34.47 ], [ 119.94, 34.458 ], [ 120.257, 34.312 ], [ 120.371, 34.036 ], [ 120.407, 33.86 ], [ 120.498, 33.753 ], [ 120.484, 33.65 ], [ 120.628, 33.478 ], [ 120.662, 33.338 ], [ 120.75, 33.27 ], [ 120.834, 33.026 ], [ 120.896, 33.014 ], [ 120.908, 32.844 ], [ 120.864, 32.671 ], [ 121.12, 32.507 ], [ 121.389, 32.385 ], [ 121.419, 32.25 ], [ 121.367, 32.239 ], [ 121.443, 32.114 ], [ 121.655, 32.063 ], [ 121.822, 31.952 ], [ 121.922, 31.754 ], [ 121.817, 31.691 ], [ 121.725, 31.282 ], [ 121.877, 31.099 ], [ 121.977, 30.915 ], [ 121.907, 30.857 ], [ 121.631, 30.837 ], [ 121.411, 30.767 ], [ 120.978, 30.543 ], [ 120.94, 30.422 ], [ 120.893, 30.17 ], [ 121.15, 30.326 ], [ 121.377, 30.325 ], [ 121.507, 30.22 ], [ 121.678, 30.001 ], [ 121.936, 29.887 ], [ 122.136, 29.885 ], [ 121.983, 29.823 ], [ 121.916, 29.641 ], [ 121.91, 29.525 ], [ 121.971, 29.449 ], [ 121.916, 29.391 ], [ 121.943, 29.196 ], [ 121.785, 29.168 ], [ 121.746, 29.202 ], [ 121.652, 29.183 ], [ 121.621, 29.113 ], [ 121.69, 29.017 ], [ 121.684, 28.915 ], [ 121.67, 28.825 ], [ 121.606, 28.725 ], [ 121.51, 28.657 ], [ 121.584, 28.443 ], [ 121.656, 28.339 ], [ 121.581, 28.301 ], [ 121.473, 28.331 ], [ 121.396, 28.284 ], [ 121.368, 28.162 ], [ 121.262, 28.226 ], [ 121.119, 28.219 ], [ 121.009, 28.103 ], [ 120.965, 27.987 ], [ 120.835, 27.956 ], [ 120.807, 27.835 ], [ 120.597, 27.57 ], [ 120.677, 27.495 ], [ 120.635, 27.38 ], [ 120.546, 27.403 ], [ 120.518, 27.202 ], [ 120.358, 27.098 ], [ 120.244, 27.133 ], [ 120.237, 26.927 ], [ 120.126, 26.927 ], [ 120.025, 26.86 ], [ 120.128, 26.797 ], [ 120.121, 26.646 ], [ 119.96, 26.611 ], [ 119.884, 26.523 ], [ 119.877, 26.313 ], [ 119.674, 26.281 ], [ 119.566, 26.05 ], [ 119.702, 25.985 ], [ 119.583, 25.82 ], [ 119.58, 25.68 ], [ 119.558, 25.564 ], [ 119.576, 25.463 ], [ 119.289, 25.189 ], [ 119.102, 25.197 ], [ 119.134, 25.125 ], [ 118.947, 25.113 ], [ 118.858, 25.098 ], [ 118.997, 24.953 ], [ 118.716, 24.844 ], [ 118.764, 24.752 ], [ 118.647, 24.568 ], [ 118.428, 24.631 ], [ 118.284, 24.598 ], [ 118.219, 24.541 ], [ 118.047, 24.399 ], [ 118.126, 24.262 ], [ 117.968, 24.16 ], [ 117.894, 24.028 ], [ 117.791, 24.002 ], [ 117.649, 23.909 ], [ 117.582, 23.889 ], [ 117.463, 23.788 ], [ 117.293, 23.789 ], [ 117.264, 23.655 ], [ 117.084, 23.551 ], [ 117.068, 23.651 ], [ 116.951, 23.611 ], [ 116.909, 23.655 ], [ 116.867, 23.45 ], [ 116.749, 23.326 ], [ 116.784, 23.212 ], [ 116.715, 23.244 ], [ 116.647, 23.163 ], [ 116.612, 23.239 ], [ 116.534, 23.109 ], [ 116.563, 23.019 ], [ 116.495, 22.939 ], [ 116.298, 22.963 ], [ 116.096, 22.826 ], [ 116.124, 22.895 ], [ 115.826, 22.747 ], [ 115.81, 22.808 ], [ 115.682, 22.888 ], [ 115.591, 22.847 ], [ 115.524, 22.742 ], [ 115.575, 22.668 ], [ 115.374, 22.694 ], [ 115.424, 22.762 ], [ 115.233, 22.788 ], [ 115.303, 22.839 ], [ 115.065, 22.796 ], [ 114.88, 22.559 ], [ 114.754, 22.59 ], [ 114.785, 22.816 ], [ 114.563, 22.733 ], [ 114.5, 22.653 ], [ 114.583, 22.655 ], [ 114.543, 22.569 ], [ 114.618, 22.514 ], [ 114.516, 22.453 ], [ 114.396, 22.614 ], [ 114.23, 22.556 ], [ 114.335, 22.506 ], [ 114.39, 22.366 ], [ 114.256, 22.356 ], [ 114.239, 22.282 ], [ 114.111, 22.366 ], [ 113.914, 22.376 ], [ 114.082, 22.529 ], [ 113.964, 22.538 ], [ 113.89, 22.453 ], [ 113.61, 22.37 ], [ 113.588, 22.238 ], [ 113.484, 22.155 ], [ 113.303, 22.183 ], [ 113.231, 22.043 ], [ 113.157, 22.025 ], [ 113.029, 21.961 ], [ 112.957, 21.876 ], [ 112.879, 21.875 ], [ 112.826, 21.966 ], [ 112.645, 21.849 ], [ 112.608, 21.775 ], [ 112.443, 21.828 ], [ 112.404, 21.812 ], [ 112.363, 21.733 ], [ 112.245, 21.707 ], [ 112.173, 21.814 ], [ 112.0, 21.774 ], [ 111.884, 21.683 ], [ 111.78, 21.675 ], [ 111.63, 21.53 ], [ 111.438, 21.534 ], [ 111.292, 21.451 ], [ 111.301, 21.499 ], [ 111.088, 21.473 ], [ 110.869, 21.385 ], [ 110.791, 21.404 ], [ 110.705, 21.349 ], [ 110.636, 21.23 ], [ 110.424, 21.191 ], [ 110.394, 21.163 ], [ 110.205, 21.082 ], [ 110.157, 20.986 ], [ 110.157, 20.849 ], [ 110.369, 20.849 ], [ 110.301, 20.657 ], [ 110.479, 20.568 ], [ 110.534, 20.478 ], [ 110.4, 20.301 ], [ 110.28, 20.253 ], [ 110.128, 20.248 ], [ 110.027, 20.301 ], [ 109.915, 20.248 ], [ 109.931, 20.318 ], [ 109.863, 20.406 ], [ 109.975, 20.355 ], [ 110.015, 20.418 ], [ 109.931, 20.506 ], [ 109.835, 20.506 ], [ 109.773, 20.822 ], [ 109.689, 20.835 ], [ 109.661, 20.928 ], [ 109.696, 21.17 ], [ 109.773, 21.215 ], [ 109.766, 21.356 ], [ 109.924, 21.363 ], [ 109.944, 21.493 ], [ 109.803, 21.473 ], [ 109.741, 21.474 ], [ 109.65, 21.52 ], [ 109.531, 21.492 ], [ 109.316, 21.459 ], [ 109.139, 21.402 ], [ 109.04, 21.45 ], [ 109.143, 21.51 ], [ 109.136, 21.603 ], [ 108.97, 21.606 ], [ 108.855, 21.685 ], [ 108.752, 21.65 ], [ 108.519, 21.596 ], [ 108.42, 21.557 ], [ 108.284, 21.545 ], [ 108.253, 21.595 ], [ 108.066, 21.562 ], [ 107.991, 21.486 ], [ 107.783, 21.524 ], [ 107.749, 21.411 ], [ 107.635, 21.383 ], [ 107.562, 21.298 ], [ 107.367, 21.273 ], [ 107.46845787908974, 21.50612910677081 ], [ 107.076160422033297, 21.837130086162176 ], [ 106.659344373910841, 22.086402428666783 ], [ 106.356948417429848, 22.356106930393079 ], [ 106.205750439189345, 22.564514954454307 ], [ 106.011644926583301, 22.79539835365939 ], [ 105.921743426007865, 23.032411400630981 ], [ 105.786891175144717, 23.257165152069561 ], [ 105.116716352673322, 23.163177219649789 ], [ 104.769369645904604, 22.999719945876279 ], [ 104.348467165937819, 22.88529985423482 ], [ 104.025639050235128, 22.72184258046131 ], [ 103.645600888711698, 22.629897863963713 ], [ 103.406544625817943, 22.685064693862266 ], [ 102.865092406443182, 22.654416455029732 ], [ 102.472794949386753, 22.693237557550944 ], [ 102.10501608339635, 22.582903897753823 ], [ 102.027373878353927, 22.501175260867068 ], [ 101.892, 22.43 ], [ 101.751539728861118, 22.147698906331851 ], [ 101.642346607758327, 21.419682524196528 ], [ 101.306552899677698, 21.290531098011673 ], [ 100.951327640468264, 21.472143286793926 ], [ 100.625279126552613, 21.645697520020036 ], [ 100.224909705379559, 21.684442947875496 ], [ 99.947234139082113, 21.813594374060351 ], [ 99.514576861362841, 22.16876079606871 ], [ 99.388654220832592, 22.4690378619485 ], [ 99.621126787965338, 22.953355710141714 ], [ 98.663, 23.97 ], [ 98.177859600349535, 24.051142832712998 ], [ 97.89, 24.023 ], [ 97.348061687111823, 24.212582115444071 ], [ 97.528873683770627, 24.580663680070916 ], [ 98.497509380157055, 25.581587233003567 ], [ 98.717066804671319, 25.962583940248898 ], [ 98.607288092414194, 26.440444217132871 ], [ 98.665406234197377, 26.853728780924413 ], [ 98.568542664558734, 27.357419343045358 ], [ 98.407103381827653, 27.748102407254546 ], [ 98.345756454389829, 28.200132398901548 ], [ 98.184317171658748, 28.193674827592307 ], [ 98.119, 28.141 ], [ 98.275647533676761, 28.377060915213875 ], [ 98.280327604992138, 28.863788332012607 ], [ 98.186726178684694, 28.994830328843033 ], [ 98.186726178684694, 29.406676604595809 ], [ 98.345848603407362, 29.72024138272576 ], [ 98.514331170760769, 30.001045661648106 ], [ 98.682813738114149, 30.19994869255143 ], [ 98.987018373613353, 30.274829833597391 ], [ 99.347383864897054, 30.410551901743183 ], [ 99.979193492472334, 30.948760103011015 ], [ 100.681204189778185, 31.510368660855708 ], [ 100.802886043977864, 31.903494651347003 ], [ 100.915207755546803, 32.18897900158472 ], [ 100.990088896592766, 32.511903922345418 ], [ 101.088370394215588, 33.022031695721004 ], [ 101.079010251584847, 33.382397187004685 ], [ 100.8626188353565, 34.226233317717622 ], [ 100.81692625792401, 35.259105784469021 ], [ 100.456560766640337, 36.017277337559356 ], [ 100.306798484548423, 36.466564183835104 ], [ 100.311478555863786, 37.103053882725753 ], [ 100.199156844294848, 37.589781299524482 ], [ 100.104103440790652, 37.875039398766262 ], [ 100.153679610370119, 38.197284501032783 ], [ 99.87109544376716, 38.440207731972166 ], [ 99.226605239234118, 38.569105772878778 ], [ 99.008470093084469, 38.732707132491008 ], [ 98.592030268616952, 38.911181342977088 ], [ 98.235701549764585, 39.015291299093995 ], [ 97.935765723808842, 38.812029003818182 ], [ 97.558986835004902, 38.673215728995672 ], [ 96.805429057397021, 38.678173345953624 ], [ 96.111362683284511, 38.561669347441892 ], [ 95.357804905676645, 38.774846876633589 ], [ 94.971110782956814, 38.903744917540202 ], [ 94.896036490764956, 38.945270536894704 ], [ 94.648865680690278, 39.067346277152438 ], [ 93.8490671306823, 39.069688099170236 ], [ 93.605592549708973, 39.016041157599844 ], [ 93.263077461221044, 39.049054660104701 ], [ 93.242444022155496, 38.991281030721197 ], [ 93.118643387762276, 38.929380713524587 ], [ 92.268545698262145, 38.78081995225272 ], [ 93.029791386059543, 40.701633920481981 ], [ 93.800707588190178, 40.984186917643036 ], [ 94.390231742760704, 41.441155345150371 ], [ 94.725109369025603, 41.594640923855117 ], [ 95.216960882602194, 41.779521280022195 ], [ 95.482072336728592, 41.933006858726941 ], [ 96.158804206472254, 42.016726265293165 ], [ 96.305313167963149, 42.246954633350292 ], [ 96.369195823741848, 42.550100088690762 ], [ 96.86167104655577, 42.791312442722067 ], [ 97.329019982491417, 42.625478949325554 ], [ 97.511185562358719, 41.924455545422035 ], [ 97.541352965845277, 41.651442617008641 ], [ 97.541352965845277, 41.216232576677633 ], [ 98.083638492289467, 40.511606797094089 ], [ 98.467037813533423, 40.511606797094103 ], [ 98.681188785759801, 40.559963468241989 ], [ 99.354728133891115, 40.857011591007598 ], [ 99.738127455135114, 40.853557543068462 ], [ 100.173337495466114, 40.573779659998529 ], [ 100.035175577900731, 40.072942708823966 ], [ 99.814116509796094, 39.858791736597595 ] ] ], [ [ [ 118.394, 24.523 ], [ 118.449, 24.416 ], [ 118.284, 24.401 ], [ 118.282, 24.477 ], [ 118.394, 24.523 ] ] ], [ [ [ 119.668, 25.488 ], [ 119.699, 25.613 ], [ 119.782, 25.659 ], [ 119.847, 25.536 ], [ 119.757, 25.405 ], [ 119.668, 25.488 ] ] ], [ [ [ 121.12, 28.136 ], [ 121.231, 28.22 ], [ 121.256, 28.14 ], [ 121.285, 28.102 ], [ 121.152, 28.041 ], [ 121.12, 28.136 ] ] ], [ [ [ 122.011, 30.0 ], [ 121.975, 30.148 ], [ 122.087, 30.148 ], [ 122.327, 30.024 ], [ 122.294, 29.934 ], [ 122.185, 29.994 ], [ 122.011, 30.0 ] ] ], [ [ [ 122.074, 30.291 ], [ 122.239, 30.313 ], [ 122.202, 30.242 ], [ 122.074, 30.291 ] ] ], [ [ [ 122.277, 30.48 ], [ 122.399, 30.456 ], [ 122.285, 30.422 ], [ 122.277, 30.48 ] ] ], [ [ [ 118.56, 39.003 ], [ 118.633, 39.075 ], [ 118.514, 38.919 ], [ 118.488, 39.05 ], [ 118.56, 39.003 ] ] ], [ [ [ 121.434, 39.386 ], [ 121.266, 39.434 ], [ 121.423, 39.475 ], [ 121.434, 39.386 ] ] ] ] } },
{ "type": "Feature", "properties": { "id": "sp_ceylon1589", "colorId": "spain", "name": null, "parent": "sp_portugal1589" }, "geometry": { "type": "MultiPolygon", "coordinates": [ [ [ [ 80.143780147467282, 8.719074164917252 ], [ 80.027003821556519, 8.364574604116717 ], [ 79.993639157010591, 8.118510203090464 ], [ 80.067747410028616, 7.68673446747585 ], [ 80.07037719269664, 6.77858285279097 ], [ 80.158913209186181, 6.473528063302229 ], [ 80.399100026197445, 6.252626319189691 ], [ 80.809, 6.035 ], [ 80.714, 5.958 ], [ 80.591, 5.924 ], [ 80.379, 5.965 ], [ 80.185, 6.041 ], [ 80.032, 6.266 ], [ 79.97, 6.535 ], [ 79.863, 6.807 ], [ 79.862, 7.012 ], [ 79.814, 7.181 ], [ 79.834, 7.233 ], [ 79.785, 7.59 ], [ 79.802, 7.659 ], [ 79.697, 8.098 ], [ 79.697, 8.219 ], [ 79.744, 8.281 ], [ 79.732, 8.013 ], [ 79.834, 8.003 ], [ 79.793, 8.073 ], [ 79.874, 8.538 ], [ 79.917, 8.576 ], [ 79.951, 8.74 ], [ 79.916, 8.939 ], [ 80.048, 9.026 ], [ 80.143780147467282, 8.719074164917252 ] ] ], [ [ [ 79.714, 9.076 ], [ 79.842, 9.077 ], [ 79.886, 8.976 ], [ 79.714, 9.076 ] ] ] ] } },
{ "type": "Feature", "properties": { "id": "japan", "colorId": "japan", "name": "Япония", "parent": null }, "geometry": { "type": "MultiPolygon", "coordinates": [ [ [ [ 123.815, 24.392 ], [ 123.934, 24.367 ], [ 123.873, 24.258 ], [ 123.683, 24.285 ], [ 123.815, 24.392 ] ] ], [ [ [ 124.242, 24.364 ], [ 124.14, 24.342 ], [ 124.116, 24.467 ], [ 124.212, 24.447 ], [ 124.329, 24.584 ], [ 124.242, 24.364 ] ] ], [ [ [ 125.453, 24.745 ], [ 125.259, 24.733 ], [ 125.285, 24.877 ], [ 125.387, 24.782 ], [ 125.453, 24.745 ] ] ], [ [ [ 127.778, 26.233 ], [ 127.824, 26.187 ], [ 127.725, 26.09 ], [ 127.652, 26.084 ], [ 127.638, 26.215 ], [ 127.742, 26.321 ], [ 127.731, 26.44 ], [ 127.938, 26.532 ], [ 127.885, 26.696 ], [ 128.015, 26.635 ], [ 128.226, 26.801 ], [ 128.255, 26.886 ], [ 128.338, 26.797 ], [ 128.243, 26.633 ], [ 128.142, 26.557 ], [ 128.056, 26.55 ], [ 127.94, 26.448 ], [ 127.839, 26.425 ], [ 127.92, 26.31 ], [ 127.841, 26.324 ], [ 127.778, 26.233 ] ] ], [ [ [ 128.534, 27.415 ], [ 128.701, 27.455 ], [ 128.631, 27.376 ], [ 128.534, 27.415 ] ] ], [ [ [ 128.961, 27.686 ], [ 128.895, 27.728 ], [ 128.895, 27.891 ], [ 128.947, 27.914 ], [ 128.989, 27.811 ], [ 129.024, 27.757 ], [ 128.961, 27.686 ] ] ], [ [ [ 129.218, 28.106 ], [ 129.181, 28.19 ], [ 129.297, 28.12 ], [ 129.218, 28.106 ] ] ], [ [ [ 129.468, 28.216 ], [ 129.366, 28.123 ], [ 129.146, 28.256 ], [ 129.271, 28.255 ], [ 129.228, 28.305 ], [ 129.688, 28.509 ], [ 129.708, 28.462 ], [ 129.42, 28.25 ], [ 129.468, 28.216 ] ] ], [ [ [ 129.914, 28.297 ], [ 130.03, 28.373 ], [ 129.995, 28.291 ], [ 129.914, 28.297 ] ] ], [ [ [ 129.783, 31.8 ], [ 129.729, 31.644 ], [ 129.659, 31.642 ], [ 129.783, 31.8 ] ] ], [ [ [ 129.975, 32.355 ], [ 130.033, 32.522 ], [ 130.16, 32.546 ], [ 130.203, 32.339 ], [ 129.995, 32.191 ], [ 129.975, 32.355 ] ] ], [ [ [ 130.41, 32.512 ], [ 130.393, 32.397 ], [ 130.242, 32.395 ], [ 130.219, 32.456 ], [ 130.41, 32.512 ] ] ], [ [ [ 128.878, 32.674 ], [ 128.899, 32.643 ], [ 128.653, 32.591 ], [ 128.642, 32.761 ], [ 128.808, 32.8 ], [ 128.878, 32.674 ] ] ], [ [ [ 129.093, 32.907 ], [ 128.979, 32.948 ], [ 129.124, 33.109 ], [ 129.098, 32.988 ], [ 129.176, 32.967 ], [ 129.093, 32.907 ] ] ], [ [ [ 129.556, 33.411 ], [ 129.447, 33.199 ], [ 129.376, 33.17 ], [ 129.443, 33.348 ], [ 129.556, 33.411 ] ] ], [ [ [ 129.721, 33.698 ], [ 129.657, 33.743 ], [ 129.689, 33.871 ], [ 129.776, 33.773 ], [ 129.721, 33.698 ] ] ], [ [ [ 129.199, 34.316 ], [ 129.313, 34.28 ], [ 129.277, 34.129 ], [ 129.172, 34.107 ], [ 129.199, 34.316 ] ] ], [ [ [ 129.453, 34.619 ], [ 129.388, 34.367 ], [ 129.272, 34.356 ], [ 129.323, 34.648 ], [ 129.423, 34.695 ], [ 129.453, 34.619 ] ] ], [ [ [ 130.499, 30.468 ], [ 130.675, 30.375 ], [ 130.577, 30.236 ], [ 130.438, 30.239 ], [ 130.376, 30.394 ], [ 130.499, 30.468 ] ] ], [ [ [ 130.93, 30.541 ], [ 130.939, 30.672 ], [ 131.052, 30.84 ], [ 131.088, 30.783 ], [ 131.036, 30.557 ], [ 130.962, 30.373 ], [ 130.87, 30.344 ], [ 130.851, 30.47 ], [ 130.93, 30.541 ] ] ], [ [ [ 130.599, 32.505 ], [ 130.57, 32.555 ], [ 130.668, 32.649 ], [ 130.448, 32.621 ], [ 130.626, 32.704 ], [ 130.593, 32.816 ], [ 130.433, 32.942 ], [ 130.422, 33.083 ], [ 130.241, 33.188 ], [ 130.132, 33.102 ], [ 130.222, 32.975 ], [ 130.105, 32.876 ], [ 130.339, 32.857 ], [ 130.361, 32.688 ], [ 130.166, 32.593 ], [ 130.128, 32.684 ], [ 130.21, 32.733 ], [ 130.178, 32.793 ], [ 129.955, 32.745 ], [ 129.786, 32.583 ], [ 129.834, 32.694 ], [ 129.733, 32.806 ], [ 129.632, 32.979 ], [ 129.682, 33.094 ], [ 129.823, 32.98 ], [ 129.794, 32.875 ], [ 130.003, 32.845 ], [ 129.931, 32.929 ], [ 129.946, 33.016 ], [ 129.746, 33.066 ], [ 129.646, 33.197 ], [ 129.564, 33.211 ], [ 129.592, 33.381 ], [ 129.807, 33.348 ], [ 129.852, 33.28 ], [ 129.869, 33.397 ], [ 129.787, 33.455 ], [ 129.853, 33.553 ], [ 130.017, 33.446 ], [ 130.156, 33.525 ], [ 130.092, 33.566 ], [ 130.16, 33.63 ], [ 130.391, 33.605 ], [ 130.489, 33.855 ], [ 130.684, 33.934 ], [ 130.828, 33.94 ], [ 130.914, 33.891 ], [ 131.007, 33.966 ], [ 131.01, 33.746 ], [ 131.064, 33.653 ], [ 131.284, 33.582 ], [ 131.418, 33.582 ], [ 131.521, 33.676 ], [ 131.667, 33.667 ], [ 131.73, 33.58 ], [ 131.697, 33.406 ], [ 131.498, 33.341 ], [ 131.51, 33.273 ], [ 131.903, 33.266 ], [ 131.81, 33.128 ], [ 131.93, 33.047 ], [ 131.903, 32.983 ], [ 132.025, 32.924 ], [ 131.882, 32.783 ], [ 131.66, 32.477 ], [ 131.447, 31.877 ], [ 131.475, 31.762 ], [ 131.338, 31.373 ], [ 131.213, 31.455 ], [ 131.072, 31.45 ], [ 131.014, 31.363 ], [ 131.132, 31.28 ], [ 131.008, 31.221 ], [ 130.924, 31.113 ], [ 130.658, 31.003 ], [ 130.743, 31.121 ], [ 130.795, 31.344 ], [ 130.703, 31.459 ], [ 130.696, 31.546 ], [ 130.591, 31.586 ], [ 130.712, 31.614 ], [ 130.759, 31.564 ], [ 130.805, 31.687 ], [ 130.686, 31.726 ], [ 130.613, 31.682 ], [ 130.529, 31.513 ], [ 130.573, 31.315 ], [ 130.66, 31.271 ], [ 130.64, 31.186 ], [ 130.522, 31.169 ], [ 130.451, 31.249 ], [ 130.222, 31.246 ], [ 130.197, 31.354 ], [ 130.293, 31.445 ], [ 130.336, 31.626 ], [ 130.171, 31.79 ], [ 130.22, 31.93 ], [ 130.18, 32.093 ], [ 130.279, 32.101 ], [ 130.431, 32.257 ], [ 130.599, 32.505 ] ] ], [ [ [ 139.788, 33.058 ], [ 139.791, 33.135 ], [ 139.877, 33.088 ], [ 139.788, 33.058 ] ] ], [ [ [ 133.269, 33.347 ], [ 133.253, 33.219 ], [ 133.097, 33.048 ], [ 133.018, 33.024 ], [ 133.002, 32.869 ], [ 132.955, 32.815 ], [ 133.028, 32.721 ], [ 132.915, 32.778 ], [ 132.812, 32.74 ], [ 132.623, 32.799 ], [ 132.709, 32.909 ], [ 132.472, 32.934 ], [ 132.501, 32.993 ], [ 132.424, 33.199 ], [ 132.548, 33.227 ], [ 132.42, 33.304 ], [ 132.381, 33.466 ], [ 132.308, 33.464 ], [ 132.011, 33.349 ], [ 132.155, 33.437 ], [ 132.412, 33.535 ], [ 132.501, 33.625 ], [ 132.677, 33.716 ], [ 132.712, 33.905 ], [ 132.77, 33.996 ], [ 132.919, 34.068 ], [ 132.942, 34.141 ], [ 133.087, 33.949 ], [ 133.147, 33.932 ], [ 133.323, 33.991 ], [ 133.511, 33.965 ], [ 133.621, 34.046 ], [ 133.641, 34.185 ], [ 133.558, 34.259 ], [ 133.701, 34.231 ], [ 133.947, 34.376 ], [ 134.081, 34.348 ], [ 134.153, 34.386 ], [ 134.258, 34.294 ], [ 134.44, 34.208 ], [ 134.647, 34.239 ], [ 134.595, 34.046 ], [ 134.696, 33.952 ], [ 134.69, 33.828 ], [ 134.376, 33.636 ], [ 134.273, 33.508 ], [ 134.19, 33.248 ], [ 133.925, 33.494 ], [ 133.739, 33.538 ], [ 133.608, 33.516 ], [ 133.455, 33.415 ], [ 133.269, 33.347 ] ] ], [ [ [ 132.254, 33.95 ], [ 132.381, 33.886 ], [ 132.236, 33.869 ], [ 132.254, 33.95 ] ] ], [ [ [ 132.555, 34.071 ], [ 132.455, 34.088 ], [ 132.519, 34.174 ], [ 132.555, 34.071 ] ] ], [ [ [ 134.958, 34.27 ], [ 134.729, 34.191 ], [ 134.657, 34.288 ], [ 134.799, 34.447 ], [ 135.003, 34.608 ], [ 135.03, 34.579 ], [ 134.903, 34.419 ], [ 134.958, 34.27 ] ] ], [ [ [ 134.175, 34.52 ], [ 134.367, 34.554 ], [ 134.347, 34.431 ], [ 134.262, 34.421 ], [ 134.175, 34.52 ] ] ], [ [ [ 139.359, 34.702 ], [ 139.418, 34.781 ], [ 139.454, 34.679 ], [ 139.359, 34.702 ] ] ], [ [ [ 133.367, 36.274 ], [ 133.326, 36.158 ], [ 133.188, 36.216 ], [ 133.292, 36.342 ], [ 133.367, 36.274 ] ] ], [ [ [ 137.048, 37.152 ], [ 136.944, 37.097 ], [ 136.905, 37.144 ], [ 137.048, 37.152 ] ] ], [ [ [ 140.967, 38.17 ], [ 140.926, 38.049 ], [ 140.933, 37.889 ], [ 141.022, 37.727 ], [ 141.042, 37.377 ], [ 140.96, 36.966 ], [ 140.804, 36.886 ], [ 140.624, 36.506 ], [ 140.617, 36.338 ], [ 140.564, 36.283 ], [ 140.646, 36.013 ], [ 140.879, 35.721 ], [ 140.661, 35.689 ], [ 140.483, 35.566 ], [ 140.386, 35.381 ], [ 140.394, 35.197 ], [ 140.237, 35.112 ], [ 140.135, 35.123 ], [ 139.991, 35.021 ], [ 139.926, 34.907 ], [ 139.843, 34.9 ], [ 139.753, 34.976 ], [ 139.859, 34.987 ], [ 139.825, 35.199 ], [ 139.849, 35.294 ], [ 139.782, 35.314 ], [ 140.006, 35.473 ], [ 140.08, 35.604 ], [ 139.95, 35.673 ], [ 139.897, 35.614 ], [ 139.758, 35.632 ], [ 139.799, 35.54 ], [ 139.681, 35.438 ], [ 139.648, 35.298 ], [ 139.728, 35.207 ], [ 139.611, 35.142 ], [ 139.624, 35.212 ], [ 139.544, 35.308 ], [ 139.415, 35.319 ], [ 139.146, 35.235 ], [ 139.076, 35.053 ], [ 139.141, 34.871 ], [ 138.941, 34.661 ], [ 138.835, 34.596 ], [ 138.771, 34.647 ], [ 138.754, 34.879 ], [ 138.786, 35.026 ], [ 138.908, 35.031 ], [ 138.803, 35.122 ], [ 138.696, 35.139 ], [ 138.554, 35.096 ], [ 138.514, 34.98 ], [ 138.367, 34.917 ], [ 138.341, 34.826 ], [ 138.216, 34.712 ], [ 138.233, 34.595 ], [ 138.047, 34.655 ], [ 137.792, 34.639 ], [ 137.684, 34.671 ], [ 137.428, 34.668 ], [ 137.141, 34.589 ], [ 137.016, 34.579 ], [ 137.324, 34.767 ], [ 137.223, 34.816 ], [ 136.916, 34.776 ], [ 136.971, 34.696 ], [ 136.856, 34.74 ], [ 136.823, 34.955 ], [ 136.88, 35.044 ], [ 136.659, 34.984 ], [ 136.616, 34.854 ], [ 136.535, 34.766 ], [ 136.54, 34.616 ], [ 136.633, 34.591 ], [ 136.916, 34.434 ], [ 136.9, 34.283 ], [ 136.703, 34.295 ], [ 136.472, 34.239 ], [ 136.299, 34.154 ], [ 136.219, 34.068 ], [ 136.28, 34.017 ], [ 136.199, 33.921 ], [ 136.069, 33.847 ], [ 135.96, 33.593 ], [ 135.766, 33.482 ], [ 135.445, 33.551 ], [ 135.328, 33.671 ], [ 135.402, 33.701 ], [ 135.233, 33.782 ], [ 135.153, 33.876 ], [ 135.065, 33.886 ], [ 135.076, 33.977 ], [ 135.163, 34.04 ], [ 135.094, 34.068 ], [ 135.187, 34.136 ], [ 135.061, 34.267 ], [ 135.32, 34.429 ], [ 135.414, 34.558 ], [ 135.341, 34.709 ], [ 135.242, 34.651 ], [ 134.96, 34.644 ], [ 134.744, 34.767 ], [ 134.381, 34.74 ], [ 134.155, 34.637 ], [ 133.983, 34.529 ], [ 133.936, 34.451 ], [ 133.7, 34.526 ], [ 133.47, 34.424 ], [ 133.422, 34.445 ], [ 133.341, 34.348 ], [ 133.247, 34.426 ], [ 133.203, 34.289 ], [ 133.093, 34.253 ], [ 133.079, 34.382 ], [ 133.018, 34.323 ], [ 132.836, 34.311 ], [ 132.771, 34.235 ], [ 132.566, 34.192 ], [ 132.497, 34.362 ], [ 132.383, 34.366 ], [ 132.223, 34.239 ], [ 132.213, 33.99 ], [ 132.143, 33.946 ], [ 132.15, 33.83 ], [ 132.041, 33.776 ], [ 132.099, 33.872 ], [ 131.972, 33.917 ], [ 131.741, 34.056 ], [ 131.39, 34.04 ], [ 131.272, 33.927 ], [ 131.178, 33.93 ], [ 131.036, 34.048 ], [ 130.932, 33.945 ], [ 130.862, 34.113 ], [ 130.923, 34.184 ], [ 130.872, 34.279 ], [ 130.955, 34.403 ], [ 131.253, 34.437 ], [ 131.209, 34.369 ], [ 131.414, 34.424 ], [ 131.455, 34.519 ], [ 131.597, 34.66 ], [ 131.79, 34.686 ], [ 132.236, 35.035 ], [ 132.317, 35.062 ], [ 132.408, 35.175 ], [ 132.639, 35.295 ], [ 132.635, 35.441 ], [ 132.97, 35.517 ], [ 133.091, 35.601 ], [ 133.156, 35.563 ], [ 133.326, 35.569 ], [ 133.265, 35.496 ], [ 133.417, 35.457 ], [ 133.58, 35.534 ], [ 133.731, 35.503 ], [ 134.238, 35.547 ], [ 134.537, 35.672 ], [ 134.927, 35.641 ], [ 135.084, 35.739 ], [ 135.227, 35.772 ], [ 135.304, 35.689 ], [ 135.188, 35.565 ], [ 135.335, 35.508 ], [ 135.452, 35.572 ], [ 135.558, 35.492 ], [ 135.649, 35.543 ], [ 135.724, 35.491 ], [ 135.81, 35.527 ], [ 135.816, 35.631 ], [ 135.981, 35.63 ], [ 135.956, 35.728 ], [ 136.02, 35.765 ], [ 136.069, 35.662 ], [ 136.099, 35.776 ], [ 135.957, 35.973 ], [ 136.135, 36.225 ], [ 136.43, 36.433 ], [ 136.64, 36.663 ], [ 136.761, 36.871 ], [ 136.768, 36.981 ], [ 136.674, 37.175 ], [ 136.749, 37.358 ], [ 136.935, 37.399 ], [ 137.114, 37.488 ], [ 137.296, 37.531 ], [ 137.351, 37.446 ], [ 137.254, 37.429 ], [ 137.23, 37.292 ], [ 137.109, 37.283 ], [ 137.014, 37.185 ], [ 136.93, 37.222 ], [ 136.875, 37.07 ], [ 137.054, 37.08 ], [ 137.054, 36.967 ], [ 136.988, 36.871 ], [ 137.157, 36.761 ], [ 137.333, 36.763 ], [ 137.427, 36.922 ], [ 137.897, 37.058 ], [ 138.098, 37.171 ], [ 138.245, 37.184 ], [ 138.551, 37.378 ], [ 138.766, 37.635 ], [ 138.858, 37.828 ], [ 139.06, 37.946 ], [ 139.305, 38.042 ], [ 139.432, 38.169 ], [ 139.462, 38.375 ], [ 139.599, 38.648 ], [ 139.774, 38.817 ], [ 139.932, 39.287 ], [ 139.995, 39.327 ], [ 140.049, 39.505 ], [ 140.059, 39.727 ], [ 140.028, 39.825 ], [ 139.877, 39.893 ], [ 139.76, 39.858 ], [ 139.701, 40.006 ], [ 139.822, 39.961 ], [ 139.978, 40.125 ], [ 140.024, 40.355 ], [ 139.946, 40.419 ], [ 139.943, 40.545 ], [ 139.857, 40.59 ], [ 140.046, 40.768 ], [ 140.241, 40.784 ], [ 140.297, 40.874 ], [ 140.3, 41.111 ], [ 140.342, 41.266 ], [ 140.484, 41.183 ], [ 140.594, 41.22 ], [ 140.673, 40.896 ], [ 140.799, 40.839 ], [ 140.882, 41.008 ], [ 141.111, 40.873 ], [ 141.185, 40.911 ], [ 141.278, 41.155 ], [ 141.161, 41.278 ], [ 141.058, 41.183 ], [ 140.978, 41.196 ], [ 140.815, 41.128 ], [ 140.766, 41.196 ], [ 140.837, 41.418 ], [ 140.914, 41.547 ], [ 141.108, 41.464 ], [ 141.276, 41.353 ], [ 141.461, 41.43 ], [ 141.391, 41.161 ], [ 141.406, 40.817 ], [ 141.437, 40.67 ], [ 141.52, 40.538 ], [ 141.576, 40.542 ], [ 141.744, 40.384 ], [ 141.877, 40.139 ], [ 141.855, 40.055 ], [ 141.95, 39.997 ], [ 142.009, 39.753 ], [ 141.966, 39.598 ], [ 142.036, 39.639 ], [ 142.069, 39.54 ], [ 141.905, 39.33 ], [ 141.981, 39.351 ], [ 141.844, 39.152 ], [ 141.847, 39.022 ], [ 141.638, 38.985 ], [ 141.674, 38.852 ], [ 141.589, 38.882 ], [ 141.522, 38.768 ], [ 141.573, 38.719 ], [ 141.463, 38.661 ], [ 141.467, 38.57 ], [ 141.548, 38.519 ], [ 141.471, 38.436 ], [ 141.525, 38.268 ], [ 141.333, 38.409 ], [ 141.098, 38.372 ], [ 140.967, 38.17 ] ] ], [ [ [ 138.459, 38.07 ], [ 138.575, 38.074 ], [ 138.487, 37.892 ], [ 138.265, 37.798 ], [ 138.343, 37.967 ], [ 138.248, 37.979 ], [ 138.31, 38.168 ], [ 138.514, 38.323 ], [ 138.459, 38.07 ] ] ], [ [ [ 139.549, 42.243 ], [ 139.509, 42.101 ], [ 139.435, 42.063 ], [ 139.414, 42.173 ], [ 139.549, 42.243 ] ] ], [ [ [ 141.385, 43.791 ], [ 141.528, 43.841 ], [ 141.641, 43.938 ], [ 141.67, 44.067 ], [ 141.655, 44.277 ], [ 141.747, 44.424 ], [ 141.792, 44.597 ], [ 141.783, 44.765 ], [ 141.722, 44.955 ], [ 141.586, 45.164 ], [ 141.584, 45.251 ], [ 141.692, 45.402 ], [ 141.96, 45.51 ], [ 142.057, 45.402 ], [ 142.221, 45.3 ], [ 142.260214528019873, 45.190295276194071 ], [ 142.130949256249096, 44.731991130825122 ], [ 142.185789068515476, 44.269769856008544 ], [ 142.130949256249096, 43.917228205724719 ], [ 141.954678431107197, 43.670449050526031 ], [ 141.790158994308086, 43.251316199633038 ], [ 141.55904835689978, 43.024122691672346 ], [ 141.754904829279695, 42.871354643216023 ], [ 142.080026573430331, 42.863520384320836 ], [ 142.557916366037318, 42.569735675750977 ], [ 142.96921495803511, 42.499227345694209 ], [ 143.360927902794913, 42.648078264702939 ], [ 143.61162418744118, 42.836100478187646 ], [ 143.803563530373509, 42.883106031558825 ], [ 143.886, 42.844 ], [ 143.639, 42.661 ], [ 143.349, 42.319 ], [ 143.292, 42.005 ], [ 143.226, 41.932 ], [ 142.96, 42.105 ], [ 142.758, 42.158 ], [ 142.46, 42.271 ], [ 142.168, 42.46 ], [ 142.063, 42.471 ], [ 141.926, 42.559 ], [ 141.726, 42.617 ], [ 141.428, 42.564 ], [ 140.987, 42.34 ], [ 140.734, 42.564 ], [ 140.526, 42.581 ], [ 140.381, 42.505 ], [ 140.289, 42.35 ], [ 140.292, 42.26 ], [ 140.549, 42.106 ], [ 140.714, 42.133 ], [ 140.974, 41.914 ], [ 141.19, 41.791 ], [ 141.006, 41.712 ], [ 140.775, 41.77 ], [ 140.709, 41.824 ], [ 140.604, 41.736 ], [ 140.453, 41.681 ], [ 140.401, 41.513 ], [ 140.275, 41.482 ], [ 140.209, 41.401 ], [ 140.038, 41.443 ], [ 139.984, 41.56 ], [ 140.02, 41.697 ], [ 140.13, 41.823 ], [ 140.145, 41.983 ], [ 140.028, 42.106 ], [ 139.787, 42.247 ], [ 139.768, 42.311 ], [ 139.85, 42.469 ], [ 139.877, 42.663 ], [ 140.054, 42.694 ], [ 140.183, 42.81 ], [ 140.261, 42.761 ], [ 140.527, 43.015 ], [ 140.338, 43.211 ], [ 140.36, 43.325 ], [ 140.487, 43.372 ], [ 140.81, 43.192 ], [ 141.022, 43.224 ], [ 141.169, 43.141 ], [ 141.371, 43.251 ], [ 141.44, 43.362 ], [ 141.371, 43.497 ], [ 141.337, 43.713 ], [ 141.385, 43.791 ] ] ], [ [ [ 141.203, 45.249 ], [ 141.327, 45.172 ], [ 141.235, 45.102 ], [ 141.132, 45.21 ], [ 141.203, 45.249 ] ] ], [ [ [ 141.053, 45.45 ], [ 141.036, 45.292 ], [ 140.994, 45.371 ], [ 141.053, 45.45 ] ] ] ] } },
{ "type": "Feature", "properties": { "id": "sp_cayman1589", "colorId": "spain", "name": null, "parent": "spain" }, "geometry": { "type": "MultiPolygon", "coordinates": [ [ [ [ -81.286, 19.368 ], [ -81.398, 19.274 ], [ -81.266, 19.266 ], [ -81.087, 19.31 ], [ -81.136, 19.355 ], [ -81.286, 19.368 ] ] ] ] } },
{ "type": "Feature", "properties": { "id": "ottoman", "colorId": "turkey", "name": "Османская империя", "parent": null }, "geometry": { "type": "MultiPolygon", "coordinates": [ [ [ [ 26.301, 36.513 ], [ 26.266, 36.596 ], [ 26.362, 36.638 ], [ 26.459, 36.597 ], [ 26.301, 36.513 ] ] ], [ [ [ 26.074, 37.638 ], [ 26.197, 37.632 ], [ 26.362, 37.686 ], [ 26.231, 37.571 ], [ 26.058, 37.519 ], [ 25.98, 37.549 ], [ 26.074, 37.638 ] ] ], [ [ [ 26.842, 37.809 ], [ 27.068, 37.774 ], [ 27.048, 37.727 ], [ 26.861, 37.643 ], [ 26.708, 37.714 ], [ 26.623, 37.679 ], [ 26.58, 37.741 ], [ 26.658, 37.793 ], [ 26.842, 37.809 ] ] ], [ [ [ 25.992, 38.344 ], [ 25.849, 38.58 ], [ 25.995, 38.604 ], [ 26.164, 38.543 ], [ 26.164, 38.303 ], [ 26.01, 38.157 ], [ 25.868, 38.26 ], [ 25.992, 38.344 ] ] ], [ [ [ 26.166, 39.022 ], [ 26.109, 39.093 ], [ 26.293, 39.177 ], [ 26.173, 39.195 ], [ 26.043, 39.093 ], [ 25.835, 39.18 ], [ 25.859, 39.259 ], [ 26.163, 39.324 ], [ 26.164, 39.379 ], [ 26.343, 39.383 ], [ 26.38, 39.283 ], [ 26.471, 39.225 ], [ 26.612, 39.049 ], [ 26.424, 38.967 ], [ 26.166, 39.022 ] ] ], [ [ [ 25.197, 39.893 ], [ 25.047, 39.838 ], [ 25.033, 39.995 ], [ 25.225, 40.009 ], [ 25.287, 39.961 ], [ 25.45, 40.036 ], [ 25.348, 39.906 ], [ 25.349, 39.788 ], [ 25.197, 39.893 ] ] ], [ [ [ 26.012, 40.167 ], [ 25.766, 40.097 ], [ 25.663, 40.126 ], [ 25.759, 40.207 ], [ 25.913, 40.241 ], [ 26.012, 40.167 ] ] ], [ [ [ 25.576, 40.515 ], [ 25.691, 40.448 ], [ 25.589, 40.398 ], [ 25.462, 40.482 ], [ 25.576, 40.515 ] ] ], [ [ [ 24.533, 40.718 ], [ 24.642, 40.804 ], [ 24.786, 40.735 ], [ 24.782, 40.62 ], [ 24.642, 40.571 ], [ 24.517, 40.639 ], [ 24.533, 40.718 ] ] ], [ [ [ 24.169, 40.275 ], [ 23.923, 40.369 ], [ 23.7, 40.326 ], [ 23.779, 40.203 ], [ 23.991, 40.119 ], [ 23.991, 39.954 ], [ 23.785, 40.067 ], [ 23.675, 40.218 ], [ 23.398, 40.278 ], [ 23.338, 40.208 ], [ 23.499, 40.042 ], [ 23.67, 39.986 ], [ 23.703, 39.913 ], [ 23.471, 39.972 ], [ 23.361, 39.961 ], [ 23.299, 40.235 ], [ 23.029, 40.326 ], [ 22.898, 40.402 ], [ 22.822, 40.502 ], [ 22.983, 40.553 ], [ 22.91, 40.645 ], [ 22.75, 40.523 ], [ 22.579, 40.468 ], [ 22.661, 40.369 ], [ 22.553, 40.167 ], [ 22.571, 40.054 ], [ 22.71, 39.957 ], [ 22.859, 39.773 ], [ 22.925, 39.6 ], [ 23.102, 39.497 ], [ 23.271, 39.323 ], [ 23.344, 39.18 ], [ 23.101, 39.105 ], [ 23.212, 39.19 ], [ 23.151, 39.285 ], [ 22.936, 39.361 ], [ 22.843, 39.288 ], [ 22.854, 39.159 ], [ 22.95960933987757, 39.102578495844192 ], [ 22.755524669500645, 39.008747820224045 ], [ 22.645191009712654, 39.079238769533035 ], [ 22.482755343913674, 39.079238769533035 ], [ 22.265152848220694, 38.981164405277049 ], [ 21.983189050984723, 39.017942291873041 ], [ 21.900438806143733, 39.12521112777803 ], [ 21.805429265770744, 39.14360007107603 ], [ 21.639928776088759, 39.284581969694017 ], [ 21.480557934172776, 39.284581969694017 ], [ 21.287474029543798, 39.177313133789028 ], [ 21.16, 38.998 ], [ 21.085, 39.063 ], [ 21.003, 39.015 ], [ 20.834, 39.108 ], [ 20.735, 38.95 ], [ 20.687, 39.072 ], [ 20.366, 39.288 ], [ 20.134, 39.53 ], [ 20.182, 39.624 ], [ 20.0, 39.694 ], [ 20.164, 39.644 ], [ 20.299, 39.728 ], [ 20.273, 39.796 ], [ 20.393, 39.835 ], [ 20.31, 39.99 ], [ 20.433, 40.064 ], [ 20.64, 40.09 ], [ 20.707, 40.288 ], [ 20.827, 40.465 ], [ 20.912, 40.46 ], [ 21.014, 40.549 ], [ 21.037, 40.64 ], [ 20.944, 40.765 ], [ 20.965, 40.849 ], [ 20.94, 40.907 ], [ 20.766, 40.894 ], [ 20.664, 41.059 ], [ 20.577, 41.094 ], [ 20.478, 41.32 ], [ 20.54, 41.401 ], [ 20.444, 41.55 ], [ 20.529, 41.575 ], [ 20.5, 41.734 ], [ 20.567, 41.873 ], [ 20.681, 41.844 ], [ 20.75, 41.907 ], [ 20.765, 42.064 ], [ 21.098, 42.196 ], [ 21.144562202852516, 42.161625965728923 ], [ 21.287137762047795, 42.057898534468158 ], [ 21.497529496606369, 42.255914284640923 ], [ 21.621289340464351, 42.367298144113107 ], [ 21.667335629116856, 42.487814200929741 ], [ 21.761885975350424, 42.432843069398601 ], [ 22.270399520142199, 42.435258046414809 ], [ 22.345, 42.313 ], [ 22.469364438156273, 42.193168935922827 ], [ 22.561715939128597, 42.157987411742887 ], [ 22.90473579988295, 42.083226672860533 ], [ 23.035017381611777, 42.120607042301714 ], [ 23.327463801357474, 42.109612815995462 ], [ 23.465991052815962, 42.186572400139063 ], [ 23.621970049486009, 42.411632457717829 ], [ 23.909331972747317, 42.553699026521173 ], [ 24.367819535703561, 42.556927812175793 ], [ 24.56154667498085, 42.618274739613604 ], [ 25.071694808411035, 42.621503525268224 ], [ 25.213761377214379, 42.579529311758144 ], [ 25.359056731672343, 42.624732310922859 ], [ 25.539868728331143, 42.585986883067399 ], [ 26.075847146998299, 42.779714022344685 ], [ 26.34060757067726, 42.818459450200145 ], [ 26.702231563994861, 42.902407877220298 ], [ 27.800018686566148, 42.792629164963159 ], [ 27.892, 42.711 ], [ 27.743, 42.716 ], [ 27.628, 42.629 ], [ 27.65, 42.558 ], [ 27.511, 42.553 ], [ 27.453, 42.465 ], [ 27.629, 42.459 ], [ 27.78, 42.339 ], [ 27.751, 42.277 ], [ 27.987, 42.072 ], [ 28.017, 41.973 ], [ 28.045, 41.89 ], [ 27.972, 41.822 ], [ 28.083, 41.645 ], [ 28.233, 41.519 ], [ 28.384, 41.447 ], [ 28.908, 41.267 ], [ 29.109, 41.235 ], [ 28.982, 41.002 ], [ 28.822, 40.962 ], [ 28.595, 40.978 ], [ 28.237, 41.085 ], [ 28.013, 41.041 ], [ 27.959, 40.975 ], [ 27.738, 41.013 ], [ 27.524, 40.989 ], [ 27.425, 40.831 ], [ 27.178, 40.633 ], [ 27.048, 40.612 ], [ 26.683, 40.455 ], [ 26.617, 40.36 ], [ 26.346, 40.2 ], [ 26.376, 40.154 ], [ 26.157, 40.055 ], [ 26.26, 40.194 ], [ 26.21, 40.322 ], [ 26.596, 40.51 ], [ 26.829, 40.602 ], [ 26.79, 40.661 ], [ 26.506, 40.599 ], [ 26.077, 40.612 ], [ 26.044, 40.738 ], [ 25.952, 40.846 ], [ 25.538, 40.87 ], [ 25.3, 40.952 ], [ 25.039, 41.006 ], [ 24.802, 40.853 ], [ 24.635, 40.859 ], [ 24.567, 40.952 ], [ 24.392, 40.936 ], [ 24.341, 40.831 ], [ 24.11, 40.728 ], [ 23.809, 40.78 ], [ 23.692, 40.695 ], [ 23.907, 40.525 ], [ 23.819, 40.488 ], [ 23.964, 40.379 ], [ 24.011, 40.449 ], [ 24.109, 40.357 ], [ 24.233, 40.317 ], [ 24.383, 40.179 ], [ 24.3, 40.128 ], [ 24.169, 40.275 ] ] ], [ [ [ 48.338, 29.463 ], [ 48.397, 29.387 ], [ 48.269, 29.43 ], [ 48.338, 29.463 ] ] ], [ [ [ 48.229, 29.6 ], [ 48.162, 29.63 ], [ 48.046, 29.8 ], [ 48.095, 29.895 ], [ 48.194, 29.916 ], [ 48.189, 29.984 ], [ 48.344, 29.791 ], [ 48.353, 29.71 ], [ 48.229, 29.6 ] ] ], [ [ [ 34.593, 35.692 ], [ 34.573, 35.644 ], [ 34.138, 35.415 ], [ 34.059, 35.324 ], [ 33.924, 35.279 ], [ 33.9, 35.164 ], [ 34.012, 35.064 ], [ 34.022, 35.057 ], [ 34.099, 34.965 ], [ 33.892, 34.958 ], [ 33.782, 34.976 ], [ 33.781, 34.976 ], [ 33.702, 34.973 ], [ 33.606, 34.822 ], [ 33.246, 34.698 ], [ 33.072, 34.687 ], [ 33.016, 34.634 ], [ 32.941, 34.569 ], [ 32.914, 34.657 ], [ 32.761, 34.653 ], [ 32.666, 34.652 ], [ 32.413, 34.753 ], [ 32.329, 34.886 ], [ 32.287, 35.097 ], [ 32.45, 35.059 ], [ 32.585, 35.173 ], [ 32.602, 35.179 ], [ 32.641, 35.187 ], [ 32.66, 35.187 ], [ 32.692, 35.184 ], [ 32.711, 35.182 ], [ 32.865, 35.157 ], [ 32.929, 35.233 ], [ 32.92, 35.398 ], [ 33.428, 35.329 ], [ 33.66, 35.359 ], [ 34.036, 35.471 ], [ 34.182, 35.554 ], [ 34.593, 35.692 ] ] ], [ [ [ 27.158, 35.416 ], [ 27.093, 35.452 ], [ 27.068, 35.589 ], [ 27.232, 35.822 ], [ 27.159, 35.612 ], [ 27.212, 35.521 ], [ 27.158, 35.416 ] ] ], [ [ [ 27.772, 36.198 ], [ 27.9, 36.34 ], [ 28.118, 36.428 ], [ 28.24, 36.433 ], [ 28.131, 36.185 ], [ 27.78, 35.89 ], [ 27.712, 35.953 ], [ 27.757, 36.084 ], [ 27.684, 36.158 ], [ 27.772, 36.198 ] ] ], [ [ [ 36.406311052329485, 31.266183135200006 ], [ 36.722215866117118, 30.486951261190498 ], [ 36.744797944615684, 30.355596835429481 ], [ 36.347148408195721, 29.737030889887297 ], [ 35.880769322271057, 29.535751494909288 ], [ 34.997, 29.534 ], [ 34.956, 29.559 ], [ 34.67916750272127, 29.869262813470193 ], [ 34.580159627634721, 30.129158485572386 ], [ 34.357391908689983, 30.469498056182402 ], [ 34.283136002375073, 30.741769712670415 ], [ 34.047, 31.229 ], [ 34.2, 31.314 ], [ 34.481, 31.583 ], [ 34.712, 31.952 ], [ 34.838, 32.281 ], [ 34.942, 32.725 ], [ 34.948, 32.814 ], [ 35.063, 32.858 ], [ 35.105, 33.089 ], [ 35.175, 33.17 ], [ 35.271, 33.458 ], [ 35.349, 33.514 ], [ 35.477, 33.804 ], [ 35.47, 33.902 ], [ 35.578, 33.917 ], [ 35.648, 34.119 ], [ 35.627, 34.201 ], [ 35.824, 34.461 ], [ 35.983, 34.539 ], [ 35.97, 34.65 ], [ 35.867, 34.924 ], [ 35.888, 35.109 ], [ 35.962, 35.198 ], [ 35.919, 35.418 ], [ 35.737, 35.562 ], [ 35.839, 35.742 ], [ 35.799, 35.85 ], [ 35.911, 35.918 ], [ 35.975, 36.019 ], [ 35.789, 36.32 ], [ 35.919, 36.448 ], [ 36.189, 36.604 ], [ 36.189, 36.802 ], [ 36.02, 36.926 ], [ 35.805, 36.775 ], [ 35.684, 36.765 ], [ 35.631, 36.607 ], [ 35.513, 36.613 ], [ 35.348, 36.544 ], [ 34.771, 36.816 ], [ 34.555, 36.768 ], [ 34.276, 36.587 ], [ 34.077, 36.414 ], [ 34.078, 36.329 ], [ 33.959, 36.214 ], [ 33.871, 36.315 ], [ 33.685, 36.143 ], [ 33.647, 36.193 ], [ 33.552, 36.128 ], [ 33.134, 36.132 ], [ 33.088, 36.083 ], [ 32.941, 36.104 ], [ 32.804, 36.027 ], [ 32.671, 36.047 ], [ 32.365, 36.178 ], [ 32.026, 36.543 ], [ 31.817, 36.59 ], [ 31.737, 36.642 ], [ 31.408, 36.763 ], [ 31.341, 36.809 ], [ 30.94, 36.857 ], [ 30.776, 36.85 ], [ 30.687, 36.891 ], [ 30.57, 36.781 ], [ 30.57, 36.528 ], [ 30.475, 36.402 ], [ 30.52, 36.342 ], [ 30.4, 36.248 ], [ 30.255, 36.308 ], [ 30.145, 36.254 ], [ 29.912, 36.217 ], [ 29.672, 36.123 ], [ 29.602, 36.207 ], [ 29.357, 36.236 ], [ 29.145, 36.349 ], [ 29.036, 36.545 ], [ 29.096, 36.665 ], [ 28.939, 36.751 ], [ 28.843, 36.638 ], [ 28.623, 36.699 ], [ 28.604, 36.816 ], [ 28.377, 36.854 ], [ 28.396, 36.789 ], [ 28.273, 36.852 ], [ 28.289, 36.743 ], [ 28.112, 36.604 ], [ 27.971, 36.693 ], [ 28.116, 36.719 ], [ 28.047, 36.763 ], [ 27.918, 36.74 ], [ 27.736, 36.761 ], [ 27.671, 36.658 ], [ 27.363, 36.685 ], [ 27.459, 36.756 ], [ 27.623, 36.802 ], [ 28.055, 36.809 ], [ 28.028, 36.926 ], [ 28.185, 36.939 ], [ 28.305, 37.051 ], [ 27.886, 37.026 ], [ 27.562, 36.973 ], [ 27.438, 37.028 ], [ 27.263, 36.963 ], [ 27.229, 37.062 ], [ 27.322, 37.124 ], [ 27.475, 37.093 ], [ 27.61, 37.2 ], [ 27.616, 37.275 ], [ 27.464, 37.252 ], [ 27.438, 37.391 ], [ 27.212, 37.357 ], [ 27.178, 37.467 ], [ 27.209, 37.597 ], [ 27.011, 37.666 ], [ 27.25, 37.744 ], [ 27.239, 37.988 ], [ 27.116, 37.994 ], [ 26.949, 38.067 ], [ 26.865, 38.04 ], [ 26.76, 38.217 ], [ 26.636, 38.204 ], [ 26.589, 38.108 ], [ 26.442, 38.212 ], [ 26.235, 38.274 ], [ 26.314, 38.337 ], [ 26.476, 38.367 ], [ 26.513, 38.433 ], [ 26.404, 38.488 ], [ 26.349, 38.621 ], [ 26.414, 38.679 ], [ 26.506, 38.653 ], [ 26.63, 38.519 ], [ 26.612, 38.416 ], [ 26.673, 38.307 ], [ 26.725, 38.433 ], [ 26.767, 38.364 ], [ 27.089, 38.402 ], [ 27.154, 38.459 ], [ 26.935, 38.435 ], [ 26.753, 38.618 ], [ 26.719, 38.721 ], [ 26.889, 38.734 ], [ 26.897, 38.817 ], [ 27.063, 38.887 ], [ 27.041, 38.94 ], [ 26.856, 38.918 ], [ 26.806, 39.034 ], [ 26.883, 39.072 ], [ 26.738, 39.197 ], [ 26.719, 39.263 ], [ 26.609, 39.275 ], [ 26.926, 39.486 ], [ 26.893, 39.584 ], [ 26.457, 39.521 ], [ 26.362, 39.481 ], [ 26.074, 39.475 ], [ 26.148, 39.626 ], [ 26.153, 39.943 ], [ 26.198, 40.009 ], [ 26.311, 40.019 ], [ 26.408, 40.194 ], [ 26.501, 40.213 ], [ 26.736, 40.404 ], [ 27.013, 40.392 ], [ 27.096, 40.452 ], [ 27.303, 40.458 ], [ 27.338, 40.37 ], [ 27.452, 40.322 ], [ 27.79, 40.32 ], [ 27.792, 40.393 ], [ 27.684, 40.502 ], [ 27.76, 40.537 ], [ 28.034, 40.474 ], [ 27.904, 40.4 ], [ 28.487, 40.4 ], [ 28.638, 40.365 ], [ 28.772, 40.403 ], [ 28.957, 40.363 ], [ 29.152, 40.434 ], [ 28.774, 40.523 ], [ 28.986, 40.645 ], [ 29.282, 40.666 ], [ 29.501, 40.729 ], [ 29.56, 40.691 ], [ 29.753, 40.725 ], [ 29.924, 40.716 ], [ 29.929, 40.758 ], [ 29.666, 40.784 ], [ 29.357, 40.762 ], [ 29.241, 40.883 ], [ 29.028, 40.982 ], [ 29.069, 41.153 ], [ 29.232, 41.241 ], [ 29.885, 41.149 ], [ 30.137, 41.144 ], [ 30.271, 41.211 ], [ 30.833, 41.08 ], [ 31.231, 41.092 ], [ 31.401, 41.202 ], [ 31.404, 41.316 ], [ 31.659, 41.398 ], [ 32.039, 41.576 ], [ 32.134, 41.599 ], [ 32.263, 41.72 ], [ 32.4, 41.742 ], [ 32.613, 41.84 ], [ 32.926, 41.882 ], [ 33.324, 42.019 ], [ 33.874, 41.974 ], [ 34.004, 41.983 ], [ 34.331, 41.948 ], [ 34.483, 41.975 ], [ 34.694, 41.946 ], [ 34.889, 42.008 ], [ 34.948, 42.099 ], [ 35.138, 42.02 ], [ 35.093, 41.947 ], [ 35.225, 41.762 ], [ 35.53, 41.634 ], [ 35.62, 41.633 ], [ 35.957, 41.736 ], [ 36.12, 41.628 ], [ 36.134, 41.462 ], [ 36.237, 41.359 ], [ 36.451, 41.24 ], [ 36.62, 41.375 ], [ 36.837, 41.351 ], [ 36.985, 41.295 ], [ 37.04, 41.182 ], [ 37.263, 41.148 ], [ 37.581, 41.037 ], [ 37.69, 41.14 ], [ 37.896, 40.982 ], [ 37.982, 40.99 ], [ 38.331, 40.918 ], [ 38.718, 40.955 ], [ 38.928, 41.043 ], [ 39.157, 41.078 ], [ 39.273, 41.05 ], [ 39.43, 41.112 ], [ 39.592, 41.025 ], [ 39.859, 40.964 ], [ 39.999, 40.982 ], [ 40.143, 40.923 ], [ 40.465, 41.05 ], [ 40.698, 41.098 ], [ 40.827, 41.198 ], [ 41.02, 41.224 ], [ 41.121, 41.286 ], [ 41.39, 41.379 ], [ 41.521, 41.514 ], [ 41.676, 41.662 ], [ 41.774, 41.822 ], [ 41.756, 42.006 ], [ 41.664, 42.114 ], [ 41.555, 42.39 ], [ 41.5, 42.641 ], [ 41.383, 42.757 ], [ 41.15, 42.796 ], [ 41.023, 42.99 ], [ 40.934, 42.983 ], [ 40.856, 43.063 ], [ 40.58, 43.089 ], [ 40.398, 43.162 ], [ 40.535896860354242, 43.226051451629203 ], [ 40.835866498336209, 43.219155597882491 ], [ 41.286081679257961, 43.166930213085564 ], [ 41.679662927823472, 43.040631752724991 ], [ 42.008626359460315, 42.893773077887118 ], [ 42.369898699561482, 42.644113330662726 ], [ 42.557877803353968, 42.532500737785945 ], [ 42.86334384701675, 42.397390756935096 ], [ 43.198181625647116, 42.109547754252866 ], [ 43.388176035889707, 42.015360966055248 ], [ 43.289135528375127, 41.885370299942366 ], [ 43.196285052580208, 41.668719189754221 ], [ 43.251995338057164, 41.433497984407097 ], [ 43.109624608504959, 41.062096081227423 ], [ 43.109624608504959, 40.870205097917925 ], [ 43.168429909841734, 40.774259606263179 ], [ 43.310800639393946, 40.662839035309275 ], [ 43.375795972450383, 40.58236862295368 ], [ 43.310111213599484, 40.540273759409551 ], [ 43.23055000123815, 40.502833188886576 ], [ 43.059727398227061, 40.456032475732847 ], [ 43.057387362569372, 40.422101958696402 ], [ 43.111208182696153, 40.354825933537931 ], [ 43.109306903724274, 40.286087386093399 ], [ 42.941994354199707, 40.22524645899356 ], [ 42.827532434649207, 40.095018139416979 ], [ 42.53728486016476, 40.12580197307441 ], [ 42.08203125, 40.08016424821701 ], [ 41.871428040808247, 39.827440397186905 ], [ 41.361300267432654, 39.738519042194824 ], [ 40.930733706418387, 39.555996260895306 ], [ 40.603128714342319, 39.523235761687694 ], [ 40.472086717511893, 39.654277758518127 ], [ 40.004079585974651, 39.612157116679775 ], [ 39.887077803090335, 40.024003392432547 ], [ 39.774756091521397, 40.080164248217017 ], [ 39.442471028129958, 39.949122251386591 ], [ 39.263637224641251, 39.839746381716864 ], [ 38.885542541600636, 39.579396617472163 ], [ 38.866822256339148, 38.994387703050613 ], [ 38.553257478209204, 38.666782710974537 ], [ 38.225652486133136, 38.030293012083888 ], [ 38.174171701664051, 37.482724668185327 ], [ 37.942508171553115, 37.344662564381835 ], [ 37.900387529714763, 37.190220210974545 ], [ 37.82, 36.761 ], [ 37.654, 36.732 ], [ 37.446, 36.634 ], [ 37.242, 36.659 ], [ 37.015, 36.642 ], [ 36.965, 36.754 ], [ 36.659, 36.828 ], [ 36.603, 36.747 ], [ 36.535, 36.494 ], [ 36.588, 36.325 ], [ 36.664, 36.229 ], [ 36.373, 36.228 ], [ 36.358, 35.994 ], [ 36.197, 35.952 ], [ 36.556622053288471, 35.703712559429412 ], [ 36.645543408280545, 35.702542541600572 ], [ 36.684153996632361, 35.735303040808184 ], [ 36.618632998217151, 35.854644859350181 ], [ 36.62097303387484, 36.019617373217066 ], [ 36.843276421355043, 36.372962757527688 ], [ 37.000058810420015, 36.504004754358114 ], [ 37.07259991580829, 36.529745146592653 ], [ 37.163861306458053, 36.532085182250341 ], [ 37.263312821909715, 36.463054130348596 ], [ 37.325323766838402, 36.436143720285209 ], [ 37.365104373019065, 36.37179273969884 ], [ 37.400204907884358, 36.282871384706759 ], [ 37.423605264461223, 36.247770849841466 ], [ 37.648248687599093, 36.212670314976172 ], [ 37.723129828645057, 36.216180368462702 ], [ 37.783970755744903, 36.27468125990486 ], [ 37.826091397583255, 36.282871384706759 ], [ 37.90682262777343, 36.354242472266193 ], [ 37.978193715332864, 36.536765253565711 ], [ 38.028504481973101, 36.591756091521333 ], [ 38.084665337757571, 36.60111623415208 ], [ 38.116255819136335, 36.629196662044315 ], [ 38.172416674920804, 36.630366679873156 ], [ 38.24144772682255, 36.587076020205963 ], [ 38.287078422147431, 36.584735984548274 ], [ 38.359619527535706, 36.504004754358107 ], [ 38.408760276347117, 36.43848375594289 ], [ 38.500021666996872, 36.501664718700418 ], [ 38.546822380150601, 36.523895057448435 ], [ 38.599473182448534, 36.598776198494406 ], [ 39.152891615491335, 36.530915164421479 ], [ 39.503896964144261, 36.301591669968232 ], [ 39.761300886489757, 36.2056502080031 ], [ 40.58733347365299, 36.317971919572038 ], [ 40.852671306390519, 36.319343885744779 ], [ 41.241, 36.043 ], [ 41.344, 35.858 ], [ 41.592963797543625, 36.010257230586284 ], [ 41.855047791204484, 35.963456517432562 ], [ 42.1920129259113, 35.944736232171074 ], [ 42.744261341125245, 36.225540511093421 ], [ 42.950184479001628, 36.206820225831926 ], [ 43.053146047939826, 35.92601594690958 ], [ 43.305869898969931, 35.673292095879475 ], [ 43.221628615293227, 35.411208102218616 ], [ 43.35267061212366, 35.233365392234461 ], [ 43.521153179477068, 35.224005249603721 ], [ 43.923639312599093, 35.420568244849363 ], [ 44.223163876782927, 35.71073266640245 ], [ 44.433767085974694, 35.71073266640245 ], [ 44.433767085974694, 35.612451168779629 ], [ 44.021920810221921, 35.153804179873127 ], [ 44.13424252179086, 35.018082111727331 ], [ 44.181043234944582, 34.844919473058553 ], [ 44.56480908280512, 34.718557547543497 ], [ 44.677130794374058, 34.433073197305774 ], [ 44.901774217511935, 34.348831913629077 ], [ 45.0936571414422, 34.222469988114021 ], [ 45.131097711965182, 33.90890520998407 ], [ 45.266819780110986, 33.899545067353323 ], [ 45.486, 33.939 ], [ 45.813949367323623, 33.904517643125935 ], [ 46.015569200131246, 33.585152125312256 ], [ 46.315686821487354, 33.275752515666788 ], [ 46.686966353061919, 32.988010878696507 ], [ 46.946862025164108, 32.808559105102134 ], [ 47.089185845601023, 32.6538593002794 ], [ 47.406320445487651, 32.496065499360242 ], [ 47.595054207371383, 32.233075831161592 ], [ 47.919923797499131, 31.87417228397285 ], [ 47.963239742849495, 31.39769688511883 ], [ 48.074623602321857, 30.998571388676179 ], [ 48.198383446180046, 30.772709673634985 ], [ 48.365459235388599, 30.556129946883157 ], [ 48.529441028500692, 30.432370103024972 ], [ 48.563474985561697, 30.345738212324239 ], [ 48.767678727927702, 30.184850415308595 ], [ 48.877, 30.024 ], [ 48.702, 30.032 ], [ 48.531, 29.961 ], [ 48.521, 29.929 ], [ 48.335, 29.961 ], [ 48.209, 30.024 ], [ 48.038, 30.037 ], [ 47.948, 29.994 ], [ 48.022, 29.78 ], [ 48.079, 29.744 ], [ 48.181, 29.562 ], [ 47.966, 29.576 ], [ 47.705, 29.364 ], [ 47.087567082533859, 29.645562171298579 ], [ 46.308335609155414, 29.980011078014108 ], [ 45.498072793916769, 30.431689498423733 ], [ 44.805816726417468, 30.995477392579723 ], [ 43.876786784438288, 31.829398962187735 ], [ 42.423041167771579, 32.968005554437461 ], [ 42.061403338094152, 33.336283434657815 ], [ 40.305889878471731, 34.260176531305611 ], [ 39.800155468385199, 34.145836577720829 ], [ 37.992704663641135, 34.233790388170661 ], [ 37.29786956108746, 34.04029200518103 ], [ 37.029610439215467, 33.868782074803853 ], [ 36.880088961450753, 33.666488310769239 ], [ 36.557223133269268, 33.278846511763255 ], [ 36.377771359674895, 32.74667918317305 ], [ 36.179755609501797, 31.880360276165739 ], [ 36.295744367503808, 31.582087948987645 ], [ 36.406311052329485, 31.266183135200006 ] ] ], [ [ [ 27.356, 36.863 ], [ 27.13, 36.761 ], [ 27.048, 36.775 ], [ 26.918, 36.716 ], [ 27.061, 36.839 ], [ 27.281, 36.908 ], [ 27.356, 36.863 ] ] ], [ [ [ 26.912, 36.946 ], [ 26.951, 37.021 ], [ 27.024, 36.945 ], [ 26.912, 36.946 ] ] ], [ [ [ 27.605, 40.577 ], [ 27.526, 40.639 ], [ 27.658, 40.653 ], [ 27.605, 40.577 ] ] ] ] } },
{ "type": "Feature", "properties": { "id": "ott_greece1517", "colorId": "turkey", "name": null, "parent": "ottoman" }, "geometry": { "type": "MultiPolygon", "coordinates": [ [ [ [ 24.474, 36.747 ], [ 24.546, 36.689 ], [ 24.327, 36.651 ], [ 24.354, 36.754 ], [ 24.474, 36.747 ] ] ], [ [ [ 24.436, 37.487 ], [ 24.483, 37.412 ], [ 24.368, 37.31 ], [ 24.368, 37.412 ], [ 24.436, 37.487 ] ] ], [ [ [ 24.275, 37.532 ], [ 24.278, 37.623 ], [ 24.375, 37.686 ], [ 24.396, 37.625 ], [ 24.275, 37.532 ] ] ], [ [ [ 23.484, 37.679 ], [ 23.426, 37.768 ], [ 23.546, 37.774 ], [ 23.484, 37.679 ] ] ], [ [ [ 22.703, 38.851 ], [ 22.77, 38.785 ], [ 23.059, 38.728 ], [ 23.091, 38.649 ], [ 23.205, 38.683 ], [ 23.321, 38.643 ], [ 23.351, 38.502 ], [ 23.519, 38.491 ], [ 23.673, 38.356 ], [ 23.951, 38.291 ], [ 24.081, 38.166 ], [ 23.989, 38.123 ], [ 24.033, 38.008 ], [ 24.012, 37.892 ], [ 24.082, 37.753 ], [ 24.033, 37.652 ], [ 23.95, 37.677 ], [ 23.903, 37.782 ], [ 23.764, 37.816 ], [ 23.68, 37.946 ], [ 23.553, 37.98 ], [ 23.581, 38.046 ], [ 23.395, 37.988 ], [ 23.227, 37.974 ], [ 23.013, 37.848 ], [ 23.182, 37.809 ], [ 23.169, 37.614 ], [ 23.323, 37.537 ], [ 23.312, 37.617 ], [ 23.409, 37.626 ], [ 23.395, 37.515 ], [ 23.526, 37.439 ], [ 23.23, 37.385 ], [ 23.204, 37.303 ], [ 23.073, 37.355 ], [ 23.132, 37.449 ], [ 23.005, 37.46 ], [ 22.964, 37.522 ], [ 22.723, 37.542 ], [ 22.758, 37.398 ], [ 22.956, 37.124 ], [ 22.991, 36.987 ], [ 23.114, 36.781 ], [ 23.026, 36.716 ], [ 23.081, 36.579 ], [ 23.196, 36.433 ], [ 23.095, 36.443 ], [ 23.036, 36.528 ], [ 22.819, 36.665 ], [ 22.765, 36.804 ], [ 22.577, 36.783 ], [ 22.359, 36.702 ], [ 22.222, 36.898 ], [ 22.138, 36.917 ], [ 22.153, 37.021 ], [ 22.048, 37.035 ], [ 21.937, 36.98 ], [ 21.929, 36.822 ], [ 21.874, 36.727 ], [ 21.823, 36.809 ], [ 21.707, 36.818 ], [ 21.703, 36.957 ], [ 21.599, 37.046 ], [ 21.568, 37.156 ], [ 21.682, 37.284 ], [ 21.675, 37.396 ], [ 21.55, 37.561 ], [ 21.343, 37.669 ], [ 21.295, 37.772 ], [ 21.122, 37.837 ], [ 21.134, 37.946 ], [ 21.208, 37.946 ], [ 21.367, 38.121 ], [ 21.374, 38.221 ], [ 21.603, 38.152 ], [ 21.764, 38.296 ], [ 21.956, 38.337 ], [ 22.227, 38.186 ], [ 22.331, 38.179 ], [ 22.68, 38.067 ], [ 22.867, 37.94 ], [ 22.975, 37.979 ], [ 22.854, 38.035 ], [ 22.943, 38.083 ], [ 23.069, 38.059 ], [ 23.217, 38.103 ], [ 23.128, 38.172 ], [ 22.691, 38.322 ], [ 22.646, 38.39 ], [ 22.546, 38.303 ], [ 22.402, 38.453 ], [ 22.382, 38.343 ], [ 22.148, 38.364 ], [ 21.988, 38.411 ], [ 21.831, 38.397 ], [ 21.763, 38.328 ], [ 21.6, 38.351 ], [ 21.524, 38.296 ], [ 21.37, 38.408 ], [ 21.156, 38.304 ], [ 21.087, 38.536 ], [ 20.907, 38.699 ], [ 20.86, 38.804 ], [ 20.729, 38.804 ], [ 20.817, 38.921 ], [ 21.027, 38.933 ], [ 21.085, 38.864 ], [ 21.16, 38.998 ], [ 21.287474029543798, 39.177313133789028 ], [ 21.480557934172776, 39.284581969694017 ], [ 21.639928776088759, 39.284581969694017 ], [ 21.805429265770744, 39.14360007107603 ], [ 21.900438806143733, 39.12521112777803 ], [ 21.983189050984723, 39.017942291873041 ], [ 22.265152848220694, 38.981164405277049 ], [ 22.482755343913674, 39.079238769533035 ], [ 22.645191009712654, 39.079238769533035 ], [ 22.755524669500645, 39.008747820224045 ], [ 22.95960933987757, 39.102578495844192 ], [ 23.073, 39.042 ], [ 22.985, 38.954 ], [ 22.792, 38.878 ], [ 22.622, 38.914 ], [ 22.563, 38.836 ], [ 22.703, 38.851 ] ] ], [ [ [ 23.543, 37.929 ], [ 23.408, 37.899 ], [ 23.537, 37.988 ], [ 23.543, 37.929 ] ] ], [ [ [ 23.299, 39.042 ], [ 23.426, 38.954 ], [ 23.451, 38.875 ], [ 23.591, 38.774 ], [ 23.703, 38.765 ], [ 23.858, 38.683 ], [ 24.073, 38.679 ], [ 24.231, 38.522 ], [ 24.185, 38.408 ], [ 24.245, 38.241 ], [ 24.344, 38.159 ], [ 24.588, 38.159 ], [ 24.552, 37.978 ], [ 24.43, 38.021 ], [ 24.372, 37.972 ], [ 24.209, 38.179 ], [ 24.025, 38.331 ], [ 24.039, 38.395 ], [ 23.639, 38.416 ], [ 23.636, 38.529 ], [ 23.202, 38.83 ], [ 22.969, 38.889 ], [ 23.138, 39.009 ], [ 23.299, 39.042 ] ] ], [ [ [ 20.562, 38.691 ], [ 20.686, 38.85 ], [ 20.721, 38.638 ], [ 20.585, 38.618 ], [ 20.562, 38.691 ] ] ], [ [ [ 23.793, 39.118 ], [ 23.67, 39.118 ], [ 23.587, 39.208 ], [ 23.793, 39.118 ] ] ], [ [ [ 25.479, 36.424 ], [ 25.447, 36.336 ], [ 25.382, 36.48 ], [ 25.479, 36.424 ] ] ], [ [ [ 25.307, 36.795 ], [ 25.409, 36.712 ], [ 25.373, 36.654 ], [ 25.273, 36.72 ], [ 25.307, 36.795 ] ] ], [ [ [ 26.006, 36.939 ], [ 25.88, 36.795 ], [ 25.857, 36.851 ], [ 26.006, 36.939 ] ] ], [ [ [ 24.642, 37.028 ], [ 24.704, 37.035 ], [ 24.765, 36.957 ], [ 24.711, 36.904 ], [ 24.642, 37.028 ] ] ], [ [ [ 25.204, 36.989 ], [ 25.103, 37.013 ], [ 25.15, 37.111 ], [ 25.259, 37.124 ], [ 25.28, 37.049 ], [ 25.204, 36.989 ] ] ], [ [ [ 25.45, 36.918 ], [ 25.342, 37.077 ], [ 25.526, 37.196 ], [ 25.595, 37.1 ], [ 25.553, 36.969 ], [ 25.45, 36.918 ] ] ], [ [ [ 24.916, 37.72 ], [ 24.684, 37.933 ], [ 24.757, 37.997 ], [ 24.841, 37.919 ], [ 24.954, 37.906 ], [ 24.992, 37.768 ], [ 24.916, 37.72 ] ] ], [ [ [ 24.677, 38.81 ], [ 24.532, 38.796 ], [ 24.455, 38.885 ], [ 24.491, 38.981 ], [ 24.677, 38.81 ] ] ] ] } },
{ "type": "Feature", "properties": { "id": "oman1154", "colorId": "oman", "name": "Оман", "parent": null }, "geometry": { "type": "MultiPolygon", "coordinates": [ [ [ [ 59.498, 21.756 ], [ 59.173494072308578, 22.051719441469757 ], [ 59.083033401175975, 22.221333199843393 ], [ 58.698575548862408, 22.453138669620692 ], [ 58.212349441524651, 22.560560716590661 ], [ 57.313396522144394, 22.656675179669051 ], [ 57.058573333822849, 22.769722600667077 ], [ 56.617980112812496, 22.967633736687382 ], [ 56.160022965203687, 23.244669542030984 ], [ 55.97344783099269, 23.600858434615613 ], [ 55.890607601157733, 23.781019305316864 ], [ 55.807, 24.007 ], [ 55.823896069506546, 24.743856178850784 ], [ 55.617707420992488, 25.146414968806809 ], [ 55.291031102311834, 25.267535477118823 ], [ 55.359, 25.349 ], [ 55.473, 25.413 ], [ 55.525, 25.543 ], [ 55.626, 25.536 ], [ 55.657, 25.598 ], [ 55.878, 25.74 ], [ 56.014, 25.879 ], [ 56.077, 26.061 ], [ 56.182, 26.246 ], [ 56.308, 26.222 ], [ 56.364, 26.386 ], [ 56.453, 26.318 ], [ 56.399, 26.269 ], [ 56.487, 26.235 ], [ 56.329, 26.173 ], [ 56.439, 25.926 ], [ 56.302, 25.763 ], [ 56.279, 25.627 ], [ 56.37, 25.526 ], [ 56.382, 25.327 ], [ 56.362, 25.057 ], [ 56.383, 24.978 ], [ 56.494, 24.7 ], [ 56.611, 24.496 ], [ 56.801, 24.303 ], [ 56.939, 24.116 ], [ 57.152, 23.954 ], [ 57.326, 23.884 ], [ 57.645, 23.79 ], [ 57.796, 23.782 ], [ 57.913, 23.718 ], [ 58.043, 23.725 ], [ 58.412, 23.616 ], [ 58.433383555199974, 23.55581226720858 ], [ 58.522421235425135, 23.553765423985013 ], [ 58.600319617291014, 23.603266698267664 ], [ 58.786, 23.512 ], [ 58.808, 23.421 ], [ 58.915, 23.336 ], [ 59.084, 23.055 ], [ 59.208, 22.97 ], [ 59.298, 22.793 ], [ 59.535, 22.583 ], [ 59.803, 22.535 ], [ 59.845, 22.445 ], [ 59.792, 22.198 ], [ 59.688, 22.083 ], [ 59.645, 21.926 ], [ 59.498, 21.756 ] ] ] ] } },
{ "type": "Feature", "properties": { "id": "cambodia1431", "colorId": "cambodia", "name": "Камбоджа", "parent": null }, "geometry": { "type": "MultiPolygon", "coordinates": [ [ [ [ 104.085, 10.248 ], [ 104.011, 10.03 ], [ 103.937, 10.266 ], [ 103.846, 10.371 ], [ 103.934, 10.366 ], [ 104.005, 10.451 ], [ 104.082, 10.371 ], [ 104.085, 10.248 ] ] ], [ [ [ 105.539, 9.129 ], [ 105.444, 9.041 ], [ 105.334, 8.84 ], [ 105.184, 8.741 ], [ 105.101, 8.634 ], [ 104.856, 8.566 ], [ 104.752, 8.591 ], [ 104.912, 8.685 ], [ 104.922, 8.809 ], [ 104.817, 8.771 ], [ 104.775, 8.818 ], [ 104.807, 9.046 ], [ 104.836, 9.556 ], [ 104.893, 9.851 ], [ 104.97, 9.854 ], [ 105.088, 9.997 ], [ 105.003, 10.092 ], [ 104.901, 10.097 ], [ 104.805, 10.207 ], [ 104.707, 10.222 ], [ 104.608, 10.154 ], [ 104.589, 10.261 ], [ 104.451, 10.42 ], [ 104.306, 10.479 ], [ 104.25, 10.57 ], [ 104.072, 10.556 ], [ 103.946, 10.588 ], [ 103.859, 10.68 ], [ 103.808, 10.538 ], [ 103.624, 10.501 ], [ 103.507, 10.635 ], [ 103.567, 10.727 ], [ 103.689, 10.741 ], [ 103.722, 10.895 ], [ 103.675, 11.064 ], [ 103.533, 11.163 ], [ 103.474, 11.134 ], [ 103.417, 10.958 ], [ 103.352, 10.872 ], [ 103.277, 10.933 ], [ 103.181, 10.864 ], [ 103.096, 10.934 ], [ 103.114, 11.161 ], [ 103.058, 11.221 ], [ 103.134, 11.316 ], [ 103.03, 11.543 ], [ 102.955, 11.557 ], [ 102.914, 11.646 ], [ 102.907, 11.741 ], [ 102.777, 11.903 ], [ 102.75, 12.04 ], [ 102.562, 12.202 ], [ 102.572, 12.091 ], [ 102.474, 12.149 ], [ 102.296, 12.19 ], [ 102.263, 12.29 ], [ 102.072, 12.489 ], [ 102.112, 12.537 ], [ 101.914, 12.555 ], [ 101.824307618844585, 13.019195899506007 ], [ 101.994341644058991, 13.444280962542038 ], [ 101.928646679771603, 13.664552313387983 ], [ 101.986612824731068, 13.884823664233926 ], [ 102.233935043224761, 14.309908727269956 ], [ 102.280307959192314, 14.731129380642024 ], [ 102.570138683989597, 14.734993790305987 ], [ 102.813596492819329, 14.669298826018601 ], [ 102.995223747025634, 14.781366706273555 ], [ 103.462817316365275, 14.518586849124008 ], [ 103.721732763850852, 14.425841017188874 ], [ 104.224106020166161, 14.344688414245631 ], [ 104.498479106307599, 14.402654559205091 ], [ 104.939021807999481, 14.267400220966353 ], [ 105.340920413051748, 14.07804414743212 ], [ 105.541869715577874, 13.915738941545635 ], [ 105.789191934071567, 14.039400050792478 ], [ 106.036163517649314, 14.062693502309489 ], [ 106.318127314908637, 14.05860707046515 ], [ 106.6286961350783, 14.164854298417932 ], [ 107.351994571526092, 13.956446274356704 ], [ 107.707514141983481, 14.123989979974555 ], [ 108.415160155350506, 13.495368996308992 ], [ 108.411189156062122, 12.728966133649928 ], [ 108.539750258023687, 12.48524605232506 ], [ 108.540246632934725, 12.330873454988936 ], [ 108.448913649301801, 12.015179011562015 ], [ 108.349638667092066, 11.803723299455303 ], [ 108.347653167447874, 11.524760599445985 ], [ 108.472, 11.053 ], [ 108.369, 11.023 ], [ 108.3, 10.913 ], [ 108.259, 10.952 ], [ 108.106, 10.918 ], [ 107.998, 10.699 ], [ 107.882, 10.717 ], [ 107.581, 10.57 ], [ 107.448, 10.473 ], [ 107.334, 10.454 ], [ 107.272, 10.378 ], [ 107.19, 10.405 ], [ 107.176, 10.477 ], [ 106.972, 10.474 ], [ 106.788, 10.393 ], [ 106.776, 10.275 ], [ 106.798, 10.157 ], [ 106.704, 10.084 ], [ 106.645, 9.973 ], [ 106.696, 9.897 ], [ 106.611, 9.817 ], [ 106.575, 9.739 ], [ 106.576, 9.649 ], [ 106.485, 9.547 ], [ 106.398, 9.542 ], [ 106.25, 9.631 ], [ 106.197, 9.541 ], [ 106.193, 9.369 ], [ 106.018, 9.315 ], [ 105.539, 9.129 ] ] ], [ [ [ 102.25, 12.153 ], [ 102.311, 12.146 ], [ 102.4, 12.043 ], [ 102.428, 11.961 ], [ 102.29, 11.975 ], [ 102.25, 12.153 ] ] ] ] } },
{ "type": "Feature", "properties": { "id": "sp_peru1589", "colorId": "spain", "name": null, "parent": "spain" }, "geometry": { "type": "MultiPolygon", "coordinates": [ [ [ [ -78.216, 2.597 ], [ -78.205, 2.687 ], [ -78.131, 2.627 ], [ -78.107, 2.513 ], [ -78.216, 2.597 ] ] ], [ [ [ -77.902, 2.696 ], [ -77.785, 2.594 ], [ -77.888, 2.594 ], [ -77.902, 2.696 ] ] ], [ [ [ -77.544, 4.232 ], [ -77.415, 4.321 ], [ -77.353, 4.265 ], [ -77.544, 4.232 ] ] ], [ [ [ -68.26, 12.028 ], [ -68.303, 12.203 ], [ -68.417, 12.257 ], [ -68.377, 12.31 ], [ -68.212, 12.228 ], [ -68.205, 12.118 ], [ -68.26, 12.028 ] ] ], [ [ [ -68.781, 12.098 ], [ -68.815, 12.043 ], [ -69.007, 12.148 ], [ -69.16, 12.293 ], [ -69.161, 12.392 ], [ -69.072, 12.341 ], [ -69.041, 12.256 ], [ -68.835, 12.171 ], [ -68.781, 12.098 ] ] ], [ [ [ -69.997, 12.578 ], [ -69.888, 12.418 ], [ -70.058, 12.537 ], [ -70.049, 12.632 ], [ -69.997, 12.578 ] ] ], [ [ [ -58.474, -34.522 ], [ -58.315, -34.657 ], [ -58.155, -34.75 ], [ -57.871, -34.83 ], [ -57.759, -34.91 ], [ -57.522, -35.013 ], [ -57.249, -35.249 ], [ -57.134, -35.417 ], [ -57.145, -35.484 ], [ -57.353, -35.728 ], [ -57.393, -35.863 ], [ -58.559260861991248, -36.148897703180225 ], [ -59.452366376043607, -35.992212525276301 ], [ -59.953758945336162, -35.537825509354917 ], [ -60.643173728113425, -35.036432940062369 ], [ -62.366710685056574, -34.629051477512164 ], [ -62.523395862960498, -34.401857969551472 ], [ -62.77409214760678, -33.908299659154117 ], [ -63.581020813811989, -33.218884876376848 ], [ -64.145087454266118, -32.607812682551547 ], [ -64.959850379366515, -32.161259925525364 ], [ -65.85295589341888, -32.012409006516641 ], [ -66.808735478632812, -32.082917336573402 ], [ -67.349299342401352, -32.560807129180368 ], [ -67.584327109257231, -33.383404313175973 ], [ -68.132725231920958, -33.986642248106079 ], [ -69.010162228182935, -34.284344086123532 ], [ -69.636902939798631, -34.817073690996871 ], [ -70.044284402348822, -35.506488473774134 ], [ -70.263643651414313, -36.383925470036104 ], [ -70.514339936060594, -37.136014323974941 ], [ -70.765036220706875, -38.154467980350447 ], [ -71.266428789999438, -38.812545727546919 ], [ -71.548462110226495, -39.580303099276144 ], [ -71.720815805920807, -40.645762309022828 ], [ -72.613921319973173, -40.943464147040281 ], [ -73.728, -40.544 ], [ -73.714, -39.978 ], [ -73.406, -39.695 ], [ -73.242, -39.49 ], [ -73.283, -39.075 ], [ -73.543, -38.421 ], [ -73.463, -38.092 ], [ -73.503, -37.933 ], [ -73.668, -37.719 ], [ -73.672, -37.363 ], [ -73.608, -37.155 ], [ -73.467, -37.235 ], [ -73.283, -37.214 ], [ -73.209, -37.16 ], [ -73.002, -36.714 ], [ -72.832, -36.308 ], [ -72.838, -36.179 ], [ -72.78, -35.953 ], [ -72.598, -35.81 ], [ -72.647, -35.567 ], [ -72.53, -35.49 ], [ -72.398, -35.233 ], [ -72.231, -35.116 ], [ -72.188, -34.886 ], [ -72.057, -34.659 ], [ -72.048, -34.404 ], [ -71.995, -34.37 ], [ -72.027, -34.163 ], [ -71.86, -33.912 ], [ -71.808, -33.777 ], [ -71.688, -33.721 ], [ -71.625, -33.541 ], [ -71.706, -33.434 ], [ -71.672, -33.359 ], [ -71.762, -33.102 ], [ -71.568, -33.002 ], [ -71.518, -32.873 ], [ -71.548, -32.796 ], [ -71.446, -32.643 ], [ -71.477, -32.535 ], [ -71.412, -32.37 ], [ -71.544, -32.193 ], [ -71.501, -31.89 ], [ -71.668, -31.15 ], [ -71.655, -30.976 ], [ -71.707, -30.779 ], [ -71.713, -30.615 ], [ -71.677, -30.343 ], [ -71.635, -30.238 ], [ -71.518, -30.279 ], [ -71.446, -30.162 ], [ -71.383, -30.148 ], [ -71.412, -29.992 ], [ -71.287, -29.91 ], [ -71.335, -29.711 ], [ -71.288, -29.603 ], [ -71.336, -29.525 ], [ -71.307, -29.421 ], [ -71.376, -29.282 ], [ -71.494, -29.193 ], [ -71.488, -29.036 ], [ -71.522, -28.94 ], [ -71.488, -28.845 ], [ -71.391, -28.799 ], [ -71.302, -28.675 ], [ -71.307, -28.562 ], [ -71.174, -28.361 ], [ -71.138, -27.946 ], [ -71.039, -27.666 ], [ -70.912, -27.622 ], [ -70.892, -27.493 ], [ -70.946, -27.372 ], [ -70.96, -27.161 ], [ -70.871, -27.118 ], [ -70.789, -26.996 ], [ -70.823, -26.887 ], [ -70.732, -26.749 ], [ -70.692, -26.544 ], [ -70.699, -26.393 ], [ -70.631, -26.01 ], [ -70.74, -25.829 ], [ -70.635, -25.626 ], [ -70.651, -25.541 ], [ -70.531, -25.457 ], [ -70.445, -25.345 ], [ -70.437, -25.193 ], [ -70.497, -25.104 ], [ -70.473, -24.975 ], [ -70.521, -24.919 ], [ -70.576, -24.732 ], [ -70.583, -24.525 ], [ -70.5, -24.097 ], [ -70.526, -23.996 ], [ -70.499, -23.785 ], [ -70.405, -23.651 ], [ -70.413, -23.511 ], [ -70.497, -23.469 ], [ -70.539, -23.532 ], [ -70.632, -23.517 ], [ -70.585, -23.424 ], [ -70.581, -23.108 ], [ -70.506, -23.01 ], [ -70.451, -23.097 ], [ -70.373, -23.051 ], [ -70.297, -22.918 ], [ -70.313, -22.791 ], [ -70.27, -22.62 ], [ -70.213, -22.083 ], [ -70.15, -21.862 ], [ -70.152, -21.665 ], [ -70.104, -21.609 ], [ -70.059, -21.433 ], [ -70.08, -21.233 ], [ -70.168, -20.997 ], [ -70.127, -20.935 ], [ -70.194, -20.816 ], [ -70.206, -20.528 ], [ -70.192, -20.367 ], [ -70.131, -20.267 ], [ -70.16, -20.221 ], [ -70.123, -20.072 ], [ -70.151, -19.719 ], [ -70.214, -19.596 ], [ -70.226, -19.411 ], [ -70.288, -19.301 ], [ -70.277, -19.109 ], [ -70.357, -18.773 ], [ -70.304, -18.445 ], [ -70.395, -18.338 ], [ -70.683, -18.162 ], [ -70.915, -17.947 ], [ -71.219, -17.752 ], [ -71.385, -17.687 ], [ -71.36, -17.633 ], [ -71.4, -17.4 ], [ -71.515, -17.285 ], [ -71.808, -17.191 ], [ -72.293, -16.881 ], [ -72.362, -16.761 ], [ -72.588, -16.659 ], [ -72.692, -16.661 ], [ -73.193, -16.407 ], [ -73.296, -16.396 ], [ -73.42, -16.293 ], [ -73.7, -16.221 ], [ -74.442, -15.798 ], [ -74.463, -15.727 ], [ -74.848, -15.566 ], [ -75.189, -15.358 ], [ -75.167, -15.311 ], [ -75.263, -15.25 ], [ -75.241, -15.205 ], [ -75.362, -15.145 ], [ -75.551, -14.885 ], [ -75.839, -14.726 ], [ -75.931, -14.649 ], [ -75.981, -14.461 ], [ -76.144, -14.328 ], [ -76.149, -14.224 ], [ -76.292, -14.081 ], [ -76.277, -13.945 ], [ -76.262, -13.861 ], [ -76.181, -13.539 ], [ -76.221, -13.358 ], [ -76.483, -13.036 ], [ -76.812, -12.483 ], [ -76.791, -12.381 ], [ -76.854, -12.303 ], [ -77.038, -12.204 ], [ -77.054, -12.114 ], [ -77.175, -12.072 ], [ -77.146, -11.932 ], [ -77.32, -11.494 ], [ -77.647, -11.292 ], [ -77.595, -11.165 ], [ -77.671, -10.928 ], [ -78.056, -10.348 ], [ -78.105, -10.201 ], [ -78.167, -10.141 ], [ -78.235, -9.953 ], [ -78.229, -9.794 ], [ -78.37, -9.615 ], [ -78.427, -9.42 ], [ -78.655, -8.933 ], [ -78.94, -8.436 ], [ -78.902, -8.377 ], [ -78.986, -8.217 ], [ -79.125, -8.065 ], [ -79.3, -7.939 ], [ -79.435, -7.674 ], [ -79.583, -7.464 ], [ -79.613, -7.266 ], [ -79.708, -7.107 ], [ -79.932, -6.883 ], [ -79.965, -6.787 ], [ -80.119, -6.651 ], [ -80.298, -6.544 ], [ -80.791, -6.3 ], [ -81.101, -6.072 ], [ -81.15, -5.883 ], [ -81.075, -5.787 ], [ -80.94, -5.851 ], [ -80.864, -5.744 ], [ -80.856, -5.65 ], [ -80.932, -5.464 ], [ -81.198, -5.208 ], [ -81.171, -5.087 ], [ -81.338, -4.678 ], [ -81.329, -4.477 ], [ -81.28, -4.396 ], [ -81.253, -4.239 ], [ -80.993, -3.972 ], [ -80.536, -3.505 ], [ -80.368, -3.466 ], [ -80.341, -3.393 ], [ -80.136, -3.328 ], [ -80.06, -3.204 ], [ -80.121797153575173, -3.024718525591843 ], [ -80.251669132576751, -3.007168258159196 ], [ -80.262199293036346, -2.849215851265377 ], [ -80.321, -2.711 ], [ -80.468, -2.618 ], [ -80.657, -2.416 ], [ -80.914, -2.319 ], [ -81.013, -2.167 ], [ -80.871, -2.203 ], [ -80.745, -2.103 ], [ -80.733, -1.904 ], [ -80.782, -1.737 ], [ -80.85, -1.616 ], [ -80.771, -1.478 ], [ -80.744, -1.344 ], [ -80.834, -1.231 ], [ -80.916, -1.066 ], [ -80.816, -0.946 ], [ -80.616, -0.941 ], [ -80.547, -0.888 ], [ -80.462, -0.618 ], [ -80.496, -0.381 ], [ -80.371, -0.223 ], [ -80.232, -0.14 ], [ -80.066, 0.052 ], [ -80.037, 0.176 ], [ -80.048, 0.318 ], [ -79.991, 0.365 ], [ -80.036, 0.439 ], [ -80.017, 0.559 ], [ -80.109, 0.738 ], [ -80.046, 0.84 ], [ -79.862, 0.876 ], [ -79.766, 0.955 ], [ -79.572, 0.984 ], [ -79.457, 1.072 ], [ -79.248, 1.08 ], [ -79.147, 1.11 ], [ -79.072, 1.21 ], [ -78.992, 1.12 ], [ -78.958, 1.163 ], [ -78.955, 1.207 ], [ -78.929, 1.243 ], [ -78.893, 1.245 ], [ -78.855, 1.292 ], [ -78.829, 1.434 ], [ -78.9, 1.545 ], [ -79.022, 1.638 ], [ -78.846, 1.822 ], [ -78.759, 1.831 ], [ -78.571, 1.782 ], [ -78.548, 1.921 ], [ -78.586, 2.0 ], [ -78.666, 1.983 ], [ -78.703, 2.19 ], [ -78.559, 2.449 ], [ -78.432, 2.587 ], [ -78.334, 2.647 ], [ -78.278, 2.543 ], [ -78.27, 2.635 ], [ -78.184, 2.515 ], [ -78.087, 2.511 ], [ -78.105, 2.642 ], [ -77.95, 2.675 ], [ -77.904, 2.58 ], [ -77.778, 2.578 ], [ -77.786, 2.795 ], [ -77.643, 2.898 ], [ -77.623, 2.982 ], [ -77.722, 2.982 ], [ -77.571, 3.138 ], [ -77.367, 3.402 ], [ -77.285, 3.581 ], [ -77.171, 3.677 ], [ -77.195, 3.758 ], [ -77.032, 3.922 ], [ -77.253, 3.841 ], [ -77.312, 3.908 ], [ -77.189, 4.067 ], [ -77.264, 4.108 ], [ -77.346, 3.93 ], [ -77.425, 4.005 ], [ -77.435, 4.155 ], [ -77.236, 4.265 ], [ -77.337, 4.269 ], [ -77.387, 4.347 ], [ -77.32, 4.547 ], [ -77.326, 4.753 ], [ -77.367, 4.999 ], [ -77.361, 5.253 ], [ -77.408, 5.465 ], [ -77.552, 5.492 ], [ -77.491, 5.595 ], [ -77.356, 5.608 ], [ -77.261, 5.701 ], [ -77.246, 5.787 ], [ -77.353, 6.026 ], [ -77.367, 5.999 ], [ -77.484, 6.189 ], [ -77.477, 6.301 ], [ -77.415, 6.239 ], [ -77.399, 6.388 ], [ -77.343, 6.544 ], [ -77.463, 6.721 ], [ -77.538, 6.664 ], [ -77.573, 6.801 ], [ -77.683, 6.876 ], [ -77.653, 6.977 ], [ -77.689, 7.055 ], [ -77.896, 7.235 ], [ -77.82, 7.477 ], [ -77.734, 7.552 ], [ -77.771, 7.669 ], [ -77.74, 7.719 ], [ -77.613, 7.537 ], [ -77.34, 7.707 ], [ -77.38, 7.774 ], [ -77.322, 7.881 ], [ -77.169, 7.935 ], [ -77.324, 8.261 ], [ -77.363, 8.272 ], [ -77.422, 8.456 ], [ -77.489, 8.474 ], [ -77.374, 8.665 ], [ -77.275, 8.496 ], [ -77.134, 8.408 ], [ -77.053, 8.276 ], [ -76.976, 8.254 ], [ -76.943, 8.129 ], [ -76.832, 8.137 ], [ -76.832, 8.027 ], [ -76.908, 8.044 ], [ -76.934, 7.965 ], [ -76.854, 7.913 ], [ -76.757, 7.924 ], [ -76.732, 8.079 ], [ -76.77, 8.398 ], [ -76.839, 8.5 ], [ -76.947, 8.545 ], [ -76.894, 8.62 ], [ -76.673, 8.68 ], [ -76.256, 9.007 ], [ -76.168, 9.247 ], [ -76.078, 9.344 ], [ -75.819, 9.446 ], [ -75.812, 9.392 ], [ -75.621, 9.453 ], [ -75.576, 9.621 ], [ -75.618, 9.689 ], [ -75.705, 9.701 ], [ -75.649, 9.756 ], [ -75.59, 9.964 ], [ -75.589, 10.128 ], [ -75.531, 10.241 ], [ -75.516, 10.319 ], [ -75.569, 10.425 ], [ -75.503, 10.488 ], [ -75.51, 10.586 ], [ -75.404, 10.68 ], [ -75.256, 10.707 ], [ -75.267, 10.795 ], [ -75.036, 10.917 ], [ -75.024, 10.974 ], [ -74.844, 11.11 ], [ -74.523, 10.996 ], [ -74.482, 10.851 ], [ -74.589, 10.885 ], [ -74.605, 10.789 ], [ -74.49, 10.841 ], [ -74.457, 10.748 ], [ -74.362, 10.776 ], [ -74.28, 10.99 ], [ -74.218, 11.079 ], [ -74.242, 11.2 ], [ -74.187, 11.317 ], [ -74.005, 11.355 ], [ -73.826, 11.277 ], [ -73.402, 11.277 ], [ -73.292, 11.294 ], [ -73.055, 11.494 ], [ -72.934, 11.557 ], [ -72.76, 11.697 ], [ -72.452, 11.791 ], [ -72.263, 11.886 ], [ -72.139, 12.105 ], [ -72.171, 12.234 ], [ -71.97, 12.255 ], [ -71.967, 12.153 ], [ -71.868, 12.208 ], [ -71.961, 12.283 ], [ -71.867, 12.365 ], [ -71.803, 12.324 ], [ -71.697, 12.464 ], [ -71.532, 12.447 ], [ -71.242, 12.328 ], [ -71.114, 12.094 ], [ -71.138, 12.016 ], [ -71.299, 11.92 ], [ -71.328, 11.85 ], [ -71.378, 11.758 ], [ -71.674, 11.685 ], [ -71.961, 11.591 ], [ -71.939, 11.381 ], [ -71.77, 11.106 ], [ -71.769, 11.015 ], [ -71.694, 10.837 ], [ -71.576, 10.721 ], [ -71.63, 10.454 ], [ -71.779, 10.342 ], [ -71.898, 10.139 ], [ -71.969, 10.106 ], [ -72.044, 9.93 ], [ -72.124, 9.826 ], [ -71.999, 9.655 ], [ -71.995, 9.459 ], [ -71.919, 9.5 ], [ -71.761, 9.365 ], [ -71.734, 9.308 ], [ -71.759, 9.12 ], [ -71.686, 9.062 ], [ -71.515, 9.049 ], [ -71.274, 9.135 ], [ -71.152, 9.289 ], [ -71.056, 9.364 ], [ -71.09, 9.555 ], [ -71.042, 9.761 ], [ -71.072, 9.858 ], [ -71.207, 9.981 ], [ -71.268, 10.152 ], [ -71.364, 10.22 ], [ -71.475, 10.422 ], [ -71.466, 10.502 ], [ -71.542, 10.565 ], [ -71.503, 10.627 ], [ -71.583, 10.809 ], [ -71.446, 10.796 ], [ -71.412, 10.919 ], [ -71.294, 10.987 ], [ -70.87, 11.196 ], [ -70.686, 11.248 ], [ -70.514, 11.253 ], [ -70.145, 11.429 ], [ -70.037, 11.441 ], [ -70.054, 11.506 ], [ -69.946, 11.52 ], [ -69.814, 11.426 ], [ -69.747, 11.481 ], [ -69.816, 11.694 ], [ -70.187, 11.603 ], [ -70.23, 11.628 ], [ -70.206, 11.763 ], [ -70.302, 11.858 ], [ -70.206, 12.112 ], [ -70.018, 12.199 ], [ -69.925, 12.16 ], [ -69.835, 12.015 ], [ -69.809, 11.804 ], [ -69.7, 11.54 ], [ -69.624, 11.468 ], [ -69.5, 11.509 ], [ -69.377, 11.494 ], [ -69.27, 11.536 ], [ -69.062, 11.454 ], [ -68.863, 11.453 ], [ -68.656, 11.348 ], [ -68.389, 11.128 ], [ -68.263, 10.903 ], [ -68.331, 10.807 ], [ -68.242, 10.578 ], [ -68.13, 10.488 ], [ -67.941, 10.466 ], [ -67.56, 10.528 ], [ -67.17, 10.556 ], [ -67.012, 10.611 ], [ -66.542, 10.633 ], [ -66.334, 10.611 ], [ -66.252, 10.649 ], [ -66.104, 10.584 ], [ -66.118, 10.498 ], [ -65.868, 10.31 ], [ -65.58, 10.185 ], [ -65.17, 10.097 ], [ -65.08, 10.056 ], [ -64.963, 10.097 ], [ -64.748, 10.107 ], [ -64.717, 10.228 ], [ -64.572, 10.262 ], [ -64.491, 10.241 ], [ -64.377, 10.301 ], [ -64.339, 10.391 ], [ -64.249, 10.52 ], [ -64.271, 10.673 ], [ -64.131, 10.62 ], [ -64.072, 10.648 ], [ -63.915, 10.631 ], [ -63.781, 10.676 ], [ -63.532, 10.631 ], [ -63.466, 10.668 ], [ -63.251, 10.681 ], [ -63.014, 10.721 ], [ -62.904, 10.702 ], [ -62.72, 10.76 ], [ -62.154, 10.686 ], [ -62.102, 10.714 ], [ -61.846, 10.741 ], [ -61.962, 10.652 ], [ -62.24, 10.638 ], [ -62.335, 10.53 ], [ -62.662, 10.567 ], [ -62.896, 10.538 ], [ -62.841, 10.512 ], [ -62.802, 10.405 ], [ -62.671303903081316, 10.297292831592147 ], [ -62.635879395891692, 10.118327757608824 ], [ -62.683966220014561, 10.048383286157378 ], [ -63.029317047806103, 10.109584698677397 ], [ -63.908997452133761, 9.61616670393062 ], [ -64.938492641309736, 9.406333289576281 ], [ -66.059789949265749, 9.288301994001968 ], [ -68.066321974029123, 8.265364099024564 ], [ -69.207291164580838, 8.055530684670225 ], [ -69.967937291615343, 7.524389854585802 ], [ -70.833500125827001, 6.776858315948468 ], [ -72.407250733484531, 4.816227350575112 ], [ -72.617084147838867, 4.304758403086409 ], [ -73.371885868083382, 2.877462983239491 ], [ -74.296328417716524, 2.313396342785367 ], [ -75.064085789445755, 1.670987113379281 ], [ -75.44013021641517, 0.840555670488487 ], [ -75.899099794872242, -0.023620602850909 ], [ -77.096898868478277, -1.614857328371316 ], [ -77.184329457792572, -2.760198048388755 ], [ -76.939523807712504, -4.998421134835042 ], [ -76.379968036100934, -5.907699263703846 ], [ -74.372712441944714, -7.880933044588641 ], [ -74.075010603927268, -9.009066325496891 ], [ -73.651960623586675, -10.058857017453178 ], [ -72.790192145115086, -10.889288460343973 ], [ -72.241794022451359, -11.766725456605943 ], [ -70.721947796783297, -12.659830970658309 ], [ -69.741158986829845, -13.276636156592193 ], [ -68.609199592677186, -13.702252888793595 ], [ -67.812300179193699, -14.327094474365868 ], [ -66.779953211726479, -15.060604161776794 ], [ -66.209445677073532, -15.73072412311517 ], [ -64.081362016066521, -16.14728518016333 ], [ -63.039959373446081, -16.636291638437282 ], [ -62.134391858123948, -16.835516491808153 ], [ -61.962334030212745, -17.92219751019471 ], [ -62.261171310269049, -18.981711503121605 ], [ -61.790276202301541, -19.932557394209841 ], [ -61.283158393721145, -20.593621680394996 ], [ -59.897640095278284, -21.680302698781556 ], [ -59.453912012770438, -22.486257787418253 ], [ -59.118852032101252, -23.328435576667832 ], [ -58.267618567698449, -23.817442034941784 ], [ -57.561275905747173, -24.161557690764205 ], [ -56.782487842570141, -23.844609060401449 ], [ -55.487526295659492, -23.772163659175678 ], [ -54.455179328192266, -23.889887436167555 ], [ -54.009515008606094, -24.062594792616313 ], [ -54.314187425491525, -24.592669254253238 ], [ -54.455204085605061, -25.086227564650596 ], [ -54.455204085605054, -25.258581260344922 ], [ -54.658894816880156, -26.237863622244443 ], [ -54.807745735888879, -26.543399719157094 ], [ -55.058442020535161, -26.731421932641801 ], [ -55.434486447504575, -27.036958029554452 ], [ -55.583337366513305, -27.271985796410338 ], [ -55.794862356683602, -27.311157090886322 ], [ -56.069061418015465, -27.193643207458376 ], [ -56.441188715537287, -27.405168197628672 ], [ -57.001338226543815, -27.275902925857935 ], [ -57.197194698923717, -27.322908479229113 ], [ -57.89052661114858, -27.138803395192006 ], [ -58.64261546508741, -27.095714971268425 ], [ -58.701372406801383, -27.726372812331718 ], [ -58.873726102495702, -27.898726508026034 ], [ -59.00690850371403, -28.744826468707217 ], [ -59.390787189578646, -29.16787644904781 ], [ -59.382952930683452, -30.366518060012837 ], [ -59.986190865613558, -31.220452279589217 ], [ -60.424909363744547, -31.463314305340294 ], [ -60.558091764962882, -32.332917042707066 ], [ -60.268224185840623, -32.450430926135013 ], [ -59.82167142881444, -32.779469799733249 ], [ -58.412, -33.298 ], [ -58.522, -33.449 ], [ -58.549, -33.683 ], [ -58.395, -34.031 ], [ -58.379, -34.188 ], [ -58.48, -34.277 ], [ -58.57, -34.288 ], [ -58.455, -34.366 ], [ -58.511, -34.436 ], [ -58.474, -34.522 ] ] ], [ [ [ -61.037, 10.625 ], [ -61.028, 10.409 ], [ -60.961, 10.33 ], [ -60.996, 10.138 ], [ -61.192, 10.074 ], [ -61.707, 10.084 ], [ -61.929, 10.056 ], [ -61.712, 10.164 ], [ -61.612, 10.248 ], [ -61.507, 10.241 ], [ -61.458, 10.302 ], [ -61.488, 10.43 ], [ -61.489, 10.631 ], [ -61.668, 10.707 ], [ -61.602, 10.748 ], [ -61.433, 10.757 ], [ -61.367, 10.803 ], [ -60.907, 10.837 ], [ -61.002, 10.699 ], [ -61.037, 10.625 ] ] ], [ [ [ -65.412, 10.925 ], [ -65.377, 10.966 ], [ -65.228, 10.954 ], [ -65.205, 10.904 ], [ -65.412, 10.925 ] ] ], [ [ [ -64.182, 11.034 ], [ -64.049, 10.991 ], [ -63.986, 11.109 ], [ -63.881, 11.179 ], [ -63.847, 11.135 ], [ -63.788, 10.974 ], [ -63.898, 10.885 ], [ -64.043, 10.868 ], [ -64.176, 10.967 ], [ -64.224, 10.939 ], [ -64.409, 10.967 ], [ -64.371, 11.062 ], [ -64.198, 11.088 ], [ -64.182, 11.034 ] ] ], [ [ [ -60.531, 11.351 ], [ -60.533, 11.267 ], [ -60.803, 11.143 ], [ -60.848, 11.164 ], [ -60.669, 11.303 ], [ -60.531, 11.351 ] ] ], [ [ [ -64.563, 11.817 ], [ -64.649, 11.83 ], [ -64.607, 11.899 ], [ -64.563, 11.817 ] ] ] ] } },
{ "type": "Feature", "properties": { "id": "turkmens", "colorId": null, "name": "туркмены", "parent": null }, "geometry": { "type": "MultiPolygon", "coordinates": [ [ [ [ 54.243656927579082, 42.924133553207511 ], [ 52.71, 42.585 ], [ 52.599, 42.345 ], [ 52.402, 42.093 ], [ 52.485, 41.942 ], [ 52.438, 41.749 ], [ 52.595, 41.634 ], [ 52.562, 41.519 ], [ 52.761, 41.378 ], [ 52.882, 41.05 ], [ 52.828, 40.711 ], [ 52.737, 40.485 ], [ 52.699, 40.274 ], [ 52.768, 40.154 ], [ 52.738, 40.054 ], [ 52.884, 39.945 ], [ 52.914, 40.022 ], [ 53.054, 39.968 ], [ 53.172, 39.997 ], [ 53.29, 39.942 ], [ 53.437, 40.003 ], [ 53.567, 39.95 ], [ 53.415, 39.782 ], [ 53.471, 39.696 ], [ 53.712, 39.543 ], [ 53.577, 39.468 ], [ 53.581, 39.33 ], [ 53.684, 39.083 ], [ 53.871, 39.028 ], [ 53.978, 38.902 ], [ 53.863, 38.679 ], [ 53.827, 38.525 ], [ 53.863, 38.381 ], [ 53.859, 38.206 ], [ 53.807, 38.032 ], [ 53.825, 37.745 ], [ 53.875846642450838, 37.515333002146654 ], [ 55.404961988664432, 38.243890702360488 ], [ 55.949684779994612, 38.417211590511002 ], [ 56.490748143412119, 38.56251225085812 ], [ 57.254588385693751, 38.895468253903957 ], [ 58.186865194222094, 39.216672868606999 ], [ 59.088121879041651, 39.34850568941193 ], [ 60.06273587391621, 39.528308690562788 ], [ 59.784858508501216, 39.84705037442113 ], [ 59.180066595539223, 40.280212149920935 ], [ 58.771423411105438, 40.525398060581203 ], [ 58.076729997568016, 41.326338702071418 ], [ 57.932011966504213, 42.188762702934667 ], [ 58.020027819129751, 43.079923210768285 ], [ 58.102542680966188, 43.343970768644908 ], [ 58.982701207221609, 44.185622359376644 ], [ 58.795667520392342, 44.653206576449847 ], [ 58.080538717809816, 44.466172889620573 ], [ 57.266392081023554, 43.839059939663585 ], [ 57.156372265241629, 43.619020308099735 ], [ 55.15401161801055, 43.321966805488522 ], [ 54.243656927579082, 42.924133553207511 ] ] ] ] } },
{ "type": "Feature", "properties": { "id": "ladakh", "colorId": "ladakh", "name": "Ладакх", "parent": null }, "geometry": { "type": "MultiPolygon", "coordinates": [ [ [ [ 79.117336591489206, 33.058977083820864 ], [ 78.331209264364048, 32.977950802296995 ], [ 78.100198163849186, 33.09862824286445 ], [ 77.700238646539901, 33.246889098418755 ], [ 77.314070836724028, 33.295160074645743 ], [ 77.062372174969042, 33.415837515213198 ], [ 76.69689192639332, 33.457212637693473 ], [ 76.431401557144909, 33.398597880846424 ], [ 76.317619970324159, 33.339983123999367 ], [ 76.127983992289586, 33.48824397955368 ], [ 76.007306551722124, 33.691671665081678 ], [ 75.924556306761588, 33.767526056295509 ], [ 75.772847524333926, 33.857172155002765 ], [ 75.593555326919414, 33.998537156810357 ], [ 75.452190325111815, 34.239892037945275 ], [ 75.669409718133252, 34.553653383420667 ], [ 76.141775699783011, 34.698466312101615 ], [ 76.317619970324159, 34.936373266363177 ], [ 76.452089118385047, 35.194967781864875 ], [ 76.610693754559421, 35.239790831218507 ], [ 76.980418176514505, 35.413245704626384 ], [ 77.442175681376128, 35.54957411082362 ], [ 77.758809398995524, 35.551772956084875 ], [ 78.123817712362325, 35.477012217202507 ], [ 78.334906857441922, 35.261525381600421 ], [ 78.589972907746443, 35.046038545998329 ], [ 78.928595077978287, 34.192886584634962 ], [ 78.928232715927081, 33.968576119255061 ], [ 78.911852466323282, 33.823493908478511 ], [ 78.956313143819315, 33.800093551901654 ], [ 78.958653179476997, 33.711172196909573 ], [ 79.024242565908594, 33.286540257462356 ], [ 79.117336591489206, 33.058977083820864 ] ] ] ] } },
{ "type": "Feature", "properties": { "id": "buganda", "colorId": "buganda", "name": "Буганда", "parent": null }, "geometry": { "type": "MultiPolygon", "coordinates": [ [ [ [ 32.296685620583538, 0.810154528599104 ], [ 32.517602773578901, 0.813898887124449 ], [ 32.900131654930092, 0.683409720504584 ], [ 33.137336753336321, 0.435649529368771 ], [ 33.271653753125577, 0.148699575273543 ], [ 32.671121473118042, -0.492882238220974 ], [ 32.004625655606624, -0.492882238220974 ], [ 31.716310049155055, -0.234521499972166 ], [ 31.772475427035232, 0.285944335050796 ], [ 31.892294899846274, 0.529327639198225 ], [ 32.09823461874025, 0.720289923990822 ], [ 32.296685620583538, 0.810154528599104 ] ] ] ] } },
{ "type": "Feature", "properties": { "id": "aut_croatia1526", "colorId": "austria", "name": null, "parent": "hre_austria1477" }, "geometry": { "type": "MultiPolygon", "coordinates": [ [ [ [ 14.302, 44.943 ], [ 14.39, 44.96 ], [ 14.278, 45.128 ], [ 14.466, 44.984 ], [ 14.452, 44.799 ], [ 14.514, 44.662 ], [ 14.428, 44.657 ], [ 14.302, 44.943 ] ] ], [ [ [ 14.723, 44.943 ], [ 14.626, 45.037 ], [ 14.425, 45.087 ], [ 14.53, 45.135 ], [ 14.563, 45.25 ], [ 14.665, 45.162 ], [ 14.665, 45.087 ], [ 14.815, 44.977 ], [ 14.723, 44.943 ] ] ], [ [ [ 15.92378532889118, 45.478619282876231 ], [ 15.624503332096792, 45.366946896012657 ], [ 15.468161990487783, 45.210605554403649 ], [ 15.392224767420551, 45.054264212794642 ], [ 15.161621288547268, 44.759449111474858 ], [ 15.062489220329248, 44.826369030448646 ], [ 14.884, 44.861 ], [ 14.922, 44.959 ], [ 14.827, 45.114 ], [ 14.658, 45.197 ], [ 14.582, 45.285 ], [ 14.33, 45.354 ], [ 14.266914943055818, 45.390765456534169 ], [ 14.266914943055818, 45.649296000075644 ], [ 14.494108451016507, 45.692384423999222 ], [ 14.689964923396412, 45.547450634438093 ], [ 14.783976030138765, 45.496527951619314 ], [ 14.905407043014305, 45.664964517866032 ], [ 15.269700081640927, 45.813815436874762 ], [ 15.457722295125635, 45.919577931959907 ], [ 15.622241731924754, 45.95091496754069 ], [ 15.698, 46.036 ], [ 15.59, 46.114 ], [ 15.602656084686762, 46.260368193900938 ], [ 15.743672744800293, 46.401384854014466 ], [ 15.876855146018627, 46.565904290813585 ], [ 16.235, 46.493 ], [ 16.344, 46.547 ], [ 16.58488585912356, 46.463569735012996 ], [ 16.634021709343532, 46.220123931650384 ], [ 16.580418963649016, 45.71983163850156 ], [ 16.397276249192746, 45.527755133096207 ], [ 15.92378532889118, 45.478619282876231 ] ] ] ] } },
{ "type": "Feature", "properties": { "id": "dendi", "colorId": "dendi", "name": "Денди", "parent": null }, "geometry": { "type": "MultiPolygon", "coordinates": [ [ [ [ 1.812383291518945, 15.650191918989824 ], [ 2.27076891885576, 15.316820553653958 ], [ 2.371970940475577, 14.840575746031293 ], [ 2.145754656854811, 14.120255474502011 ], [ 1.734993510280262, 13.792837169261428 ], [ 1.276607882943446, 13.554714765450097 ], [ 0.687254933510398, 13.685682087546329 ], [ 0.389601928746232, 13.828555529833128 ], [ 0.032418323029233, 14.197645255740694 ], [ -0.062830638495301, 14.578641101838826 ], [ 0.056230563410366, 15.090604270033191 ], [ 0.282446847031132, 15.364445034416224 ], [ 0.770597774844364, 15.602567438227558 ], [ 1.127781380561363, 15.656144979085107 ], [ 1.812383291518945, 15.650191918989824 ] ] ] ] } },
{ "type": "Feature", "properties": { "id": "persian_afghan1522", "colorId": "iran", "name": null, "parent": "persia1509" }, "geometry": { "type": "MultiPolygon", "coordinates": [ [ [ [ 61.183448510691719, 33.384367317380999 ], [ 61.464407657165161, 33.690299796558691 ], [ 62.036308556514477, 33.933161822309771 ], [ 62.639546491444584, 34.066344223528105 ], [ 63.219281649689094, 34.262200695908014 ], [ 63.94003346804714, 34.700919194038995 ], [ 65.036829713374601, 34.191692365851246 ], [ 65.348560496493135, 33.172323132877239 ], [ 65.220099375389566, 32.955876930236364 ], [ 64.999040307284929, 32.199440431565804 ], [ 64.791797430936825, 31.860943733530565 ], [ 64.729624568032378, 31.550079419008412 ], [ 64.729624568032378, 30.845453639424875 ], [ 64.902326964989129, 30.320438352676359 ], [ 65.441158443494174, 29.892136408223621 ], [ 66.097427551929826, 29.677985435997243 ], [ 66.636259030434886, 29.677985435997243 ], [ 67.133641933670319, 29.567455901944925 ], [ 67.264895755357458, 29.339488737962014 ], [ 67.50853839480898, 29.072004177840551 ], [ 67.461532841437801, 28.58236299689079 ], [ 67.508538394808966, 28.296412547216125 ], [ 67.289179145743475, 27.900782473008718 ], [ 67.332267569667053, 27.646169058914843 ], [ 67.140328226734752, 27.340632962002196 ], [ 67.203002297896319, 27.035096865089546 ], [ 67.140328226734752, 26.486698742425816 ], [ 67.465449970885388, 25.997057561476055 ], [ 67.418444417514209, 25.718941370696591 ], [ 67.144245356182353, 25.327228425936781 ], [ 67.014980084411619, 25.033443717366925 ], [ 66.68, 24.831 ], [ 66.718, 25.231 ], [ 66.548, 25.366 ], [ 66.587, 25.426 ], [ 66.437, 25.598 ], [ 66.258, 25.612 ], [ 66.094, 25.475 ], [ 66.336, 25.553 ], [ 66.484, 25.401 ], [ 66.36, 25.465 ], [ 66.252, 25.473 ], [ 65.858, 25.418 ], [ 65.672, 25.347 ], [ 65.395, 25.392 ], [ 65.232, 25.371 ], [ 65.155, 25.296 ], [ 64.807, 25.329 ], [ 64.719, 25.314 ], [ 64.669, 25.207 ], [ 64.518, 25.276 ], [ 64.439, 25.235 ], [ 64.361, 25.283 ], [ 64.067, 25.346 ], [ 63.944, 25.335 ], [ 63.805, 25.375 ], [ 63.573, 25.365 ], [ 63.485, 25.284 ], [ 63.5, 25.194 ], [ 63.178, 25.258 ], [ 63.028, 25.22 ], [ 62.771, 25.262 ], [ 62.477, 25.259 ], [ 62.489, 25.214 ], [ 62.343, 25.155 ], [ 62.381, 25.088 ], [ 62.256, 25.099 ], [ 62.318, 25.142 ], [ 62.254, 25.212 ], [ 62.145, 25.218 ], [ 62.059, 25.162 ], [ 62.097, 25.107 ], [ 61.881, 25.103 ], [ 61.847, 25.038 ], [ 61.72, 25.037 ], [ 61.78, 25.191 ], [ 61.588, 25.202 ], [ 61.62, 25.285 ], [ 61.7507723391967, 25.636035398348227 ], [ 62.012599194452648, 26.087686723664739 ], [ 62.094, 26.315 ], [ 62.124, 26.374 ], [ 62.507452430060404, 27.798725782544349 ], [ 62.268396166841065, 28.281435544814187 ], [ 62.049, 28.486 ], [ 61.748908517922089, 28.833103844551129 ], [ 61.62938038631242, 29.403161087612656 ], [ 61.0593231432509, 30.386969555476885 ], [ 60.962781190796917, 31.058165986823511 ], [ 61.183448510691697, 31.692584531521007 ], [ 61.174254039029421, 32.336197547880786 ], [ 61.082309322406594, 32.979810564240566 ], [ 61.183448510691719, 33.384367317380999 ] ] ] ] } },
{ "type": "Feature", "properties": { "id": "poland_lithuania", "colorId": "poland", "name": "Речь Посполитая", "parent": null }, "geometry": { "type": "MultiPolygon", "coordinates": [ [ [ [ 28.283164839417275, 56.631266487461517 ], [ 28.814633182066753, 56.595637324825795 ], [ 29.257028618126938, 56.45015157739661 ], [ 30.744968176448673, 56.128329786053939 ], [ 31.061528265109942, 56.009989565993664 ], [ 31.436345732678436, 55.872662233009358 ], [ 31.029579459253977, 55.445112281380723 ], [ 31.029579459253977, 54.940365810708016 ], [ 30.922691971346818, 54.643456122077026 ], [ 30.922691971346826, 54.32279365835555 ], [ 31.210694369318883, 54.206998879789467 ], [ 31.941092203351129, 54.183246104698988 ], [ 32.240970988868433, 53.862583640977512 ], [ 32.297383829708323, 53.574581243005447 ], [ 32.235032795095812, 53.280640651260761 ], [ 31.908432137601718, 53.179691357126224 ], [ 31.231478047523058, 53.129216710058969 ], [ 30.993950296618269, 52.88871986226787 ], [ 31.228508950636751, 52.677913983339863 ], [ 31.742162711968369, 52.677913983339863 ], [ 32.175650857369618, 52.612593851841048 ], [ 32.481467836659533, 52.449293523093978 ], [ 32.321136604798802, 52.381004294708852 ], [ 32.134083500961275, 52.274116806801693 ], [ 31.822328327898731, 52.31865326009634 ], [ 31.555109608130838, 52.182074803326088 ], [ 31.237416241295676, 52.072218218532619 ], [ 30.836588161643839, 51.80499949876473 ], [ 30.732669770622991, 51.686235623312335 ], [ 30.64656596092, 51.516997100792665 ], [ 30.774237127031327, 51.350727675159305 ], [ 30.643596864033682, 50.813321138737216 ], [ 30.919722874460508, 50.736124619693157 ], [ 31.26710721015877, 50.739093716579468 ], [ 31.543233220585595, 50.890517657781281 ], [ 31.958906784668983, 50.949899595507482 ], [ 32.707119200019086, 50.967714176825339 ], [ 33.158421926738193, 51.038972502096811 ], [ 33.866191480538753, 50.945028147413325 ], [ 34.641319921933643, 50.471667267172172 ], [ 34.978589549105465, 50.347410036108869 ], [ 35.345444231292355, 50.258654871063655 ], [ 35.80992959502899, 50.190609244528993 ], [ 36.090987617672162, 50.057476496961179 ], [ 36.203410826729439, 49.655119748756199 ], [ 36.286248980771639, 49.033833593439681 ], [ 36.380921156819873, 48.613725812225674 ], [ 36.333585068795756, 48.311958251071943 ], [ 36.144027959963132, 47.864947420088512 ], [ 36.01512991905652, 47.7360493791819 ], [ 35.796994772906871, 47.607151338275301 ], [ 35.370639714523463, 47.527829466948162 ], [ 34.661700489537111, 47.250202917303156 ], [ 34.255175898985492, 47.027110154195562 ], [ 33.804032755812358, 46.873424028499223 ], [ 33.255711017811514, 46.910508934278809 ], [ 32.719815060509006, 47.10368073284134 ], [ 31.996978652984694, 47.296852531403871 ], [ 31.704105280970531, 47.409016801536957 ], [ 31.342687077208375, 47.595957251758762 ], [ 31.241232937035942, 47.625750886012888 ], [ 30.822369490757691, 47.748625286106567 ], [ 30.373712410225362, 47.748625286106559 ], [ 30.005114950453962, 47.698666333724127 ], [ 29.679031580812318, 47.613795319707805 ], [ 29.303684544359385, 47.562585853902995 ], [ 29.14484457303589, 47.419629879711849 ], [ 28.808633300401159, 47.663184502407873 ], [ 28.242104069347363, 48.147646414944532 ], [ 27.966781452386638, 48.298544387701853 ], [ 27.556444859800948, 48.433558363326824 ], [ 26.754303004617302, 48.528862346120931 ], [ 26.285725089212995, 48.502389017567012 ], [ 26.009897368152611, 48.615418324548415 ], [ 25.646488456802206, 48.670211987668125 ], [ 25.356657732004912, 48.849907037042449 ], [ 25.258115285573833, 48.803534121074868 ], [ 25.258115285573833, 48.693398445651901 ], [ 25.449403563940045, 48.478923709301903 ], [ 25.284200050805588, 48.334008346903261 ], [ 24.991471018760322, 48.244160822216095 ], [ 24.840759041865731, 48.049974236601912 ], [ 24.785691204154247, 47.815211349516076 ], [ 24.658165685243439, 47.815211349516112 ], [ 24.466877406877224, 48.139821761289078 ], [ 24.287182357502903, 48.365889726630968 ], [ 23.620571690469134, 48.533991547013393 ], [ 23.243791748232653, 48.765856126851226 ], [ 22.855418577004283, 48.852805344290417 ], [ 22.574282773950905, 49.00061901393704 ], [ 22.214892675202265, 49.081771616880282 ], [ 22.06418069830768, 49.197703906799198 ], [ 21.868106481639408, 49.228578033755191 ], [ 21.785943202502278, 49.362907419933656 ], [ 21.687400756071199, 49.432466793885006 ], [ 21.40336664576985, 49.502026167836355 ], [ 21.194688523915801, 49.502026167836355 ], [ 20.574450772849598, 49.310737889470147 ], [ 20.412145566963115, 49.409280335901222 ], [ 20.058552082710417, 49.409280335901222 ], [ 19.936823178295555, 49.374500648925547 ], [ 19.844077346360422, 49.316534503966089 ], [ 19.664382296986101, 49.362907419933649 ], [ 19.502077091099618, 49.568687234539723 ], [ 19.061534389407736, 49.449856637372832 ], [ 18.833, 49.51 ], [ 18.770924822634505, 49.53732780264265 ], [ 18.869195333413337, 49.665684492485383 ], [ 18.903975020395922, 50.025074591305405 ], [ 18.985127623355282, 50.094633965270596 ], [ 19.127144678534158, 50.129413652253177 ], [ 19.133938899741203, 50.190032986969634 ], [ 18.988109382113507, 50.282336655158424 ], [ 18.86437999671335, 50.511367645154458 ], [ 18.967049061194331, 50.645627191014206 ], [ 18.822259354874998, 50.790416897333529 ], [ 18.41684817718086, 51.03787566813385 ], [ 18.31154657258498, 51.074731229742405 ], [ 18.153594165691164, 51.227418556406434 ], [ 17.917353756948955, 51.232231933794516 ], [ 17.345653989025035, 51.672000986043685 ], [ 17.015827199838157, 51.672000986043685 ], [ 16.853112650505963, 51.610433318728802 ], [ 16.624432743336396, 51.698387129178634 ], [ 16.532081242364068, 51.80393170171844 ], [ 16.030744522800017, 51.891885512168272 ], [ 15.788871544062969, 52.102974657247877 ], [ 15.656940828388219, 52.278882278147542 ], [ 15.621759304208284, 52.358040707552398 ], [ 15.296330205543899, 52.507562185317113 ], [ 15.234762538229015, 52.617504448379407 ], [ 15.357897872858784, 52.736242092486684 ], [ 15.806462306152936, 52.828593593459004 ], [ 15.878142252911237, 53.130610808125198 ], [ 15.947701626876404, 53.240746483570042 ], [ 15.889735481905433, 53.362475388009081 ], [ 16.202752664748676, 53.472611063453925 ], [ 16.176667899511738, 53.518983979430715 ], [ 16.031752537084312, 53.539272130170552 ], [ 15.921616861639468, 53.626221347627009 ], [ 15.921616861639468, 53.736357023071854 ], [ 15.959294855870599, 53.782729939048629 ], [ 16.060735609569797, 53.776933324551528 ], [ 16.579532607059988, 53.426238147477157 ], [ 16.779515807209837, 53.463916141708289 ], [ 16.828787030435162, 53.67549257085232 ], [ 16.712854740493221, 53.837797776771041 ], [ 16.846176873926453, 54.005899597186854 ], [ 17.10702452629582, 54.05806912766073 ], [ 17.50699092659552, 54.371086310503976 ], [ 17.57075368606359, 54.47542537145172 ], [ 17.518584155589714, 54.562374588908177 ], [ 17.51930873240185, 54.77395101805223 ], [ 17.885, 54.824 ], [ 18.317, 54.838 ], [ 18.448, 54.79 ], [ 18.413, 54.732 ], [ 18.571, 54.55 ], [ 18.588, 54.434 ], [ 18.717, 54.382 ], [ 19.002, 54.345 ], [ 19.377, 54.378 ], [ 19.61, 54.457 ], [ 19.832, 54.598 ], [ 19.962, 54.773 ], [ 19.921, 54.89 ], [ 20.034, 54.948 ], [ 20.366, 54.946 ], [ 20.634, 55.049 ], [ 20.925, 55.283 ], [ 21.082, 55.498 ], [ 21.085, 55.723 ], [ 21.132, 55.656 ], [ 21.106, 55.421 ], [ 20.989, 55.273 ], [ 20.531, 54.965 ], [ 21.079, 54.9 ], [ 21.23, 54.939 ], [ 21.181, 55.193 ], [ 21.268, 55.249 ], [ 21.223, 55.52 ], [ 21.074, 55.745 ], [ 21.053, 56.073 ], [ 20.969, 56.253 ], [ 20.992, 56.549 ], [ 21.065, 56.846 ], [ 21.402, 57.038 ], [ 21.421, 57.289 ], [ 21.699, 57.555 ], [ 21.999, 57.6 ], [ 22.586, 57.76 ], [ 22.656, 57.586 ], [ 23.031, 57.394 ], [ 23.13, 57.371 ], [ 23.25, 57.114 ], [ 23.34, 57.059 ], [ 23.562912567801266, 57.001231109518748 ], [ 23.695, 56.967 ], [ 23.953, 57.013 ], [ 23.997351632705605, 56.8941588037912 ], [ 24.191499838916137, 56.80027012321429 ], [ 24.42050189307696, 56.790923100595485 ], [ 25.01403782937134, 56.636697227385135 ], [ 25.359556039252872, 56.586938235506068 ], [ 25.939217488847451, 56.659395916705392 ], [ 26.101522694733934, 56.624616229729718 ], [ 26.292810973100146, 56.6593959167054 ], [ 26.484099251466358, 56.813006200847965 ], [ 26.727557060296078, 56.844887580575666 ], [ 26.779726590759591, 57.030379244445932 ], [ 26.898557187926482, 57.22746413730809 ], [ 27.12752346051634, 57.369481192458757 ], [ 27.347794811362281, 57.575261007064839 ], [ 27.460982729998886, 57.498892281472799 ], [ 27.649218765151463, 57.340498119979031 ], [ 27.707184910110922, 57.143413227116874 ], [ 27.649218765151463, 56.981108021230391 ], [ 27.812562982937148, 56.852464205491607 ], [ 27.81850117670977, 56.69510207051718 ], [ 28.283164839417275, 56.631266487461517 ] ] ] ] } },
{ "type": "Feature", "properties": { "id": "bunyoro1519", "colorId": "bunyoro", "name": "Буньоро", "parent": null }, "geometry": { "type": "MultiPolygon", "coordinates": [ [ [ [ 31.787452861136618, 2.006477077446847 ], [ 31.843618239016795, 1.793048641502179 ], [ 31.841746059754112, 1.441078940119744 ], [ 31.435483159754181, 1.029199502331789 ], [ 31.210821648233487, 1.029199502331789 ], [ 30.97492706113675, 1.14901897514283 ], [ 30.915017324731227, 1.276327165004562 ], [ 30.911272966205882, 1.538432261778715 ], [ 31.046069873118306, 1.772454669612781 ], [ 31.218310365284168, 1.942822982515981 ], [ 31.489776358371678, 2.086980785741765 ], [ 31.592746217818672, 2.115063474681854 ], [ 31.693843898002992, 2.088852965004437 ], [ 31.787452861136618, 2.006477077446847 ] ] ] ] } },
{ "type": "Feature", "properties": { "id": "mysore1605", "colorId": "mysore", "name": "Майсур", "parent": null }, "geometry": { "type": "MultiPolygon", "coordinates": [ [ [ [ 76.304814657490596, 12.47296837653956 ], [ 76.613007484823555, 12.536355553792433 ], [ 76.932129135820759, 12.464225317608131 ], [ 77.015188195669339, 12.354937080965245 ], [ 76.888413841163597, 12.173518608138057 ], [ 76.606450190625011, 12.123246019282325 ], [ 76.366016070010616, 12.180075902336627 ], [ 76.230498656573445, 12.341822492568097 ], [ 76.304814657490596, 12.47296837653956 ] ] ] ] } },
{ "type": "Feature", "properties": { "id": "kazakh1500", "colorId": "kazakhstan", "name": "Казахстан", "parent": null }, "geometry": { "type": "MultiPolygon", "coordinates": [ [ [ [ 79.080045266962046, 44.769001756157834 ], [ 79.059115415320477, 43.659719619155318 ], [ 78.549822358709264, 42.564390716580512 ], [ 78.187038263588974, 41.96440163618923 ], [ 77.719604910260855, 41.63650062713819 ], [ 74.395246807860275, 41.45859688818495 ], [ 74.102228884878485, 41.580687689427371 ], [ 74.022281435682274, 41.778286681740688 ], [ 73.02927849615574, 41.895516195434809 ], [ 72.960319958688629, 41.909307902928248 ], [ 72.108682020969709, 43.20572840731009 ], [ 70.595042123566486, 43.412604019711438 ], [ 69.284829911691233, 43.598792070872662 ], [ 68.340097948391701, 43.791875975780592 ], [ 67.602241597493517, 43.957376465701678 ], [ 66.809218416621647, 44.019439149422091 ], [ 66.098945480710313, 44.784878915307111 ], [ 65.567964742213505, 45.081400626415729 ], [ 64.76114985384821, 45.184838432616402 ], [ 64.457732288992887, 45.522735266205288 ], [ 64.126731309150699, 45.605485511165831 ], [ 64.016397649203313, 45.853736246047461 ], [ 63.68539666936114, 45.798569416073768 ], [ 63.457833495719647, 45.681339902379662 ], [ 62.830310804768864, 45.964069905994855 ], [ 62.230371528804923, 45.805465269820481 ], [ 61.954537378936443, 45.943382344754717 ], [ 62.085558600123974, 46.081299419688953 ], [ 61.975224940176581, 46.212320640876484 ], [ 61.244264443025109, 46.288175032090294 ], [ 61.063137338298887, 46.092555564220334 ], [ 60.554679068353906, 44.591795010399174 ], [ 59.642820101913173, 44.631202613293453 ], [ 58.795667520392342, 44.653206576449847 ], [ 58.080538717809816, 44.466172889620573 ], [ 57.266392081023554, 43.839059939663585 ], [ 57.156372265241629, 43.619020308099735 ], [ 55.15401161801055, 43.321966805488522 ], [ 54.243656927579082, 42.924133553207511 ], [ 52.71, 42.585 ], [ 52.713, 42.731 ], [ 52.471, 42.826 ], [ 52.273, 42.799 ], [ 52.169, 42.887 ], [ 51.933, 42.835 ], [ 51.854, 42.894 ], [ 51.651, 43.191 ], [ 51.276, 43.154 ], [ 51.32, 43.443 ], [ 51.273, 43.559 ], [ 51.142, 43.634 ], [ 51.023, 43.801 ], [ 50.983, 43.919 ], [ 50.853, 44.039 ], [ 50.847, 44.189 ], [ 50.696, 44.264 ], [ 50.345, 44.311 ], [ 50.23, 44.391 ], [ 50.238, 44.586 ], [ 50.299, 44.655 ], [ 50.498, 44.626 ], [ 50.895, 44.621 ], [ 51.143, 44.485 ], [ 51.299, 44.554 ], [ 51.201, 44.741 ], [ 50.971, 44.847 ], [ 50.959, 44.979 ], [ 51.197, 45.066 ], [ 51.275, 45.057 ], [ 51.244, 45.162 ], [ 51.397, 45.333 ], [ 51.792, 45.405 ], [ 51.958, 45.372 ], [ 52.403, 45.409 ], [ 52.567, 45.401 ], [ 52.738, 45.526 ], [ 52.746, 45.639 ], [ 52.92, 45.796 ], [ 53.087, 46.02 ], [ 53.157, 46.272 ], [ 53.072, 46.545 ], [ 53.188, 46.718 ], [ 53.106, 46.737 ], [ 53.052, 46.898 ], [ 53.633327446181248, 47.284592524869858 ], [ 54.348315369582188, 48.431336440662676 ], [ 54.469207047451924, 49.574626308516372 ], [ 55.153108539400648, 50.693737840796103 ], [ 55.89572884631469, 51.729952222536561 ], [ 57.13573205646415, 51.336190757475173 ], [ 58.299746211952645, 51.139310024944479 ], [ 59.104539381771097, 51.878476283919369 ], [ 59.20470677200602, 53.70566764372176 ], [ 60.795220013257214, 53.704896802161173 ], [ 61.475970091116189, 53.329611502828662 ], [ 62.261450950184226, 53.40379580618508 ], [ 63.828048885769924, 53.665622759207764 ], [ 64.30370118376112, 53.787808670618347 ], [ 65.490650037463936, 54.167457752501242 ], [ 66.411408155593705, 54.468558748477314 ], [ 69.439873245556043, 54.472922531027692 ], [ 70.460998362344498, 54.232914490756905 ], [ 71.399211610675778, 54.036544275989897 ], [ 71.831226083163187, 53.914358364579314 ], [ 73.733835275128001, 53.713624367261929 ], [ 74.768051739567582, 53.543436847797182 ], [ 75.645172032193557, 53.386340675983583 ], [ 76.675024714082767, 52.923779725643513 ], [ 77.112639212655807, 52.350840513311759 ], [ 77.12659244708351, 52.057822590329963 ], [ 77.517283011059234, 51.932243480480622 ], [ 77.635885503694723, 51.616551551553805 ], [ 78.954466157112776, 50.73052116539457 ], [ 82.421844912397347, 50.360760453060401 ], [ 82.648994472818941, 49.998144347821281 ], [ 82.414535445430744, 49.515434585551446 ], [ 81.904242268174059, 49.018933115788187 ], [ 81.573241288331886, 48.425889693570959 ], [ 81.083635672315339, 47.8121587101136 ], [ 80.656092740019204, 47.363928216577321 ], [ 80.256133222709906, 47.198427726656242 ], [ 80.145799562762491, 46.957072845521338 ], [ 79.96607565312128, 46.331764012060731 ], [ 79.491665682579324, 45.906190362015742 ], [ 79.261437314522198, 45.662008759530913 ], [ 79.184694525169832, 45.452710243115348 ], [ 79.080045266962046, 44.769001756157834 ] ] ] ] } },
{ "type": "Feature", "properties": { "id": "sp_malacca1589", "colorId": "spain", "name": null, "parent": "sp_portugal1589" }, "geometry": { "type": "MultiPolygon", "coordinates": [ [ [ [ 102.056459014156403, 2.319821617124922 ], [ 102.15359358070485, 2.397399973103782 ], [ 102.333316772055881, 2.397399973103782 ], [ 102.472957812817825, 2.186645439361209 ], [ 102.489, 2.093 ], [ 102.188, 2.216 ], [ 102.056459014156403, 2.319821617124922 ] ] ] ] } },
{ "type": "Feature", "properties": { "id": "mongol1610", "colorId": "mongol", "name": "Монголия", "parent": null }, "geometry": { "type": "MultiPolygon", "coordinates": [ [ [ [ 116.645850121031472, 55.181984675134622 ], [ 117.754180244533615, 54.957323163613914 ], [ 118.503051949602622, 54.934857012461848 ], [ 119.08717187955645, 54.859969841954943 ], [ 120.491306326560832, 54.549188084351314 ], [ 121.272005079095521, 53.976301229973544 ], [ 122.020876784164528, 53.736662284351461 ], [ 123.74328170582325, 51.445114866840292 ], [ 126.004874255131654, 49.767642247485711 ], [ 126.379310107666186, 48.524515217071169 ], [ 125.548062515039575, 47.139102562693495 ], [ 124.933987716882996, 45.895975532278939 ], [ 124.410348833783686, 45.119923184529867 ], [ 124.101725686733829, 43.159749142456334 ], [ 123.78476137354744, 42.876149493815902 ], [ 123.401067731269222, 42.65927917426734 ], [ 122.758797938760011, 42.542502848356577 ], [ 120.540047746455485, 42.592549845175476 ], [ 119.21380233075466, 42.125444541532417 ], [ 118.613238368927867, 41.574927576524523 ], [ 118.300181080046485, 41.440745692721435 ], [ 117.94096009437645, 41.371664733938736 ], [ 117.284690985940799, 41.599631897921647 ], [ 116.870205233244604, 41.869047637174177 ], [ 116.186303741295887, 41.910496212443782 ], [ 115.633656071034281, 41.413113309208349 ], [ 115.295159372999052, 41.212778528738518 ], [ 114.721787415102654, 41.136789474077545 ], [ 114.079334498423535, 40.853557543068476 ], [ 112.870417719726305, 40.687763241989998 ], [ 112.317770049464698, 40.356174639833043 ], [ 111.640776653394241, 40.29400177692861 ], [ 111.640776653394241, 39.955505078893381 ], [ 111.2124747089415, 39.789710777814896 ], [ 110.825621339758399, 39.983137462406461 ], [ 110.23843319010544, 39.762078394301817 ], [ 110.107179368418315, 39.437397888023128 ], [ 109.789406958017892, 39.050544518840013 ], [ 109.872304108557117, 38.608426382630732 ], [ 109.091689274312614, 38.304470163986856 ], [ 108.255809673041952, 37.81399535662969 ], [ 107.226503387179719, 37.807087260751416 ], [ 106.141932334291369, 38.877842121883276 ], [ 105.430398458829558, 38.870934026005003 ], [ 104.566886474045816, 39.112717381744453 ], [ 103.882984982097085, 39.223246915796771 ], [ 103.544488284061856, 39.154165957014072 ], [ 103.01256490143507, 39.161074052892332 ], [ 102.439192943538657, 38.953831176544227 ], [ 101.700026684563767, 38.629150670265545 ], [ 101.396070465919891, 38.622242574387272 ], [ 101.119746630789109, 38.718955916683058 ], [ 100.753617549240801, 39.057452614718287 ], [ 100.394396563570766, 39.292327874579463 ], [ 100.124980824318243, 39.575559805588533 ], [ 99.945370331483218, 39.644640764371232 ], [ 99.814116509796094, 39.858791736597595 ], [ 100.035175577900731, 40.072942708823966 ], [ 100.173337495466114, 40.573779659998529 ], [ 99.738127455135114, 40.853557543068462 ], [ 99.354728133891115, 40.857011591007598 ], [ 98.681188785759801, 40.559963468241989 ], [ 98.467037813533423, 40.511606797094103 ], [ 98.083638492289467, 40.511606797094089 ], [ 97.541352965845277, 41.216232576677633 ], [ 97.541352965845277, 41.651442617008641 ], [ 97.511185562358719, 41.924455545422035 ], [ 97.329019982491417, 42.625478949325554 ], [ 96.86167104655577, 42.791312442722067 ], [ 96.369195823741848, 42.550100088690762 ], [ 96.305313167963149, 42.246954633350292 ], [ 96.158804206472254, 42.016726265293165 ], [ 95.482072336728592, 41.933006858726941 ], [ 95.216960882602194, 41.779521280022195 ], [ 94.725109369025603, 41.594640923855117 ], [ 94.390231742760704, 41.441155345150371 ], [ 93.800707588190178, 40.984186917643036 ], [ 93.029791386059543, 40.701633920481981 ], [ 92.764679931933145, 42.208583238674059 ], [ 93.134440644267315, 43.450421102739767 ], [ 93.413505332821401, 44.789931607799396 ], [ 92.799563018002402, 46.031769471865097 ], [ 92.276316726963486, 46.227114753852959 ], [ 92.667007290939225, 47.196864546578418 ], [ 92.325153047460475, 47.489882469560222 ], [ 91.676327646572219, 48.368936238505604 ], [ 91.477494055977431, 48.822416357405999 ], [ 91.571678388364447, 49.24799000745098 ], [ 91.801906756421559, 49.750306446848342 ], [ 91.627491326075258, 50.196809948534884 ], [ 91.404239575231969, 50.552617426441351 ], [ 91.111221652250165, 50.768892560070775 ], [ 90.608905212852804, 51.082840334694126 ], [ 90.413559930864949, 51.375858257675915 ], [ 89.119397437695469, 52.223517249158959 ], [ 89.734759381014229, 52.720771384929705 ], [ 92.371603581410412, 53.598128429061944 ], [ 93.808827190846927, 54.361967550161076 ], [ 95.798829111605187, 54.995149979493249 ], [ 97.316456839052137, 54.512725271430625 ], [ 99.246155671302574, 54.392119094414973 ], [ 100.773833913500837, 53.196107839009755 ], [ 102.231158552439965, 52.522723350672379 ], [ 102.793987378513009, 51.990046068853246 ], [ 103.081911362969024, 51.978685956701931 ], [ 104.547827725641639, 51.709092142877104 ], [ 105.933240380019299, 52.016129541955387 ], [ 106.401285195687421, 52.529106659927663 ], [ 108.041314229788568, 53.173136326287008 ], [ 109.507230592461141, 55.015360720756789 ], [ 109.934087464350469, 55.588247575134581 ], [ 110.310395496147649, 55.876563181586128 ], [ 110.673598273106123, 55.972044323982431 ], [ 111.059267201216656, 56.091863796793476 ], [ 111.815627623336354, 56.163006608775021 ], [ 112.631897781861582, 56.050675853014674 ], [ 113.410724355133354, 55.818525624443282 ], [ 114.421701156976511, 55.683728717530855 ], [ 115.92693328416523, 55.444089771908772 ], [ 116.144106078635247, 55.339247733199109 ], [ 116.645850121031472, 55.181984675134622 ] ] ] ] } },
{ "type": "Feature", "properties": { "id": "sp_hispaniola1589", "colorId": "spain", "name": null, "parent": "spain" }, "geometry": { "type": "MultiPolygon", "coordinates": [ [ [ [ -68.702, 18.115 ], [ -68.787, 18.197 ], [ -68.664, 18.169 ], [ -68.572, 18.108 ], [ -68.702, 18.115 ] ] ], [ [ [ -71.101, 18.242 ], [ -71.061, 18.142 ], [ -71.204, 17.911 ], [ -71.282, 17.854 ], [ -71.417, 17.605 ], [ -71.515, 17.738 ], [ -71.679, 17.765 ], [ -71.631, 17.817 ], [ -71.659, 17.953 ], [ -71.776, 18.039 ], [ -71.928, 18.184 ], [ -72.072, 18.238 ], [ -72.556, 18.221 ], [ -72.55, 18.182 ], [ -72.755, 18.176 ], [ -72.886, 18.141 ], [ -73.126, 18.19 ], [ -73.31, 18.251 ], [ -73.646, 18.259 ], [ -73.845, 18.115 ], [ -73.807, 18.026 ], [ -73.873, 18.026 ], [ -73.968, 18.141 ], [ -74.183, 18.293 ], [ -74.331, 18.286 ], [ -74.446, 18.346 ], [ -74.489, 18.429 ], [ -74.426, 18.608 ], [ -74.279, 18.667 ], [ -74.16, 18.659 ], [ -73.81, 18.543 ], [ -73.605, 18.498 ], [ -73.527, 18.524 ], [ -72.986, 18.47 ], [ -72.755, 18.429 ], [ -72.628, 18.554 ], [ -72.371, 18.526 ], [ -72.325, 18.671 ], [ -72.55, 18.786 ], [ -72.818, 19.079 ], [ -72.716, 19.104 ], [ -72.803, 19.232 ], [ -72.699, 19.446 ], [ -73.019, 19.601 ], [ -73.221, 19.65 ], [ -73.409, 19.636 ], [ -73.468, 19.725 ], [ -73.432, 19.779 ], [ -73.167, 19.938 ], [ -73.074, 19.912 ], [ -72.776, 19.944 ], [ -72.385, 19.81 ], [ -72.33, 19.752 ], [ -72.238, 19.786 ], [ -72.028, 19.7 ], [ -71.969, 19.732 ], [ -71.821, 19.657 ], [ -71.757, 19.71 ], [ -71.744, 19.817 ], [ -71.667, 19.886 ], [ -71.505, 19.91 ], [ -71.357, 19.851 ], [ -71.172, 19.834 ], [ -71.018, 19.935 ], [ -70.831, 19.903 ], [ -70.624, 19.767 ], [ -70.434, 19.775 ], [ -70.301, 19.658 ], [ -70.131, 19.622 ], [ -70.042, 19.678 ], [ -69.898, 19.636 ], [ -69.868, 19.425 ], [ -69.733, 19.287 ], [ -69.539, 19.339 ], [ -69.336, 19.293 ], [ -69.231, 19.363 ], [ -69.164, 19.307 ], [ -69.254, 19.184 ], [ -69.603, 19.229 ], [ -69.608, 19.093 ], [ -69.387, 19.096 ], [ -69.356, 19.053 ], [ -69.173, 19.011 ], [ -69.14, 19.051 ], [ -69.054, 18.977 ], [ -68.979, 19.033 ], [ -68.74, 18.964 ], [ -68.581, 18.813 ], [ -68.356, 18.657 ], [ -68.334, 18.577 ], [ -68.456, 18.358 ], [ -68.589, 18.382 ], [ -68.658, 18.211 ], [ -68.76, 18.21 ], [ -68.85, 18.375 ], [ -68.923, 18.412 ], [ -69.085, 18.396 ], [ -69.236, 18.451 ], [ -69.525, 18.408 ], [ -69.617, 18.457 ], [ -69.884, 18.471 ], [ -70.017, 18.411 ], [ -70.172, 18.231 ], [ -70.398, 18.238 ], [ -70.553, 18.204 ], [ -70.601, 18.412 ], [ -70.704, 18.43 ], [ -70.761, 18.347 ], [ -70.846, 18.342 ], [ -70.932, 18.262 ], [ -71.048, 18.31 ], [ -71.101, 18.242 ] ] ], [ [ [ -72.809, 18.72 ], [ -73.037, 18.76 ], [ -73.259, 18.878 ], [ -73.3, 18.926 ], [ -73.201, 18.969 ], [ -72.846, 18.827 ], [ -72.809, 18.72 ] ] ], [ [ [ -72.96, 20.061 ], [ -72.851, 20.089 ], [ -72.628, 20.008 ], [ -72.639, 19.985 ], [ -72.96, 20.061 ] ] ] ] } },
{ "type": "Feature", "properties": { "id": "bornu", "colorId": "bornu", "name": "Борну", "parent": null }, "geometry": { "type": "MultiPolygon", "coordinates": [ [ [ [ 9.691577738966702, 12.660489605000864 ], [ 9.994889293230099, 13.502333918874783 ], [ 10.646904882149283, 14.058297613347243 ], [ 11.020055150571276, 14.465370633443962 ], [ 11.472358506234299, 15.369977344770009 ], [ 12.13385216389147, 16.223699928583962 ], [ 12.677072850021482, 17.270467319211789 ], [ 13.570079852775166, 18.097325655094828 ], [ 14.231566521481597, 18.54382915647167 ], [ 15.141110690952939, 18.973795491130851 ], [ 16.397935361495161, 19.238390158613424 ], [ 17.142107863789896, 19.246658741972258 ], [ 18.117800700131884, 18.833229574030739 ], [ 19.060419203038549, 17.99810265478887 ], [ 19.539997037850711, 17.121632818752843 ], [ 19.655757204874337, 15.682899314316352 ], [ 19.809293623979933, 14.941878019872631 ], [ 20.126502896328684, 13.997146056573087 ], [ 20.126502896328684, 13.335144096888733 ], [ 19.961002406407594, 12.583496038497124 ], [ 19.505876059124603, 11.480159439023202 ], [ 19.060419203038549, 10.779629382529928 ], [ 18.465081201202761, 10.440617464817882 ], [ 17.902817532802292, 10.027188296876361 ], [ 17.47103176071515, 9.523956472825438 ], [ 16.973498069485824, 8.777655935981452 ], [ 16.023661022593473, 8.172700197782156 ], [ 15.237783942128971, 8.025701607191674 ], [ 13.566537595474594, 8.042725942133629 ], [ 12.898014169751189, 8.216046830284142 ], [ 12.043789792437947, 9.033131017279416 ], [ 10.911013987739951, 9.58404384032926 ], [ 10.199160339978915, 10.091626441341475 ], [ 9.666817612088057, 11.088221548206924 ], [ 9.691577738966702, 12.660489605000864 ] ] ] ] } },
{ "type": "Feature", "properties": { "id": "ott_egypt1517", "colorId": "turkey", "name": null, "parent": "ottoman" }, "geometry": { "type": "MultiPolygon", "coordinates": [ [ [ [ 32.331, 31.271 ], [ 32.602, 31.061 ], [ 32.77, 31.046 ], [ 32.985, 31.11 ], [ 33.099, 31.19 ], [ 33.133, 31.046 ], [ 33.406, 31.155 ], [ 33.648, 31.117 ], [ 34.047, 31.229 ], [ 34.283136002375073, 30.741769712670415 ], [ 34.357391908689983, 30.469498056182402 ], [ 34.580159627634721, 30.129158485572386 ], [ 34.67916750272127, 29.869262813470193 ], [ 34.956, 29.559 ], [ 34.887, 29.49 ], [ 34.737, 29.305 ], [ 34.675, 29.107 ], [ 34.633, 28.771 ], [ 34.407, 28.308 ], [ 34.455, 28.167 ], [ 34.427, 27.983 ], [ 34.272, 27.812 ], [ 34.078, 27.801 ], [ 33.879, 27.935 ], [ 33.716, 28.075 ], [ 33.565, 28.297 ], [ 33.434, 28.366 ], [ 33.238, 28.566 ], [ 33.195, 28.675 ], [ 33.136, 29.035 ], [ 32.886, 29.243 ], [ 32.817, 29.414 ], [ 32.721, 29.467 ], [ 32.681, 29.6 ], [ 32.691, 29.734 ], [ 32.605, 29.824 ], [ 32.57, 29.956 ], [ 32.468, 29.915 ], [ 32.492, 29.854 ], [ 32.393, 29.734 ], [ 32.338, 29.6 ], [ 32.388, 29.526 ], [ 32.591, 29.35 ], [ 32.66, 29.089 ], [ 32.625, 28.973 ], [ 32.821, 28.748 ], [ 32.869, 28.579 ], [ 33.003, 28.489 ], [ 33.126, 28.288 ], [ 33.338, 28.085 ], [ 33.513, 27.959 ], [ 33.592, 27.791 ], [ 33.482, 27.846 ], [ 33.537, 27.708 ], [ 33.496, 27.647 ], [ 33.633, 27.496 ], [ 33.692, 27.342 ], [ 33.825, 27.26 ], [ 33.837, 27.121 ], [ 34.004, 26.849 ], [ 33.96, 26.85 ], [ 33.941, 26.654 ], [ 34.014, 26.612 ], [ 34.339, 26.002 ], [ 34.547, 25.725 ], [ 34.682, 25.429 ], [ 34.99, 24.905 ], [ 35.235, 24.4 ], [ 35.392, 24.283 ], [ 35.290590967116898, 24.23911304189555 ], [ 35.073371570376082, 24.072319576540998 ], [ 34.712632215074379, 23.921041782382218 ], [ 33.925211901888936, 23.75812723482661 ], [ 33.413194752428453, 23.76200615262556 ], [ 32.963240287751049, 23.606849440667837 ], [ 32.575348507856745, 23.69994346784247 ], [ 32.482254480682116, 23.886131522191736 ], [ 32.36735858881972, 24.648650690469189 ], [ 31.930980333781918, 25.447222897188361 ], [ 31.717154988813398, 25.791961718668222 ], [ 31.197864865318415, 26.359253450217363 ], [ 31.080042736458211, 26.420346405922654 ], [ 30.940401694846113, 26.538168534782859 ], [ 30.831307131086664, 26.73453874954987 ], [ 30.665483394172295, 26.882907356262724 ], [ 30.399292658599244, 27.245101307944097 ], [ 30.268379182087902, 27.550566086470557 ], [ 30.146193270677319, 27.725117388485678 ], [ 29.694541776713201, 28.080765666341488 ], [ 29.197070565970115, 28.331683162988224 ], [ 28.87415065724214, 28.436413944197291 ], [ 28.555594531064557, 28.571691203259014 ], [ 27.556288327027996, 28.669876310642518 ], [ 26.639893991448616, 28.556417964332688 ], [ 26.229698431713082, 28.626238485138735 ], [ 25.692953178016591, 28.83570004755687 ], [ 25.217300880025387, 29.210985346889377 ], [ 24.90747231894855, 29.695365209981336 ], [ 24.805, 29.755 ], [ 24.812, 29.891 ], [ 24.908692100516852, 30.085488893668675 ], [ 24.908, 30.499 ], [ 25.098234988789432, 30.927901730435714 ], [ 25.151, 31.656 ], [ 25.191, 31.531 ], [ 25.402, 31.503 ], [ 25.824, 31.615 ], [ 25.967, 31.617 ], [ 26.362, 31.522 ], [ 26.966, 31.45 ], [ 27.117, 31.39 ], [ 27.342, 31.368 ], [ 27.383, 31.269 ], [ 27.478, 31.214 ], [ 27.66, 31.18 ], [ 27.863, 31.234 ], [ 27.897, 31.114 ], [ 28.318, 31.06 ], [ 28.405, 31.086 ], [ 28.818, 30.951 ], [ 28.829, 30.915 ], [ 29.028, 30.827 ], [ 29.219, 30.838 ], [ 29.503, 30.957 ], [ 29.838, 31.154 ], [ 30.07, 31.333 ], [ 30.165, 31.217 ], [ 30.288, 31.278 ], [ 30.543, 31.395 ], [ 30.734, 31.388 ], [ 30.799, 31.446 ], [ 30.981, 31.437 ], [ 31.111, 31.54 ], [ 31.012, 31.597 ], [ 31.221, 31.58 ], [ 31.524, 31.45 ], [ 31.597, 31.444 ], [ 31.838, 31.525 ], [ 31.918, 31.524 ], [ 31.769, 31.299 ], [ 31.927, 31.211 ], [ 32.037, 31.217 ], [ 32.091, 31.08 ], [ 32.272, 31.119 ], [ 32.331, 31.271 ] ] ] ] } },
{ "type": "Feature", "properties": { "id": "kutai", "colorId": "kutai", "name": "Кутай", "parent": null }, "geometry": { "type": "MultiPolygon", "coordinates": [ [ [ [ 117.914, 0.84 ], [ 117.811, 0.812 ], [ 117.62, 0.502 ], [ 117.47, 0.109 ], [ 117.53, -0.032 ], [ 117.434, -0.264 ], [ 117.489, -0.387 ], [ 117.441, -0.525 ], [ 117.596, -0.423 ], [ 117.599, -0.521 ], [ 117.539, -0.695 ], [ 117.615, -0.786 ], [ 117.379, -0.839 ], [ 117.339, -0.901 ], [ 117.282, -0.809 ], [ 117.25, -0.909 ], [ 117.164, -0.982 ], [ 117.024, -1.203 ], [ 116.82, -1.261 ], [ 116.787, -1.159 ], [ 116.715, -1.125 ], [ 116.791, -1.244 ], [ 116.762, -1.365 ], [ 116.61, -1.421 ], [ 116.539, -1.481 ], [ 116.458491652223557, -1.372206940533247 ], [ 116.327652648282992, -1.078616980471449 ], [ 116.276593524793995, -0.504201841220103 ], [ 116.327652648283006, -0.118067219834476 ], [ 116.499977190058402, 0.23615544937052 ], [ 116.876538225789844, 0.644628437282588 ], [ 117.291393604138037, 0.842482540802496 ], [ 117.840279181644888, 0.963747959088892 ], [ 118.03, 0.859 ], [ 117.994, 0.788 ], [ 117.914, 0.84 ] ] ] ] } },
{ "type": "Feature", "properties": { "id": "johor", "colorId": "johor", "name": "Джохор", "parent": null }, "geometry": { "type": "MultiPolygon", "coordinates": [ [ [ [ 103.613, -0.387 ], [ 103.462, -0.367 ], [ 103.558, -0.223 ], [ 103.713, -0.27 ], [ 103.757, -0.346 ], [ 103.613, -0.387 ] ] ], [ [ [ 103.212, 0.708 ], [ 103.294, 0.625 ], [ 103.281, 0.538 ], [ 103.171, 0.514 ], [ 103.137, 0.574 ], [ 103.212, 0.708 ] ] ], [ [ [ 103.489, 0.777 ], [ 103.459, 0.658 ], [ 103.346, 0.763 ], [ 103.401, 0.88 ], [ 103.489, 0.777 ] ] ], [ [ [ 101.377713195443278, 0.647543271613265 ], [ 101.052989284697773, 1.073898329996669 ], [ 100.805108436800438, 1.542393132522618 ], [ 100.561, 2.157 ], [ 100.666, 2.134 ], [ 100.856, 1.999 ], [ 100.947, 1.825 ], [ 100.886, 2.036 ], [ 100.803, 2.162 ], [ 100.813, 2.25 ], [ 100.908, 2.3 ], [ 101.05, 2.291 ], [ 101.067, 2.22 ], [ 101.3, 2.047 ], [ 101.378, 1.773 ], [ 101.427, 1.709 ], [ 101.592, 1.655 ], [ 101.779, 1.644 ], [ 102.021, 1.438 ], [ 102.118, 1.387 ], [ 102.147, 1.248 ], [ 102.201, 1.182 ], [ 102.194, 1.066 ], [ 102.24, 0.982 ], [ 102.464, 0.774 ], [ 102.877, 0.726 ], [ 103.056, 0.558 ], [ 103.075, 0.442 ], [ 102.716, 0.258 ], [ 102.903, 0.268 ], [ 103.076, 0.383 ], [ 103.166, 0.408 ], [ 103.224, 0.488 ], [ 103.362, 0.536 ], [ 103.541, 0.435 ], [ 103.606, 0.311 ], [ 103.645, 0.345 ], [ 103.76, 0.239 ], [ 103.792, -0.013 ], [ 103.592, -0.011 ], [ 103.587, -0.095 ], [ 103.494, -0.118 ], [ 103.415, -0.217 ], [ 103.489, -0.212 ], [ 103.437, -0.338 ], [ 103.346, -0.36 ], [ 103.482, -0.374 ], [ 103.591, -0.425 ], [ 103.573, -0.475 ], [ 103.418, -0.518 ], [ 103.346, -0.696 ], [ 103.080428361313125, -0.673815481657186 ], [ 102.528760061576165, -0.377293770548574 ], [ 101.888347742111762, 0.131951107986824 ], [ 101.377713195443278, 0.647543271613265 ] ] ], [ [ [ 102.764, 1.011 ], [ 103.022, 0.845 ], [ 103.049, 0.797 ], [ 103.007, 0.694 ], [ 102.852, 0.798 ], [ 102.558, 0.78 ], [ 102.407, 0.873 ], [ 102.502, 0.973 ], [ 102.489, 1.133 ], [ 102.556, 1.126 ], [ 102.605, 1.011 ], [ 102.664, 0.996 ], [ 102.764, 1.011 ] ] ], [ [ [ 102.802, 1.163 ], [ 103.037, 1.045 ], [ 103.126, 0.928 ], [ 103.175, 0.882 ], [ 103.086, 0.841 ], [ 102.791, 1.031 ], [ 102.648, 1.006 ], [ 102.637, 1.041 ], [ 102.716, 1.154 ], [ 102.802, 1.163 ] ] ], [ [ [ 103.315, 1.062 ], [ 103.39, 1.13 ], [ 103.443, 1.013 ], [ 103.315, 1.062 ] ] ], [ [ [ 102.242, 1.222 ], [ 102.201, 1.298 ], [ 102.217, 1.409 ], [ 102.291, 1.405 ], [ 102.473, 1.242 ], [ 102.447, 1.1 ], [ 102.465, 0.963 ], [ 102.334, 0.964 ], [ 102.233, 1.1 ], [ 102.242, 1.222 ] ] ], [ [ [ 102.49, 1.49 ], [ 102.496, 1.364 ], [ 102.51, 1.277 ], [ 102.435, 1.299 ], [ 102.33, 1.413 ], [ 102.135, 1.456 ], [ 102.057, 1.511 ], [ 102.008, 1.615 ], [ 102.349, 1.555 ], [ 102.49, 1.49 ] ] ], [ [ [ 101.531, 2.056 ], [ 101.649, 2.128 ], [ 101.721, 2.058 ], [ 101.776, 1.948 ], [ 101.715, 1.778 ], [ 101.577, 1.709 ], [ 101.46, 1.766 ], [ 101.394, 1.931 ], [ 101.441, 2.065 ], [ 101.531, 2.056 ] ] ], [ [ [ 103.838, 2.464 ], [ 103.949, 2.34 ], [ 103.969, 2.213 ], [ 104.121, 1.954 ], [ 104.135, 1.849 ], [ 104.195, 1.799 ], [ 104.295, 1.447 ], [ 104.277, 1.367 ], [ 104.106, 1.375 ], [ 104.008, 1.549 ], [ 103.974, 1.42 ], [ 103.84, 1.477 ], [ 103.681, 1.442 ], [ 103.516, 1.27 ], [ 103.446, 1.359 ], [ 103.367, 1.538 ], [ 103.037, 1.716 ], [ 102.935, 1.748 ], [ 102.804, 1.86 ], [ 102.722, 1.847 ], [ 102.489, 2.093 ], [ 102.472957812817825, 2.186645439361209 ], [ 102.333316772055881, 2.397399973103782 ], [ 102.15359358070485, 2.397399973103782 ], [ 102.056459014156403, 2.319821617124922 ], [ 101.927, 2.422 ], [ 101.865, 2.395 ], [ 101.783, 2.576 ], [ 101.542, 2.661 ], [ 101.399, 2.819 ], [ 101.286, 2.85 ], [ 101.283, 2.911 ], [ 101.373, 3.002 ], [ 101.298, 3.275 ], [ 101.108, 3.474 ], [ 101.041, 3.622 ], [ 100.812, 3.787 ], [ 100.845, 3.851 ], [ 100.721, 3.868 ], [ 100.719, 3.991 ], [ 100.802, 3.991 ], [ 100.776, 4.086 ], [ 100.633, 4.155 ], [ 100.565, 4.319 ], [ 100.633, 4.533 ], [ 100.597, 4.572 ], [ 100.577, 4.854 ], [ 100.454, 4.909 ], [ 100.365, 5.084 ], [ 100.409, 5.127 ], [ 100.43, 5.303 ], [ 100.385, 5.377 ], [ 100.344, 5.669 ], [ 100.376, 5.811 ], [ 100.349, 6.013 ], [ 101.247236272040965, 6.520333788765543 ], [ 101.351154663061834, 6.771222475658733 ], [ 101.351, 6.876 ], [ 101.321, 6.949 ], [ 101.566, 6.832 ], [ 101.772, 6.501 ], [ 102.073, 6.258 ], [ 102.164, 6.197 ], [ 102.2, 6.233 ], [ 102.38, 6.133 ], [ 102.5, 5.897 ], [ 102.876, 5.571 ], [ 102.959, 5.542 ], [ 103.12, 5.381 ], [ 103.449, 4.795 ], [ 103.469, 4.55 ], [ 103.451, 4.488 ], [ 103.494, 4.337 ], [ 103.455, 4.183 ], [ 103.395, 4.116 ], [ 103.438, 3.975 ], [ 103.339, 3.758 ], [ 103.405, 3.6 ], [ 103.482, 3.512 ], [ 103.428, 3.367 ], [ 103.456, 3.204 ], [ 103.435, 2.962 ], [ 103.474, 2.851 ], [ 103.638, 2.672 ], [ 103.767, 2.624 ], [ 103.838, 2.464 ] ] ], [ [ [ 100.192, 5.463 ], [ 100.31, 5.451 ], [ 100.343, 5.418 ], [ 100.289, 5.263 ], [ 100.196, 5.3 ], [ 100.192, 5.463 ] ] ], [ [ [ 105.011, -0.282 ], [ 104.851, -0.301 ], [ 104.736, -0.214 ], [ 104.541, -0.271 ], [ 104.437, -0.181 ], [ 104.517, -0.089 ], [ 104.537, 0.021 ], [ 104.62, -0.004 ], [ 104.766, -0.188 ], [ 104.849, -0.14 ], [ 104.929, -0.237 ], [ 105.011, -0.282 ] ] ], [ [ [ 104.497, 0.071 ], [ 104.411, 0.092 ], [ 104.421, 0.173 ], [ 104.497, 0.071 ] ] ], [ [ [ 104.606, 0.092 ], [ 104.49, 0.243 ], [ 104.548, 0.224 ], [ 104.689, 0.071 ], [ 104.606, 0.092 ] ] ], [ [ [ 104.284, 0.708 ], [ 104.206, 0.726 ], [ 104.277, 0.788 ], [ 104.284, 0.708 ] ] ], [ [ [ 103.802, 0.853 ], [ 103.821, 0.769 ], [ 103.73, 0.848 ], [ 103.802, 0.853 ] ] ], [ [ [ 103.911, 0.781 ], [ 103.819, 0.886 ], [ 103.898, 0.853 ], [ 103.911, 0.781 ] ] ], [ [ [ 104.226, 0.88 ], [ 104.188, 0.799 ], [ 104.092, 0.88 ], [ 104.113, 0.953 ], [ 104.226, 0.88 ] ] ], [ [ [ 103.911, 0.938 ], [ 103.845, 1.013 ], [ 103.942, 0.996 ], [ 103.911, 0.938 ] ] ], [ [ [ 104.508, 1.18 ], [ 104.587, 1.22 ], [ 104.655, 1.096 ], [ 104.65, 0.918 ], [ 104.6, 0.835 ], [ 104.483, 0.859 ], [ 104.421, 0.957 ], [ 104.452, 1.058 ], [ 104.315, 1.004 ], [ 104.232, 1.093 ], [ 104.4, 1.203 ], [ 104.508, 1.18 ] ] ], [ [ [ 104.049, 0.984 ], [ 103.951, 1.014 ], [ 103.903, 1.091 ], [ 104.041, 1.181 ], [ 104.146, 1.16 ], [ 104.131, 1.049 ], [ 104.049, 0.984 ] ] ], [ [ [ 103.684, 1.41 ], [ 103.805, 1.449 ], [ 103.961, 1.391 ], [ 103.954, 1.318 ], [ 103.844, 1.269 ], [ 103.648, 1.308 ], [ 103.684, 1.41 ] ] ], [ [ [ 104.186, 2.885 ], [ 104.223, 2.786 ], [ 104.157, 2.713 ], [ 104.132, 2.791 ], [ 104.186, 2.885 ] ] ] ] } },
{ "type": "Feature", "properties": { "id": "sp_naples1589", "colorId": "spain", "name": null, "parent": "spain" }, "geometry": { "type": "MultiPolygon", "coordinates": [ [ [ [ 14.387, 42.373 ], [ 14.56, 42.226 ], [ 14.694, 42.185 ], [ 14.741, 42.085 ], [ 14.994, 42.011 ], [ 15.123, 41.934 ], [ 15.446, 41.907 ], [ 16.027, 41.944 ], [ 16.14, 41.92 ], [ 16.193, 41.791 ], [ 15.925, 41.64 ], [ 15.912, 41.503 ], [ 16.022, 41.428 ], [ 16.594, 41.207 ], [ 17.057, 41.082 ], [ 17.276, 40.98 ], [ 17.476, 40.83 ], [ 18.007, 40.651 ], [ 18.037, 40.557 ], [ 18.238, 40.458 ], [ 18.437, 40.268 ], [ 18.517, 40.114 ], [ 18.434, 40.023 ], [ 18.368, 39.797 ], [ 18.072, 39.912 ], [ 17.967, 40.057 ], [ 17.997, 40.12 ], [ 17.848, 40.29 ], [ 17.512, 40.304 ], [ 17.213, 40.406 ], [ 17.228, 40.474 ], [ 17.05, 40.519 ], [ 16.912, 40.445 ], [ 16.738, 40.211 ], [ 16.605, 40.084 ], [ 16.632, 39.966 ], [ 16.492, 39.805 ], [ 16.516, 39.69 ], [ 16.625, 39.625 ], [ 16.75, 39.62 ], [ 16.846, 39.553 ], [ 17.159, 39.406 ], [ 17.122, 39.338 ], [ 17.122, 39.121 ], [ 17.206, 39.029 ], [ 17.104, 38.899 ], [ 16.981, 38.937 ], [ 16.839, 38.918 ], [ 16.611, 38.817 ], [ 16.539, 38.723 ], [ 16.57, 38.43 ], [ 16.34, 38.301 ], [ 16.169, 38.143 ], [ 16.09, 37.949 ], [ 16.001, 37.919 ], [ 15.761, 37.925 ], [ 15.666, 37.967 ], [ 15.624, 38.092 ], [ 15.651, 38.241 ], [ 15.786, 38.278 ], [ 15.905, 38.474 ], [ 15.844, 38.66 ], [ 16.003, 38.725 ], [ 16.179, 38.748 ], [ 16.22, 38.899 ], [ 16.083, 39.075 ], [ 15.995, 39.439 ], [ 15.868, 39.564 ], [ 15.806, 39.696 ], [ 15.782, 39.869 ], [ 15.61, 40.073 ], [ 15.41, 39.994 ], [ 15.343, 40.004 ], [ 15.127, 40.17 ], [ 14.911, 40.242 ], [ 14.998, 40.398 ], [ 14.889, 40.573 ], [ 14.752, 40.677 ], [ 14.544, 40.614 ], [ 14.33, 40.584 ], [ 14.474, 40.73 ], [ 14.294, 40.839 ], [ 14.203, 40.801 ], [ 14.096, 40.834 ], [ 13.852, 41.147 ], [ 13.722, 41.252 ], [ 13.575, 41.208 ], [ 13.324, 41.295 ], [ 13.277545180376556, 41.371011672667954 ], [ 13.408566401564084, 41.543408016335754 ], [ 13.567171037738458, 41.577887285069309 ], [ 13.567171037738458, 41.812346312457521 ], [ 13.408566401564084, 41.915784118658195 ], [ 13.070669567975198, 42.026117778605588 ], [ 12.978699011816207, 42.321770293767401 ], [ 12.909230816379711, 42.37966045663115 ], [ 12.909230816379711, 42.599643075513384 ], [ 12.955542946670709, 42.707704712859048 ], [ 13.152369500407447, 42.769454219913712 ], [ 13.235470042214311, 42.834367731262233 ], [ 13.329899333189603, 42.900671922404868 ], [ 13.600053426553753, 42.900671922404868 ], [ 13.781442603526827, 42.997155527177775 ], [ 13.835, 43.127 ], [ 13.945, 42.798 ], [ 14.075, 42.599 ], [ 14.221, 42.47 ], [ 14.387, 42.373 ] ] ] ] } },
{ "type": "Feature", "properties": { "id": "burundi1529", "colorId": "burundi", "name": "Бурунди", "parent": null }, "geometry": { "type": "MultiPolygon", "coordinates": [ [ [ [ 29.513473986751663, -3.170748387670829 ], [ 29.555982493055268, -3.047087278423984 ], [ 29.652592734654366, -2.989121133464525 ], [ 29.981067556091297, -2.992985543128489 ], [ 30.054491339706612, -3.101189013719479 ], [ 30.162694810297602, -3.147561929687046 ], [ 30.247711822904808, -3.321460364565422 ], [ 30.174288039289493, -3.375562099860917 ], [ 30.124050713657962, -3.476036751123979 ], [ 29.849677627516524, -3.731087788945598 ], [ 29.49801634809581, -3.804511572560912 ], [ 29.35116878086518, -3.676986053650102 ], [ 29.355033190529138, -3.611291089362717 ], [ 29.428456974144453, -3.495358799443799 ], [ 29.513473986751663, -3.170748387670829 ] ] ] ] } },
{ "type": "Feature", "properties": { "id": "ott_kurds1517", "colorId": "turkey", "name": null, "parent": "ottoman" }, "geometry": { "type": "MultiPolygon", "coordinates": [ [ [ [ 44.061710633693828, 38.396960454351351 ], [ 44.472701648532549, 37.943242343892365 ], [ 44.591439292639819, 37.609017864183002 ], [ 44.714574627269577, 37.389133338058429 ], [ 44.789335366151938, 36.980148119466705 ], [ 45.237899799446083, 36.236938421165618 ], [ 45.497363540273092, 35.902713941456255 ], [ 45.616101184380362, 35.867532417276323 ], [ 45.717248066397673, 35.783976297348985 ], [ 45.846979936811188, 35.729005165817881 ], [ 45.912945294648566, 35.412371448198485 ], [ 45.923849176490869, 35.181719251884786 ], [ 45.536852410511607, 34.884875141616604 ], [ 45.393927468530627, 34.658394079708287 ], [ 45.42910899271056, 34.425316482016235 ], [ 45.813949367323623, 33.904517643125935 ], [ 45.486, 33.939 ], [ 45.266819780110986, 33.899545067353323 ], [ 45.131097711965182, 33.90890520998407 ], [ 45.0936571414422, 34.222469988114021 ], [ 44.901774217511935, 34.348831913629077 ], [ 44.677130794374058, 34.433073197305774 ], [ 44.56480908280512, 34.718557547543497 ], [ 44.181043234944582, 34.844919473058553 ], [ 44.13424252179086, 35.018082111727331 ], [ 44.021920810221921, 35.153804179873127 ], [ 44.433767085974694, 35.612451168779629 ], [ 44.433767085974694, 35.71073266640245 ], [ 44.223163876782927, 35.71073266640245 ], [ 43.923639312599093, 35.420568244849363 ], [ 43.521153179477068, 35.224005249603721 ], [ 43.35267061212366, 35.233365392234461 ], [ 43.221628615293227, 35.411208102218616 ], [ 43.305869898969931, 35.673292095879475 ], [ 43.053146047939826, 35.92601594690958 ], [ 42.950184479001628, 36.206820225831926 ], [ 42.744261341125245, 36.225540511093421 ], [ 42.1920129259113, 35.944736232171074 ], [ 41.855047791204484, 35.963456517432562 ], [ 41.592963797543625, 36.010257230586284 ], [ 41.344, 35.858 ], [ 41.241, 36.043 ], [ 40.852671306390519, 36.319343885744779 ], [ 40.58733347365299, 36.317971919572038 ], [ 39.761300886489757, 36.2056502080031 ], [ 39.503896964144261, 36.301591669968232 ], [ 39.152891615491335, 36.530915164421479 ], [ 38.599473182448534, 36.598776198494406 ], [ 38.546822380150601, 36.523895057448435 ], [ 38.500021666996872, 36.501664718700418 ], [ 38.408760276347117, 36.43848375594289 ], [ 38.359619527535706, 36.504004754358107 ], [ 38.287078422147431, 36.584735984548274 ], [ 38.24144772682255, 36.587076020205963 ], [ 38.172416674920804, 36.630366679873156 ], [ 38.116255819136335, 36.629196662044315 ], [ 38.084665337757571, 36.60111623415208 ], [ 38.028504481973101, 36.591756091521333 ], [ 37.978193715332864, 36.536765253565711 ], [ 37.90682262777343, 36.354242472266193 ], [ 37.826091397583255, 36.282871384706759 ], [ 37.783970755744903, 36.27468125990486 ], [ 37.723129828645057, 36.216180368462702 ], [ 37.648248687599093, 36.212670314976172 ], [ 37.423605264461223, 36.247770849841466 ], [ 37.400204907884358, 36.282871384706759 ], [ 37.365104373019065, 36.37179273969884 ], [ 37.325323766838402, 36.436143720285209 ], [ 37.263312821909715, 36.463054130348596 ], [ 37.163861306458053, 36.532085182250341 ], [ 37.07259991580829, 36.529745146592653 ], [ 37.000058810420015, 36.504004754358114 ], [ 36.843276421355043, 36.372962757527688 ], [ 36.62097303387484, 36.019617373217066 ], [ 36.618632998217151, 35.854644859350181 ], [ 36.684153996632361, 35.735303040808184 ], [ 36.645543408280545, 35.702542541600572 ], [ 36.556622053288471, 35.703712559429412 ], [ 36.197, 35.952 ], [ 36.358, 35.994 ], [ 36.373, 36.228 ], [ 36.664, 36.229 ], [ 36.588, 36.325 ], [ 36.535, 36.494 ], [ 36.603, 36.747 ], [ 36.659, 36.828 ], [ 36.965, 36.754 ], [ 37.015, 36.642 ], [ 37.242, 36.659 ], [ 37.446, 36.634 ], [ 37.654, 36.732 ], [ 37.82, 36.761 ], [ 37.900387529714763, 37.190220210974545 ], [ 37.942508171553115, 37.344662564381835 ], [ 38.174171701664051, 37.482724668185327 ], [ 38.225652486133136, 38.030293012083888 ], [ 38.553257478209204, 38.666782710974537 ], [ 38.866822256339148, 38.994387703050613 ], [ 38.885542541600636, 39.579396617472163 ], [ 39.263637224641251, 39.839746381716864 ], [ 39.442471028129958, 39.949122251386591 ], [ 39.774756091521397, 40.080164248217017 ], [ 39.887077803090335, 40.024003392432547 ], [ 40.004079585974651, 39.612157116679775 ], [ 40.472086717511893, 39.654277758518127 ], [ 40.603128714342319, 39.523235761687694 ], [ 40.930733706418387, 39.555996260895306 ], [ 41.361300267432654, 39.738519042194824 ], [ 41.871428040808247, 39.827440397186905 ], [ 42.08203125, 40.08016424821701 ], [ 42.53728486016476, 40.12580197307441 ], [ 42.827532434649207, 40.095018139416979 ], [ 42.941994354199707, 40.22524645899356 ], [ 43.109306903724274, 40.286087386093399 ], [ 43.111208182696153, 40.354825933537931 ], [ 43.057387362569372, 40.422101958696402 ], [ 43.059727398227061, 40.456032475732847 ], [ 43.23055000123815, 40.502833188886576 ], [ 43.310111213599484, 40.540273759409551 ], [ 43.375795972450383, 40.58236862295368 ], [ 43.443886321366655, 40.433807861681828 ], [ 43.644631997154256, 40.132829990935058 ], [ 43.700438293592647, 39.936039366652302 ], [ 43.859045662417557, 39.774494824330638 ], [ 44.158637359086825, 39.668756578447365 ], [ 44.173323226570609, 39.454342913184064 ], [ 44.061710633693821, 39.15768839001155 ], [ 44.061710633693828, 38.396960454351351 ] ] ] ] } },
{ "type": "Feature", "properties": { "id": "sp_marianas1589", "colorId": "spain", "name": null, "parent": "spain" }, "geometry": { "type": "MultiPolygon", "coordinates": [ [ [ [ 145.606, 14.928 ], [ 145.578, 15.017 ], [ 145.647, 15.072 ], [ 145.668, 14.983 ], [ 145.606, 14.928 ] ] ], [ [ [ 145.753, 15.096 ], [ 145.686, 15.102 ], [ 145.698, 15.203 ], [ 145.788, 15.267 ], [ 145.753, 15.096 ] ] ], [ [ [ 145.719, 18.054 ], [ 145.771, 18.175 ], [ 145.836, 18.128 ], [ 145.719, 18.054 ] ] ] ] } },
{ "type": "Feature", "properties": { "id": "persia1509", "colorId": "iran", "name": "Персия", "parent": null }, "geometry": { "type": "MultiPolygon", "coordinates": [ [ [ [ 54.033, 26.55 ], [ 54.037, 26.488 ], [ 53.903, 26.536 ], [ 54.033, 26.55 ] ] ], [ [ [ 55.352, 26.647 ], [ 55.774, 26.797 ], [ 55.758, 26.954 ], [ 55.898, 26.907 ], [ 56.041, 26.976 ], [ 56.212, 27.003 ], [ 56.287, 26.955 ], [ 56.194, 26.925 ], [ 56.081, 26.785 ], [ 55.947, 26.696 ], [ 55.877, 26.743 ], [ 55.706, 26.695 ], [ 55.503, 26.595 ], [ 55.298, 26.544 ], [ 55.285, 26.66 ], [ 55.352, 26.647 ] ] ], [ [ [ 47.919923797499131, 31.87417228397285 ], [ 47.595054207371383, 32.233075831161592 ], [ 47.406320445487651, 32.496065499360242 ], [ 47.089185845601023, 32.6538593002794 ], [ 46.946862025164108, 32.808559105102134 ], [ 46.686966353061919, 32.988010878696507 ], [ 46.315686821487354, 33.275752515666788 ], [ 46.015569200131246, 33.585152125312256 ], [ 45.813949367323623, 33.904517643125935 ], [ 46.314136780398982, 33.743757056332718 ], [ 46.799104379209517, 33.821446377278072 ], [ 47.249561243314119, 33.752415325376326 ], [ 47.430914006784803, 33.85069682299914 ], [ 47.757348981032031, 33.819106341620376 ], [ 47.857970514312534, 33.911537750098987 ], [ 47.939871762331556, 33.923237928387415 ], [ 48.03698324212553, 34.353804489401675 ], [ 47.868500674772136, 34.49186659320516 ], [ 47.653217394265006, 34.466126200970606 ], [ 47.329122455675467, 34.539837324187722 ], [ 47.688317929130299, 34.961043742571242 ], [ 47.684807875643756, 35.225467771889782 ], [ 47.511060228060565, 35.801116543680578 ], [ 47.480639764510649, 36.105321179179789 ], [ 47.174095093353749, 36.190732480685334 ], [ 46.904405983805425, 36.188977453942073 ], [ 46.665722346721431, 36.373255261984859 ], [ 46.647587070374357, 36.476216830923057 ], [ 46.444003968155656, 36.506637294472974 ], [ 46.152669528773714, 36.7002752451465 ], [ 46.137459296998756, 36.887478097761402 ], [ 45.858410044819678, 37.040165424425439 ], [ 45.26872105908275, 37.20104287589136 ], [ 44.898995425168323, 37.459616816065683 ], [ 44.930585906547087, 37.829342449980103 ], [ 44.841664551555006, 38.373400740392142 ], [ 44.790183767085907, 38.612084377476137 ], [ 44.858044801158812, 39.06371125940958 ], [ 44.581920593551835, 39.145612507428595 ], [ 44.551500130001919, 39.316435110439691 ], [ 44.656801734597792, 39.370255930566472 ], [ 44.783163660112848, 39.309415003466633 ], [ 45.281528930601169, 39.519296723684903 ], [ 45.832774519547336, 39.837601316838615 ], [ 45.889665312957703, 40.24100876102127 ], [ 45.724164823036617, 40.434092665929199 ], [ 45.374, 40.675 ], [ 45.289449155338474, 40.767259466234677 ], [ 45.66284197245691, 41.076742264716053 ], [ 46.076333806501047, 40.895115010509762 ], [ 46.466639182561408, 40.898979420173724 ], [ 46.644402027103745, 41.072877855052099 ], [ 46.644402027103745, 41.31633566388183 ], [ 46.466639182561408, 41.428403544136778 ], [ 46.207723735075824, 41.733691907589929 ], [ 46.172944048100149, 41.903725932804342 ], [ 46.095655854820862, 42.015793813059297 ], [ 46.467787668948091, 42.011166156331022 ], [ 46.983261617629047, 41.905427910447749 ], [ 47.544996048883924, 41.822819905851453 ], [ 47.730037979179649, 41.888906309528494 ], [ 47.952302318030824, 41.891990899680621 ], [ 48.131512881517736, 42.293685532050439 ], [ 48.304, 42.103 ], [ 48.416, 41.915 ], [ 48.655, 41.801 ], [ 49.042, 41.414 ], [ 49.136, 41.275 ], [ 49.195, 41.057 ], [ 49.382, 40.867 ], [ 49.539, 40.788 ], [ 49.511, 40.688 ], [ 49.59, 40.625 ], [ 49.859, 40.567 ], [ 50.052, 40.584 ], [ 50.238, 40.496 ], [ 50.361, 40.365 ], [ 50.388, 40.221 ], [ 50.274, 40.327 ], [ 50.148, 40.357 ], [ 50.004, 40.324 ], [ 49.893, 40.369 ], [ 49.778, 40.276 ], [ 49.577, 40.217 ], [ 49.443, 40.078 ], [ 49.484, 39.989 ], [ 49.423, 39.926 ], [ 49.424, 39.71 ], [ 49.318, 39.621 ], [ 49.296, 39.477 ], [ 49.409, 39.386 ], [ 49.237, 39.279 ], [ 49.194, 39.016 ], [ 49.079, 38.963 ], [ 49.136, 39.102 ], [ 48.968, 39.184 ], [ 48.953, 39.032 ], [ 48.868, 38.864 ], [ 48.874, 38.434 ], [ 48.866, 38.317 ], [ 48.94, 37.925 ], [ 49.014, 37.739 ], [ 49.132, 37.623 ], [ 49.442, 37.495 ], [ 49.935, 37.454 ], [ 50.149, 37.404 ], [ 50.322, 37.153 ], [ 50.479, 37.035 ], [ 51.089, 36.737 ], [ 51.909, 36.583 ], [ 52.779, 36.74 ], [ 53.116, 36.822 ], [ 53.492, 36.888 ], [ 54.004, 36.915 ], [ 53.818, 36.875 ], [ 53.609, 36.877 ], [ 53.701, 36.817 ], [ 53.889, 36.794 ], [ 54.014, 36.821 ], [ 54.034, 36.949 ], [ 53.914, 37.343 ], [ 53.875846642450838, 37.515333002146654 ], [ 55.404961988664432, 38.243890702360488 ], [ 55.949684779994612, 38.417211590511002 ], [ 56.490748143412119, 38.56251225085812 ], [ 57.254588385693751, 38.895468253903957 ], [ 58.186865194222094, 39.216672868606999 ], [ 59.088121879041651, 39.34850568941193 ], [ 60.06273587391621, 39.528308690562788 ], [ 60.978096607047874, 39.536481554251466 ], [ 61.975185977066303, 39.732630282779681 ], [ 62.522767844207529, 39.491530803963748 ], [ 63.348227076763791, 38.96438109604415 ], [ 63.912154671282408, 38.408626365214204 ], [ 65.048182724008328, 37.869217361761613 ], [ 65.309714362045938, 37.525957086837238 ], [ 66.241420822554943, 37.162264652691185 ], [ 66.911595645026338, 37.19495610744589 ], [ 67.237, 37.192 ], [ 67.482, 37.277 ], [ 67.781, 37.189 ], [ 67.785, 37.097 ], [ 67.878, 37.064 ], [ 68.011, 36.931 ], [ 67.888499951226009, 36.792666319056387 ], [ 67.755317550007675, 36.330445044239816 ], [ 67.684809219950907, 36.048411724012752 ], [ 67.504621265361394, 35.993571911746379 ], [ 67.058068508335197, 35.562687672510584 ], [ 66.713361116946572, 35.468676565768234 ], [ 66.235471324339613, 35.06912936211323 ], [ 66.102288923121279, 34.873272889733322 ], [ 65.295360256916069, 34.591239569506264 ], [ 65.036829713374601, 34.191692365851246 ], [ 63.94003346804714, 34.700919194038995 ], [ 63.219281649689094, 34.262200695908014 ], [ 62.639546491444584, 34.066344223528105 ], [ 62.036308556514477, 33.933161822309771 ], [ 61.464407657165161, 33.690299796558691 ], [ 61.183448510691719, 33.384367317380999 ], [ 61.082309322406594, 32.979810564240566 ], [ 61.174254039029421, 32.336197547880786 ], [ 61.183448510691697, 31.692584531521007 ], [ 60.962781190796917, 31.058165986823511 ], [ 61.0593231432509, 30.386969555476885 ], [ 61.62938038631242, 29.403161087612656 ], [ 61.748908517922089, 28.833103844551129 ], [ 62.049, 28.486 ], [ 62.268396166841065, 28.281435544814187 ], [ 62.507452430060404, 27.798725782544349 ], [ 62.124, 26.374 ], [ 62.094, 26.315 ], [ 62.012599194452648, 26.087686723664739 ], [ 61.7507723391967, 25.636035398348227 ], [ 61.62, 25.285 ], [ 61.588, 25.202 ], [ 61.483, 25.194 ], [ 61.497, 25.125 ], [ 61.412, 25.059 ], [ 61.185, 25.123 ], [ 61.031, 25.21 ], [ 60.633, 25.275 ], [ 60.55, 25.447 ], [ 60.395, 25.378 ], [ 60.467, 25.29 ], [ 60.271, 25.38 ], [ 60.209, 25.32 ], [ 60.082, 25.366 ], [ 59.904, 25.33 ], [ 59.775, 25.39 ], [ 59.538, 25.4 ], [ 59.454, 25.462 ], [ 59.024, 25.403 ], [ 58.924, 25.513 ], [ 58.814, 25.564 ], [ 58.419, 25.612 ], [ 58.17, 25.544 ], [ 58.046, 25.575 ], [ 57.963, 25.693 ], [ 57.772, 25.636 ], [ 57.735, 25.748 ], [ 57.632, 25.735 ], [ 57.326, 25.777 ], [ 57.254, 25.959 ], [ 57.165, 26.095 ], [ 57.213, 26.166 ], [ 57.133, 26.264 ], [ 57.076, 26.447 ], [ 57.09, 26.619 ], [ 57.025, 26.851 ], [ 56.844, 27.04 ], [ 56.809, 27.14 ], [ 56.583, 27.153 ], [ 56.353, 27.202 ], [ 56.124, 27.161 ], [ 55.939, 27.027 ], [ 55.685, 27.003 ], [ 55.609, 26.954 ], [ 55.554, 26.811 ], [ 55.484, 26.768 ], [ 55.271, 26.793 ], [ 55.103, 26.701 ], [ 54.802, 26.498 ], [ 54.62, 26.508 ], [ 54.561, 26.585 ], [ 54.389, 26.605 ], [ 54.308, 26.715 ], [ 54.15, 26.708 ], [ 53.995, 26.746 ], [ 53.716, 26.709 ], [ 53.492, 26.854 ], [ 53.412, 26.994 ], [ 53.072, 27.097 ], [ 52.848, 27.215 ], [ 52.579, 27.393 ], [ 52.679, 27.425 ], [ 52.423, 27.647 ], [ 52.245, 27.681 ], [ 52.011, 27.833 ], [ 51.723, 27.825 ], [ 51.585, 27.849 ], [ 51.38, 27.991 ], [ 51.265, 28.161 ], [ 51.265, 28.27 ], [ 51.142, 28.401 ], [ 51.073, 28.565 ], [ 51.059, 28.736 ], [ 50.979, 28.817 ], [ 50.876, 28.832 ], [ 50.813, 28.915 ], [ 50.932, 29.031 ], [ 50.84, 29.141 ], [ 50.644, 29.143 ], [ 50.689, 29.291 ], [ 50.655, 29.449 ], [ 50.456, 29.634 ], [ 50.397, 29.655 ], [ 50.244, 29.867 ], [ 50.145, 29.938 ], [ 50.128, 30.121 ], [ 50.073, 30.196 ], [ 49.915, 30.204 ], [ 49.601, 30.03 ], [ 49.532, 30.023 ], [ 49.48, 30.156 ], [ 49.245, 30.156 ], [ 49.221, 30.265 ], [ 49.161, 30.224 ], [ 49.004, 30.309 ], [ 48.949, 30.401 ], [ 49.062, 30.408 ], [ 49.203, 30.347 ], [ 49.257, 30.422 ], [ 49.211, 30.506 ], [ 48.981, 30.516 ], [ 49.017, 30.415 ], [ 48.935, 30.419 ], [ 48.862, 30.346 ], [ 48.921, 30.25 ], [ 48.935, 30.08 ], [ 48.877, 30.024 ], [ 48.767678727927702, 30.184850415308595 ], [ 48.563474985561697, 30.345738212324239 ], [ 48.529441028500692, 30.432370103024972 ], [ 48.365459235388599, 30.556129946883157 ], [ 48.198383446180046, 30.772709673634985 ], [ 48.074623602321857, 30.998571388676179 ], [ 47.963239742849495, 31.39769688511883 ], [ 47.919923797499131, 31.87417228397285 ] ] ] ] } },
{ "type": "Feature", "properties": { "id": "sp_macao1589", "colorId": "spain", "name": null, "parent": "sp_portugal1589" }, "geometry": { "type": "MultiPolygon", "coordinates": [ [ [ [ 113.559, 22.163 ], [ 113.547, 22.105 ], [ 113.586, 22.132 ], [ 113.559, 22.163 ] ] ] ] } },
{ "type": "Feature", "properties": { "id": "russia1598", "colorId": "russia", "name": "Россия", "parent": null }, "geometry": { "type": "MultiPolygon", "coordinates": [ [ [ [ 43.815, 67.177 ], [ 43.793, 67.343 ], [ 44.003, 67.576 ], [ 44.132, 67.804 ], [ 44.125, 67.934 ], [ 44.244, 68.256 ], [ 44.16, 68.336 ], [ 43.326, 68.614 ], [ 43.477, 68.669 ], [ 43.985, 68.551 ], [ 45.306, 68.545 ], [ 45.944, 68.446 ], [ 46.029, 68.324 ], [ 46.535, 68.133 ], [ 46.722, 67.845 ], [ 46.004, 67.768 ], [ 45.35, 67.73 ], [ 45.315, 67.592 ], [ 45.028, 67.532 ], [ 44.919, 67.441 ], [ 44.952, 67.321 ], [ 45.594, 67.158 ], [ 45.853, 66.887 ], [ 46.042, 66.831 ], [ 46.578, 66.873 ], [ 46.583, 66.815 ], [ 46.927, 66.845 ], [ 47.41, 66.929 ], [ 47.559, 66.905 ], [ 47.726, 67.001 ], [ 47.695, 67.205 ], [ 47.77, 67.338 ], [ 47.948, 67.444 ], [ 47.825, 67.56 ], [ 48.008, 67.651 ], [ 48.071, 67.59 ], [ 48.256, 67.683 ], [ 48.529, 67.668 ], [ 48.778, 67.727 ], [ 48.843, 67.865 ], [ 49.133, 67.863 ], [ 49.655, 67.981 ], [ 50.201, 68.169 ], [ 50.435, 68.221 ], [ 50.796, 68.377 ], [ 50.952, 68.341 ], [ 51.587, 68.448 ], [ 52.806, 68.768 ], [ 53.437, 68.918 ], [ 54.104, 69.001 ], [ 54.527, 69.01 ], [ 54.356, 68.959 ], [ 53.612, 68.913 ], [ 54.026, 68.845 ], [ 53.865, 68.798 ], [ 53.72, 68.657 ], [ 54.185, 68.321 ], [ 54.24, 68.211 ], [ 54.465, 68.304 ], [ 54.65, 68.194 ], [ 54.864, 68.185 ], [ 54.937, 68.398 ], [ 55.393, 68.564 ], [ 55.787, 68.595 ], [ 55.953, 68.654 ], [ 56.202, 68.62 ], [ 56.691, 68.631 ], [ 56.848, 68.572 ], [ 57.33, 68.565 ], [ 57.604, 68.742 ], [ 57.93, 68.751 ], [ 57.978, 68.853 ], [ 58.879, 69.003 ], [ 59.242, 68.989 ], [ 58.892, 68.934 ], [ 59.105, 68.903 ], [ 59.416, 68.767 ], [ 59.056, 68.62 ], [ 59.11, 68.405 ], [ 59.675, 68.336 ], [ 59.964, 68.466 ], [ 59.774, 68.668 ], [ 60.467, 68.722 ], [ 60.907, 68.927 ], [ 60.903, 69.122 ], [ 60.582, 69.15 ], [ 60.519, 69.332 ], [ 60.139, 69.578 ], [ 60.233, 69.665 ], [ 60.654, 69.673 ], [ 60.77, 69.849 ], [ 60.927, 69.867 ], [ 61.409, 69.791 ], [ 62.161, 69.746 ], [ 62.631, 69.742 ], [ 63.41, 69.671 ], [ 64.128, 69.55 ], [ 64.548, 69.452 ], [ 65.068, 69.268 ], [ 65.419, 69.177 ], [ 65.817, 69.143 ], [ 65.716, 69.08 ], [ 66.114, 69.037 ], [ 66.329, 68.964 ], [ 66.787, 69.603 ], [ 66.771, 69.741 ], [ 66.874, 69.996 ], [ 66.608, 70.881 ], [ 66.643, 71.009 ], [ 66.927, 71.298 ], [ 67.309, 71.351 ], [ 67.947, 71.528 ], [ 68.479, 71.836 ], [ 68.644, 72.033 ], [ 68.869, 72.532 ], [ 68.989, 72.706 ], [ 69.465, 72.975 ], [ 69.934246979298777, 73.458475214999027 ], [ 70.899477874477085, 73.560078467123063 ], [ 75.0, 72.674 ], [ 74.748, 72.808 ], [ 74.983, 72.877 ], [ 75.319, 72.819 ], [ 75.702, 72.547 ], [ 75.572, 72.467 ], [ 75.721, 72.25 ], [ 75.518, 72.153 ], [ 75.444, 71.992 ], [ 75.287, 71.96 ], [ 75.263, 71.743 ], [ 75.997, 71.908 ], [ 76.354, 71.999 ], [ 76.946, 72.044 ], [ 77.585, 71.831 ], [ 78.11, 71.88 ], [ 78.204, 72.001 ], [ 77.938, 72.118 ], [ 77.465, 72.068 ], [ 77.507, 72.222 ], [ 77.651, 72.19 ], [ 78.125, 72.385 ], [ 78.498, 72.408 ], [ 79.391, 72.386 ], [ 80.842, 72.922 ], [ 80.75, 73.038 ], [ 80.322, 73.203 ], [ 80.563, 73.222 ], [ 80.273, 73.31 ], [ 80.61, 73.449 ], [ 80.574, 73.584 ], [ 80.832, 73.572 ], [ 81.53, 73.648 ], [ 81.957, 73.663 ], [ 83.484, 73.655 ], [ 83.728, 73.695 ], [ 84.366, 73.71 ], [ 84.793, 73.765 ], [ 86.02, 74.263 ], [ 86.853704132495949, 74.191607214622749 ], [ 87.301854207476197, 73.930186337550936 ], [ 86.872377052286794, 73.74968144623945 ], [ 86.175254713428643, 73.718559913254708 ], [ 85.770674784627033, 73.587849474718809 ], [ 85.764450478030085, 73.413568890004271 ], [ 86.249946392592022, 73.289082758065305 ], [ 86.679423547781411, 73.089904946962974 ], [ 87.600620924129686, 72.1687075706147 ], [ 89.916062978194276, 68.58350697077276 ], [ 90.189932468459972, 67.014981708341907 ], [ 90.165035242072179, 65.247278634808708 ], [ 89.492810129601821, 64.251389579297054 ], [ 88.397332168538995, 62.931836580744111 ], [ 87.824695961619796, 61.562489129415589 ], [ 87.675312603293051, 59.321738754514378 ], [ 87.276956981088389, 58.051980208737021 ], [ 86.530040189454652, 56.334071587979423 ], [ 84.64655330745272, 54.020678046058592 ], [ 82.880330923442742, 53.302634366577891 ], [ 81.642324579510486, 53.121060102801167 ], [ 80.977714308755495, 52.932507290744269 ], [ 78.865643554372525, 52.871414335038978 ], [ 77.4430504429493, 53.011055376651072 ], [ 76.675024714082767, 52.923779725643513 ], [ 75.645172032193557, 53.386340675983583 ], [ 74.768051739567582, 53.543436847797182 ], [ 73.733835275128001, 53.713624367261929 ], [ 71.831226083163187, 53.914358364579314 ], [ 71.399211610675778, 54.036544275989897 ], [ 70.460998362344498, 54.232914490756905 ], [ 69.439873245556043, 54.472922531027692 ], [ 66.411408155593705, 54.468558748477314 ], [ 65.490650037463936, 54.167457752501242 ], [ 64.30370118376112, 53.787808670618347 ], [ 63.828048885769924, 53.665622759207764 ], [ 62.261450950184226, 53.40379580618508 ], [ 61.475970091116189, 53.329611502828662 ], [ 60.795220013257214, 53.704896802161173 ], [ 59.20470677200602, 53.70566764372176 ], [ 59.104539381771097, 51.878476283919369 ], [ 58.299746211952645, 51.139310024944479 ], [ 57.13573205646415, 51.336190757475173 ], [ 55.89572884631469, 51.729952222536561 ], [ 55.481243093618467, 51.819757468954073 ], [ 54.472661095391061, 51.667779359632149 ], [ 53.975278192155621, 51.522709346188478 ], [ 52.980512385684747, 51.605606496727724 ], [ 51.909757524552901, 51.750676510171388 ], [ 51.122234594430125, 51.633238880240789 ], [ 50.189641650863678, 51.350006949231719 ], [ 49.353762049593016, 51.274017894570754 ], [ 48.52479054420062, 50.907888813022446 ], [ 48.26919099670463, 50.57630021086549 ], [ 48.048131928599993, 50.099641595264863 ], [ 47.564565217121093, 49.553902020881537 ], [ 47.371138532529535, 49.056519117646097 ], [ 47.550749025364546, 48.517687639141037 ], [ 48.089580503869598, 47.971948064757711 ], [ 48.600779598861578, 47.30186276456552 ], [ 49.277772994932043, 46.687042231399495 ], [ 49.313, 46.562 ], [ 49.394, 46.478 ], [ 49.185, 46.414 ], [ 49.227, 46.328 ], [ 49.142, 46.31 ], [ 49.042, 46.196 ], [ 48.832, 46.142 ], [ 48.826, 46.067 ], [ 48.714, 46.13 ], [ 48.791, 45.841 ], [ 48.695, 45.828 ], [ 48.573, 45.971 ], [ 48.466, 45.94 ], [ 48.399, 45.835 ], [ 48.289, 45.837 ], [ 48.18, 45.74 ], [ 47.765, 45.682 ], [ 47.626, 45.709 ], [ 47.615, 45.57 ], [ 47.503, 45.717 ], [ 47.385, 45.75 ], [ 47.57, 45.574 ], [ 47.297, 45.187 ], [ 47.201, 44.97 ], [ 47.098, 44.947 ], [ 47.078, 44.785 ], [ 47.024, 44.843 ], [ 46.831, 44.696 ], [ 46.722, 44.655 ], [ 46.701, 44.446 ], [ 47.044, 44.346 ], [ 47.167, 44.203 ], [ 47.246, 44.212 ], [ 47.377350606040473, 43.947278054036666 ], [ 46.898224179381941, 43.758931803557132 ], [ 46.528140318790491, 43.758931803557132 ], [ 46.379445910517141, 43.570585553077557 ], [ 46.042405251764208, 43.471455947561985 ], [ 45.526931303083259, 43.50780346958436 ], [ 45.216325205801155, 43.600324434732237 ], [ 44.994935753483055, 43.69614972006395 ], [ 44.439809962595881, 43.699454040247801 ], [ 44.106073624026806, 43.6234546760192 ], [ 44.016856979062794, 43.557368272342153 ], [ 43.759691628471387, 43.65400838849196 ], [ 43.507497178468832, 43.603569498491453 ], [ 43.011514760130474, 43.595163016824699 ], [ 42.834978645128686, 43.63719542515846 ], [ 42.722744479780246, 43.899259173651934 ], [ 42.515868867378884, 44.195780884760552 ], [ 42.405535207431498, 44.519886010856013 ], [ 42.136596911309738, 44.602636255816556 ], [ 41.853866907694545, 44.81640772196463 ], [ 41.49183458599218, 45.019835407492629 ], [ 41.019468604342407, 45.143960774933447 ], [ 40.30919566843108, 45.443930412915414 ], [ 39.736839807453983, 45.71631663591053 ], [ 40.085333441530636, 46.233891440924097 ], [ 40.595967988199128, 46.66520411626545 ], [ 40.794272666516989, 47.230372449471353 ], [ 40.789315049559043, 47.830244101382888 ], [ 40.29851097072234, 48.380539583714949 ], [ 39.961393017581969, 48.410285285462635 ], [ 39.158259070394635, 48.568929028116919 ], [ 38.513768865861579, 48.568929028116919 ], [ 37.918854830907996, 48.499522390705671 ], [ 37.442923602945129, 48.390454817630847 ], [ 36.976907608898152, 48.251641542808343 ], [ 36.144027959963132, 47.864947420088512 ], [ 36.333585068795756, 48.311958251071943 ], [ 36.380921156819873, 48.613725812225674 ], [ 36.286248980771639, 49.033833593439681 ], [ 36.203410826729439, 49.655119748756199 ], [ 36.090987617672162, 50.057476496961179 ], [ 35.80992959502899, 50.190609244528993 ], [ 35.345444231292355, 50.258654871063655 ], [ 34.978589549105465, 50.347410036108869 ], [ 34.641319921933643, 50.471667267172172 ], [ 33.866191480538753, 50.945028147413325 ], [ 33.158421926738193, 51.038972502096811 ], [ 32.707119200019086, 50.967714176825339 ], [ 31.958906784668983, 50.949899595507482 ], [ 31.543233220585595, 50.890517657781281 ], [ 31.26710721015877, 50.739093716579468 ], [ 30.919722874460508, 50.736124619693157 ], [ 30.643596864033682, 50.813321138737216 ], [ 30.774237127031327, 51.350727675159305 ], [ 30.64656596092, 51.516997100792665 ], [ 30.732669770622991, 51.686235623312335 ], [ 30.836588161643839, 51.80499949876473 ], [ 31.237416241295676, 52.072218218532619 ], [ 31.555109608130838, 52.182074803326088 ], [ 31.822328327898731, 52.31865326009634 ], [ 32.134083500961275, 52.274116806801693 ], [ 32.321136604798802, 52.381004294708852 ], [ 32.481467836659533, 52.449293523093978 ], [ 32.175650857369618, 52.612593851841048 ], [ 31.742162711968369, 52.677913983339863 ], [ 31.228508950636751, 52.677913983339863 ], [ 30.993950296618269, 52.88871986226787 ], [ 31.231478047523058, 53.129216710058969 ], [ 31.908432137601718, 53.179691357126224 ], [ 32.235032795095812, 53.280640651260761 ], [ 32.297383829708323, 53.574581243005447 ], [ 32.240970988868433, 53.862583640977512 ], [ 31.941092203351129, 54.183246104698988 ], [ 31.210694369318883, 54.206998879789467 ], [ 30.922691971346826, 54.32279365835555 ], [ 30.922691971346818, 54.643456122077026 ], [ 31.029579459253977, 54.940365810708016 ], [ 31.029579459253977, 55.445112281380723 ], [ 31.436345732678436, 55.872662233009358 ], [ 31.061528265109942, 56.009989565993664 ], [ 30.744968176448673, 56.128329786053939 ], [ 29.257028618126938, 56.45015157739661 ], [ 28.814633182066753, 56.595637324825795 ], [ 28.283164839417275, 56.631266487461517 ], [ 27.81850117670977, 56.69510207051718 ], [ 27.812562982937148, 56.852464205491607 ], [ 27.649218765151463, 56.981108021230391 ], [ 27.707184910110922, 57.143413227116874 ], [ 27.649218765151463, 57.340498119979031 ], [ 27.460982729998886, 57.498892281472799 ], [ 27.368440546659905, 58.591771398999818 ], [ 27.873, 59.408 ], [ 28.019, 59.482 ], [ 28.073, 59.578 ], [ 27.993, 59.703 ], [ 28.087, 59.799 ], [ 28.224, 59.691 ], [ 28.375, 59.666 ], [ 28.428, 59.813 ], [ 28.517, 59.862 ], [ 28.718, 59.787 ], [ 28.976, 59.831 ], [ 29.014, 59.93 ], [ 29.161, 60.003 ], [ 29.804, 59.94 ], [ 30.193, 59.881 ], [ 30.21, 60.001 ], [ 29.948, 60.03 ], [ 29.849, 60.167 ], [ 29.701, 60.201 ], [ 29.418, 60.169 ], [ 29.015, 60.197 ], [ 28.816, 60.361 ], [ 28.607, 60.389 ], [ 28.439, 60.56 ], [ 28.684, 60.456 ], [ 28.655, 60.682 ], [ 28.927458863746537, 60.937941521054064 ], [ 29.123419258242993, 61.015138040098122 ], [ 29.240555385048761, 61.090361327850353 ], [ 29.559677036045986, 61.34391003686185 ], [ 29.559677036045979, 61.969038750459148 ], [ 29.148753266268731, 62.471764639016413 ], [ 28.781544791148637, 63.311098296433777 ], [ 29.052579618023003, 63.625848417965287 ], [ 29.564048565511705, 63.958084657359656 ], [ 29.686451390551735, 64.106716659193978 ], [ 29.865684098646049, 64.202890307439716 ], [ 29.880533906346773, 64.685851529064919 ], [ 29.747984061251284, 65.058647968395974 ], [ 29.971661924849911, 65.994781249382811 ], [ 29.963377559531441, 66.566402456357068 ], [ 29.574012389563467, 67.427976449477711 ], [ 29.54915929360806, 67.95403364720039 ], [ 29.872249541028296, 68.451095566308453 ], [ 30.402448921410222, 68.931588754779568 ], [ 30.870515561903648, 69.262963367518267 ], [ 30.949217032429097, 69.528063057709218 ], [ 30.949217032429086, 69.70203472939707 ], [ 30.841, 69.806 ], [ 31.452, 69.689 ], [ 31.699, 69.744 ], [ 31.754, 69.854 ], [ 31.918, 69.926 ], [ 32.054, 69.964 ], [ 32.294622466956866, 69.88817345536593 ], [ 32.625, 69.783 ], [ 32.92, 69.78 ], [ 33.119, 69.661 ], [ 33.085, 69.476 ], [ 33.329, 69.452 ], [ 33.524, 69.428 ], [ 33.62, 69.328 ], [ 34.421, 69.311 ], [ 34.662, 69.249 ], [ 35.264, 69.215 ], [ 35.33, 69.276 ], [ 36.312, 69.058 ], [ 37.464, 68.742 ], [ 37.681, 68.713 ], [ 38.091, 68.501 ], [ 38.435, 68.356 ], [ 38.612, 68.387 ], [ 39.521, 68.076 ], [ 39.86, 68.047 ], [ 39.722, 68.173 ], [ 39.913, 68.123 ], [ 40.004, 68.02 ], [ 40.362, 67.903 ], [ 40.504, 67.75 ], [ 40.671, 67.81 ], [ 41.017, 67.698 ], [ 40.999, 67.467 ], [ 41.145, 67.424 ], [ 41.109, 67.254 ], [ 41.308, 67.235 ], [ 41.36, 67.014 ], [ 41.178, 66.81 ], [ 40.745, 66.597 ], [ 40.444, 66.406 ], [ 40.085, 66.289 ], [ 39.344, 66.135 ], [ 38.554, 66.055 ], [ 37.927, 66.089 ], [ 37.546, 66.145 ], [ 37.273, 66.23 ], [ 36.887, 66.285 ], [ 36.406, 66.295 ], [ 35.381, 66.418 ], [ 34.804, 66.614 ], [ 34.434, 66.547 ], [ 34.175, 66.687 ], [ 33.833, 66.696 ], [ 33.524, 66.831 ], [ 33.483, 66.73 ], [ 32.843, 66.976 ], [ 32.807, 67.091 ], [ 32.383, 67.16 ], [ 32.262, 67.125 ], [ 32.557, 66.989 ], [ 32.545, 66.883 ], [ 32.812, 66.736 ], [ 33.183, 66.692 ], [ 33.26, 66.618 ], [ 33.705, 66.444 ], [ 33.516, 66.406 ], [ 33.62, 66.309 ], [ 34.087, 66.249 ], [ 34.161, 66.185 ], [ 34.497, 66.116 ], [ 34.852, 65.9 ], [ 34.9, 65.706 ], [ 34.442, 65.371 ], [ 34.615, 65.255 ], [ 34.681, 65.114 ], [ 34.816, 65.043 ], [ 34.702, 64.98 ], [ 34.942, 64.858 ], [ 34.798, 64.756 ], [ 34.978, 64.612 ], [ 35.009, 64.494 ], [ 35.28, 64.377 ], [ 35.411, 64.287 ], [ 35.618, 64.34 ], [ 35.566, 64.406 ], [ 35.811, 64.342 ], [ 35.977, 64.199 ], [ 36.235, 64.125 ], [ 36.292, 64.01 ], [ 36.703, 63.925 ], [ 37.169, 63.895 ], [ 37.291, 63.818 ], [ 37.608, 63.816 ], [ 37.614, 63.881 ], [ 38.002, 63.956 ], [ 38.088, 64.035 ], [ 37.914, 64.22 ], [ 38.003, 64.317 ], [ 37.687, 64.431 ], [ 37.339, 64.34 ], [ 37.122, 64.395 ], [ 36.744, 64.681 ], [ 36.56, 64.717 ], [ 36.44, 64.917 ], [ 36.807, 64.959 ], [ 36.82, 65.147 ], [ 37.008, 65.173 ], [ 37.706, 65.017 ], [ 37.795, 64.921 ], [ 38.046, 64.854 ], [ 38.358, 64.852 ], [ 38.426, 64.793 ], [ 38.922, 64.733 ], [ 39.567, 64.545 ], [ 39.736, 64.555 ], [ 39.85, 64.676 ], [ 40.378, 64.923 ], [ 40.114, 65.075 ], [ 39.712, 65.402 ], [ 39.827, 65.607 ], [ 40.28, 65.73 ], [ 40.796, 65.992 ], [ 41.343, 66.063 ], [ 41.858, 66.296 ], [ 42.201, 66.532 ], [ 42.645, 66.453 ], [ 42.549, 66.385 ], [ 43.252, 66.437 ], [ 43.406, 66.332 ], [ 43.655, 66.285 ], [ 43.665, 66.218 ], [ 43.288, 66.09 ], [ 43.836, 66.186 ], [ 44.046, 66.081 ], [ 44.167, 65.885 ], [ 44.124, 66.315 ], [ 44.371, 66.522 ], [ 44.488, 66.676 ], [ 44.364, 66.782 ], [ 44.499, 66.921 ], [ 44.287, 67.088 ], [ 44.04, 67.167 ], [ 43.815, 67.177 ] ] ], [ [ [ 35.815, 65.154 ], [ 35.867, 65.031 ], [ 35.505, 65.096 ], [ 35.524, 65.144 ], [ 35.815, 65.154 ] ] ], [ [ [ 42.646, 66.742 ], [ 42.668, 66.667 ], [ 42.455, 66.774 ], [ 42.646, 66.742 ] ] ], [ [ [ 51.172, 68.501 ], [ 51.3, 68.495 ], [ 50.792, 68.379 ], [ 51.172, 68.501 ] ] ], [ [ [ 50.223, 69.154 ], [ 49.955, 69.075 ], [ 49.72, 68.89 ], [ 49.249, 68.78 ], [ 48.592, 68.731 ], [ 48.219, 68.909 ], [ 48.304, 69.277 ], [ 48.447, 69.372 ], [ 48.806, 69.493 ], [ 49.272, 69.508 ], [ 50.164, 69.261 ], [ 50.323, 69.151 ], [ 50.113, 68.996 ], [ 50.223, 69.154 ] ] ], [ [ [ 58.468, 70.271 ], [ 59.024, 70.48 ], [ 60.476, 69.92 ], [ 60.54, 69.819 ], [ 60.476, 69.722 ], [ 60.201, 69.685 ], [ 59.016, 69.86 ], [ 58.57, 70.079 ], [ 58.468, 70.271 ] ] ], [ [ [ 51.41, 71.806 ], [ 52.398, 72.718 ], [ 53.156, 73.151 ], [ 54.191, 73.272 ], [ 54.532, 73.376 ], [ 54.935, 73.425 ], [ 55.304, 73.339 ], [ 56.435, 73.23 ], [ 56.548, 73.122 ], [ 56.387, 73.069 ], [ 56.255, 72.958 ], [ 56.138, 72.782 ], [ 55.946, 72.669 ], [ 55.723, 72.638 ], [ 55.496, 71.902 ], [ 56.027, 71.371 ], [ 57.063, 70.862 ], [ 57.639, 70.73 ], [ 57.452, 70.606 ], [ 55.163, 70.553 ], [ 53.3, 70.866 ], [ 51.862, 71.456 ], [ 51.41, 71.806 ] ] ], [ [ [ 78.279, 72.552 ], [ 78.395, 72.491 ], [ 77.586, 72.285 ], [ 76.918, 72.293 ], [ 76.913, 72.372 ], [ 77.229, 72.46 ], [ 77.61, 72.635 ], [ 78.279, 72.552 ] ] ], [ [ [ 79.541, 72.926 ], [ 79.563, 72.768 ], [ 79.395, 72.704 ], [ 78.91, 72.741 ], [ 78.592, 72.862 ], [ 79.14, 73.095 ], [ 79.541, 72.926 ] ] ], [ [ [ 55.021, 73.444 ], [ 54.033, 73.375 ], [ 53.631, 73.76 ], [ 54.678, 74.068 ], [ 55.388, 74.445 ], [ 55.885, 74.846 ], [ 56.371, 75.188 ], [ 58.019, 75.681 ], [ 60.322, 75.998 ], [ 61.077, 76.28 ], [ 63.956, 76.363 ], [ 65.102, 76.47 ], [ 66.944, 76.949 ], [ 68.463, 76.967 ], [ 68.931, 76.787 ], [ 68.938, 76.568 ], [ 67.912, 76.258 ], [ 60.833, 75.153 ], [ 57.946, 73.807 ], [ 56.761, 73.252 ], [ 55.021, 73.444 ] ] ] ] } },
{ "type": "Feature", "properties": { "id": "mughal1588", "colorId": "india", "name": "Империя великих моголов", "parent": null }, "geometry": { "type": "MultiPolygon", "coordinates": [ [ [ [ 88.147, 21.87 ], [ 88.163, 21.705 ], [ 88.13, 21.626 ], [ 88.051, 21.705 ], [ 88.147, 21.87 ] ] ], [ [ [ 89.052, 21.793 ], [ 89.072, 21.89 ], [ 89.116, 21.781 ], [ 89.052, 21.793 ] ] ], [ [ [ 88.636, 21.921 ], [ 88.646, 21.788 ], [ 88.586, 21.843 ], [ 88.636, 21.921 ] ] ], [ [ [ 90.435, 22.041 ], [ 90.486, 21.977 ], [ 90.402, 21.907 ], [ 90.435, 22.041 ] ] ], [ [ [ 91.063, 22.09 ], [ 91.005, 22.117 ], [ 91.059, 22.192 ], [ 91.075, 22.389 ], [ 91.149, 22.357 ], [ 91.187, 22.228 ], [ 91.063, 22.09 ] ] ], [ [ [ 90.688, 22.378 ], [ 90.647, 22.548 ], [ 90.559, 22.603 ], [ 90.579, 22.757 ], [ 90.651, 22.787 ], [ 90.791, 22.495 ], [ 90.855, 22.435 ], [ 90.836, 22.178 ], [ 90.692, 22.007 ], [ 90.608, 22.072 ], [ 90.688, 22.378 ] ] ], [ [ [ 90.645, 22.849 ], [ 90.521, 22.712 ], [ 90.456, 22.767 ], [ 90.487, 22.87 ], [ 90.645, 22.849 ] ] ], [ [ [ 90.667, 22.953 ], [ 90.524, 22.953 ], [ 90.586, 23.035 ], [ 90.667, 22.953 ] ] ], [ [ [ 75.264237079616095, 20.550878587000884 ], [ 74.844570250057288, 20.553792939983936 ], [ 74.523991421922062, 20.711168001068494 ], [ 74.09266718043105, 20.810256002492103 ], [ 73.769173999312798, 20.769455060729442 ], [ 73.492310465923296, 20.658709647373641 ], [ 72.886731042408186, 20.597041638527926 ], [ 72.899, 20.732 ], [ 72.945, 20.77 ], [ 72.837, 20.836 ], [ 72.865, 20.897 ], [ 72.767, 21.039 ], [ 72.85, 21.048 ], [ 72.816, 21.121 ], [ 72.7, 21.075 ], [ 72.721, 21.199 ], [ 72.606, 21.267 ], [ 72.565, 21.386 ], [ 72.62, 21.487 ], [ 72.81, 21.635 ], [ 72.936, 21.658 ], [ 73.126, 21.767 ], [ 72.927, 21.685 ], [ 72.616, 21.685 ], [ 72.532, 21.714 ], [ 72.623, 21.967 ], [ 72.559, 21.915 ], [ 72.502, 21.976 ], [ 72.542, 22.157 ], [ 72.634, 22.21 ], [ 72.748, 22.164 ], [ 72.847, 22.24 ], [ 72.553, 22.282 ], [ 72.479, 22.233 ], [ 72.392, 22.253 ], [ 72.397, 22.367 ], [ 72.306, 22.23 ], [ 72.308, 22.079 ], [ 72.258, 22.012 ], [ 72.128, 21.984 ], [ 72.169, 21.841 ], [ 72.004, 21.858 ], [ 72.022, 21.774 ], [ 72.166, 21.794 ], [ 72.296, 21.654 ], [ 72.242, 21.481 ], [ 72.105, 21.315 ], [ 72.105, 21.205 ], [ 71.462, 20.885 ], [ 71.319, 20.849 ], [ 70.982, 20.71 ], [ 70.84, 20.702 ], [ 70.542, 20.808 ], [ 70.337, 20.927 ], [ 70.054, 21.153 ], [ 69.815, 21.434 ], [ 69.63, 21.616 ], [ 69.198, 21.98 ], [ 68.994, 22.204 ], [ 68.945, 22.295 ], [ 68.974, 22.405 ], [ 69.074, 22.482 ], [ 69.072, 22.399 ], [ 69.206, 22.399 ], [ 69.212, 22.274 ], [ 69.485, 22.348 ], [ 69.548, 22.452 ], [ 69.616, 22.356 ], [ 69.733, 22.48 ], [ 69.789, 22.423 ], [ 69.962, 22.535 ], [ 70.178, 22.562 ], [ 70.375, 22.903 ], [ 70.527, 23.024 ], [ 70.467, 23.13 ], [ 70.399, 23.069 ], [ 70.399, 22.946 ], [ 70.233, 23.0 ], [ 70.204, 22.952 ], [ 69.833, 22.858 ], [ 69.716, 22.747 ], [ 69.239, 22.842 ], [ 68.866, 23.02 ], [ 68.623, 23.192 ], [ 68.607, 23.326 ], [ 68.424, 23.446 ], [ 68.486, 23.514 ], [ 68.428, 23.631 ], [ 68.539, 23.684 ], [ 68.822, 23.878 ], [ 68.633, 23.833 ], [ 68.588, 23.776 ], [ 68.411, 23.701 ], [ 68.327, 23.587 ], [ 68.157, 23.601 ], [ 68.276, 23.666 ], [ 68.164, 23.758 ], [ 68.183, 23.842 ], [ 68.144, 23.743 ], [ 68.157, 23.696 ], [ 68.063, 23.723 ], [ 68.102, 23.816 ], [ 68.014, 23.769 ], [ 67.869, 23.85 ], [ 67.832, 23.81 ], [ 67.632, 23.803 ], [ 67.547, 23.898 ], [ 67.491, 23.883 ], [ 67.51, 24.052 ], [ 67.354, 24.071 ], [ 67.3, 24.186 ], [ 67.286, 24.33 ], [ 67.157, 24.663 ], [ 67.253, 24.74 ], [ 67.14, 24.803 ], [ 67.083, 24.774 ], [ 66.958, 24.844 ], [ 66.68, 24.831 ], [ 67.014980084411619, 25.033443717366925 ], [ 67.144245356182353, 25.327228425936781 ], [ 67.418444417514209, 25.718941370696591 ], [ 67.465449970885388, 25.997057561476055 ], [ 67.140328226734752, 26.486698742425816 ], [ 67.203002297896319, 27.035096865089546 ], [ 67.140328226734752, 27.340632962002196 ], [ 67.332267569667053, 27.646169058914843 ], [ 67.289179145743475, 27.900782473008718 ], [ 67.508538394808966, 28.296412547216125 ], [ 67.461532841437801, 28.58236299689079 ], [ 67.50853839480898, 29.072004177840551 ], [ 67.264895755357458, 29.339488737962014 ], [ 67.133641933670319, 29.567455901944925 ], [ 66.636259030434886, 29.677985435997243 ], [ 66.097427551929826, 29.677985435997243 ], [ 65.441158443494174, 29.892136408223621 ], [ 64.902326964989129, 30.320438352676359 ], [ 64.729624568032378, 30.845453639424875 ], [ 64.729624568032378, 31.550079419008412 ], [ 64.791797430936825, 31.860943733530565 ], [ 64.999040307284929, 32.199440431565804 ], [ 65.220099375389566, 32.955876930236364 ], [ 65.348560496493135, 33.172323132877239 ], [ 65.036829713374601, 34.191692365851246 ], [ 65.295360256916069, 34.591239569506264 ], [ 66.102288923121279, 34.873272889733322 ], [ 66.235471324339613, 35.06912936211323 ], [ 66.713361116946572, 35.468676565768234 ], [ 67.058068508335197, 35.562687672510584 ], [ 67.504621265361394, 35.993571911746379 ], [ 67.684809219950907, 36.048411724012752 ], [ 67.755317550007675, 36.330445044239816 ], [ 67.888499951226009, 36.792666319056387 ], [ 68.011, 36.931 ], [ 68.186, 37.018 ], [ 68.278, 37.01 ], [ 68.307, 37.114 ], [ 68.627, 37.206 ], [ 68.669, 37.278 ], [ 68.82, 37.251 ], [ 68.814, 37.323 ], [ 68.965, 37.329 ], [ 69.124, 37.169 ], [ 69.246, 37.104 ], [ 69.324, 37.121 ], [ 69.445, 37.236 ], [ 69.378, 37.437 ], [ 69.529, 37.586 ], [ 69.802, 37.582 ], [ 69.895, 37.618 ], [ 70.017, 37.546 ], [ 70.158, 37.541 ], [ 70.283, 37.705 ], [ 70.172, 37.946 ], [ 70.262, 37.939 ], [ 70.483, 38.137 ], [ 70.596, 38.338 ], [ 70.761, 38.444 ], [ 71.05, 38.409 ], [ 71.334, 38.281 ], [ 71.365, 38.207 ], [ 71.258, 37.926 ], [ 71.341, 37.893 ], [ 71.501, 37.946 ], [ 71.598, 37.898 ], [ 71.538, 37.779 ], [ 71.497, 37.567 ], [ 71.487, 37.267 ], [ 71.431, 37.067 ], [ 71.463, 36.948 ], [ 71.611, 36.705 ], [ 72.291422145257556, 36.040936364476359 ], [ 72.706420121447422, 35.54047092218623 ], [ 72.908698498017628, 35.31060913062916 ], [ 73.090289313347668, 34.984205386618193 ], [ 73.223609152450777, 34.892260669995359 ], [ 73.026857551267724, 34.579211429233432 ], [ 73.232816352103129, 34.663276245900946 ], [ 73.539652932939589, 34.612837355900439 ], [ 74.035635351277932, 34.688495690901206 ], [ 74.607276104617057, 34.566601706733309 ], [ 75.006583983787763, 34.478333649232411 ], [ 75.452190325111815, 34.239892037945275 ], [ 75.593555326919414, 33.998537156810357 ], [ 75.772847524333926, 33.857172155002765 ], [ 75.924556306761588, 33.767526056295509 ], [ 76.007306551722124, 33.691671665081678 ], [ 76.127983992289586, 33.48824397955368 ], [ 76.317619970324159, 33.339983123999367 ], [ 76.877026154640021, 32.63731416421377 ], [ 76.818180782972746, 32.397729436711344 ], [ 76.988619866288005, 31.572995513343301 ], [ 77.76919117851979, 30.843971363240023 ], [ 78.071110270986807, 30.659874355638181 ], [ 78.792770540785995, 30.151766614657109 ], [ 79.77953050153188, 29.378559182729379 ], [ 81.318581485083257, 28.759993237187199 ], [ 82.364252488261698, 28.20770221438168 ], [ 83.469469522610993, 27.89937792197605 ], [ 83.847814758690305, 27.784837815246586 ], [ 84.028489436982312, 27.662775071880237 ], [ 84.337772409753413, 27.618591790055795 ], [ 85.103615961377059, 27.375583740021369 ], [ 85.427626694756299, 27.338764338501001 ], [ 85.869459513000706, 27.13257568998694 ], [ 86.1492869645555, 27.066300767250279 ], [ 86.561664261583616, 26.911659280864733 ], [ 87.15813856621358, 26.874839879344364 ], [ 87.7104295890191, 26.74229003387104 ], [ 88.169, 26.744 ], [ 88.303221953496987, 26.872998909268343 ], [ 88.472591200490683, 26.902454430484639 ], [ 88.734008951285333, 27.018435545273796 ], [ 88.886, 26.979 ], [ 89.097, 26.821 ], [ 89.342, 26.854 ], [ 89.443, 26.797 ], [ 89.611, 26.766 ], [ 89.598, 26.721 ], [ 89.817, 26.696 ], [ 90.089, 26.742 ], [ 90.434197914574227, 26.467633275102628 ], [ 90.673791313787603, 26.309192478848633 ], [ 90.975179471584283, 26.062760760119687 ], [ 91.061377643418183, 25.945531246425581 ], [ 91.154471668998823, 25.6869367309239 ], [ 91.259633438636129, 25.314560628601452 ], [ 91.266464747272806, 24.718586752126438 ], [ 91.131326022606416, 24.154732073345983 ], [ 91.187245494882163, 23.847174975829372 ], [ 91.387623603870267, 23.465058581945097 ], [ 91.508782460467714, 22.989743067601243 ], [ 91.456, 22.785 ], [ 91.182, 22.726 ], [ 91.253, 22.661 ], [ 91.242, 22.575 ], [ 91.127, 22.527 ], [ 91.04, 22.608 ], [ 90.955, 22.576 ], [ 90.774, 22.778 ], [ 90.717, 22.941 ], [ 90.627, 23.087 ], [ 90.667, 23.268 ], [ 90.599, 23.391 ], [ 90.612, 23.606 ], [ 90.498, 23.557 ], [ 90.577, 23.539 ], [ 90.552, 23.385 ], [ 90.259, 23.445 ], [ 90.428, 23.326 ], [ 90.607, 23.247 ], [ 90.566, 23.076 ], [ 90.454, 23.072 ], [ 90.54, 22.897 ], [ 90.476, 22.884 ], [ 90.406, 22.763 ], [ 90.49, 22.72 ], [ 90.513, 22.611 ], [ 90.607, 22.466 ], [ 90.613, 22.315 ], [ 90.558, 22.203 ], [ 90.439, 22.076 ], [ 90.387, 22.103 ], [ 90.309, 21.984 ], [ 90.273, 21.857 ], [ 90.185, 21.801 ], [ 90.093, 21.83 ], [ 90.126, 21.901 ], [ 90.024, 21.862 ], [ 90.086, 22.0 ], [ 89.996, 22.0 ], [ 90.035, 22.105 ], [ 89.934, 21.998 ], [ 89.88, 22.288 ], [ 89.839, 22.268 ], [ 89.874, 22.109 ], [ 89.836, 22.049 ], [ 89.887, 21.9 ], [ 89.814, 21.841 ], [ 89.661, 21.849 ], [ 89.701, 21.785 ], [ 89.537, 21.754 ], [ 89.568, 21.901 ], [ 89.467, 22.229 ], [ 89.522, 21.962 ], [ 89.466, 21.781 ], [ 89.37, 21.743 ], [ 89.383, 21.921 ], [ 89.296, 21.809 ], [ 89.229, 21.644 ], [ 89.174, 21.81 ], [ 89.105, 21.816 ], [ 89.06, 22.13 ], [ 89.061, 21.938 ], [ 89.01, 21.905 ], [ 89.085, 21.675 ], [ 89.0, 21.603 ], [ 88.882, 21.672 ], [ 88.762, 21.556 ], [ 88.685, 21.697 ], [ 88.731, 22.037 ], [ 88.69, 21.946 ], [ 88.626, 21.956 ], [ 88.639, 22.11 ], [ 88.567, 21.851 ], [ 88.624, 21.778 ], [ 88.572, 21.558 ], [ 88.494, 21.535 ], [ 88.53, 21.658 ], [ 88.531, 21.824 ], [ 88.458, 21.759 ], [ 88.456, 21.624 ], [ 88.393, 21.6 ], [ 88.356, 21.685 ], [ 88.306, 21.572 ], [ 88.249, 21.558 ], [ 88.181, 21.685 ], [ 88.204, 21.805 ], [ 88.147, 21.959 ], [ 88.222, 22.078 ], [ 88.198, 22.168 ], [ 88.009, 22.24 ], [ 87.94, 22.413 ], [ 87.948, 22.278 ], [ 88.008, 22.205 ], [ 88.161, 22.157 ], [ 88.141, 22.06 ], [ 88.051, 21.985 ], [ 87.97, 21.836 ], [ 87.704, 21.656 ], [ 87.621, 21.651 ], [ 87.342, 21.562 ], [ 87.201, 21.552 ], [ 87.064, 21.475 ], [ 86.918, 21.327 ], [ 86.837, 21.175 ], [ 86.844, 21.082 ], [ 86.952, 20.849 ], [ 86.995, 20.671 ], [ 86.774, 20.512 ], [ 86.717, 20.287 ], [ 86.495, 20.184 ], [ 86.397, 19.983 ], [ 86.275, 20.067 ], [ 86.168, 20.073 ], [ 86.372, 19.965 ], [ 86.269, 19.91 ], [ 85.744, 19.766 ], [ 85.45, 19.667 ], [ 85.427, 19.704 ], [ 85.563, 19.757 ], [ 85.57, 19.876 ], [ 85.464, 19.903 ], [ 85.221, 19.736 ], [ 85.103, 19.53 ], [ 85.203, 19.517 ], [ 85.261, 19.656 ], [ 85.391, 19.691 ], [ 85.337, 19.575 ], [ 85.18, 19.475 ], [ 84.872, 19.22 ], [ 84.796749797209515, 19.114577007730571 ], [ 84.414851598527363, 19.24860330651315 ], [ 84.082079288595637, 19.293304064563682 ], [ 83.734406725980392, 19.089667277889042 ], [ 83.406601166943176, 18.960531754631951 ], [ 82.654138406425901, 18.948114877395685 ], [ 82.296532342021649, 19.072283649758273 ], [ 81.630987722158196, 19.246119931065891 ], [ 81.104512127340826, 19.121951158703308 ], [ 80.60287028699598, 19.256053432854898 ], [ 80.364466244059813, 19.21631942569887 ], [ 80.170762959174183, 18.838846357716612 ], [ 79.49776821296895, 18.77924534698257 ], [ 79.023443502543884, 19.067316898863769 ], [ 78.742822077004433, 19.062350147969266 ], [ 78.205365680695238, 18.962738358301504 ], [ 78.114474297036466, 19.230676685680425 ], [ 77.712293585375917, 19.764003281578098 ], [ 77.659835231681058, 19.915549636696554 ], [ 77.432515699003361, 20.017551991103211 ], [ 77.193538754393472, 19.953436225476171 ], [ 76.794272395715979, 20.08749646269635 ], [ 76.695184394292369, 20.166183993238629 ], [ 76.593182039885704, 20.311901642391 ], [ 76.077341561886314, 20.585850822797454 ], [ 75.680989556191875, 20.649966588424498 ], [ 75.264237079616095, 20.550878587000884 ] ] ] ] } },
{ "type": "Feature", "properties": { "id": "virginia", "colorId": "britain", "name": null, "parent": "england1282" }, "geometry": { "type": "MultiPolygon", "coordinates": [ [ [ [ -76.723600485435313, 37.158938811298682 ], [ -76.764671418137809, 37.106810319791691 ], [ -76.829437119707109, 37.15893881129869 ], [ -76.861030144862866, 37.294788819468437 ], [ -76.778888279457888, 37.329541147139771 ], [ -76.688848157763985, 37.294788819468437 ], [ -76.723600485435313, 37.158938811298682 ] ] ] ] } },
{ "type": "Feature", "properties": { "id": "micronesia1574", "colorId": null, "name": "Микронезия", "parent": null }, "geometry": { "type": "MultiPolygon", "coordinates": [ [ [ [ 166.916, -0.548 ], [ 166.939, -0.49 ], [ 166.958, -0.518 ], [ 166.916, -0.548 ] ] ], [ [ [ -157.179, 1.718 ], [ -157.411, 1.782 ], [ -157.581, 1.88 ], [ -157.429, 1.839 ], [ -157.42, 1.929 ], [ -157.355, 1.948 ], [ -157.496, 2.034 ], [ -157.322, 1.972 ], [ -157.348, 1.861 ], [ -157.191, 1.764 ], [ -157.179, 1.718 ] ] ] ] } },
{ "type": "Feature", "properties": { "id": "libyan1543", "colorId": null, "name": "ливийцы", "parent": null }, "geometry": { "type": "MultiPolygon", "coordinates": [ [ [ [ 15.172084798229585, 28.614599344065002 ], [ 15.958212125354743, 30.904022787973396 ], [ 17.102923847308922, 30.800584981772719 ], [ 17.413237265910958, 30.690251321825329 ], [ 17.544258487098485, 30.566125954384514 ], [ 19.144096556335647, 29.876540579713328 ], [ 19.83368193100684, 30.055832777127836 ], [ 20.123307788368741, 30.21443741330221 ], [ 20.688767795599119, 30.793689128026013 ], [ 21.419728292750584, 30.924710349213534 ], [ 22.219647327369167, 30.814376689266144 ], [ 22.702357089639001, 30.676459614331904 ], [ 23.371254903070056, 30.531646685650955 ], [ 23.844891267931494, 30.321568005960572 ], [ 24.303088435721186, 30.195018311999611 ], [ 24.647827257201044, 29.972465401930332 ], [ 24.707829267268728, 29.850279490519753 ], [ 24.805, 29.755 ], [ 24.90747231894855, 29.695365209981336 ], [ 25.217300880025387, 29.210985346889377 ], [ 25.692953178016591, 28.83570004755687 ], [ 26.229698431713082, 28.626238485138735 ], [ 26.639893991448616, 28.556417964332688 ], [ 27.556288327027996, 28.669876310642518 ], [ 28.555594531064557, 28.571691203259014 ], [ 28.87415065724214, 28.436413944197291 ], [ 29.197070565970115, 28.331683162988224 ], [ 29.694541776713201, 28.080765666341488 ], [ 30.146193270677319, 27.725117388485678 ], [ 30.268379182087902, 27.550566086470557 ], [ 30.399292658599244, 27.245101307944097 ], [ 30.665483394172295, 26.882907356262724 ], [ 30.831307131086664, 26.73453874954987 ], [ 30.940401694846113, 26.538168534782859 ], [ 31.080042736458211, 26.420346405922654 ], [ 31.197864865318415, 26.359253450217363 ], [ 31.717154988813398, 25.791961718668222 ], [ 31.930980333781918, 25.447222897188361 ], [ 32.36735858881972, 24.648650690469189 ], [ 32.482254480682116, 23.886131522191736 ], [ 32.575348507856745, 23.69994346784247 ], [ 32.217899036469284, 22.66749341259758 ], [ 31.816431041834498, 21.716188816615162 ], [ 31.292777135789141, 20.529239962912346 ], [ 30.736741471157703, 19.510712244983942 ], [ 30.333334020067621, 19.215914492264268 ], [ 29.666160158649415, 18.897843232750937 ], [ 29.410151583919166, 18.393583918888339 ], [ 29.34808889913608, 17.935871618613056 ], [ 28.204777877897623, 16.664556310009463 ], [ 26.234309189676512, 15.631978965608198 ], [ 24.587247320788435, 14.753219529131705 ], [ 21.95423698365034, 13.727586037909456 ], [ 20.87513679142511, 13.704338460599557 ], [ 20.126502896328684, 13.997146056573087 ], [ 19.809293623979933, 14.941878019872631 ], [ 19.655757204874337, 15.682899314316352 ], [ 19.539997037850711, 17.121632818752843 ], [ 19.060419203038549, 17.99810265478887 ], [ 18.117800700131884, 18.833229574030739 ], [ 17.142107863789896, 19.246658741972258 ], [ 16.397935361495161, 19.238390158613424 ], [ 15.141110690952939, 18.973795491130851 ], [ 14.231566521481597, 18.54382915647167 ], [ 13.570079852775166, 18.097325655094828 ], [ 12.677072850021482, 17.270467319211789 ], [ 12.13385216389147, 16.223699928583962 ], [ 11.472358506234299, 15.369977344770009 ], [ 11.020055150571276, 14.465370633443962 ], [ 10.646904882149283, 14.058297613347243 ], [ 10.481688081377998, 14.992585691809268 ], [ 11.125827787000272, 18.123151169415586 ], [ 12.746083315120813, 21.710614009334915 ], [ 14.036301425992287, 25.023114252721747 ], [ 15.172084798229585, 28.614599344065002 ] ] ] ] } },
{ "type": "Feature", "properties": { "id": "malagasy", "colorId": null, "name": "малагасийцы", "parent": null }, "geometry": { "type": "MultiPolygon", "coordinates": [ [ [ [ 44.453, -16.187 ], [ 44.755, -16.197 ], [ 44.854, -16.225 ], [ 45.04, -16.118 ], [ 45.139, -15.991 ], [ 45.266, -15.924 ], [ 45.379, -15.974 ], [ 45.612, -15.981 ], [ 45.621, -15.851 ], [ 45.694, -15.783 ], [ 45.802, -15.817 ], [ 45.956, -15.783 ], [ 46.051, -15.749 ], [ 46.219, -15.707 ], [ 46.333, -15.63 ], [ 46.482, -15.491 ], [ 46.701, -15.364 ], [ 46.879, -15.225 ], [ 46.971, -15.198 ], [ 47.092, -15.135 ], [ 47.206, -15.047 ], [ 47.292, -14.923 ], [ 47.32, -14.8 ], [ 47.459, -14.662 ], [ 47.709, -14.37 ], [ 47.814, -14.216 ], [ 47.907, -14.1 ], [ 47.941, -14.004 ], [ 47.917, -13.898 ], [ 47.876, -13.784 ], [ 47.904, -13.603 ], [ 47.966, -13.521 ], [ 48.015, -13.58 ], [ 48.084, -13.529 ], [ 48.142, -13.595 ], [ 48.332, -13.661 ], [ 48.428, -13.524 ], [ 48.596, -13.443 ], [ 48.747, -13.412 ], [ 48.839, -13.26 ], [ 48.844, -13.081 ], [ 48.942, -12.928 ], [ 48.955, -12.812 ], [ 48.866, -12.637 ], [ 48.887, -12.565 ], [ 48.73, -12.435 ], [ 48.853, -12.414 ], [ 48.955, -12.469 ], [ 48.985, -12.333 ], [ 49.12, -12.243 ], [ 49.13, -12.097 ], [ 49.26, -11.944 ], [ 49.323, -12.0 ], [ 49.367, -12.199 ], [ 49.455, -12.351 ], [ 49.512, -12.349 ], [ 49.593, -12.503 ], [ 49.563, -12.617 ], [ 49.712, -12.749 ], [ 49.805, -12.805 ], [ 49.942, -13.034 ], [ 49.935, -13.168 ], [ 49.973, -13.331 ], [ 50.033, -13.361 ], [ 50.041, -13.497 ], [ 50.143, -13.783 ], [ 50.174, -14.057 ], [ 50.162, -14.202 ], [ 50.213, -14.287 ], [ 50.191, -14.457 ], [ 50.232, -14.738 ], [ 50.355, -15.033 ], [ 50.477, -15.195 ], [ 50.504, -15.316 ], [ 50.483, -15.443 ], [ 50.337, -15.811 ], [ 50.23, -15.971 ], [ 49.85, -16.241 ], [ 49.849, -16.552 ], [ 49.723, -16.708 ], [ 49.625, -16.886 ], [ 49.529, -17.042 ], [ 49.431, -17.284 ], [ 49.504, -17.663 ], [ 49.498, -17.797 ], [ 47.126, -24.934 ], [ 46.955, -25.071 ], [ 46.926, -25.047 ], [ 46.77, -25.153 ], [ 46.654, -25.184 ], [ 46.387, -25.165 ], [ 46.238, -25.198 ], [ 45.774, -25.408 ], [ 45.674, -25.494 ], [ 45.492, -25.574 ], [ 45.136, -25.584 ], [ 45.118, -25.53 ], [ 44.981, -25.472 ], [ 44.835, -25.344 ], [ 44.728, -25.304 ], [ 44.369, -25.257 ], [ 44.187, -25.067 ], [ 44.029, -24.999 ], [ 44.001, -24.865 ], [ 43.928, -24.775 ], [ 43.928, -24.652 ], [ 43.84, -24.506 ], [ 43.707, -24.406 ], [ 43.656, -24.185 ], [ 43.664, -23.867 ], [ 43.629, -23.339 ], [ 43.583, -23.076 ], [ 43.488, -23.002 ], [ 43.357, -22.83 ], [ 43.285, -22.587 ], [ 43.278, -22.426 ], [ 43.225, -22.234 ], [ 43.295, -22.234 ], [ 43.247, -22.035 ], [ 43.347, -21.75 ], [ 43.473, -21.672 ], [ 43.473, -21.405 ], [ 43.507, -21.31 ], [ 43.735, -21.282 ], [ 43.813, -21.224 ], [ 43.902, -20.883 ], [ 43.965, -20.767 ], [ 44.036, -20.726 ], [ 44.126, -20.498 ], [ 44.255, -20.376 ], [ 44.356, -20.138 ], [ 44.439, -20.055 ], [ 44.479, -19.913 ], [ 44.371, -19.774 ], [ 44.405, -19.61 ], [ 44.484, -19.523 ], [ 44.46, -19.418 ], [ 44.228, -19.055 ], [ 44.257, -18.804 ], [ 44.186, -18.611 ], [ 44.05, -18.427 ], [ 44.042, -18.198 ], [ 44.001, -17.938 ], [ 44.036, -17.769 ], [ 43.929, -17.602 ], [ 43.943, -17.456 ], [ 44.18, -17.095 ], [ 44.238, -16.971 ], [ 44.431, -16.7 ], [ 44.417, -16.549 ], [ 44.463, -16.485 ], [ 44.401, -16.373 ], [ 44.453, -16.187 ] ] ] ] } },
{ "type": "Feature", "properties": { "id": "sp_florida1589", "colorId": "spain", "name": null, "parent": "spain" }, "geometry": { "type": "MultiPolygon", "coordinates": [ [ [ [ -80.196, 25.754 ], [ -80.252, 25.721 ], [ -80.30057629418971, 25.598479786414849 ], [ -80.468672106359506, 25.709252802720098 ], [ -80.460981997298944, 25.903633849564471 ], [ -80.368280316395698, 26.082933354252049 ], [ -80.10486112086214, 26.173495455298067 ], [ -80.141, 25.901 ], [ -80.196, 25.754 ] ] ], [ [ [ -82.067991229928808, 27.776778138000537 ], [ -82.114826356860718, 27.698142728824692 ], [ -82.364972503435141, 27.528400700792055 ], [ -82.550348665628675, 27.637839639918361 ], [ -82.377657038515792, 27.755664560142336 ], [ -82.377657038515792, 27.827802617824528 ], [ -82.423403123875246, 27.88586495693459 ], [ -82.599349606026948, 27.949205690509203 ], [ -82.648614621029424, 28.001989635154715 ], [ -82.500819576021996, 28.118114313374836 ], [ -82.370619179229735, 28.156822539448211 ], [ -82.243937712080509, 28.118114313374836 ], [ -82.064472300285772, 27.970319268367408 ], [ -82.067991229928808, 27.776778138000537 ] ] ], [ [ [ -81.760084886163327, 29.643570313630065 ], [ -82.024004609390886, 29.643570313630065 ], [ -82.224583599043811, 29.766732851136254 ], [ -82.42516258869675, 30.030652574363806 ], [ -82.42516258869675, 30.470518779743053 ], [ -82.182356443327407, 30.748514221542738 ], [ -82.178837513684371, 30.885752477621065 ], [ -81.857126024282309, 31.609114416438867 ], [ -81.584138404011625, 31.955507089103392 ], [ -81.112601831845069, 32.462232957700294 ], [ -80.964806786837642, 32.560762987705239 ], [ -80.736076360040443, 32.560762987705246 ], [ -80.648103118964585, 32.455195098414229 ], [ -80.43, 32.41 ], [ -80.471, 32.323 ], [ -80.637, 32.267 ], [ -80.888, 32.069 ], [ -80.836, 32.003 ], [ -81.04, 31.827 ], [ -81.124698868484401, 31.623722715603961 ], [ -81.27, 31.275 ], [ -81.386, 31.142 ], [ -81.424, 31.025 ], [ -81.44, 30.701 ], [ -81.438, 30.524 ], [ -81.395, 30.299 ], [ -81.26670381161415, 29.836804834377876 ], [ -81.573581615082531, 29.682278539703439 ], [ -81.760084886163327, 29.643570313630065 ] ] ] ] } },
{ "type": "Feature", "properties": { "id": "bukhara1503", "colorId": "bukhara", "name": "Бухара", "parent": null }, "geometry": { "type": "MultiPolygon", "coordinates": [ [ [ [ 72.960319958688629, 41.909307902928248 ], [ 72.652340564119598, 41.555442717887274 ], [ 72.08448766587999, 41.027299812531545 ], [ 71.937560692209587, 39.347567113543036 ], [ 71.667532740599142, 38.988191677943838 ], [ 71.371693293614172, 38.740004222419529 ], [ 71.185056327059883, 38.632787241633032 ], [ 71.05, 38.409 ], [ 70.761, 38.444 ], [ 70.596, 38.338 ], [ 70.483, 38.137 ], [ 70.262, 37.939 ], [ 70.172, 37.946 ], [ 70.283, 37.705 ], [ 70.158, 37.541 ], [ 70.017, 37.546 ], [ 69.895, 37.618 ], [ 69.802, 37.582 ], [ 69.529, 37.586 ], [ 69.378, 37.437 ], [ 69.445, 37.236 ], [ 69.324, 37.121 ], [ 69.246, 37.104 ], [ 69.124, 37.169 ], [ 68.965, 37.329 ], [ 68.814, 37.323 ], [ 68.82, 37.251 ], [ 68.669, 37.278 ], [ 68.627, 37.206 ], [ 68.307, 37.114 ], [ 68.278, 37.01 ], [ 68.186, 37.018 ], [ 68.011, 36.931 ], [ 67.878, 37.064 ], [ 67.785, 37.097 ], [ 67.781, 37.189 ], [ 67.482, 37.277 ], [ 67.237, 37.192 ], [ 66.911595645026338, 37.19495610744589 ], [ 66.241420822554943, 37.162264652691185 ], [ 65.309714362045938, 37.525957086837238 ], [ 65.048182724008328, 37.869217361761613 ], [ 63.912154671282408, 38.408626365214204 ], [ 63.348227076763791, 38.96438109604415 ], [ 62.522767844207529, 39.491530803963748 ], [ 61.975185977066303, 39.732630282779681 ], [ 61.775245181521889, 40.219823734983812 ], [ 61.654, 41.249 ], [ 61.526994446640302, 42.598893277599416 ], [ 61.306327126745515, 43.185040846069931 ], [ 61.002909561890192, 43.660854754593053 ], [ 60.554679068353906, 44.591795010399174 ], [ 61.063137338298887, 46.092555564220334 ], [ 61.244264443025109, 46.288175032090294 ], [ 61.975224940176581, 46.212320640876484 ], [ 62.085558600123974, 46.081299419688953 ], [ 61.954537378936443, 45.943382344754717 ], [ 62.230371528804923, 45.805465269820481 ], [ 62.830310804768864, 45.964069905994855 ], [ 63.457833495719647, 45.681339902379662 ], [ 63.68539666936114, 45.798569416073768 ], [ 64.016397649203313, 45.853736246047461 ], [ 64.126731309150699, 45.605485511165831 ], [ 64.457732288992887, 45.522735266205288 ], [ 64.76114985384821, 45.184838432616402 ], [ 65.567964742213505, 45.081400626415729 ], [ 66.098945480710313, 44.784878915307111 ], [ 66.809218416621647, 44.019439149422091 ], [ 67.602241597493517, 43.957376465701678 ], [ 68.340097948391701, 43.791875975780592 ], [ 69.284829911691233, 43.598792070872662 ], [ 70.595042123566486, 43.412604019711438 ], [ 72.108682020969709, 43.20572840731009 ], [ 72.960319958688629, 41.909307902928248 ] ] ] ] } },
{ "type": "Feature", "properties": { "id": "en_guyana1609", "colorId": "britain", "name": null, "parent": "england1282" }, "geometry": { "type": "MultiPolygon", "coordinates": [ [ [ [ -54.428647859499002, 4.369889302774355 ], [ -56.054256580252215, 4.350303655536367 ], [ -56.508643596173592, 4.271961066584405 ], [ -57.080544495522915, 4.334635137745974 ], [ -57.957981491784885, 4.553994386811467 ], [ -58.70223608682852, 4.624502716868232 ], [ -58.916505093978358, 4.900899515545706 ], [ -58.816778166895446, 5.466018769015518 ], [ -58.712302338522875, 5.641728116733022 ], [ -58.636319917888287, 5.90766658895411 ], [ -58.769289153998827, 6.192600666333847 ], [ -57.167, 6.085 ], [ -57.137, 5.882 ], [ -57.183, 5.731 ], [ -57.162, 5.639 ], [ -57.248, 5.485 ], [ -57.18, 5.531 ], [ -57.126, 5.818 ], [ -57.066, 5.95 ], [ -56.957, 6.012 ], [ -56.66, 5.98 ], [ -56.574, 5.941 ], [ -56.304, 5.893 ], [ -55.947, 5.896 ], [ -55.844, 5.976 ], [ -55.637, 5.986 ], [ -55.336, 5.963 ], [ -55.16, 5.958 ], [ -55.085, 5.991 ], [ -54.774, 5.985 ], [ -54.472, 5.941 ], [ -54.037, 5.842 ], [ -53.986, 5.746 ], [ -54.074, 5.49 ], [ -54.171, 5.348 ], [ -54.269, 5.269 ], [ -54.43, 5.053 ], [ -54.482, 4.913 ], [ -54.479, 4.755 ], [ -54.435, 4.709 ], [ -54.451, 4.484 ], [ -54.428647859499002, 4.369889302774355 ] ] ] ] } },
{ "type": "Feature", "properties": { "id": "holy_roman1477", "colorId": "germany", "name": "Священная Римская империя", "parent": null }, "geometry": { "type": "MultiPolygon", "coordinates": [ [ [ [ 10.588489016362782, 46.310910622961487 ], [ 10.505645363178106, 46.095517124681329 ], [ 10.29813653484813, 46.193371088449517 ], [ 10.080818258960818, 46.102237617916124 ], [ 9.632161173257977, 46.042650348721217 ], [ 9.516491768350214, 46.084711950505863 ], [ 9.323709426837276, 46.018114414346847 ], [ 9.260617024160315, 46.210896755859785 ], [ 9.123916818360231, 46.214401889341836 ], [ 9.072, 46.119 ], [ 8.983, 45.972 ], [ 9.059, 45.882 ], [ 8.9, 45.826 ], [ 8.871, 45.947 ], [ 8.768, 45.983 ], [ 8.834, 46.066 ], [ 8.602, 46.123 ], [ 8.427, 46.251 ], [ 8.442, 46.435 ], [ 8.389507797141928, 46.508699844940026 ], [ 8.244531404068745, 46.458993653029225 ], [ 8.073, 46.254 ], [ 8.111, 46.127 ], [ 7.986, 45.999 ], [ 7.831, 45.914 ], [ 7.541, 45.984 ], [ 7.362, 45.908 ], [ 7.184, 45.88 ], [ 7.022, 45.925 ], [ 6.854, 46.123 ], [ 6.774, 46.135 ], [ 6.828, 46.269 ], [ 6.763, 46.429 ], [ 6.483, 46.449 ], [ 6.302, 46.394 ], [ 6.214, 46.315 ], [ 6.281, 46.24 ], [ 6.108, 46.139 ], [ 5.959, 46.13 ], [ 5.959, 46.212 ], [ 6.09, 46.246 ], [ 6.136, 46.359 ], [ 6.054, 46.419 ], [ 6.132, 46.596 ], [ 6.429, 46.761 ], [ 6.443, 46.944 ], [ 6.599, 46.987 ], [ 6.956, 47.245 ], [ 7.044, 47.34 ], [ 6.867, 47.354 ], [ 7.01, 47.499 ], [ 7.051528228365519, 47.599648513878435 ], [ 7.050204561937822, 47.737309822358803 ], [ 6.769239592234298, 47.860786162092111 ], [ 6.626631305075171, 47.922623122236239 ], [ 6.0521600754552, 48.05763709786121 ], [ 5.975387422648844, 47.980864445054856 ], [ 5.845668112734657, 47.946449117934762 ], [ 5.766497821837776, 48.210066024123613 ], [ 5.565465548347618, 48.317594914595091 ], [ 5.567803132923084, 48.544340618415397 ], [ 5.626242747309758, 48.588754725349268 ], [ 5.357420521131056, 48.649531924311411 ], [ 5.352745351980122, 48.780436660537561 ], [ 5.453261488725202, 48.930042073367439 ], [ 5.352745351980123, 49.098348162801059 ], [ 5.186776847121968, 49.121724008555731 ], [ 5.074572787499553, 49.088997824499195 ], [ 4.742635777783245, 49.201201884121609 ], [ 4.728610270330443, 49.264316667659216 ], [ 4.794062638443518, 49.301718020866687 ], [ 5.055872110895818, 49.329769035772287 ], [ 5.100286217829693, 49.388208650158944 ], [ 5.100286217829693, 49.521450970960565 ], [ 5.83779415138952, 49.491062371479543 ], [ 5.882208258323392, 49.411584495913672 ], [ 6.008437825398609, 49.329769035772323 ], [ 6.113629131294622, 49.332106620347794 ], [ 6.221158021766103, 49.411584495913672 ], [ 6.270247297850909, 49.507425463507815 ], [ 6.359486580275552, 49.646244232251703 ], [ 6.414448636732926, 49.742318739028605 ], [ 6.537128308604796, 49.886029211792795 ], [ 6.6948593152972, 49.956131881433869 ], [ 6.785992785830589, 50.050770485449313 ], [ 6.71589011618952, 50.173450157321177 ], [ 6.56166424297917, 50.169945023839126 ], [ 6.456510238517566, 50.103347487680111 ], [ 6.270738163968735, 50.229532293034033 ], [ 6.127027691204544, 50.713240713557404 ], [ 5.986822351922407, 50.809631884313909 ], [ 5.681875738983759, 50.807879317572876 ], [ 5.552185800147782, 50.674684245254845 ], [ 5.625793603270904, 50.625612376506098 ], [ 5.913214548799285, 50.601076442131728 ], [ 6.067440422009636, 50.474891636777798 ], [ 6.035894220671155, 50.348706831423875 ], [ 5.769504076035094, 50.250563093926381 ], [ 5.587152729463653, 50.325039603639645 ], [ 5.360577868981177, 50.318657213203522 ], [ 5.357386673763115, 50.213347771007442 ], [ 5.250481633958003, 50.095273547939108 ], [ 4.955296076287173, 50.095273547939108 ], [ 4.872, 50.14 ], [ 4.682, 50.084 ], [ 4.657, 49.989 ], [ 4.340571230802936, 50.024031654685963 ], [ 4.279794031840797, 50.369994171855083 ], [ 4.356934322831207, 50.428433786241754 ], [ 4.504150889013807, 50.429324901511094 ], [ 4.574253558654876, 50.313655496603324 ], [ 4.756520499721653, 50.222522026069932 ], [ 5.086003047034676, 50.282109295264839 ], [ 5.089508180516729, 50.439840301957247 ], [ 5.0088901104295, 50.562519973829112 ], [ 5.107033847926997, 50.73076638096768 ], [ 5.107033847926997, 50.979630858193474 ], [ 4.935282307306379, 51.105815663547396 ], [ 5.036931178285927, 51.151382398814093 ], [ 5.23321865328092, 51.172413199706412 ], [ 5.313836723368149, 51.242515869347478 ], [ 5.215, 51.259 ], [ 5.472, 51.288 ], [ 5.524144732291354, 51.189938867116666 ], [ 5.653834671127331, 51.186433733634615 ], [ 5.724146264387675, 51.08458338739306 ], [ 5.677941465097383, 51.005205911689224 ], [ 5.753764725471195, 50.951892681738883 ], [ 5.882901215795345, 50.992173788812472 ], [ 5.813001647638236, 51.049041234092833 ], [ 6.044025644089695, 51.133157663570032 ], [ 6.045210382533036, 51.235045169697351 ], [ 6.232399056580885, 51.372474829124883 ], [ 6.225290625920839, 51.471992858365496 ], [ 5.939, 51.732 ], [ 5.928, 51.807 ], [ 6.127, 51.897 ], [ 6.382, 51.828 ], [ 6.811, 51.961 ], [ 6.675, 52.035 ], [ 7.026, 52.231 ], [ 7.048, 52.365 ], [ 6.973, 52.451 ], [ 6.695, 52.476 ], [ 6.771, 52.641 ], [ 7.037, 52.647 ], [ 7.08, 52.854 ], [ 7.184, 52.966 ], [ 7.195, 53.245 ], [ 7.303, 53.333 ], [ 7.024, 53.376 ], [ 7.087, 53.587 ], [ 7.226, 53.666 ], [ 7.951, 53.722 ], [ 8.168, 53.553 ], [ 8.059, 53.502 ], [ 8.205, 53.411 ], [ 8.32, 53.509 ], [ 8.257, 53.604 ], [ 8.566, 53.547 ], [ 8.484, 53.684 ], [ 8.573, 53.858 ], [ 8.685, 53.888 ], [ 8.861, 53.831 ], [ 9.008, 53.892 ], [ 9.353398187034861, 53.853479637908315 ], [ 9.430585070616123, 53.729980624178296 ], [ 9.523209330913637, 53.591044233732028 ], [ 9.577402927989908, 53.571164538685103 ], [ 9.677583098076163, 53.534440519105765 ], [ 9.821665280761184, 53.539586311344515 ], [ 9.924581125536202, 53.637356363880784 ], [ 10.089246477176228, 53.729980624178296 ], [ 10.253911828816253, 53.66823111731329 ], [ 10.387489334613845, 53.807469869369719 ], [ 10.571586342215683, 53.836925390586018 ], [ 10.642419142841938, 53.916515592833015 ], [ 10.77620974104946, 53.984697339996451 ], [ 10.753, 54.044 ], [ 10.887, 53.964 ], [ 11.175, 54.018 ], [ 11.243, 53.945 ], [ 11.458, 53.906 ], [ 11.492, 54.002 ], [ 11.658, 54.142 ], [ 12.051, 54.18 ], [ 12.342, 54.304 ], [ 12.502, 54.474 ], [ 12.695, 54.434 ], [ 12.363, 54.31 ], [ 12.677, 54.392 ], [ 12.876, 54.365 ], [ 13.034, 54.434 ], [ 13.115, 54.28 ], [ 13.289, 54.234 ], [ 13.465, 54.098 ], [ 13.698, 54.153 ], [ 13.729, 54.144 ], [ 13.808, 54.105 ], [ 13.773, 54.046 ], [ 13.746, 54.036 ], [ 13.906, 53.943 ], [ 13.819, 53.878 ], [ 13.984, 53.774 ], [ 14.227, 53.759 ], [ 14.264, 53.7 ], [ 14.294, 53.749 ], [ 14.512, 53.666 ], [ 14.631, 53.852 ], [ 14.201, 53.878 ], [ 13.875, 53.844 ], [ 13.932, 53.899 ], [ 13.904, 53.995 ], [ 14.048, 53.941 ], [ 13.946, 54.067 ], [ 13.774, 54.023 ], [ 13.809, 54.075 ], [ 13.815, 54.101 ], [ 13.806, 54.117 ], [ 13.753, 54.153 ], [ 13.815, 54.174 ], [ 14.21, 53.938 ], [ 14.367, 53.917 ], [ 14.782, 54.035 ], [ 15.288, 54.139 ], [ 16.138, 54.29 ], [ 16.337, 54.359 ], [ 16.324, 54.401 ], [ 16.57, 54.557 ], [ 16.94, 54.606 ], [ 17.036, 54.667 ], [ 17.337, 54.749 ], [ 17.51930873240185, 54.77395101805223 ], [ 17.518584155589714, 54.562374588908177 ], [ 17.57075368606359, 54.47542537145172 ], [ 17.50699092659552, 54.371086310503976 ], [ 17.10702452629582, 54.05806912766073 ], [ 16.846176873926453, 54.005899597186854 ], [ 16.712854740493221, 53.837797776771041 ], [ 16.828787030435162, 53.67549257085232 ], [ 16.779515807209837, 53.463916141708289 ], [ 16.579532607059988, 53.426238147477157 ], [ 16.060735609569797, 53.776933324551528 ], [ 15.959294855870599, 53.782729939048629 ], [ 15.921616861639468, 53.736357023071854 ], [ 15.921616861639468, 53.626221347627009 ], [ 16.031752537084312, 53.539272130170552 ], [ 16.176667899511738, 53.518983979430715 ], [ 16.202752664748676, 53.472611063453925 ], [ 15.889735481905433, 53.362475388009081 ], [ 15.947701626876404, 53.240746483570042 ], [ 15.878142252911237, 53.130610808125198 ], [ 15.806462306152936, 52.828593593459004 ], [ 15.357897872858784, 52.736242092486684 ], [ 15.234762538229015, 52.617504448379407 ], [ 15.296330205543899, 52.507562185317113 ], [ 15.621759304208284, 52.358040707552398 ], [ 15.353522377544236, 52.269148509673968 ], [ 15.161631394234739, 52.194868129038035 ], [ 15.102826092897958, 52.139157843561087 ], [ 14.619162496990517, 52.205345954793465 ], [ 14.403540100302489, 52.316711368467502 ], [ 14.05522699796029, 52.387795675067949 ], [ 13.676110696091229, 52.264582876960503 ], [ 13.496030452703422, 52.148478509513119 ], [ 13.53631155977701, 51.899683436411543 ], [ 13.538681036663689, 51.639040978876551 ], [ 13.709283372504768, 51.489763935015624 ], [ 13.801692971085352, 51.347595321814723 ], [ 13.950970014946295, 51.186470893520372 ], [ 14.190287180501141, 51.022976988339337 ], [ 14.377475854548988, 50.942414774192159 ], [ 14.347, 50.88 ], [ 13.893, 50.78 ], [ 13.835, 50.724 ], [ 13.602, 50.712 ], [ 13.448, 50.597 ], [ 13.232, 50.582 ], [ 13.16, 50.497 ], [ 13.01, 50.493 ], [ 12.918, 50.405 ], [ 12.826, 50.441 ], [ 12.51, 50.389 ], [ 12.336, 50.259 ], [ 12.233, 50.259 ], [ 12.12868541891666, 50.188661750136866 ], [ 12.247, 50.045 ], [ 12.468, 49.97 ], [ 12.524, 49.905 ], [ 12.384, 49.743 ], [ 12.623, 49.51 ], [ 12.644, 49.429 ], [ 12.798, 49.328 ], [ 13.0, 49.295 ], [ 13.179, 49.118 ], [ 13.3, 49.094 ], [ 13.482, 48.938 ], [ 13.609, 48.946 ], [ 13.816, 48.766 ], [ 13.802, 48.612 ], [ 13.717, 48.522 ], [ 13.521, 48.585 ], [ 13.406, 48.377 ], [ 13.274, 48.307 ], [ 13.033, 48.264 ], [ 12.745, 48.121 ], [ 12.76, 48.065 ], [ 12.841140836304881, 48.030584584676014 ], [ 12.98197504671883, 48.074077502597973 ], [ 13.108311617825461, 47.974665118776358 ], [ 13.174586540373202, 48.01401585403908 ], [ 13.23671928026171, 48.009873671379843 ], [ 13.238790371591326, 47.856612912988197 ], [ 13.508032244441523, 47.750987255177733 ], [ 13.4562549612011, 47.630863958059948 ], [ 13.458326052530719, 47.550091396204891 ], [ 13.555667345022714, 47.456892286372131 ], [ 13.563951710341181, 47.334697897924727 ], [ 13.613657902251983, 47.278778432025071 ], [ 13.688217190118193, 47.243569879421578 ], [ 13.766918660643636, 47.284991706013919 ], [ 13.868402135794865, 47.218716783466178 ], [ 13.916037236376052, 47.108948942996484 ], [ 13.826980309202526, 46.945332727956746 ], [ 13.601231354274283, 47.082024755711458 ], [ 13.331989481424086, 47.111020034326096 ], [ 13.195297453669371, 47.073740390392992 ], [ 13.079316339210823, 47.00746546784525 ], [ 12.78729246173484, 47.111020034326103 ], [ 12.611249698717407, 47.115162216985361 ], [ 12.431064753040733, 47.181437139533088 ], [ 12.217742346090192, 47.094451303689176 ], [ 12.068623770357776, 47.146228586929602 ], [ 12.070694861687393, 47.313986984628571 ], [ 12.410353839744566, 47.313986984628571 ], [ 12.687880077913229, 47.496243021634861 ], [ 12.536690410851197, 47.668143601993052 ], [ 12.201424015603143, 47.68480538506325 ], [ 12.155857280336448, 47.621712982386285 ], [ 12.015651941054312, 47.621712982386285 ], [ 11.938539004449137, 47.660269450688872 ], [ 11.591530789725848, 47.558620579709327 ], [ 11.328645778571842, 47.495528177032362 ], [ 11.170914771879437, 47.425425507391296 ], [ 10.950091362510072, 47.411404973463085 ], [ 10.862463025458736, 47.53408464533495 ], [ 10.654068392229432, 47.581157766149154 ], [ 10.376542154060767, 47.626721775400725 ], [ 10.413821797993871, 47.469318834349842 ], [ 10.341333601457277, 47.415470459779804 ], [ 10.246063400294899, 47.301560436650874 ], [ 10.123869011847502, 47.307773710639722 ], [ 10.198428299713711, 47.407186094461331 ], [ 9.904333330908113, 47.618437410082258 ], [ 9.751072572516462, 47.647432688696895 ], [ 9.668228919331785, 47.56873121817145 ], [ 9.547, 47.535 ], [ 9.65, 47.41 ], [ 9.521, 47.263 ], [ 9.477, 47.064 ], [ 9.581, 47.057 ], [ 9.858, 47.015 ], [ 9.862, 46.94 ], [ 10.111, 46.847 ], [ 10.368, 46.996 ], [ 10.454, 46.864 ], [ 10.369, 46.672 ], [ 10.467, 46.604 ], [ 10.426, 46.535 ], [ 10.623347852786043, 46.447925230306588 ], [ 10.518071911155809, 46.373043362849991 ], [ 10.588489016362782, 46.310910622961487 ] ] ], [ [ [ 13.766, 54.345 ], [ 13.5, 54.345 ], [ 13.268, 54.256 ], [ 13.115, 54.338 ], [ 13.251, 54.387 ], [ 13.166, 54.549 ], [ 13.369, 54.585 ], [ 13.431, 54.493 ], [ 13.5, 54.557 ], [ 13.395, 54.604 ], [ 13.64, 54.586 ], [ 13.575, 54.472 ], [ 13.698, 54.392 ], [ 13.766, 54.345 ] ] ] ] } },
{ "type": "Feature", "properties": { "id": "den_norway1380", "colorId": "denmark", "name": null, "parent": "denmark849" }, "geometry": { "type": "MultiPolygon", "coordinates": [ [ [ [ 5.277, 59.299 ], [ 5.297, 59.169 ], [ 5.166, 59.196 ], [ 5.209, 59.416 ], [ 5.277, 59.299 ] ] ], [ [ [ 7.64, 63.055 ], [ 7.706, 63.007 ], [ 7.527, 62.946 ], [ 7.401, 63.055 ], [ 7.64, 63.055 ] ] ], [ [ [ 6.32, 62.609 ], [ 6.537, 62.616 ], [ 6.613, 62.561 ], [ 6.777, 62.65 ], [ 7.017, 62.842 ], [ 6.91, 62.929 ], [ 7.271, 63.014 ], [ 7.501, 62.911 ], [ 7.668, 62.979 ], [ 7.961, 63.028 ], [ 8.087, 63.11 ], [ 8.236, 63.151 ], [ 8.639, 63.392 ], [ 8.823, 63.429 ], [ 9.115, 63.418 ], [ 9.162, 63.507 ], [ 9.544, 63.666 ], [ 9.546, 63.774 ], [ 9.936, 63.959 ], [ 10.17, 64.199 ], [ 10.397, 64.264 ], [ 10.45, 64.35 ], [ 10.607, 64.366 ], [ 10.605, 64.452 ], [ 10.762, 64.48 ], [ 10.892, 64.475 ], [ 10.957, 64.603 ], [ 11.245, 64.858 ], [ 11.401, 64.922 ], [ 11.835, 64.987 ], [ 12.349, 65.638 ], [ 12.567, 65.767 ], [ 12.712, 66.042 ], [ 12.869, 66.134 ], [ 13.032, 66.198 ], [ 13.0, 66.357 ], [ 13.171, 66.412 ], [ 13.251, 66.633 ], [ 13.48, 66.675 ], [ 13.256, 66.724 ], [ 13.547, 66.724 ], [ 13.542, 66.803 ], [ 13.801, 66.81 ], [ 13.59, 66.938 ], [ 14.043, 66.995 ], [ 14.328, 67.242 ], [ 14.653, 67.426 ], [ 14.727, 67.489 ], [ 14.836, 67.643 ], [ 14.793, 67.729 ], [ 15.015, 67.747 ], [ 14.789, 67.823 ], [ 14.999, 67.895 ], [ 15.282, 68.037 ], [ 15.508, 68.132 ], [ 15.925, 68.132 ], [ 15.964, 68.247 ], [ 16.103, 68.283 ], [ 16.172, 68.318 ], [ 16.22, 68.351 ], [ 16.535, 68.438 ], [ 16.629, 68.642 ], [ 17.679, 69.092 ], [ 18.003, 69.286 ], [ 18.301, 69.487 ], [ 18.843137133517985, 70.012730363510528 ], [ 19.325184479001344, 70.087611504556492 ], [ 20.417, 69.89 ], [ 20.512, 69.769 ], [ 21.17, 69.876 ], [ 21.253, 70.003 ], [ 21.209, 70.208 ], [ 21.586, 70.312 ], [ 21.822, 70.269 ], [ 22.267, 70.295 ], [ 22.473702456418163, 70.393571166798964 ], [ 22.904269017432426, 70.440371879952679 ], [ 23.320795364500572, 70.557373662836994 ], [ 23.643720285261267, 70.707135944928908 ], [ 24.064926703644787, 70.665015303090556 ], [ 24.292, 70.764 ], [ 24.396, 70.867 ], [ 24.616, 70.78 ], [ 24.666, 70.978 ], [ 25.143, 70.922 ], [ 25.423, 70.86 ], [ 25.925, 70.856 ], [ 28.191, 71.086 ], [ 28.185, 70.997 ], [ 29.994, 70.713 ], [ 30.812, 70.415 ], [ 30.926, 70.456 ], [ 31.077, 70.284 ], [ 30.549, 70.249 ], [ 30.159, 70.071 ], [ 29.686, 69.97 ], [ 30.841, 69.806 ], [ 30.949217032429086, 69.70203472939707 ], [ 30.949217032429097, 69.528063057709218 ], [ 30.870515561903648, 69.262963367518267 ], [ 30.402448921410222, 68.931588754779568 ], [ 29.872249541028296, 68.451095566308453 ], [ 29.18095879042918, 69.056836659806791 ], [ 29.083020412446338, 69.018925029619894 ], [ 28.871347143902778, 69.120022710118306 ], [ 28.865, 69.217 ], [ 29.345, 69.464 ], [ 29.131, 69.674 ], [ 28.405, 69.802 ], [ 28.167, 69.894 ], [ 27.897, 70.071 ], [ 27.1, 69.902 ], [ 26.865, 69.938 ], [ 26.501, 69.918 ], [ 26.198, 69.715 ], [ 26.032, 69.697 ], [ 25.887, 69.521 ], [ 25.877, 69.371 ], [ 25.734, 69.191 ], [ 25.801, 69.013 ], [ 25.652, 68.883 ], [ 25.201, 68.813 ], [ 25.118, 68.638 ], [ 24.861, 68.563 ], [ 24.663, 68.666 ], [ 24.332, 68.709 ], [ 23.929, 68.816 ], [ 23.735, 68.715 ], [ 23.198, 68.618 ], [ 23.019, 68.687 ], [ 22.429, 68.71 ], [ 22.371, 68.823 ], [ 22.023, 69.012 ], [ 21.663, 69.263 ], [ 21.314, 69.291 ], [ 21.034, 69.181 ], [ 21.156, 69.088 ], [ 21.033, 69.041 ], [ 20.744, 69.104 ], [ 20.623, 69.036 ], [ 20.102, 69.022 ], [ 20.341, 68.91 ], [ 20.357, 68.805 ], [ 20.237, 68.659 ], [ 19.962, 68.541 ], [ 20.246, 68.477 ], [ 19.931, 68.35 ], [ 19.038, 68.506 ], [ 18.645, 68.501 ], [ 18.436, 68.574 ], [ 18.172, 68.536 ], [ 18.167, 68.158 ], [ 17.895, 67.97 ], [ 17.321, 68.105 ], [ 16.808, 67.911 ], [ 16.609, 67.647 ], [ 16.483, 67.558 ], [ 16.2, 67.508 ], [ 16.127, 67.423 ], [ 16.438, 67.2 ], [ 16.416, 67.053 ], [ 16.039, 66.888 ], [ 15.669, 66.599 ], [ 15.426, 66.491 ], [ 15.482, 66.275 ], [ 15.053, 66.153 ], [ 14.541, 66.125 ], [ 14.644, 65.843 ], [ 14.561, 65.701 ], [ 14.514, 65.318 ], [ 14.4, 65.255 ], [ 14.311, 65.084 ], [ 14.739786991733514, 64.921309666918447 ], [ 15.024124218135309, 64.763344541139674 ], [ 15.289505629443653, 64.68752128076585 ], [ 15.340054469692861, 64.573786390205143 ], [ 15.485382385409334, 64.535874760018231 ], [ 15.580161460876599, 64.42213986945751 ], [ 15.940321947652208, 64.321042188959098 ], [ 16.00982660299487, 64.245218928585288 ], [ 16.180428938835949, 64.245218928585288 ], [ 16.689076643843602, 63.992474727339228 ], [ 16.515315005486951, 63.853465416653911 ], [ 16.512155702971373, 63.723934013515311 ], [ 15.763401006779979, 63.632314240563637 ], [ 15.908728922496451, 63.547013072643097 ], [ 16.050897535697349, 63.354295619192996 ], [ 16.467925467753318, 63.20264909844537 ], [ 16.986051080307703, 62.924630477074714 ], [ 16.670120828750154, 62.921471174559137 ], [ 16.491620236620136, 62.826692099091872 ], [ 16.373146392286056, 62.712957208531151 ], [ 16.073012653306378, 62.673465927086447 ], [ 16.000348695448142, 62.705058952242204 ], [ 15.450630057738003, 62.599222317970401 ], [ 15.229478881647717, 62.597642666712616 ], [ 15.111005037313634, 62.556571734010134 ], [ 15.014646310588581, 62.588164759165892 ], [ 14.806132344560599, 62.585005456650336 ], [ 14.752424201795815, 62.43335893590271 ], [ 14.941982352730346, 62.291190322701802 ], [ 15.13627945743824, 62.24853973874152 ], [ 15.205784112780902, 62.273814158866124 ], [ 15.284766675670291, 62.254858343772668 ], [ 15.3479527259818, 62.19167229346116 ], [ 15.354271331012951, 62.109530428056196 ], [ 15.076252709642306, 62.014751352588931 ], [ 15.019385264361947, 61.856786226810158 ], [ 14.769800365631482, 61.765166453858477 ], [ 14.660804428844127, 61.88679960070813 ], [ 14.619733496141643, 61.88364029819256 ], [ 14.499680000549775, 61.692502496000245 ], [ 14.499680000549775, 61.597723420532965 ], [ 14.379626504957905, 61.548754231541558 ], [ 14.319599757161969, 61.583506559212886 ], [ 13.520296220721363, 61.641953655751067 ], [ 12.877, 61.371 ], [ 12.82, 61.205 ], [ 12.683, 61.04 ], [ 12.480885693097044, 61.011672803893767 ], [ 12.352933941216236, 60.929530938488803 ], [ 12.632532213844666, 60.523560565237339 ], [ 12.569346163533156, 60.18551519607076 ], [ 12.447, 60.051 ], [ 12.108087996259133, 59.828514011810725 ], [ 11.890096122684422, 59.689504701125394 ], [ 11.757405417030251, 59.449397709941657 ], [ 11.807954257279459, 59.095555828197199 ], [ 11.564687963580145, 58.798581391733101 ], [ 11.415, 58.432 ], [ 11.232, 58.34 ], [ 11.286, 58.58 ], [ 11.179, 58.736 ], [ 11.232, 58.8 ], [ 11.117, 58.969 ], [ 11.22, 59.09 ], [ 11.355, 59.092 ], [ 11.438, 58.992 ], [ 11.37, 59.101 ], [ 10.902, 59.197 ], [ 10.823, 59.164 ], [ 10.361, 59.271 ], [ 10.314, 59.128 ], [ 9.957, 58.957 ], [ 9.846, 58.956 ], [ 9.69, 58.957 ], [ 9.399, 58.899 ], [ 9.271, 58.833 ], [ 9.45, 58.833 ], [ 8.949, 58.58 ], [ 8.944, 58.526 ], [ 8.501, 58.257 ], [ 8.354, 58.245 ], [ 8.123, 58.102 ], [ 8.03, 58.225 ], [ 7.916, 58.082 ], [ 7.654, 58.065 ], [ 7.579, 58.018 ], [ 6.999, 58.031 ], [ 6.531, 58.121 ], [ 6.698, 58.225 ], [ 6.001, 58.39 ], [ 5.964, 58.468 ], [ 5.704, 58.521 ], [ 5.478, 58.755 ], [ 5.297, 59.345 ], [ 5.182, 59.511 ], [ 5.223, 60.211 ], [ 5.178, 60.389 ], [ 5.298, 60.396 ], [ 5.3, 60.561 ], [ 4.927, 60.8 ], [ 5.047, 60.844 ], [ 5.016, 61.047 ], [ 5.135, 61.077 ], [ 5.021, 61.216 ], [ 5.058, 61.323 ], [ 4.948, 61.416 ], [ 5.29, 61.48 ], [ 5.146, 61.595 ], [ 4.993, 61.63 ], [ 4.974, 61.739 ], [ 5.071, 62.164 ], [ 5.182, 62.213 ], [ 5.431, 62.186 ], [ 6.028, 62.306 ], [ 6.305, 62.459 ], [ 6.263, 62.527 ], [ 6.32, 62.609 ] ] ] ] } },
{ "type": "Feature", "properties": { "id": "sp_jamaica1589", "colorId": "spain", "name": null, "parent": "spain" }, "geometry": { "type": "MultiPolygon", "coordinates": [ [ [ [ -76.264, 18.012 ], [ -76.188, 17.915 ], [ -76.307, 17.87 ], [ -76.524, 17.86 ], [ -76.85, 17.992 ], [ -76.913, 17.861 ], [ -77.038, 17.847 ], [ -77.142, 17.881 ], [ -77.216, 17.717 ], [ -77.321, 17.812 ], [ -77.441, 17.865 ], [ -77.724, 17.854 ], [ -77.84, 17.95 ], [ -77.846, 18.017 ], [ -77.956, 18.032 ], [ -78.075, 18.198 ], [ -78.227, 18.192 ], [ -78.375, 18.266 ], [ -78.332, 18.367 ], [ -78.195, 18.455 ], [ -77.981, 18.441 ], [ -77.902, 18.519 ], [ -77.325, 18.465 ], [ -77.137, 18.409 ], [ -76.895, 18.409 ], [ -76.783, 18.278 ], [ -76.351, 18.156 ], [ -76.264, 18.012 ] ] ] ] } },
{ "type": "Feature", "properties": { "id": "en_scotland1603", "colorId": "britain", "name": null, "parent": "england1282" }, "geometry": { "type": "MultiPolygon", "coordinates": [ [ [ [ -6.453, 55.841 ], [ -6.14, 55.941 ], [ -6.03, 55.729 ], [ -6.024, 55.682 ], [ -6.311, 55.583 ], [ -6.243, 55.66 ], [ -6.349, 55.773 ], [ -6.504, 55.681 ], [ -6.453, 55.841 ] ] ], [ [ [ -6.062, 55.809 ], [ -6.075, 55.916 ], [ -5.798, 56.113 ], [ -5.74, 56.076 ], [ -5.962, 55.805 ], [ -6.062, 55.809 ] ] ], [ [ [ -6.328, 56.277 ], [ -6.179, 56.36 ], [ -6.127, 56.474 ], [ -6.338, 56.552 ], [ -6.325, 56.606 ], [ -6.058, 56.64 ], [ -5.952, 56.524 ], [ -5.722, 56.49 ], [ -5.688, 56.435 ], [ -5.809, 56.319 ], [ -5.915, 56.336 ], [ -6.328, 56.277 ] ] ], [ [ [ -6.304, 56.944 ], [ -6.455, 57.004 ], [ -6.325, 57.059 ], [ -6.304, 56.944 ] ] ], [ [ [ -7.455, 57.237 ], [ -7.428, 57.388 ], [ -7.244, 57.326 ], [ -7.2, 57.291 ], [ -7.353, 57.1 ], [ -7.455, 57.237 ] ] ], [ [ [ -6.672, 57.356 ], [ -6.784, 57.456 ], [ -6.564, 57.504 ], [ -6.64, 57.607 ], [ -6.387, 57.517 ], [ -6.416, 57.646 ], [ -6.311, 57.703 ], [ -6.154, 57.59 ], [ -6.159, 57.407 ], [ -5.901, 57.243 ], [ -5.942, 57.155 ], [ -6.024, 57.196 ], [ -6.318, 57.161 ], [ -6.564, 57.347 ], [ -6.672, 57.356 ] ] ], [ [ [ -7.408, 57.446 ], [ -7.264, 57.483 ], [ -7.205, 57.419 ], [ -7.408, 57.446 ] ] ], [ [ [ -7.477, 57.662 ], [ -7.129, 57.653 ], [ -7.216, 57.641 ], [ -7.158, 57.511 ], [ -7.545, 57.593 ], [ -7.477, 57.662 ] ] ], [ [ [ -6.839, 57.936 ], [ -7.113, 57.99 ], [ -7.126, 58.124 ], [ -7.031, 58.245 ], [ -6.888, 58.168 ], [ -6.709, 58.189 ], [ -6.819, 58.285 ], [ -6.267, 58.512 ], [ -6.167, 58.347 ], [ -6.366, 58.237 ], [ -6.161, 58.259 ], [ -6.215, 58.189 ], [ -6.4, 58.21 ], [ -6.352, 58.039 ], [ -6.537, 57.921 ], [ -6.955, 57.744 ], [ -7.102, 57.811 ], [ -6.839, 57.936 ] ] ], [ [ [ -5.164, 55.435 ], [ -5.346, 55.483 ], [ -5.355, 55.69 ], [ -5.16, 55.676 ], [ -5.071, 55.509 ], [ -5.164, 55.435 ] ] ], [ [ [ -5.2, 55.911 ], [ -5.081, 55.88 ], [ -5.03, 55.749 ], [ -5.2, 55.911 ] ] ], [ [ [ -3.291988813073368, 54.963514343501473 ], [ -3.388, 54.883 ], [ -3.598, 54.878 ], [ -3.844, 54.866 ], [ -3.964, 54.772 ], [ -4.174, 54.792 ], [ -4.403, 54.907 ], [ -4.348, 54.807 ], [ -4.372, 54.682 ], [ -4.859, 54.866 ], [ -4.954, 54.81 ], [ -4.859, 54.633 ], [ -5.128, 54.849 ], [ -5.171, 55.009 ], [ -5.061, 54.931 ], [ -5.008, 55.141 ], [ -4.882, 55.219 ], [ -4.833, 55.331 ], [ -4.618, 55.496 ], [ -4.671, 55.584 ], [ -4.921, 55.709 ], [ -4.861, 55.757 ], [ -4.893, 55.893 ], [ -4.786, 55.957 ], [ -4.852, 56.113 ], [ -4.983, 55.871 ], [ -5.172, 55.936 ], [ -5.335, 55.897 ], [ -5.314, 56.012 ], [ -5.448, 56.022 ], [ -5.407, 55.866 ], [ -5.318, 55.783 ], [ -5.49, 55.645 ], [ -5.455, 55.592 ], [ -5.546, 55.449 ], [ -5.515, 55.374 ], [ -5.64, 55.304 ], [ -5.783, 55.314 ], [ -5.716, 55.448 ], [ -5.681, 55.674 ], [ -5.613, 55.764 ], [ -5.696, 55.982 ], [ -5.51, 56.188 ], [ -5.598, 56.259 ], [ -5.667, 56.498 ], [ -6.003, 56.619 ], [ -5.897, 56.675 ], [ -6.223, 56.695 ], [ -6.181, 56.755 ], [ -5.948, 56.783 ], [ -5.852, 56.747 ], [ -5.875, 56.887 ], [ -5.791, 57.059 ], [ -5.839, 57.579 ], [ -5.654, 57.532 ], [ -5.791, 57.696 ], [ -5.807, 57.844 ], [ -5.613, 57.929 ], [ -5.455, 57.854 ], [ -5.366, 57.943 ], [ -5.447, 58.084 ], [ -5.301, 58.07 ], [ -5.393, 58.245 ], [ -5.096, 58.277 ], [ -5.173, 58.354 ], [ -5.05, 58.454 ], [ -5.104, 58.514 ], [ -4.988, 58.628 ], [ -4.66, 58.556 ], [ -3.81, 58.573 ], [ -3.598, 58.627 ], [ -3.364, 58.601 ], [ -3.413, 58.656 ], [ -3.019, 58.64 ], [ -3.129, 58.513 ], [ -3.086, 58.414 ], [ -3.221, 58.306 ], [ -4.078, 57.943 ], [ -4.04, 57.818 ], [ -3.79, 57.831 ], [ -4.249, 57.497 ], [ -3.591, 57.641 ], [ -3.492, 57.713 ], [ -3.285, 57.72 ], [ -3.079, 57.669 ], [ -2.916, 57.703 ], [ -2.526, 57.669 ], [ -1.932, 57.682 ], [ -1.759, 57.474 ], [ -1.98, 57.319 ], [ -2.049, 57.119 ], [ -2.22, 56.873 ], [ -2.441, 56.735 ], [ -2.53, 56.581 ], [ -2.765, 56.476 ], [ -2.885, 56.458 ], [ -2.838, 56.366 ], [ -2.577, 56.284 ], [ -2.784, 56.192 ], [ -2.635, 56.058 ], [ -2.308, 55.935 ], [ -2.147, 55.917 ], [ -2.030090837254978, 55.81669124282039 ], [ -2.309271808673887, 55.638015560157477 ], [ -2.219933899183025, 55.441472159277581 ], [ -2.563884850722843, 55.343200458837636 ], [ -2.773828938026369, 55.160057744381369 ], [ -2.970372338906265, 55.043918462043244 ], [ -3.068644039346213, 55.034984671094158 ], [ -3.106612650879829, 54.972448134450552 ], [ -3.291988813073368, 54.963514343501473 ] ] ], [ [ [ -3.173, 58.82 ], [ -3.248, 58.792 ], [ -3.43, 58.875 ], [ -3.349, 58.929 ], [ -3.173, 58.82 ] ] ], [ [ [ -3.203, 58.916 ], [ -3.367, 59.016 ], [ -3.324, 59.127 ], [ -3.085, 59.128 ], [ -2.994, 59.073 ], [ -3.132, 59.005 ], [ -2.728, 58.971 ], [ -2.839, 58.883 ], [ -2.981, 58.96 ], [ -3.203, 58.916 ] ] ], [ [ [ -1.326, 60.611 ], [ -1.295, 60.492 ], [ -1.097, 60.416 ], [ -1.075, 60.321 ], [ -1.199, 60.204 ], [ -1.165, 60.06 ], [ -1.275, 59.882 ], [ -1.376, 59.909 ], [ -1.263, 60.115 ], [ -1.268, 60.245 ], [ -1.455, 60.156 ], [ -1.504, 60.243 ], [ -1.615, 60.216 ], [ -1.657, 60.306 ], [ -1.364, 60.321 ], [ -1.446, 60.492 ], [ -1.609, 60.483 ], [ -1.419, 60.608 ], [ -1.326, 60.611 ] ] ], [ [ [ -1.092, 60.735 ], [ -0.987, 60.698 ], [ -1.032, 60.501 ], [ -1.154, 60.508 ], [ -1.171, 60.646 ], [ -1.092, 60.735 ] ] ], [ [ [ -0.966, 60.725 ], [ -0.881, 60.845 ], [ -0.761, 60.8 ], [ -0.905, 60.684 ], [ -0.966, 60.725 ] ] ] ] } },
{ "type": "Feature", "properties": { "id": "hre_savoy1559", "colorId": "savoy", "name": "Савойя", "parent": "holy_roman1477" }, "geometry": { "type": "MultiPolygon", "coordinates": [ [ [ [ 7.050016463654448, 44.901311372779709 ], [ 7.227550029475641, 44.89289849614407 ], [ 7.321354834441046, 44.804677310521846 ], [ 7.387241542690557, 44.832595407237733 ], [ 7.330288625390132, 44.920816592859957 ], [ 7.17455693269515, 45.03830588872448 ], [ 6.957856516564329, 45.103066932625644 ], [ 6.63903291582013, 45.115520979529713 ], [ 6.554653976015076, 45.138325910351391 ], [ 6.410943503250886, 45.054202706782107 ], [ 6.347851100573924, 45.131315643387282 ], [ 6.137543091650718, 45.166366978207819 ], [ 6.176099559953307, 45.415231455433606 ], [ 6.011358286296796, 45.446777656772099 ], [ 5.941255616655728, 45.516880326413165 ], [ 5.899194014871085, 45.404716054987453 ], [ 5.699401406394039, 45.47481872462852 ], [ 5.653834671127345, 45.555436794715746 ], [ 5.695896272911986, 45.63955999828503 ], [ 5.829091345230015, 45.688631867033777 ], [ 5.843111879158229, 45.748219136228684 ], [ 5.781772043222294, 45.825332072833859 ], [ 5.822081078265909, 45.884919342028766 ], [ 5.818575944783856, 46.018114414346798 ], [ 5.959, 46.13 ], [ 6.108, 46.139 ], [ 6.281, 46.24 ], [ 6.214, 46.315 ], [ 6.302, 46.394 ], [ 6.483, 46.449 ], [ 6.763, 46.429 ], [ 6.828, 46.269 ], [ 6.774, 46.135 ], [ 6.854, 46.123 ], [ 7.022, 45.925 ], [ 7.184, 45.88 ], [ 7.362, 45.908 ], [ 7.541, 45.984 ], [ 7.831, 45.914 ], [ 7.87441655226363, 45.81913545778707 ], [ 8.078687599012449, 45.701524855113504 ], [ 8.261293534742453, 45.633434506197233 ], [ 8.375809121556184, 45.432258475308245 ], [ 8.414069139901153, 45.167612567828478 ], [ 8.242093664131245, 45.195530664544357 ], [ 8.020982338141362, 45.1999975600189 ], [ 7.962912696972301, 45.157562053010736 ], [ 7.958445801497758, 45.054823457096248 ], [ 8.146055411428568, 44.947617965707209 ], [ 8.437709438752798, 45.011336318371285 ], [ 8.46264662818681, 44.761125079645034 ], [ 8.205800138400583, 44.74325749774686 ], [ 7.893117455182566, 44.743257497746868 ], [ 7.893117455182566, 44.566815126502405 ], [ 8.091894303799734, 44.515445828545161 ], [ 8.181232213290595, 44.343470352775249 ], [ 8.237104810566494, 44.322813331829401 ], [ 8.233, 44.104 ], [ 8.168, 43.956 ], [ 8.051321834741696, 44.051945373922123 ], [ 7.996524028363787, 43.98469352064015 ], [ 7.690154474523659, 43.902496811073284 ], [ 7.636488324977592, 43.991438719090702 ], [ 7.553644671792917, 43.933448161861428 ], [ 7.502, 43.792 ], [ 7.437, 43.743 ], [ 7.152, 43.655 ], [ 7.001558494976889, 43.75204561819924 ], [ 6.619498945433065, 43.860704756142901 ], [ 6.752694017751095, 44.039466563727622 ], [ 6.654550280253599, 44.141115434707174 ], [ 6.451252538294501, 44.246269439168778 ], [ 6.388160135617539, 44.3724542445227 ], [ 6.472283339186821, 44.400495312379128 ], [ 6.784240219089576, 44.442556914163767 ], [ 6.858224141331767, 44.537653203180859 ], [ 7.050016463654448, 44.739408763026795 ], [ 7.050016463654448, 44.901311372779709 ] ] ] ] } },
{ "type": "Feature", "properties": { "id": "pol_lit_baltic", "colorId": "poland", "name": null, "parent": "poland_lithuania" }, "geometry": { "type": "MultiPolygon", "coordinates": [ [ [ [ 23.664, 58.536 ], [ 23.516, 58.555 ], [ 23.533, 58.747 ], [ 23.803, 58.731 ], [ 23.816, 58.8 ], [ 23.429, 58.765 ], [ 23.526, 58.82 ], [ 23.422, 58.909 ], [ 23.553, 58.971 ], [ 23.824230377027348, 58.94831188964978 ], [ 24.226411087873167, 58.786565299418314 ], [ 25.109460039947678, 58.965798007512646 ], [ 25.60344286957352, 58.94831188964978 ], [ 25.979394403625044, 58.817166005678317 ], [ 26.333488290347994, 58.611704120789696 ], [ 27.368440546659905, 58.591771398999818 ], [ 27.460982729998886, 57.498892281472799 ], [ 27.347794811362281, 57.575261007064839 ], [ 27.12752346051634, 57.369481192458757 ], [ 26.898557187926482, 57.22746413730809 ], [ 26.779726590759591, 57.030379244445932 ], [ 26.727557060296078, 56.844887580575666 ], [ 26.484099251466358, 56.813006200847965 ], [ 26.292810973100146, 56.6593959167054 ], [ 26.101522694733934, 56.624616229729718 ], [ 25.939217488847451, 56.659395916705392 ], [ 25.359556039252872, 56.586938235506068 ], [ 25.01403782937134, 56.636697227385135 ], [ 24.42050189307696, 56.790923100595485 ], [ 24.191499838916137, 56.80027012321429 ], [ 23.997351632705605, 56.8941588037912 ], [ 23.953, 57.013 ], [ 24.379, 57.23 ], [ 24.406, 57.344 ], [ 24.306, 57.868 ], [ 24.464, 58.072 ], [ 24.529, 58.351 ], [ 24.327, 58.388 ], [ 24.112, 58.241 ], [ 23.98, 58.318 ], [ 23.741, 58.343 ], [ 23.664, 58.536 ] ] ] ] } },
{ "type": "Feature", "properties": { "id": "sp_zanzibar1589", "colorId": "spain", "name": null, "parent": "sp_portugal1589" }, "geometry": { "type": "MultiPolygon", "coordinates": [ [ [ [ 39.303, -8.505 ], [ 39.362, -8.611 ], [ 39.354, -8.714 ], [ 39.439, -8.755 ], [ 39.521, -8.923 ], [ 39.449, -8.859 ], [ 39.389, -8.899 ], [ 39.22200826592109, -8.96959027637384 ], [ 38.941498116865048, -8.9228385848645 ], [ 38.738128258799421, -8.712455973072473 ], [ 38.637612122054342, -8.516098868733247 ], [ 38.635274537478878, -8.240263888828146 ], [ 38.747478597101292, -8.025206107885184 ], [ 38.911109517383984, -7.884951033357166 ], [ 39.305, -7.792 ], [ 39.396, -7.78 ], [ 39.454, -8.01 ], [ 39.28, -8.309 ], [ 39.303, -8.505 ] ] ], [ [ [ 39.742, -7.995 ], [ 39.801, -8.007 ], [ 39.719, -8.093 ], [ 39.742, -7.995 ] ] ], [ [ [ 39.845, -7.738 ], [ 39.896, -7.638 ], [ 39.893, -7.754 ], [ 39.823, -7.914 ], [ 39.65, -7.994 ], [ 39.587, -7.945 ], [ 39.715, -7.812 ], [ 39.845, -7.738 ] ] ], [ [ [ 39.313, -5.718 ], [ 39.431, -6.186 ], [ 39.525, -6.175 ], [ 39.543, -6.321 ], [ 39.57, -6.421 ], [ 39.508, -6.463 ], [ 39.3, -6.239 ], [ 39.264, -6.302 ], [ 39.177, -6.158 ], [ 39.213, -6.114 ], [ 39.186, -5.994 ], [ 39.28, -5.842 ], [ 39.313, -5.718 ] ] ], [ [ [ 38.778, -6.031 ], [ 38.857, -6.164 ], [ 38.852, -6.349 ], [ 38.923, -6.445 ], [ 39.041, -6.47 ], [ 39.28, -6.727 ], [ 39.294, -6.815 ], [ 39.465, -6.858 ], [ 39.551, -6.994 ], [ 39.548, -7.118 ], [ 39.478, -7.151 ], [ 38.328895486297839, -7.052350678717746 ], [ 38.114484503519769, -6.878141755210565 ], [ 38.07428244424888, -6.777636607033344 ], [ 38.235090681332423, -4.640227122464472 ], [ 38.355696859145091, -4.305209961873739 ], [ 38.717515392583081, -3.601673924633201 ], [ 39.199940103833733, -3.420764657914206 ], [ 39.921317267534199, -3.481466858007281 ], [ 39.857, -3.618 ], [ 39.867, -3.695 ], [ 39.786, -3.917 ], [ 39.54, -4.43 ], [ 39.444, -4.52 ], [ 39.406, -4.615 ], [ 39.3, -4.595 ], [ 39.191, -4.678 ], [ 39.216, -4.796 ], [ 39.175, -4.926 ], [ 39.109, -4.917 ], [ 39.139, -5.103 ], [ 38.981, -5.417 ], [ 38.985, -5.505 ], [ 38.833, -5.816 ], [ 38.778, -6.031 ] ] ], [ [ [ 39.643, -5.414 ], [ 39.664, -5.287 ], [ 39.774, -5.26 ], [ 39.691, -5.137 ], [ 39.684, -4.89 ], [ 39.814, -4.969 ], [ 39.856, -5.253 ], [ 39.796, -5.407 ], [ 39.643, -5.414 ] ] ] ] } },
{ "type": "Feature", "properties": { "id": "sp_marshall_is1589", "colorId": "spain", "name": null, "parent": "spain" }, "geometry": { "type": "MultiPolygon", "coordinates": [ [ [ [ 171.394, 7.11 ], [ 171.263, 7.068 ], [ 171.202, 7.072 ], [ 171.394, 7.11 ] ] ] ] } },
{ "type": "Feature", "properties": { "id": "maldives1573", "colorId": "maldives", "name": "Мальдивы", "parent": null }, "geometry": { "type": "MultiPolygon", "coordinates": [ [ [ [ 73.546, 4.243 ], [ 73.511, 4.162 ], [ 73.432, 4.19 ], [ 73.512, 4.186 ], [ 73.546, 4.243 ] ] ] ] } },
{ "type": "Feature", "properties": { "id": "burma1557", "colorId": "burma", "name": "Бирма", "parent": null }, "geometry": { "type": "MultiPolygon", "coordinates": [ [ [ [ 98.151210493841305, 17.300753445846091 ], [ 98.02873524728102, 16.931100883500505 ], [ 98.030962069945758, 16.519138690525001 ], [ 97.904033178056011, 16.28309548806336 ], [ 97.688031379576969, 16.01587676829547 ], [ 97.582, 16.009 ], [ 97.37, 16.484 ], [ 97.33, 16.68 ], [ 97.255, 16.698 ], [ 97.199, 16.997 ], [ 97.131, 17.079 ], [ 97.069, 17.251 ], [ 96.905, 17.375 ], [ 96.849, 17.213 ], [ 96.91, 17.067 ], [ 96.801, 16.737 ], [ 96.616, 16.518 ], [ 96.436, 16.478 ], [ 96.336, 16.439 ], [ 96.285, 16.366 ], [ 96.068, 16.31 ], [ 95.98, 16.223 ], [ 95.89, 16.244 ], [ 95.732, 16.127 ], [ 95.665, 15.949 ], [ 95.432, 15.734 ], [ 95.294, 15.728 ], [ 95.224, 15.81 ], [ 95.055, 15.846 ], [ 94.976, 15.764 ], [ 94.847, 15.791 ], [ 94.721, 15.857 ], [ 94.601, 15.921 ], [ 94.562, 15.962 ], [ 94.215, 16.015 ], [ 94.215, 16.158 ], [ 94.273, 16.538 ], [ 94.403, 16.788 ], [ 94.379, 16.887 ], [ 94.465, 16.95 ], [ 94.457, 17.051 ], [ 94.511, 17.169 ], [ 94.512, 17.275 ], [ 94.594, 17.292 ], [ 94.554, 17.544 ], [ 94.615, 17.546 ], [ 94.544, 17.748 ], [ 94.502, 17.787 ], [ 94.447, 17.973 ], [ 94.71498711409221, 18.032193855662523 ], [ 94.931394055274183, 18.530702702313864 ], [ 94.707258294764273, 19.087177693924662 ], [ 94.575868366189511, 19.230160851491323 ], [ 94.405834340975105, 19.78277143343816 ], [ 94.060935778466316, 20.508314347847371 ], [ 93.921817030563616, 21.343026835263565 ], [ 93.832935608292459, 21.717874572668066 ], [ 93.744736896554187, 22.730569499972816 ], [ 93.754208531509221, 22.963074500972681 ], [ 93.8236523838263, 23.326887676738526 ], [ 94.035128875592846, 23.915056669464231 ], [ 95.215232113810671, 24.455388554433632 ], [ 96.099625371969694, 24.434700992839272 ], [ 96.67370520621327, 24.310575623273092 ], [ 97.348061687111823, 24.212582115444071 ], [ 97.89, 24.023 ], [ 98.177859600349535, 24.051142832712998 ], [ 98.663, 23.97 ], [ 99.621126787965338, 22.953355710141714 ], [ 99.388654220832592, 22.4690378619485 ], [ 99.514576861362841, 22.16876079606871 ], [ 99.947234139082113, 21.813594374060351 ], [ 100.224909705379559, 21.684442947875496 ], [ 100.625279126552613, 21.645697520020036 ], [ 100.951327640468264, 21.472143286793926 ], [ 100.788705704488194, 21.28506692435068 ], [ 100.678660785403935, 21.228821743485394 ], [ 100.639533703062853, 21.057640758243227 ], [ 100.492807144283844, 21.01851367590216 ], [ 100.468352717820693, 20.967159380329505 ], [ 100.468352717820679, 20.859559903891565 ], [ 100.611411112630194, 20.862005346537877 ], [ 100.573506751612285, 20.776414853916787 ], [ 100.457348225912241, 20.758074034069413 ], [ 100.405993930339591, 20.832660034782073 ], [ 100.337521536242733, 20.835105477428385 ], [ 100.320403437718511, 20.771523968624152 ], [ 100.203022190695307, 20.749514984807298 ], [ 100.127213468659491, 20.632133737784095 ], [ 100.080750058379465, 20.265317340836575 ], [ 100.232367502451112, 20.377807702567146 ], [ 100.347303306827996, 20.377807702567146 ], [ 100.349748749474315, 20.221299373202875 ], [ 100.479357209729102, 20.08680002765545 ], [ 100.508702521484906, 20.172390520276537 ], [ 100.579620358228098, 20.16260874969127 ], [ 100.469575439143838, 19.830028549792186 ], [ 100.398657602400661, 19.737101729232148 ], [ 100.494029865607018, 19.51456644841732 ], [ 100.577174915581793, 19.465657595490985 ], [ 100.628529211154444, 19.529239104295222 ], [ 100.760583114055549, 19.497448349893105 ], [ 100.897527902249294, 19.590375170453143 ], [ 101.230108102148378, 19.590375170453143 ], [ 101.301025938891556, 19.509675563124688 ], [ 101.19098101980731, 19.446094054320451 ], [ 101.188535577160991, 19.360503561699364 ], [ 101.345043906525262, 18.98390539416658 ], [ 101.259453413904183, 18.927660213301294 ], [ 101.259453413904168, 18.634207095743278 ], [ 101.087049707338821, 18.454467061238994 ], [ 101.087049707338821, 18.366431125971591 ], [ 101.184867413191498, 18.350535748770529 ], [ 101.185951704273108, 18.265906812918388 ], [ 101.100934691649016, 18.335466186883551 ], [ 100.95601932922159, 18.337398391715919 ], [ 100.884527750424056, 18.381839102860329 ], [ 100.416934180991561, 18.122923655323326 ], [ 99.508797909779659, 17.856279388456858 ], [ 98.921407640740497, 17.593499531255123 ], [ 98.272186817065631, 17.400279048018554 ], [ 98.151210493841305, 17.300753445846091 ] ] ] ] } },
{ "type": "Feature", "properties": { "id": "palembang", "colorId": "palembang", "name": "Палембанг", "parent": null }, "geometry": { "type": "MultiPolygon", "coordinates": [ [ [ [ 106.909, -2.93 ], [ 106.895, -3.018 ], [ 106.723, -2.966 ], [ 106.813, -2.892 ], [ 106.909, -2.93 ] ] ], [ [ [ 104.768, -2.43 ], [ 104.883, -2.285 ], [ 104.929, -2.375 ], [ 105.002, -2.332 ], [ 105.117, -2.38 ], [ 105.202, -2.347 ], [ 105.624, -2.402 ], [ 105.608, -2.552 ], [ 105.673, -2.663 ], [ 105.778, -2.69 ], [ 105.792, -2.862 ], [ 105.879, -2.951 ], [ 106.016, -2.969 ], [ 106.054, -3.047 ], [ 106.073, -3.256 ], [ 105.929, -3.365 ], [ 105.881, -3.451 ], [ 105.82, -3.673 ], [ 105.952, -3.834 ], [ 105.87, -4.004 ], [ 105.813, -4.239 ], [ 105.836653760234014, -4.336571760812848 ], [ 105.299323072337714, -4.328381636010945 ], [ 104.798555441592868, -4.230100138388124 ], [ 104.372668951893971, -4.042897285773227 ], [ 104.148025528756094, -3.85569443315833 ], [ 104.021663603241038, -3.673171651858805 ], [ 103.937422319564334, -3.462568442667046 ], [ 103.698738682480339, -3.064762380860389 ], [ 103.792340108787798, -2.727797246153575 ], [ 103.573481904203021, -2.339164161488116 ], [ 103.680367637277058, -2.097809280353199 ], [ 103.852763980944843, -1.966788059165673 ], [ 103.935514225905393, -1.787495861751163 ], [ 104.156181545800166, -1.566828541856381 ], [ 104.454, -1.531 ], [ 104.538, -1.761 ], [ 104.537, -1.854 ], [ 104.637, -1.922 ], [ 104.692, -2.046 ], [ 104.773, -1.998 ], [ 104.874, -2.08 ], [ 104.876, -2.165 ], [ 104.743, -2.341 ], [ 104.709, -2.574 ], [ 104.768, -2.43 ] ] ], [ [ [ 105.987, -2.821 ], [ 105.902, -2.629 ], [ 105.944, -2.499 ], [ 105.829, -2.395 ], [ 105.796, -2.172 ], [ 105.607, -2.115 ], [ 105.566, -2.067 ], [ 105.45, -2.123 ], [ 105.306, -2.135 ], [ 105.23, -2.07 ], [ 105.147, -2.08 ], [ 105.154, -1.936 ], [ 105.376, -1.822 ], [ 105.395, -1.738 ], [ 105.35, -1.649 ], [ 105.46, -1.563 ], [ 105.594, -1.526 ], [ 105.703, -1.655 ], [ 105.652, -1.707 ], [ 105.813, -1.793 ], [ 105.751, -1.703 ], [ 105.72, -1.524 ], [ 105.876, -1.489 ], [ 106.046, -1.594 ], [ 106.035, -1.678 ], [ 106.175, -1.879 ], [ 106.163, -2.007 ], [ 106.264, -2.351 ], [ 106.354, -2.463 ], [ 106.769, -2.56 ], [ 106.675, -2.7 ], [ 106.613, -2.943 ], [ 106.738, -3.005 ], [ 106.707, -3.094 ], [ 106.517, -3.095 ], [ 106.447, -2.981 ], [ 106.094, -2.841 ], [ 105.987, -2.821 ] ] ] ] } },
{ "type": "Feature", "properties": { "id": "den_iceland", "colorId": "denmark", "name": null, "parent": "denmark849" }, "geometry": { "type": "MultiPolygon", "coordinates": [ [ [ [ -15.302, 66.268 ], [ -15.015, 66.268 ], [ -15.179, 66.111 ], [ -15.076, 66.05 ], [ -14.677, 66.056 ], [ -14.398, 65.73 ], [ -13.61, 65.514 ], [ -13.527, 65.055 ], [ -13.986, 64.74 ], [ -14.442, 64.676 ], [ -14.545, 64.405 ], [ -15.992, 64.144 ], [ -16.783, 63.843 ], [ -17.006, 63.798 ], [ -17.591, 63.747 ], [ -17.965, 63.523 ], [ -18.732, 63.397 ], [ -20.186, 63.544 ], [ -21.168, 63.876 ], [ -22.718, 63.828 ], [ -22.69, 64.09 ], [ -22.543, 63.983 ], [ -22.199, 64.021 ], [ -21.915, 64.11 ], [ -21.963, 64.297 ], [ -22.1, 64.315 ], [ -22.34, 64.556 ], [ -22.32, 64.754 ], [ -23.946, 64.761 ], [ -24.06, 64.891 ], [ -23.85, 64.931 ], [ -23.224, 64.949 ], [ -23.21, 65.017 ], [ -22.757, 65.072 ], [ -22.674, 65.008 ], [ -22.49, 65.234 ], [ -22.547, 65.561 ], [ -23.183, 65.576 ], [ -23.247, 65.485 ], [ -23.898, 65.405 ], [ -23.968, 65.465 ], [ -24.54, 65.508 ], [ -24.278, 65.636 ], [ -24.087, 65.651 ], [ -24.05, 65.804 ], [ -23.821, 65.926 ], [ -23.793, 66.07 ], [ -23.461, 66.204 ], [ -23.135, 66.433 ], [ -22.575, 66.466 ], [ -22.269, 66.376 ], [ -22.217, 66.268 ], [ -21.979, 66.275 ], [ -21.319, 65.988 ], [ -21.278, 65.857 ], [ -21.483, 65.563 ], [ -21.055, 65.452 ], [ -20.689, 65.693 ], [ -20.501, 65.495 ], [ -20.263, 65.745 ], [ -20.449, 66.029 ], [ -20.092, 66.131 ], [ -19.708, 65.871 ], [ -19.363, 66.088 ], [ -19.078, 66.072 ], [ -19.078, 66.159 ], [ -18.854, 66.205 ], [ -18.545, 66.083 ], [ -18.54, 65.974 ], [ -18.228, 65.939 ], [ -18.297, 66.18 ], [ -17.913, 66.152 ], [ -17.598, 65.967 ], [ -17.419, 65.994 ], [ -17.217, 66.194 ], [ -16.992, 66.2 ], [ -16.933, 66.139 ], [ -16.487, 66.19 ], [ -16.422, 66.287 ], [ -16.543, 66.507 ], [ -16.023, 66.537 ], [ -15.938, 66.424 ], [ -15.707, 66.396 ], [ -15.775, 66.289 ], [ -15.38, 66.15 ], [ -15.302, 66.268 ] ] ] ] } },
{ "type": "Feature", "properties": { "id": "bijapur1490", "colorId": "bijapur", "name": "Биджапурский султанат", "parent": null }, "geometry": { "type": "MultiPolygon", "coordinates": [ [ [ [ 76.388582153009821, 18.024299211018043 ], [ 76.485339377326909, 17.761149031779514 ], [ 76.725836225118016, 17.480569376023226 ], [ 77.09326196479887, 16.872646788551268 ], [ 77.367161152560968, 16.718996024684731 ], [ 77.644400574320159, 16.815862810600592 ], [ 77.766144651503282, 16.814117217523805 ], [ 77.836920851918222, 16.620413932177676 ], [ 77.926322368231808, 16.516112163145145 ], [ 78.017346989884601, 16.431711589414594 ], [ 78.134784619815179, 16.17265799397947 ], [ 78.186595338902208, 15.951598925874832 ], [ 77.751385298571208, 16.113939179014178 ], [ 76.570100903387043, 16.24519300070131 ], [ 76.480295656969545, 16.18992823367515 ], [ 76.300685164134521, 16.283187528031792 ], [ 75.903469651133975, 16.283187528031792 ], [ 75.28864911796795, 15.958507021753105 ], [ 74.426776822849575, 15.467791207880325 ], [ 74.333175396542131, 15.59415313339538 ], [ 74.148312579584925, 15.638613810891417 ], [ 73.989190154862257, 15.71817502325275 ], [ 73.67669877600099, 15.709394642409393 ], [ 73.588, 15.903 ], [ 73.447, 16.069 ], [ 73.42, 16.217 ], [ 73.307, 16.563 ], [ 73.322, 16.692 ], [ 73.275, 16.849 ], [ 73.276, 17.079 ], [ 73.211, 17.275 ], [ 73.249, 17.285 ], [ 73.165, 17.413 ], [ 73.123, 17.723 ], [ 72.981, 18.081 ], [ 72.977, 18.243 ], [ 73.074, 18.224 ], [ 72.970754360400079, 18.314654707578296 ], [ 73.915140207547097, 18.406739029894812 ], [ 74.784321614085201, 18.33223776647726 ], [ 75.131994176700445, 18.2527697521652 ], [ 75.400198725003634, 18.128600979802616 ], [ 76.100510601128619, 17.964698200284001 ], [ 76.388582153009821, 18.024299211018043 ] ] ] ] } },
{ "type": "Feature", "properties": { "id": "sp_macassar1589", "colorId": "spain", "name": null, "parent": "sp_portugal1589" }, "geometry": { "type": "MultiPolygon", "coordinates": [ [ [ [ 119.491, -4.754 ], [ 119.591, -4.564 ], [ 119.627, -4.315 ], [ 119.593, -4.026 ], [ 119.457, -3.715 ], [ 119.509, -3.578 ], [ 119.922350603405505, -3.508145948089016 ], [ 120.005906723332799, -3.508145948089016 ], [ 120.422, -3.666 ], [ 120.447, -3.729 ], [ 120.354, -3.931 ], [ 120.381, -4.167 ], [ 120.362, -4.387 ], [ 120.402, -4.574 ], [ 120.444, -4.627 ], [ 120.387, -4.829 ], [ 120.309, -4.871 ], [ 120.264, -5.15 ], [ 120.381, -5.337 ], [ 120.458, -5.626 ], [ 120.323, -5.51 ], [ 120.1, -5.596 ], [ 119.915, -5.569 ], [ 119.806, -5.692 ], [ 119.57, -5.656 ], [ 119.518, -5.558 ], [ 119.433, -5.588 ], [ 119.438, -5.522 ], [ 119.353, -5.356 ], [ 119.408, -5.116 ], [ 119.46, -5.074 ], [ 119.525, -4.883 ], [ 119.491, -4.754 ] ] ] ] } },
{ "type": "Feature", "properties": { "id": "sp_brazil1589", "colorId": "spain", "name": null, "parent": "sp_portugal1589" }, "geometry": { "type": "MultiPolygon", "coordinates": [ [ [ [ -38.875749353343664, -11.548194444935191 ], [ -38.617953271530446, -11.359805000533221 ], [ -38.132106809651688, -10.160061696710157 ], [ -37.88422596175436, -9.768409957032379 ], [ -37.358718564212026, -9.044597881172187 ], [ -36.833211166669685, -8.410022910555028 ], [ -36.833211166669692, -7.264813393269375 ], [ -37.209990055473625, -6.476552296955873 ], [ -37.760285537805693, -6.055154855530416 ], [ -38.22630153185267, -5.787443539801303 ], [ -38.475490812023743, -5.216706195086182 ], [ -38.391036500590928, -4.66775317077288 ], [ -38.107, -4.158 ], [ -37.854, -4.376 ], [ -37.769, -4.396 ], [ -37.711, -4.515 ], [ -37.607, -4.608 ], [ -37.325, -4.696 ], [ -37.183, -4.911 ], [ -36.899, -4.938 ], [ -36.791, -5.051 ], [ -36.561, -5.123 ], [ -36.422, -5.081 ], [ -36.131, -5.096 ], [ -35.997, -5.048 ], [ -35.511, -5.144 ], [ -35.421, -5.212 ], [ -35.262, -5.483 ], [ -35.196, -5.69 ], [ -35.147, -5.921 ], [ -35.105, -5.996 ], [ -35.093, -6.186 ], [ -35.038, -6.237 ], [ -34.959, -6.537 ], [ -34.97, -6.617 ], [ -34.904, -6.887 ], [ -34.86, -6.915 ], [ -34.797, -7.158 ], [ -34.816, -7.543 ], [ -34.805, -7.623 ], [ -34.894, -7.805 ], [ -34.812, -7.906 ], [ -34.851, -8.069 ], [ -34.932, -8.242 ], [ -34.94, -8.351 ], [ -35.127, -8.806 ], [ -35.147, -8.912 ], [ -35.185682123417827, -8.980796124922241 ], [ -35.305, -9.193 ], [ -35.462, -9.347 ], [ -35.583, -9.533 ], [ -35.658, -9.577 ], [ -35.696, -9.673 ], [ -35.8, -9.585 ], [ -35.806, -9.731 ], [ -35.949, -9.913 ], [ -36.036, -10.064 ], [ -36.251, -10.248 ], [ -36.292, -10.352 ], [ -36.408, -10.502 ], [ -36.577, -10.55 ], [ -36.903, -10.773 ], [ -37.04, -10.949 ], [ -37.155, -11.187 ], [ -37.265, -11.277 ], [ -37.316, -11.406 ], [ -37.43, -11.405 ], [ -37.368, -11.474 ], [ -37.435, -11.569 ], [ -37.655, -12.05 ], [ -37.787, -12.265 ], [ -38.051, -12.641 ], [ -38.32, -12.935 ], [ -38.51, -13.021 ], [ -38.807, -13.144 ], [ -38.932, -13.233 ], [ -38.955, -13.372 ], [ -38.98, -13.836 ], [ -38.93, -13.898 ], [ -38.924, -14.004 ], [ -38.989, -14.212 ], [ -38.985, -14.313 ], [ -39.067, -14.675 ], [ -39.023, -14.816 ], [ -39.002, -15.232 ], [ -38.924, -15.716 ], [ -38.864, -15.843 ], [ -39.054, -16.436 ], [ -39.136, -16.8 ], [ -39.124, -16.898 ], [ -39.209, -17.162 ], [ -39.217, -17.295 ], [ -39.184, -17.601 ], [ -39.137, -17.68 ], [ -39.275, -17.867 ], [ -39.382, -17.903 ], [ -39.499, -18.006 ], [ -39.625, -18.193 ], [ -39.725, -18.519 ], [ -39.741, -18.902 ], [ -39.698, -19.24 ], [ -39.71, -19.416 ], [ -39.835, -19.657 ], [ -40.027, -19.764 ], [ -40.179, -20.043 ], [ -40.191, -20.19 ], [ -40.244, -20.278 ], [ -40.26, -20.321 ], [ -40.349, -20.5 ], [ -40.628, -20.839 ], [ -40.732, -20.844 ], [ -40.801, -20.931 ], [ -40.815, -21.037 ], [ -40.965, -21.274 ], [ -40.964, -21.365 ], [ -41.072, -21.523 ], [ -41.019, -21.608 ], [ -41.025, -21.719 ], [ -40.967, -21.948 ], [ -40.995, -22.014 ], [ -41.244, -22.145 ], [ -41.466, -22.203 ], [ -41.666, -22.282 ], [ -41.966, -22.535 ], [ -41.993, -22.7 ], [ -41.891, -22.782 ], [ -41.99, -22.826 ], [ -42.058, -22.954 ], [ -42.624, -22.94 ], [ -42.696, -22.967 ], [ -43.031, -22.974 ], [ -43.22, -22.995 ], [ -43.448, -23.018 ], [ -43.56, -23.067 ], [ -43.621, -23.043 ], [ -44.004, -23.091 ], [ -44.289416136340762, -23.14346759700625 ], [ -44.511, -23.273 ], [ -44.584, -23.353 ], [ -44.674, -23.338 ], [ -44.844, -23.385 ], [ -45.07, -23.515 ], [ -45.148, -23.487 ], [ -45.201, -23.572 ], [ -45.302, -23.574 ], [ -45.434, -23.665 ], [ -45.407, -23.82 ], [ -45.864, -23.756 ], [ -46.027, -23.829 ], [ -46.146, -23.844 ], [ -46.166, -23.982 ], [ -46.317, -24.016 ], [ -46.407, -24.009 ], [ -46.593, -24.09 ], [ -46.966, -24.299 ], [ -47.0, -24.41 ], [ -47.442, -24.68 ], [ -47.541, -24.703 ], [ -47.826, -24.894 ], [ -47.887, -25.057 ], [ -47.952, -25.201 ], [ -48.168, -25.369 ], [ -48.361, -25.571 ], [ -48.433, -25.622 ], [ -48.535, -25.839 ], [ -48.579, -25.873 ], [ -48.613, -26.041 ], [ -48.583, -26.157 ], [ -48.608, -26.437 ], [ -48.664, -26.556 ], [ -48.682, -26.719 ], [ -48.578, -26.777 ], [ -48.62, -26.837 ], [ -48.607, -27.104 ], [ -48.606, -27.223 ], [ -48.555, -27.342 ], [ -48.566, -27.86 ], [ -48.655, -28.213 ], [ -48.815, -28.61 ], [ -49.0017302040728, -28.524437161511965 ], [ -49.604761093136105, -27.939273854346823 ], [ -50.060384431539504, -27.251371951267185 ], [ -50.766153916517311, -25.598620625686237 ], [ -50.998432481193589, -24.477429861575931 ], [ -50.47803915840931, -23.452277350168291 ], [ -49.544458004229803, -22.78670992446137 ], [ -48.490270672237628, -22.75990855161411 ], [ -47.145735134400162, -22.590166523581473 ], [ -46.118349175255254, -22.214947303719853 ], [ -44.836350174061387, -21.83526118838369 ], [ -43.871500751560063, -21.67445295130014 ], [ -43.099639001514127, -21.332051511442717 ], [ -42.62370777355126, -20.890823602185471 ], [ -42.217183182999641, -20.08768965499813 ], [ -40.928202773933535, -18.501252228455236 ], [ -40.415089418786067, -17.383309604438281 ], [ -40.531593417297813, -16.297591490647989 ], [ -40.81913520085871, -15.772084093105654 ], [ -40.868711370438177, -14.38395134488062 ], [ -40.4026953763912, -13.174292807141661 ], [ -40.194475464157442, -12.371158859954317 ], [ -39.867272744932976, -12.004295205066271 ], [ -39.232697774315817, -11.756414357168945 ], [ -38.875749353343664, -11.548194444935191 ] ] ] ] } },
{ "type": "Feature", "properties": { "id": "vietnam1426", "colorId": "vietnam", "name": "Вьетнам", "parent": null }, "geometry": { "type": "MultiPolygon", "coordinates": [ [ [ [ 105.737, 19.108 ], [ 105.614, 18.999 ], [ 105.648, 18.893 ], [ 105.717, 18.855 ], [ 105.826, 18.594 ], [ 105.977, 18.402 ], [ 106.098, 18.29 ], [ 106.271, 18.204 ], [ 106.35, 18.084 ], [ 106.435, 18.124 ], [ 106.439, 18.052 ], [ 106.525, 17.95 ], [ 106.443, 17.847 ], [ 106.49, 17.703 ], [ 106.635, 17.47 ], [ 106.764, 17.336 ], [ 107.112, 17.088 ], [ 107.201, 16.914 ], [ 107.663, 16.552 ], [ 107.827, 16.374 ], [ 107.812, 16.313 ], [ 107.896, 16.278 ], [ 107.945, 16.357 ], [ 108.043, 16.346 ], [ 108.094, 16.237 ], [ 108.204, 16.217 ], [ 108.245, 16.162 ], [ 108.317, 16.135 ], [ 108.259, 16.071 ], [ 108.306, 15.955 ], [ 108.415, 15.867 ], [ 108.455, 15.747 ], [ 108.619, 15.529 ], [ 108.621, 15.475 ], [ 108.773, 15.387 ], [ 108.827, 15.429 ], [ 108.91, 15.209 ], [ 108.919, 15.058 ], [ 109.012, 14.822 ], [ 109.081, 14.729 ], [ 109.074, 14.579 ], [ 109.239, 14.133 ], [ 109.174, 14.172 ], [ 109.307, 13.876 ], [ 109.27, 13.756 ], [ 109.304, 13.48 ], [ 109.232, 13.393 ], [ 109.321, 13.259 ], [ 109.307, 13.133 ], [ 109.465, 12.913 ], [ 109.369, 12.825 ], [ 109.472, 12.656 ], [ 109.451, 12.571 ], [ 109.342, 12.66 ], [ 109.363, 12.793 ], [ 109.205, 12.646 ], [ 109.205, 12.55 ], [ 109.346, 12.396 ], [ 109.297, 12.351 ], [ 109.185, 12.459 ], [ 108.83608607991971, 12.456952682395285 ], [ 108.643492614432844, 12.32988070516684 ], [ 108.540246632934725, 12.330873454988936 ], [ 108.539750258023687, 12.48524605232506 ], [ 108.411189156062122, 12.728966133649928 ], [ 108.415160155350506, 13.495368996308992 ], [ 107.707514141983481, 14.123989979974555 ], [ 107.707514141983481, 14.736954756625227 ], [ 107.629871936941072, 14.998486394662848 ], [ 107.486846822389225, 15.243672305323113 ], [ 107.364253867059091, 15.656401921601232 ], [ 107.09454936533281, 15.975143605459582 ], [ 106.775820284307102, 16.175261184298709 ], [ 106.726770499342393, 16.265280266407565 ], [ 106.440720270238742, 16.833294292770525 ], [ 106.306766952359823, 17.084447385575483 ], [ 106.24865797355487, 17.192900295072249 ], [ 106.064768540559669, 17.352271137001424 ], [ 105.729681129323964, 17.801778639878584 ], [ 105.443630900220342, 18.118477107814758 ], [ 105.353729399644877, 18.355490154786356 ], [ 104.937, 18.731 ], [ 104.699900304550852, 19.364838820337798 ], [ 104.642690258730141, 20.280199553469469 ], [ 104.744851054838577, 20.835954284299412 ], [ 104.614085235819758, 20.946287944096532 ], [ 104.434282234668899, 21.068880899426667 ], [ 103.764107412197504, 21.371276855907666 ], [ 103.563872251824947, 21.677759244233002 ], [ 103.563872251824947, 22.143612474487515 ], [ 103.645600888711698, 22.629897863963713 ], [ 104.025639050235128, 22.72184258046131 ], [ 104.348467165937819, 22.88529985423482 ], [ 104.769369645904604, 22.999719945876279 ], [ 105.116716352673322, 23.163177219649789 ], [ 105.786891175144717, 23.257165152069561 ], [ 105.921743426007865, 23.032411400630981 ], [ 106.011644926583301, 22.79539835365939 ], [ 106.205750439189345, 22.564514954454307 ], [ 106.356948417429848, 22.356106930393079 ], [ 106.659344373910841, 22.086402428666783 ], [ 107.076160422033297, 21.837130086162176 ], [ 107.46845787908974, 21.50612910677081 ], [ 107.367, 21.273 ], [ 107.388, 21.185 ], [ 107.354, 21.082 ], [ 107.374, 21.028 ], [ 107.245, 21.003 ], [ 107.149, 20.931 ], [ 106.868, 20.883 ], [ 106.789, 20.731 ], [ 106.519, 20.541 ], [ 106.594, 20.448 ], [ 106.57, 20.232 ], [ 106.395, 20.205 ], [ 106.161, 19.984 ], [ 106.025, 19.999 ], [ 105.956, 19.925 ], [ 105.929, 19.78 ], [ 105.826, 19.642 ], [ 105.783, 19.394 ], [ 105.813, 19.307 ], [ 105.746, 19.237 ], [ 105.737, 19.108 ] ] ], [ [ [ 107.08, 20.8 ], [ 107.046, 20.704 ], [ 106.91, 20.819 ], [ 106.948, 20.87 ], [ 107.08, 20.8 ] ] ], [ [ [ 107.471, 21.096 ], [ 107.373, 21.06 ], [ 107.467, 21.277 ], [ 107.581, 21.212 ], [ 107.471, 21.096 ] ] ] ] } },
{ "type": "Feature", "properties": { "id": "en_ireland1318", "colorId": "britain", "name": null, "parent": "england1282" }, "geometry": { "type": "MultiPolygon", "coordinates": [ [ [ [ -7.541, 55.198 ], [ -7.524, 55.29 ], [ -7.328, 55.308 ], [ -7.384, 55.386 ], [ -7.195, 55.339 ], [ -6.943, 55.219 ], [ -7.159, 55.151 ], [ -7.247, 55.069 ], [ -7.065, 55.044 ], [ -6.963, 55.195 ], [ -6.755, 55.178 ], [ -6.476, 55.249 ], [ -6.101, 55.212 ], [ -6.062, 55.074 ], [ -5.976, 55.053 ], [ -5.798, 54.845 ], [ -5.702, 54.825 ], [ -5.748, 54.68 ], [ -5.537, 54.657 ], [ -5.433, 54.466 ], [ -5.502, 54.34 ], [ -5.553, 54.299 ], [ -5.862, 54.231 ], [ -5.912, 54.091 ], [ -6.041, 54.036 ], [ -6.27, 54.098 ], [ -6.111, 54.001 ], [ -6.348, 54.004 ], [ -6.379, 53.917 ], [ -6.243, 53.865 ], [ -6.223, 53.646 ], [ -6.092, 53.577 ], [ -6.123, 53.393 ], [ -6.215, 53.358 ], [ -6.097, 53.286 ], [ -5.997, 52.965 ], [ -6.215, 52.666 ], [ -6.209, 52.546 ], [ -6.39, 52.359 ], [ -6.496, 52.364 ], [ -6.318, 52.241 ], [ -6.37, 52.18 ], [ -6.597, 52.18 ], [ -6.832, 52.241 ], [ -6.897, 52.152 ], [ -6.97, 52.247 ], [ -7.017, 52.138 ], [ -7.435, 52.126 ], [ -7.572, 52.088 ], [ -7.59, 51.991 ], [ -7.829, 51.953 ], [ -8.004, 51.83 ], [ -8.246, 51.803 ], [ -8.182, 51.885 ], [ -8.329, 51.861 ], [ -8.302, 51.758 ], [ -8.696, 51.577 ], [ -8.854, 51.596 ], [ -9.272, 51.508 ], [ -9.402, 51.546 ], [ -9.82, 51.446 ], [ -9.834, 51.487 ], [ -9.546, 51.611 ], [ -9.731, 51.601 ], [ -9.459, 51.684 ], [ -9.525, 51.727 ], [ -9.874, 51.656 ], [ -10.029, 51.597 ], [ -10.088, 51.672 ], [ -9.738, 51.837 ], [ -10.085, 51.756 ], [ -10.235, 51.851 ], [ -10.341, 51.788 ], [ -10.382, 51.878 ], [ -10.251, 51.916 ], [ -10.266, 51.988 ], [ -9.93, 52.072 ], [ -9.908, 52.131 ], [ -10.461, 52.103 ], [ -10.461, 52.18 ], [ -10.172, 52.287 ], [ -9.872, 52.233 ], [ -9.834, 52.375 ], [ -9.95, 52.412 ], [ -9.677, 52.483 ], [ -9.618, 52.577 ], [ -9.272, 52.577 ], [ -8.96, 52.652 ], [ -9.0, 52.76 ], [ -9.147, 52.624 ], [ -9.333, 52.598 ], [ -9.553, 52.639 ], [ -9.707, 52.58 ], [ -9.824, 52.595 ], [ -9.581, 52.743 ], [ -9.499, 52.753 ], [ -9.354, 52.933 ], [ -9.478, 52.94 ], [ -9.272, 53.147 ], [ -9.159, 53.111 ], [ -9.046, 53.174 ], [ -8.936, 53.146 ], [ -8.943, 53.269 ], [ -9.612, 53.236 ], [ -9.601, 53.365 ], [ -9.887, 53.317 ], [ -9.786, 53.393 ], [ -10.026, 53.385 ], [ -10.18, 53.555 ], [ -9.854, 53.618 ], [ -9.908, 53.762 ], [ -9.566, 53.796 ], [ -9.566, 53.899 ], [ -9.911, 53.859 ], [ -9.916, 53.954 ], [ -9.812, 53.942 ], [ -10.011, 54.218 ], [ -9.992, 54.301 ], [ -9.765, 54.256 ], [ -9.844, 54.329 ], [ -9.22, 54.281 ], [ -9.135, 54.146 ], [ -9.051, 54.289 ], [ -8.621, 54.256 ], [ -8.47, 54.277 ], [ -8.664, 54.359 ], [ -8.271, 54.524 ], [ -8.121, 54.647 ], [ -8.292, 54.606 ], [ -8.419, 54.641 ], [ -8.673, 54.619 ], [ -8.796, 54.698 ], [ -8.637, 54.768 ], [ -8.457, 54.763 ], [ -8.554, 54.828 ], [ -8.326, 54.838 ], [ -8.463, 54.941 ], [ -8.278, 55.161 ], [ -8.115, 55.155 ], [ -7.792, 55.206 ], [ -7.644, 55.273 ], [ -7.532, 55.1 ], [ -7.641, 55.044 ], [ -7.469, 55.044 ], [ -7.541, 55.198 ] ] ], [ [ [ -10.266, 53.982 ], [ -9.976, 54.021 ], [ -9.964, 53.954 ], [ -10.266, 53.982 ] ] ] ] } },
{ "type": "Feature", "properties": { "id": "sp_cape_verde1589", "colorId": "spain", "name": null, "parent": "sp_portugal1589" }, "geometry": { "type": "MultiPolygon", "coordinates": [ [ [ [ -24.526, 14.925 ], [ -24.403, 15.038 ], [ -24.329, 15.029 ], [ -24.297, 14.918 ], [ -24.377, 14.816 ], [ -24.526, 14.925 ] ] ], [ [ [ -23.786, 15.175 ], [ -23.744, 15.333 ], [ -23.511, 15.113 ], [ -23.457, 15.024 ], [ -23.494, 14.919 ], [ -23.677, 14.936 ], [ -23.772, 15.038 ], [ -23.786, 15.175 ] ] ], [ [ [ -23.183, 15.119 ], [ -23.258, 15.175 ], [ -23.251, 15.256 ], [ -23.128, 15.312 ], [ -23.11, 15.199 ], [ -23.183, 15.119 ] ] ], [ [ [ -22.946, 16.02 ], [ -22.916, 16.244 ], [ -22.714, 16.206 ], [ -22.682, 16.114 ], [ -22.68, 16.063 ], [ -22.806, 15.986 ], [ -22.946, 16.02 ] ] ], [ [ [ -24.325, 16.483 ], [ -24.423, 16.662 ], [ -24.361, 16.682 ], [ -24.068, 16.614 ], [ -24.033, 16.562 ], [ -24.233, 16.602 ], [ -24.325, 16.483 ] ] ], [ [ [ -22.991, 16.816 ], [ -22.895, 16.829 ], [ -22.895, 16.614 ], [ -22.929, 16.593 ], [ -22.991, 16.816 ] ] ], [ [ [ -24.988, 16.785 ], [ -25.078, 16.865 ], [ -24.971, 16.923 ], [ -24.92, 16.895 ], [ -24.875, 16.826 ], [ -24.988, 16.785 ] ] ], [ [ [ -25.317, 17.106 ], [ -25.103, 17.197 ], [ -24.971, 17.107 ], [ -25.047, 17.035 ], [ -25.188, 16.928 ], [ -25.299, 16.917 ], [ -25.355, 17.038 ], [ -25.317, 17.106 ] ] ] ] } },
{ "type": "Feature", "properties": { "id": "sp_portugal1589", "colorId": "spain", "name": null, "parent": "spain" }, "geometry": { "type": "MultiPolygon", "coordinates": [ [ [ [ -25.506, 37.707 ], [ -25.704, 37.744 ], [ -25.859, 37.854 ], [ -25.765, 37.912 ], [ -25.681, 37.843 ], [ -25.458, 37.83 ], [ -25.198, 37.864 ], [ -25.132, 37.786 ], [ -25.195, 37.741 ], [ -25.506, 37.707 ] ] ], [ [ [ -28.549, 38.484 ], [ -28.485, 38.558 ], [ -28.375, 38.55 ], [ -28.109, 38.447 ], [ -28.054, 38.399 ], [ -28.242, 38.378 ], [ -28.46, 38.406 ], [ -28.549, 38.484 ] ] ], [ [ [ -28.727, 38.515 ], [ -28.842, 38.599 ], [ -28.72, 38.645 ], [ -28.61, 38.597 ], [ -28.636, 38.516 ], [ -28.727, 38.515 ] ] ], [ [ [ -27.836, 38.543 ], [ -28.178, 38.645 ], [ -28.316, 38.755 ], [ -27.891, 38.604 ], [ -27.836, 38.543 ] ] ], [ [ [ -27.06, 38.641 ], [ -27.328, 38.666 ], [ -27.392, 38.759 ], [ -27.298, 38.804 ], [ -27.144, 38.796 ], [ -27.02, 38.694 ], [ -27.06, 38.641 ] ] ], [ [ [ -31.208, 39.509 ], [ -31.132, 39.423 ], [ -31.269, 39.365 ], [ -31.208, 39.509 ] ] ], [ [ [ -5.663, -15.98 ], [ -5.764, -16.016 ], [ -5.722, -15.909 ], [ -5.663, -15.98 ] ] ], [ [ [ -14.406, -7.974 ], [ -14.356, -7.885 ], [ -14.295, -7.945 ], [ -14.406, -7.974 ] ] ], [ [ [ -16.977, 32.647 ], [ -17.143, 32.706 ], [ -17.252, 32.815 ], [ -17.2, 32.868 ], [ -17.068, 32.814 ], [ -16.92, 32.841 ], [ -16.69, 32.755 ], [ -16.789, 32.687 ], [ -16.977, 32.647 ] ] ], [ [ [ -25.027, 36.934 ], [ -25.169, 36.946 ], [ -25.17, 37.016 ], [ -25.067, 37.021 ], [ -25.027, 36.934 ] ] ], [ [ [ -8.798, 37.49 ], [ -8.821, 37.927 ], [ -8.895, 37.953 ], [ -8.774, 38.187 ], [ -8.795, 38.359 ], [ -8.943, 38.481 ], [ -9.049, 38.441 ], [ -9.2, 38.412 ], [ -9.184, 38.552 ], [ -9.253, 38.665 ], [ -9.492, 38.708 ], [ -9.492, 38.819 ], [ -9.423, 38.931 ], [ -9.437, 39.029 ], [ -9.341, 39.267 ], [ -9.398, 39.378 ], [ -9.24, 39.42 ], [ -9.09, 39.579 ], [ -9.072, 39.68 ], [ -8.868, 40.125 ], [ -8.865, 40.275 ], [ -8.753, 40.641 ], [ -8.701, 40.778 ], [ -8.655, 40.994 ], [ -8.666, 41.133 ], [ -8.737, 41.25 ], [ -8.775, 41.468 ], [ -8.88, 41.737 ], [ -8.868, 41.859 ], [ -8.751, 41.969 ], [ -8.627, 42.051 ], [ -8.347, 42.102 ], [ -8.222, 42.154 ], [ -8.191, 42.062 ], [ -8.095, 42.041 ], [ -8.232, 41.886 ], [ -8.18, 41.811 ], [ -8.049, 41.816 ], [ -7.722, 41.899 ], [ -7.622, 41.832 ], [ -7.251, 41.864 ], [ -7.145, 41.987 ], [ -6.568, 41.926 ], [ -6.524, 41.867 ], [ -6.577, 41.74 ], [ -6.272, 41.628 ], [ -6.206, 41.57 ], [ -6.321, 41.42 ], [ -6.496, 41.295 ], [ -6.647, 41.268 ], [ -6.818, 41.054 ], [ -6.942, 41.016 ], [ -6.837, 40.84 ], [ -6.814, 40.647 ], [ -6.857, 40.442 ], [ -6.794, 40.356 ], [ -6.896, 40.255 ], [ -7.043, 40.181 ], [ -6.88, 40.009 ], [ -6.924, 39.872 ], [ -7.036, 39.689 ], [ -7.557, 39.68 ], [ -7.516, 39.594 ], [ -7.314, 39.457 ], [ -7.327, 39.341 ], [ -7.167, 39.113 ], [ -7.039, 39.109 ], [ -6.973, 39.014 ], [ -7.056, 38.855 ], [ -7.27, 38.738 ], [ -7.359, 38.446 ], [ -7.167, 38.272 ], [ -7.104, 38.174 ], [ -6.948, 38.197 ], [ -7.024, 38.023 ], [ -7.123, 38.04 ], [ -7.273, 37.977 ], [ -7.334, 37.812 ], [ -7.426, 37.751 ], [ -7.53, 37.567 ], [ -7.476, 37.494 ], [ -7.414, 37.193 ], [ -7.512, 37.172 ], [ -7.82, 36.999 ], [ -7.958, 37.003 ], [ -8.179, 37.088 ], [ -8.439, 37.083 ], [ -8.627, 37.121 ], [ -8.686, 37.083 ], [ -8.998, 37.021 ], [ -8.881, 37.232 ], [ -8.798, 37.49 ] ] ] ] } },
{ "type": "Feature", "properties": { "id": "malta_knights", "colorId": "malta", "name": "Госпитальеры", "parent": null }, "geometry": { "type": "MultiPolygon", "coordinates": [ [ [ [ 14.548, 35.89 ], [ 14.528, 35.801 ], [ 14.343, 35.881 ], [ 14.322, 35.973 ], [ 14.428, 35.966 ], [ 14.548, 35.89 ] ] ] ] } },
{ "type": "Feature", "properties": { "id": "champa", "colorId": "south_vietnam", "name": "Тямпа", "parent": null }, "geometry": { "type": "MultiPolygon", "coordinates": [ [ [ [ 108.643492614432844, 12.32988070516684 ], [ 108.83608607991971, 12.456952682395285 ], [ 109.185, 12.459 ], [ 109.207, 12.387 ], [ 109.214, 12.068 ], [ 109.287, 11.967 ], [ 109.278, 11.865 ], [ 109.243, 11.736 ], [ 109.136, 11.57 ], [ 109.018, 11.356 ], [ 108.933, 11.311 ], [ 108.788, 11.301 ], [ 108.729, 11.182 ], [ 108.577, 11.179 ], [ 108.472, 11.053 ], [ 108.347653167447874, 11.524760599445985 ], [ 108.349638667092066, 11.803723299455303 ], [ 108.448913649301801, 12.015179011562015 ], [ 108.540246632934725, 12.330873454988936 ], [ 108.643492614432844, 12.32988070516684 ] ] ] ] } },
{ "type": "Feature", "properties": { "id": "antarctica", "colorId": "antarctica", "name": "Антарктида", "parent": null }, "geometry": { "type": "MultiPolygon", "coordinates": [ [ [ [ -42.972, -79.43 ], [ -43.532, -80.2 ], [ -54.162, -80.877 ], [ -54.408, -80.74 ], [ -54.378, -80.577 ], [ -53.343, -80.107 ], [ -50.713, -79.282 ], [ -50.367, -78.691 ], [ -49.072, -78.042 ], [ -47.223, -77.773 ], [ -44.515, -78.042 ], [ -43.718, -78.367 ], [ -42.972, -79.43 ] ] ], [ [ [ 157.873, -69.172 ], [ 159.754, -69.502 ], [ 161.249, -70.462 ], [ 162.708, -70.3 ], [ 167.701, -70.791 ], [ 170.282, -71.299 ], [ 170.946, -71.861 ], [ 169.631, -73.044 ], [ 168.304, -73.164 ], [ 162.546, -75.101 ], [ 160.387, -79.168 ], [ 161.383, -79.947 ], [ 161.011, -81.549 ], [ 166.53, -82.703 ], [ 180.0, -84.353 ], [ 180.0, -90.0 ], [ -180.0, -90.0 ], [ -180.0, -84.353 ], [ -167.442, -84.867 ], [ -160.07, -83.479 ], [ -154.804, -81.966 ], [ -156.528, -78.664 ], [ -158.637, -77.865 ], [ -158.22, -77.074 ], [ -151.421, -77.509 ], [ -149.483, -76.293 ], [ -139.567, -75.148 ], [ -88.714, -73.12 ], [ -75.39331635053486, -71.007032259062939 ], [ -72.107906287143393, -69.069482734498763 ], [ -70.45116104150155, -68.676356744007492 ], [ -68.825, -69.431 ], [ -68.009, -69.327 ], [ -67.163, -68.49 ], [ -67.472, -67.549 ], [ -67.119, -66.936 ], [ -63.874, -65.046 ], [ -61.019, -64.082 ], [ -57.287, -63.215 ], [ -55.562833271604354, -63.122551324755477 ], [ -55.060970261821168, -63.300294474053693 ], [ -55.907864090830302, -63.289838994683208 ], [ -58.733, -64.031 ], [ -63.812, -66.189 ], [ -65.337, -67.658 ], [ -65.244, -68.629 ], [ -63.447, -68.947 ], [ -61.354, -70.561 ], [ -60.492, -72.791 ], [ -61.055, -74.103 ], [ -63.162, -75.409 ], [ -70.094, -76.675 ], [ -74.892, -78.168 ], [ -75.939, -79.569 ], [ -72.557, -80.799 ], [ -68.68, -80.961 ], [ -62.414, -81.558 ], [ -61.192, -83.199 ], [ -59.47, -83.46 ], [ -55.85, -82.462 ], [ -55.225, -82.518 ], [ -54.762, -82.3 ], [ -48.38, -81.89 ], [ -44.011, -82.391 ], [ -33.721, -77.311 ], [ -30.692, -76.85 ], [ -28.859, -76.353 ], [ -20.399, -75.472 ], [ -17.802, -74.777 ], [ -12.381, -71.395 ], [ -7.856, -70.826 ], [ -2.887, -71.268 ], [ 2.52, -70.901 ], [ 26.446, -71.032 ], [ 32.745, -70.013 ], [ 35.708, -69.666 ], [ 39.209, -69.707 ], [ 39.858, -68.83 ], [ 52.222, -65.973 ], [ 55.612, -66.028 ], [ 57.563, -66.994 ], [ 69.107, -67.846 ], [ 72.766, -70.069 ], [ 75.883, -69.779 ], [ 78.747, -68.262 ], [ 87.966, -66.77 ], [ 113.204, -65.765 ], [ 118.89, -67.42 ], [ 121.515, -67.093 ], [ 123.15, -66.733 ], [ 125.148, -66.66 ], [ 125.898, -66.306 ], [ 130.872, -66.183 ], [ 136.945, -66.328 ], [ 143.471, -66.846 ], [ 146.048, -67.587 ], [ 147.03, -68.416 ], [ 153.845, -68.76 ], [ 154.986, -68.886 ], [ 156.35, -69.202 ], [ 157.873, -69.172 ] ] ] ] } },
{ "type": "Feature", "properties": { "id": "sp_muscat1589", "colorId": "spain", "name": null, "parent": "sp_portugal1589" }, "geometry": { "type": "MultiPolygon", "coordinates": [ [ [ [ 58.412, 23.616 ], [ 58.491, 23.657 ], [ 58.600319617291014, 23.603266698267664 ], [ 58.522421235425135, 23.553765423985013 ], [ 58.433383555199974, 23.55581226720858 ], [ 58.412, 23.616 ] ] ] ] } },
{ "type": "Feature", "properties": { "id": "tibet1354", "colorId": "tibet", "name": "Тибет", "parent": null }, "geometry": { "type": "MultiPolygon", "coordinates": [ [ [ [ 79.024242565908594, 33.286540257462356 ], [ 78.958653179476997, 33.711172196909573 ], [ 78.956313143819315, 33.800093551901654 ], [ 78.911852466323282, 33.823493908478511 ], [ 78.928232715927081, 33.968576119255061 ], [ 79.286258171553072, 33.982616333201179 ], [ 79.451053350750385, 34.080522533123343 ], [ 79.645007677966433, 34.348757240975324 ], [ 80.041169708024739, 34.658258826958388 ], [ 80.346544606194698, 34.782059461351608 ], [ 80.610652626233573, 34.876973281053083 ], [ 80.878887334085562, 34.955380349502121 ], [ 82.149907180522661, 36.143866439677069 ], [ 82.372748322430468, 36.214020132499883 ], [ 82.797797167180534, 36.333694079080004 ], [ 83.338393270697608, 36.416227835342148 ], [ 83.907876188906428, 36.412101147529043 ], [ 84.646553307452663, 36.548281845361586 ], [ 85.447130743195501, 36.787629738521822 ], [ 86.01661366140435, 37.051737758560698 ], [ 86.800684345894766, 37.348859281104438 ], [ 87.205099751579297, 37.588207174264667 ], [ 88.030437314200768, 37.910088823687047 ], [ 88.542146603026097, 38.207210346230788 ], [ 89.185909901870858, 38.248477224361864 ], [ 89.573818556302967, 38.124676589968637 ], [ 90.135048098885576, 38.009129331201628 ], [ 90.18456835264287, 38.12467658996863 ], [ 90.448676372681746, 38.231970473109428 ], [ 91.344167628126073, 38.508458556587627 ], [ 91.905397170708696, 38.615752439728418 ], [ 92.268545698262145, 38.78081995225272 ], [ 93.118643387762276, 38.929380713524587 ], [ 93.242444022155496, 38.991281030721197 ], [ 93.263077461221044, 39.049054660104701 ], [ 93.605592549708973, 39.016041157599844 ], [ 93.8490671306823, 39.069688099170236 ], [ 94.648865680690278, 39.067346277152438 ], [ 94.896036490764956, 38.945270536894704 ], [ 94.971110782956814, 38.903744917540202 ], [ 95.357804905676645, 38.774846876633589 ], [ 96.111362683284511, 38.561669347441892 ], [ 96.805429057397021, 38.678173345953624 ], [ 97.558986835004902, 38.673215728995672 ], [ 97.935765723808842, 38.812029003818182 ], [ 98.235701549764585, 39.015291299093995 ], [ 98.592030268616952, 38.911181342977088 ], [ 99.008470093084469, 38.732707132491008 ], [ 99.226605239234118, 38.569105772878778 ], [ 99.87109544376716, 38.440207731972166 ], [ 100.153679610370119, 38.197284501032783 ], [ 100.104103440790652, 37.875039398766262 ], [ 100.199156844294848, 37.589781299524482 ], [ 100.311478555863786, 37.103053882725753 ], [ 100.306798484548423, 36.466564183835104 ], [ 100.456560766640337, 36.017277337559356 ], [ 100.81692625792401, 35.259105784469021 ], [ 100.8626188353565, 34.226233317717622 ], [ 101.079010251584847, 33.382397187004685 ], [ 101.088370394215588, 33.022031695721004 ], [ 100.990088896592766, 32.511903922345418 ], [ 100.915207755546803, 32.18897900158472 ], [ 100.802886043977864, 31.903494651347003 ], [ 100.681204189778185, 31.510368660855708 ], [ 99.979193492472334, 30.948760103011015 ], [ 99.347383864897054, 30.410551901743183 ], [ 98.987018373613353, 30.274829833597391 ], [ 98.682813738114149, 30.19994869255143 ], [ 98.514331170760769, 30.001045661648106 ], [ 98.345848603407362, 29.72024138272576 ], [ 98.186726178684694, 29.406676604595809 ], [ 98.186726178684694, 28.994830328843033 ], [ 98.280327604992138, 28.863788332012607 ], [ 98.275647533676761, 28.377060915213875 ], [ 98.119, 28.141 ], [ 97.819464392686498, 28.067752187062062 ], [ 97.685140416591906, 28.144961292810052 ], [ 96.926538801462598, 28.294482770574671 ], [ 96.506559356564907, 28.177943971728713 ], [ 96.031608780136111, 28.129569375981333 ], [ 95.952450350731311, 28.024024803441602 ], [ 95.670998157292033, 28.191137043296177 ], [ 95.380750582807764, 28.138364757026313 ], [ 95.116889151458437, 28.309874687403376 ], [ 95.046526103098628, 28.415419259943107 ], [ 94.571575526669832, 28.639701476590041 ], [ 93.349017561417952, 28.094387851801429 ], [ 92.390321027515398, 27.707391085822415 ], [ 89.810275065975034, 27.499972387431587 ], [ 87.548424222329515, 27.640683430968014 ], [ 87.439806987844449, 27.878168570774392 ], [ 86.869106264278756, 28.021764236703827 ], [ 86.003850328550115, 28.018082296551786 ], [ 85.55097168984959, 28.073311398832342 ], [ 85.341101101183483, 28.22427094506585 ], [ 84.888222462482958, 28.412049892819727 ], [ 84.439025763934481, 28.540917798141013 ], [ 84.196017713900048, 28.662421823158226 ], [ 83.791004297176002, 28.610874661029708 ], [ 83.654772511550632, 28.548281678445086 ], [ 81.791710794620016, 29.384082092957442 ], [ 81.143689327861537, 29.929009235458885 ], [ 80.436756818670474, 30.422389215831817 ], [ 80.000446910654048, 30.674602116246334 ], [ 78.951093967323658, 31.158777246239172 ], [ 77.847835135358181, 31.878934584830617 ], [ 78.10162643586429, 32.182246139094012 ], [ 78.487169508167014, 32.348043915347056 ], [ 79.117336591489206, 33.058977083820864 ], [ 79.024242565908594, 33.286540257462356 ] ] ] ] } },
{ "type": "Feature", "properties": { "id": "sp_caroline1589", "colorId": "spain", "name": null, "parent": "spain" }, "geometry": { "type": "MultiPolygon", "coordinates": [ [ [ [ 163.019, 5.273 ], [ 162.916, 5.287 ], [ 163.026, 5.341 ], [ 163.019, 5.273 ] ] ], [ [ [ 158.339, 6.869 ], [ 158.292, 6.795 ], [ 158.194, 6.793 ], [ 158.126, 6.907 ], [ 158.181, 6.979 ], [ 158.291, 6.938 ], [ 158.339, 6.869 ] ] ] ] } },
{ "type": "Feature", "properties": { "id": "persian_kurds1514", "colorId": "iran", "name": null, "parent": "persia1509" }, "geometry": { "type": "MultiPolygon", "coordinates": [ [ [ [ 47.684807875643756, 35.225467771889782 ], [ 47.688317929130299, 34.961043742571242 ], [ 47.329122455675467, 34.539837324187722 ], [ 47.653217394265006, 34.466126200970606 ], [ 47.868500674772136, 34.49186659320516 ], [ 48.03698324212553, 34.353804489401675 ], [ 47.939871762331556, 33.923237928387415 ], [ 47.857970514312534, 33.911537750098987 ], [ 47.757348981032031, 33.819106341620376 ], [ 47.430914006784803, 33.85069682299914 ], [ 47.249561243314119, 33.752415325376326 ], [ 46.799104379209517, 33.821446377278072 ], [ 46.314136780398982, 33.743757056332718 ], [ 45.813949367323623, 33.904517643125935 ], [ 45.42910899271056, 34.425316482016235 ], [ 45.393927468530627, 34.658394079708287 ], [ 45.536852410511607, 34.884875141616604 ], [ 45.923849176490869, 35.181719251884786 ], [ 45.912945294648566, 35.412371448198485 ], [ 45.846979936811188, 35.729005165817881 ], [ 45.717248066397673, 35.783976297348985 ], [ 45.616101184380362, 35.867532417276323 ], [ 45.497363540273092, 35.902713941456255 ], [ 45.237899799446083, 36.236938421165618 ], [ 44.789335366151938, 36.980148119466705 ], [ 44.714574627269577, 37.389133338058429 ], [ 44.591439292639819, 37.609017864183002 ], [ 44.472701648532549, 37.943242343892365 ], [ 44.061710633693828, 38.396960454351351 ], [ 44.061710633693821, 39.15768839001155 ], [ 44.173323226570609, 39.454342913184064 ], [ 44.158637359086825, 39.668756578447365 ], [ 43.859045662417557, 39.774494824330638 ], [ 43.700438293592647, 39.936039366652302 ], [ 43.644631997154256, 40.132829990935058 ], [ 43.443886321366655, 40.433807861681828 ], [ 43.375795972450383, 40.58236862295368 ], [ 43.615260262186666, 40.617463617900043 ], [ 43.826736753953206, 40.802505548195768 ], [ 43.958909561307316, 40.831877283163337 ], [ 44.043300472275583, 40.865083525098697 ], [ 44.174321693463106, 40.827156329491778 ], [ 44.63979182136616, 40.768541572644729 ], [ 45.289449155338474, 40.767259466234677 ], [ 45.374, 40.675 ], [ 45.724164823036617, 40.434092665929199 ], [ 45.889665312957703, 40.24100876102127 ], [ 45.832774519547336, 39.837601316838615 ], [ 45.281528930601169, 39.519296723684903 ], [ 44.783163660112848, 39.309415003466633 ], [ 44.656801734597792, 39.370255930566472 ], [ 44.551500130001919, 39.316435110439691 ], [ 44.581920593551835, 39.145612507428595 ], [ 44.858044801158812, 39.06371125940958 ], [ 44.790183767085907, 38.612084377476137 ], [ 44.841664551555006, 38.373400740392142 ], [ 44.930585906547087, 37.829342449980103 ], [ 44.898995425168323, 37.459616816065683 ], [ 45.26872105908275, 37.20104287589136 ], [ 45.858410044819678, 37.040165424425439 ], [ 46.137459296998756, 36.887478097761402 ], [ 46.152669528773714, 36.7002752451465 ], [ 46.444003968155656, 36.506637294472974 ], [ 46.647587070374357, 36.476216830923057 ], [ 46.665722346721431, 36.373255261984859 ], [ 46.904405983805425, 36.188977453942073 ], [ 47.174095093353749, 36.190732480685334 ], [ 47.480639764510649, 36.105321179179789 ], [ 47.511060228060565, 35.801116543680578 ], [ 47.684807875643756, 35.225467771889782 ] ] ] ] } },
{ "type": "Feature", "properties": { "id": "hre_tuscany", "colorId": "tuscany", "name": "Тоскана", "parent": "holy_roman1477" }, "geometry": { "type": "MultiPolygon", "coordinates": [ [ [ [ 11.237115680225344, 42.469745283688368 ], [ 11.187, 42.521 ], [ 10.99, 42.71 ], [ 10.731, 42.804 ], [ 10.778, 42.895 ], [ 10.7762672973523, 43.036940551240406 ], [ 10.644254400169155, 43.141554545234598 ], [ 10.547, 43.147 ], [ 10.437, 43.389 ], [ 10.326, 43.477 ], [ 10.297764305048194, 43.62819715611414 ], [ 10.264, 43.809 ], [ 10.354351873245529, 43.834014482540162 ], [ 10.470332988034688, 43.800877021171836 ], [ 10.663634846016619, 43.909494255656917 ], [ 10.805888232330258, 44.168466489120924 ], [ 10.89079380453042, 44.10671698206626 ], [ 11.23620510961744, 44.15302911235726 ], [ 11.417594286590512, 44.226356651984673 ], [ 11.512148219267965, 44.137591735593595 ], [ 11.79966936149124, 44.222497307793752 ], [ 11.952113457032439, 44.176185177502759 ], [ 11.900012310455066, 44.106716982066246 ], [ 11.9077309988369, 44.029530098247918 ], [ 12.035089357137142, 43.927257477188633 ], [ 12.118065257241843, 43.622369286106242 ], [ 12.214548862014755, 43.541323058096999 ], [ 12.166307059628299, 43.371511913696665 ], [ 11.967550833796102, 43.124513885478009 ], [ 11.828614442923111, 43.089779787759767 ], [ 11.782302312632114, 43.014522576036896 ], [ 11.705290526126236, 42.83638059384424 ], [ 11.701842599252879, 42.643296688936303 ], [ 11.588061012432133, 42.598473639582679 ], [ 11.396, 42.4 ], [ 11.250776212933811, 42.401442620146014 ], [ 11.237115680225344, 42.469745283688368 ] ] ] ] } },
{ "type": "Feature", "properties": { "id": "hre_genoa1477", "colorId": "genoa", "name": "Генуя", "parent": "holy_roman1477" }, "geometry": { "type": "MultiPolygon", "coordinates": [ [ [ [ 8.614, 41.901 ], [ 8.586, 41.969 ], [ 8.743, 42.044 ], [ 8.586, 42.133 ], [ 8.566, 42.209 ], [ 8.689, 42.281 ], [ 8.56, 42.346 ], [ 8.651, 42.423 ], [ 8.716, 42.562 ], [ 9.018, 42.65 ], [ 9.107, 42.726 ], [ 9.292, 42.675 ], [ 9.343, 42.749 ], [ 9.306, 42.839 ], [ 9.342, 42.991 ], [ 9.422, 43.017 ], [ 9.484, 42.832 ], [ 9.457, 42.606 ], [ 9.532, 42.544 ], [ 9.553, 42.113 ], [ 9.403, 41.953 ], [ 9.402, 41.706 ], [ 9.341, 41.569 ], [ 9.265, 41.531 ], [ 9.223, 41.373 ], [ 9.121, 41.435 ], [ 8.792, 41.561 ], [ 8.802, 41.639 ], [ 8.923, 41.695 ], [ 8.696, 41.729 ], [ 8.785, 41.824 ], [ 8.744, 41.933 ], [ 8.614, 41.901 ] ] ], [ [ [ 7.636488324977592, 43.991438719090702 ], [ 7.690154474523659, 43.902496811073284 ], [ 7.996524028363787, 43.98469352064015 ], [ 8.051321834741696, 44.051945373922123 ], [ 8.168, 43.956 ], [ 7.96, 43.853 ], [ 7.695, 43.791 ], [ 7.502, 43.792 ], [ 7.553644671792917, 43.933448161861428 ], [ 7.636488324977592, 43.991438719090702 ] ] ], [ [ [ 10.003144640619636, 44.151099440261738 ], [ 9.99928541420655, 44.054615815859165 ], [ 9.845, 44.109 ], [ 9.82, 44.063 ], [ 9.621, 44.148 ], [ 9.484, 44.244 ], [ 9.231, 44.354 ], [ 8.827, 44.428 ], [ 8.725, 44.424 ], [ 8.466, 44.304 ], [ 8.408, 44.194 ], [ 8.233, 44.104 ], [ 8.237104810566494, 44.322813331829401 ], [ 8.34065937704734, 44.451220994265654 ], [ 8.415218664913548, 44.546491195428032 ], [ 8.638896528512173, 44.621050483294241 ], [ 8.945418045295476, 44.666614492545811 ], [ 9.11163613251794, 44.633517464126292 ], [ 9.32775940720926, 44.479143696489636 ], [ 9.56703874704608, 44.436690910389551 ], [ 9.65194431924624, 44.374941403334887 ], [ 9.736849891446402, 44.220567635698231 ], [ 10.003144640619636, 44.151099440261738 ] ] ] ] } },
{ "type": "Feature", "properties": { "id": "ott_kosovo1517", "colorId": "turkey", "name": null, "parent": "ottoman" }, "geometry": { "type": "MultiPolygon", "coordinates": [ [ [ [ 21.098, 42.196 ], [ 21.144562202852516, 42.161625965728923 ], [ 21.287137762047795, 42.057898534468158 ], [ 21.497529496606369, 42.255914284640923 ], [ 21.621289340464351, 42.367298144113107 ], [ 21.667335629116856, 42.487814200929741 ], [ 21.662937938594361, 42.610949535559506 ], [ 21.555194520793314, 42.69450565548685 ], [ 21.293531934705062, 42.738482560711766 ], [ 21.26274810104762, 42.830834061684094 ], [ 21.130817385372868, 42.879208657431505 ], [ 21.095635861192935, 42.984753229971304 ], [ 20.959307454995692, 43.125479326691035 ], [ 20.839, 43.17 ], [ 20.699843714168683, 43.187046994005918 ], [ 20.598, 43.185 ], [ 20.669, 43.11 ], [ 20.596, 43.007 ], [ 20.476, 42.966 ], [ 20.476, 42.856 ], [ 20.345, 42.827 ], [ 20.183, 42.743 ], [ 20.311497659634053, 42.687011074079543 ], [ 20.484761441035225, 42.521997948935571 ], [ 20.501, 42.211 ], [ 20.599, 41.948 ], [ 20.567, 41.873 ], [ 20.681, 41.844 ], [ 20.75, 41.907 ], [ 20.765, 42.064 ], [ 21.098, 42.196 ] ] ] ] } },
{ "type": "Feature", "properties": { "id": "eskimos", "colorId": null, "name": "эскимосы", "parent": null }, "geometry": { "type": "MultiPolygon", "coordinates": [ [ [ [ -33.232, 67.543 ], [ -33.948, 66.752 ], [ -34.654, 66.371 ], [ -36.074, 65.935 ], [ -40.604, 64.683 ], [ -43.138, 60.081 ], [ -44.975, 60.04 ], [ -48.195, 60.814 ], [ -50.308, 62.491 ], [ -52.161, 64.256 ], [ -53.65, 66.124 ], [ -53.965, 67.078 ], [ -53.34, 68.272 ], [ -51.569, 68.524 ], [ -51.087, 68.951 ], [ -51.439, 69.966 ], [ -54.185, 70.477 ], [ -55.288, 71.381 ], [ -55.905, 71.682 ], [ -55.552, 72.038 ], [ -55.663, 73.057 ], [ -56.713, 74.348 ], [ -57.083, 74.924 ], [ -58.159, 75.067 ], [ -59.64, 75.812 ], [ -63.477, 76.377 ], [ -64.672, 76.272 ], [ -66.487, 75.947 ], [ -68.433, 76.079 ], [ -68.438, 76.144 ], [ -69.637, 76.383 ], [ -69.918, 76.75 ], [ -71.346, 76.992 ], [ -71.193, 77.137 ], [ -71.631, 77.863 ], [ -72.242, 77.939 ], [ -72.297, 78.056 ], [ -72.895, 78.154 ], [ -72.661, 78.291 ], [ -72.59, 78.521 ], [ -71.942, 78.558 ], [ -65.978, 79.104 ], [ -64.86, 79.508 ], [ -65.306, 80.096 ], [ -67.462, 80.185 ], [ -67.455, 80.343 ], [ -62.977, 81.228 ], [ -61.546, 81.066 ], [ -61.296, 81.371 ], [ -61.454, 81.745 ], [ -46.845, 82.976 ], [ -32.491, 83.634 ], [ -25.65, 83.298 ], [ -16.485, 81.749 ], [ -13.92, 81.812 ], [ -12.028, 81.637 ], [ -11.396, 81.461 ], [ -12.538, 81.187 ], [ -14.295, 80.784 ], [ -15.321, 80.715 ], [ -16.447, 80.219 ], [ -17.873, 80.161 ], [ -19.566, 79.386 ], [ -19.357, 77.733 ], [ -18.266, 76.921 ], [ -18.628, 76.702 ], [ -19.391, 76.831 ], [ -19.672, 76.127 ], [ -19.345, 75.733 ], [ -19.627, 74.239 ], [ -20.201, 74.28 ], [ -20.543, 73.449 ], [ -21.543, 73.49 ], [ -22.644, 71.675 ], [ -21.75, 71.49 ], [ -21.638, 70.445 ], [ -22.38, 69.971 ], [ -29.378, 68.201 ], [ -31.996, 68.05 ], [ -33.232, 67.543 ] ] ] ] } },
{ "type": "Feature", "properties": { "id": "sp_mozambique1589", "colorId": "spain", "name": null, "parent": "sp_portugal1589" }, "geometry": { "type": "MultiPolygon", "coordinates": [ [ [ [ 35.197575332823682, -18.706949777613449 ], [ 35.33828253934194, -18.589693772181565 ], [ 35.633097638713522, -18.408784506658094 ], [ 36.262929896461927, -18.247976270637224 ], [ 36.339983842888607, -18.693549091278374 ], [ 36.295, -18.78 ], [ 36.238, -18.694 ], [ 36.244, -18.883 ], [ 36.147, -18.9 ], [ 36.133, -18.804 ], [ 36.031, -18.906 ], [ 35.867, -18.988 ], [ 35.662, -19.133 ], [ 35.442, -19.418 ], [ 35.127, -19.705 ], [ 34.88, -19.863 ], [ 34.706, -19.716 ], [ 34.778, -19.815 ], [ 34.743, -19.89 ], [ 34.777, -20.135 ], [ 34.655, -20.172 ], [ 34.743, -20.226 ], [ 34.665, -20.428 ], [ 34.822, -20.6 ], [ 34.852, -20.671 ], [ 34.993, -20.73 ], [ 35.003, -20.825 ], [ 35.12, -20.966 ], [ 34.738601825847446, -21.035319028332278 ], [ 34.587844104577883, -20.941514223986783 ], [ 34.524190844486291, -20.80415718905229 ], [ 34.524190844486291, -20.653399467782723 ], [ 34.383483637968034, -20.382035569497507 ], [ 34.390183981135571, -19.634947306317216 ], [ 34.46723792756223, -19.443987526042434 ], [ 34.819005943857881, -19.165923284589681 ], [ 35.197575332823682, -18.706949777613449 ] ] ], [ [ [ 40.726, -14.887 ], [ 40.759, -14.986 ], [ 40.671, -14.977 ], [ 40.712, -15.073 ], [ 40.513, -15.182 ], [ 40.61, -15.161 ], [ 40.682, -15.233 ], [ 40.588, -15.478 ], [ 40.426, -15.615 ], [ 40.364, -15.715 ], [ 40.199381507389482, -15.584589861541565 ], [ 40.062024472454986, -15.544387802536347 ], [ 39.807411432088614, -15.293124933753738 ], [ 39.804061260504845, -15.072013609225042 ], [ 39.887815550099049, -14.891104343701565 ], [ 40.005071555530925, -14.77719850985345 ], [ 40.34008871390774, -14.669993019172871 ], [ 40.835, -14.802 ], [ 40.726, -14.887 ] ] ] ] } },
{ "type": "Feature", "properties": { "id": "ott_albania1517", "colorId": "turkey", "name": null, "parent": "ottoman" }, "geometry": { "type": "MultiPolygon", "coordinates": [ [ [ [ 20.393, 39.835 ], [ 20.273, 39.796 ], [ 20.299, 39.728 ], [ 20.164, 39.644 ], [ 20.0, 39.694 ], [ 20.016, 39.845 ], [ 19.855, 40.05 ], [ 19.476, 40.214 ], [ 19.29, 40.427 ], [ 19.414, 40.334 ], [ 19.479, 40.454 ], [ 19.31, 40.644 ], [ 19.414, 40.869 ], [ 19.507, 40.905 ], [ 19.448, 41.009 ], [ 19.442, 41.144 ], [ 19.517, 41.256 ], [ 19.396, 41.402 ], [ 19.517, 41.513 ], [ 19.441, 41.585 ], [ 19.565, 41.585 ], [ 19.585, 41.819 ], [ 19.365, 41.852 ], [ 19.375, 42.095 ], [ 19.272, 42.181 ], [ 19.259600068052645, 42.360281175777494 ], [ 19.422314617384838, 42.593358773469554 ], [ 19.699, 42.655 ], [ 19.822504454931583, 42.663721821829427 ], [ 19.87087905067899, 42.575768011379587 ], [ 19.972025932696301, 42.536188796677166 ], [ 20.2, 42.428 ], [ 20.23, 42.327 ], [ 20.333, 42.318 ], [ 20.501, 42.211 ], [ 20.599, 41.948 ], [ 20.567, 41.873 ], [ 20.5, 41.734 ], [ 20.529, 41.575 ], [ 20.444, 41.55 ], [ 20.54, 41.401 ], [ 20.478, 41.32 ], [ 20.577, 41.094 ], [ 20.664, 41.059 ], [ 20.766, 40.894 ], [ 20.94, 40.907 ], [ 20.965, 40.849 ], [ 20.944, 40.765 ], [ 21.037, 40.64 ], [ 21.014, 40.549 ], [ 20.912, 40.46 ], [ 20.827, 40.465 ], [ 20.707, 40.288 ], [ 20.64, 40.09 ], [ 20.433, 40.064 ], [ 20.31, 39.99 ], [ 20.393, 39.835 ] ] ] ] } },
{ "type": "Feature", "properties": { "id": "sennar", "colorId": "sennar", "name": "Сеннар", "parent": null }, "geometry": { "type": "MultiPolygon", "coordinates": [ [ [ [ 29.666160158649415, 18.897843232750937 ], [ 30.333334020067621, 19.215914492264268 ], [ 30.736741471157703, 19.510712244983942 ], [ 31.42718883936957, 19.735689477322641 ], [ 32.296066426332814, 19.906361860476135 ], [ 33.490773108407282, 19.852057011290931 ], [ 33.940727573084679, 19.727931641724755 ], [ 34.592385763307121, 19.122820465089635 ], [ 35.150949926354919, 18.253942878126384 ], [ 35.507810363857686, 17.819504084644763 ], [ 35.616420062228087, 16.764438443332249 ], [ 35.500052528259793, 15.895560856368999 ], [ 35.321622309508413, 15.25166050174445 ], [ 35.321622309508406, 14.506908284347373 ], [ 34.910457022820445, 13.575968012601036 ], [ 33.971758915476222, 12.691574754442016 ], [ 32.893419767370041, 12.241620289764624 ], [ 31.559072044533625, 12.41229267291812 ], [ 30.480732896427451, 13.19583406830462 ], [ 29.953200075771193, 14.181079189236161 ], [ 30.16266163691412, 14.894800064241686 ], [ 30.294544842078185, 15.856771678379568 ], [ 29.836832541802906, 16.694617922951274 ], [ 29.34808889913608, 17.935871618613056 ], [ 29.410151583919166, 18.393583918888339 ], [ 29.666160158649415, 18.897843232750937 ] ] ] ] } },
{ "type": "Feature", "properties": { "id": "banjarmasin", "colorId": "banjarmasin", "name": "Банджармасин", "parent": null }, "geometry": { "type": "MultiPolygon", "coordinates": [ [ [ [ 114.625, -4.171 ], [ 114.632, -4.013 ], [ 114.604, -3.855 ], [ 114.611, -3.684 ], [ 114.537, -3.563 ], [ 114.55, -3.348 ], [ 114.488, -3.488 ], [ 114.412, -3.485 ], [ 114.264, -3.398 ], [ 114.365, -3.212 ], [ 114.248, -3.36 ], [ 114.126, -3.368 ], [ 114.123, -3.216 ], [ 114.042, -3.356 ], [ 113.886, -3.431 ], [ 113.713, -3.473 ], [ 113.632, -3.457 ], [ 113.62, -3.185 ], [ 113.466, -3.184 ], [ 113.351, -3.272 ], [ 113.241, -3.177 ], [ 113.183, -3.077 ], [ 113.101, -3.043 ], [ 113.035, -2.923 ], [ 113.017, -3.037 ], [ 112.949, -3.125 ], [ 113.021, -3.163 ], [ 112.618, -3.424 ], [ 112.472868274966771, -3.296507774167302 ], [ 112.324173867117281, -3.058596721608123 ], [ 112.208522661012125, -2.800859748002346 ], [ 112.178783779442227, -2.526601173524404 ], [ 112.178783779442227, -2.120169792069141 ], [ 112.132523297000162, -1.839302577242333 ], [ 112.043306652290468, -1.647652007125217 ], [ 111.973915928627378, -1.370089112472842 ], [ 111.954090007580788, -1.155308301134694 ], [ 112.099480095255828, -0.910788608226649 ], [ 112.390260270605935, -0.824876283691391 ], [ 113.269209437005117, -0.692703476714069 ], [ 113.901264734156072, -0.529246323227505 ], [ 114.234188410543709, -0.626827400789398 ], [ 114.509711453071404, -0.621087337403404 ], [ 115.111807270200956, -1.037131442636623 ], [ 115.399014839826634, -1.56048745839896 ], [ 115.545809819857539, -1.91790132282202 ], [ 115.628780895527171, -2.262550406372827 ], [ 115.628780895527171, -2.428492557712105 ], [ 115.437309182443386, -2.715700127337777 ], [ 115.526662648549149, -2.913554230857685 ], [ 115.526662648549149, -3.130555505685972 ], [ 115.628780895527171, -3.373086342258762 ], [ 115.836, -3.633 ], [ 115.583, -3.781 ], [ 115.06, -3.986 ], [ 114.713, -4.171 ], [ 114.625, -4.171 ] ] ] ] } },
{ "type": "Feature", "properties": { "id": "sp_cuba1589", "colorId": "spain", "name": null, "parent": "spain" }, "geometry": { "type": "MultiPolygon", "coordinates": [ [ [ [ -82.576, 23.054 ], [ -82.407, 23.147 ], [ -82.219, 23.194 ], [ -81.986, 23.171 ], [ -81.581, 23.158 ], [ -81.553, 23.054 ], [ -81.286, 23.145 ], [ -81.121, 23.039 ], [ -81.078, 23.104 ], [ -80.959, 23.059 ], [ -80.759, 23.097 ], [ -80.622, 23.09 ], [ -80.557, 23.007 ], [ -80.28, 22.912 ], [ -80.025, 22.947 ], [ -79.988, 22.884 ], [ -79.652, 22.759 ], [ -79.627, 22.657 ], [ -79.512, 22.535 ], [ -79.342, 22.413 ], [ -79.239, 22.376 ], [ -78.982, 22.405 ], [ -78.782, 22.391 ], [ -78.758, 22.322 ], [ -78.676, 22.357 ], [ -78.484, 22.26 ], [ -78.381, 22.247 ], [ -78.301, 22.164 ], [ -78.065, 22.087 ], [ -77.985, 21.97 ], [ -77.761, 21.813 ], [ -77.525, 21.754 ], [ -77.456, 21.777 ], [ -77.43, 21.658 ], [ -77.337, 21.65 ], [ -77.459, 21.809 ], [ -77.614, 21.884 ], [ -77.556, 21.929 ], [ -77.508, 21.862 ], [ -77.195, 21.671 ], [ -77.134, 21.664 ], [ -77.154, 21.555 ], [ -77.25, 21.61 ], [ -77.258, 21.476 ], [ -77.153, 21.495 ], [ -77.107, 21.603 ], [ -76.963, 21.473 ], [ -76.637, 21.321 ], [ -76.735, 21.286 ], [ -76.552, 21.267 ], [ -76.537, 21.185 ], [ -76.456, 21.226 ], [ -76.507, 21.288 ], [ -76.388, 21.284 ], [ -76.138, 21.167 ], [ -76.117, 21.091 ], [ -76.002, 21.078 ], [ -75.822, 21.137 ], [ -75.684, 21.103 ], [ -75.578, 21.013 ], [ -75.649, 20.899 ], [ -75.744, 20.902 ], [ -75.784, 20.746 ], [ -75.709, 20.691 ], [ -75.633, 20.781 ], [ -75.613, 20.718 ], [ -75.498, 20.693 ], [ -75.44, 20.741 ], [ -75.195, 20.691 ], [ -74.998, 20.701 ], [ -74.772, 20.626 ], [ -74.605, 20.486 ], [ -74.495, 20.355 ], [ -74.401, 20.307 ], [ -74.214, 20.311 ], [ -74.142, 20.183 ], [ -74.267, 20.068 ], [ -74.393, 20.081 ], [ -74.58, 20.048 ], [ -74.813, 20.037 ], [ -74.978, 19.923 ], [ -75.095, 19.897 ], [ -75.164, 19.914 ], [ -75.137, 19.972 ], [ -75.16, 19.971 ], [ -75.233, 19.9 ], [ -75.605, 19.892 ], [ -75.722, 19.958 ], [ -75.98, 19.952 ], [ -76.248, 19.991 ], [ -76.524, 19.944 ], [ -76.866, 19.938 ], [ -76.959, 19.891 ], [ -77.298, 19.907 ], [ -77.359, 19.864 ], [ -77.737, 19.856 ], [ -77.62, 20.02 ], [ -77.401, 20.198 ], [ -77.182, 20.295 ], [ -77.082, 20.465 ], [ -77.24, 20.563 ], [ -77.195, 20.637 ], [ -77.315, 20.709 ], [ -77.493, 20.677 ], [ -77.778, 20.701 ], [ -77.878, 20.732 ], [ -78.066, 20.712 ], [ -78.272, 20.901 ], [ -78.404, 20.958 ], [ -78.495, 21.048 ], [ -78.504, 21.147 ], [ -78.608, 21.494 ], [ -78.767, 21.64 ], [ -79.249, 21.552 ], [ -79.54, 21.622 ], [ -79.639, 21.688 ], [ -79.895, 21.699 ], [ -79.895, 21.76 ], [ -80.004, 21.756 ], [ -80.067, 21.817 ], [ -80.27, 21.887 ], [ -80.451, 22.069 ], [ -80.396, 22.101 ], [ -80.484, 22.192 ], [ -80.538, 22.164 ], [ -80.514, 22.056 ], [ -80.992, 22.054 ], [ -81.104, 22.096 ], [ -81.136, 22.23 ], [ -81.205, 22.278 ], [ -81.197, 22.091 ], [ -81.239, 22.151 ], [ -81.374, 22.104 ], [ -81.396, 22.171 ], [ -81.651, 22.213 ], [ -81.824, 22.189 ], [ -81.88, 22.26 ], [ -82.088, 22.342 ], [ -82.119, 22.432 ], [ -81.841, 22.431 ], [ -81.684, 22.464 ], [ -81.643, 22.573 ], [ -81.878, 22.68 ], [ -82.099, 22.655 ], [ -82.199, 22.686 ], [ -82.633, 22.68 ], [ -82.781, 22.696 ], [ -82.801, 22.623 ], [ -83.086, 22.463 ], [ -83.167, 22.34 ], [ -83.26, 22.342 ], [ -83.415, 22.186 ], [ -83.561, 22.205 ], [ -83.925, 22.172 ], [ -84.002, 22.058 ], [ -83.965, 22.013 ], [ -84.042, 21.918 ], [ -84.142, 21.94 ], [ -84.305, 21.885 ], [ -84.423, 21.792 ], [ -84.521, 21.787 ], [ -84.474, 21.905 ], [ -84.536, 21.94 ], [ -84.66, 21.912 ], [ -84.8, 21.832 ], [ -84.947, 21.86 ], [ -84.583, 22.008 ], [ -84.308, 22.037 ], [ -84.336, 22.131 ], [ -84.446, 22.205 ], [ -84.374, 22.381 ], [ -84.145, 22.569 ], [ -84.078, 22.666 ], [ -83.873, 22.751 ], [ -83.669, 22.795 ], [ -83.541, 22.874 ], [ -83.393, 22.877 ], [ -83.246, 22.994 ], [ -83.161, 22.98 ], [ -82.918, 23.032 ], [ -82.576, 23.054 ] ] ], [ [ [ -82.69, 21.882 ], [ -82.693, 21.824 ], [ -82.592, 21.729 ], [ -82.568, 21.637 ], [ -82.595, 21.542 ], [ -82.836, 21.445 ], [ -83.079, 21.469 ], [ -83.192, 21.63 ], [ -83.024, 21.548 ], [ -82.988, 21.62 ], [ -83.073, 21.761 ], [ -83.075, 21.843 ], [ -82.959, 21.925 ], [ -82.859, 21.934 ], [ -82.69, 21.882 ] ] ], [ [ [ -77.902, 22.015 ], [ -77.947, 22.073 ], [ -77.809, 22.1 ], [ -77.634, 22.054 ], [ -77.709, 21.912 ], [ -77.902, 22.015 ] ] ], [ [ [ -77.902, 22.233 ], [ -77.826, 22.158 ], [ -77.863, 22.099 ], [ -77.997, 22.147 ], [ -78.046, 22.199 ], [ -77.902, 22.233 ] ] ], [ [ [ -78.299, 22.42 ], [ -78.1, 22.397 ], [ -78.028, 22.266 ], [ -78.197, 22.329 ], [ -78.299, 22.42 ] ] ], [ [ [ -78.352, 22.543 ], [ -78.282, 22.457 ], [ -78.43, 22.419 ], [ -78.426, 22.463 ], [ -78.638, 22.492 ], [ -78.68, 22.554 ], [ -78.352, 22.543 ] ] ], [ [ [ -79.491, 22.702 ], [ -79.591, 22.795 ], [ -79.372, 22.677 ], [ -79.358, 22.638 ], [ -79.491, 22.702 ] ] ] ] } },
{ "type": "Feature", "properties": { "id": "golkonda1538", "colorId": "golkonda", "name": "Голконда", "parent": null }, "geometry": { "type": "MultiPolygon", "coordinates": [ [ [ [ 80.869, 15.812 ], [ 80.968, 15.795 ], [ 80.943, 15.741 ], [ 80.869, 15.812 ] ] ], [ [ [ 79.405874261416841, 16.455889924988551 ], [ 79.278074487668846, 16.359176582692768 ], [ 79.105372090712095, 16.286641575970936 ], [ 78.839410399398702, 16.075944651683702 ], [ 78.297124872954512, 15.999955597022732 ], [ 78.186595338902208, 15.951598925874832 ], [ 78.134784619815179, 16.17265799397947 ], [ 78.017346989884601, 16.431711589414594 ], [ 77.926322368231808, 16.516112163145145 ], [ 77.836920851918222, 16.620413932177676 ], [ 77.766144651503282, 16.814117217523805 ], [ 77.903971989153419, 17.004095439690204 ], [ 77.985923379107547, 17.451103021258195 ], [ 78.183351727633422, 17.898110602826186 ], [ 78.179626664453679, 18.170040214946717 ], [ 78.038074263623812, 18.415894384809111 ], [ 77.956122873669685, 18.73624981826617 ], [ 77.838873414204812, 18.948114877395685 ], [ 78.126944966086015, 18.948114877395689 ], [ 78.205365680695238, 18.962738358301504 ], [ 78.742822077004433, 19.062350147969266 ], [ 79.023443502543884, 19.067316898863769 ], [ 79.49776821296895, 18.77924534698257 ], [ 80.170762959174183, 18.838846357716612 ], [ 80.364466244059813, 19.21631942569887 ], [ 80.60287028699598, 19.256053432854898 ], [ 81.104512127340826, 19.121951158703308 ], [ 81.630987722158196, 19.246119931065891 ], [ 82.296532342021649, 19.072283649758273 ], [ 82.654138406425901, 18.948114877395685 ], [ 83.406601166943176, 18.960531754631951 ], [ 83.734406725980392, 19.089667277889042 ], [ 84.082079288595637, 19.293304064563682 ], [ 84.414851598527363, 19.24860330651315 ], [ 84.796749797209515, 19.114577007730571 ], [ 84.665, 18.93 ], [ 84.424, 18.636 ], [ 84.144, 18.375 ], [ 84.077, 18.272 ], [ 83.775, 18.14 ], [ 83.614, 18.045 ], [ 83.466, 17.902 ], [ 83.418, 17.806 ], [ 83.239, 17.593 ], [ 83.088, 17.531 ], [ 82.897, 17.409 ], [ 82.719, 17.349 ], [ 82.475, 17.206 ], [ 82.299, 17.03 ], [ 82.268, 16.867 ], [ 82.362, 16.859 ], [ 82.307, 16.58 ], [ 81.993, 16.408 ], [ 81.763, 16.323 ], [ 81.411, 16.383 ], [ 81.249, 16.32 ], [ 81.155, 15.986 ], [ 80.999, 15.847 ], [ 81.005, 15.779 ], [ 80.89, 15.895 ], [ 80.807, 15.716 ], [ 80.776, 15.884 ], [ 80.67, 15.908 ], [ 80.554, 15.881 ], [ 79.993062411069772, 16.169203946040341 ], [ 79.751279055330315, 16.417895397658061 ], [ 79.647657617156298, 16.462798020866821 ], [ 79.405874261416841, 16.455889924988551 ] ] ] ] } },
{ "type": "Feature", "properties": { "id": "sp_luanda1589", "colorId": "spain", "name": null, "parent": "sp_portugal1589" }, "geometry": { "type": "MultiPolygon", "coordinates": [ [ [ [ 13.509, -10.277 ], [ 13.317, -9.976 ], [ 13.327, -9.886 ], [ 13.199, -9.709 ], [ 13.224, -9.614 ], [ 13.171, -9.403 ], [ 12.996, -9.094 ], [ 13.198, -8.823 ], [ 13.294, -8.755 ], [ 13.38, -8.755 ], [ 13.406, -8.637 ], [ 13.508577935784391, -8.56986331396898 ], [ 13.868565960406304, -8.523111622459641 ], [ 14.26595533823569, -8.331429687271349 ], [ 14.387509736159974, -8.408569978261763 ], [ 14.495038626631452, -8.661029112412194 ], [ 14.602567517102933, -9.021017137034109 ], [ 14.454229789952679, -9.455945958409743 ], [ 14.464591933770084, -9.787534560566701 ], [ 14.077738564586964, -10.302187703497813 ], [ 13.509, -10.277 ] ] ] ] } },
{ "type": "Feature", "properties": { "id": "bidar1492", "colorId": "bidar", "name": "Бидар", "parent": null }, "geometry": { "type": "MultiPolygon", "coordinates": [ [ [ [ 77.838873414204812, 18.948114877395685 ], [ 77.956122873669685, 18.73624981826617 ], [ 78.038074263623812, 18.415894384809111 ], [ 78.179626664453679, 18.170040214946717 ], [ 78.183351727633422, 17.898110602826186 ], [ 77.985923379107547, 17.451103021258195 ], [ 77.903971989153419, 17.004095439690204 ], [ 77.766144651503282, 16.814117217523805 ], [ 77.644400574320159, 16.815862810600592 ], [ 77.367161152560968, 16.718996024684731 ], [ 77.09326196479887, 16.872646788551268 ], [ 76.725836225118016, 17.480569376023226 ], [ 76.485339377326909, 17.761149031779514 ], [ 76.388582153009821, 18.024299211018043 ], [ 76.497850672688884, 18.297470510215735 ], [ 76.494976189249158, 18.802943042895475 ], [ 76.443216412849353, 19.022616140813238 ], [ 76.785922224570086, 19.141818162281318 ], [ 77.42663308996103, 19.156718414964828 ], [ 77.640203378424687, 19.017649389918731 ], [ 77.838873414204812, 18.948114877395685 ] ] ] ] } },
{ "type": "Feature", "properties": { "id": "andorra", "colorId": "andorra", "name": "Андорра", "parent": null }, "geometry": { "type": "MultiPolygon", "coordinates": [ [ [ [ 1.707, 42.503 ], [ 1.508, 42.429 ], [ 1.408, 42.487 ], [ 1.429, 42.595 ], [ 1.467, 42.641 ], [ 1.722, 42.61 ], [ 1.707, 42.503 ] ] ] ] } },
{ "type": "Feature", "properties": { "id": "vijayanagara1360", "colorId": "vijayanagara", "name": "Виджаянагара", "parent": null }, "geometry": { "type": "MultiPolygon", "coordinates": [ [ [ [ 76.359, 9.915 ], [ 76.243, 9.987 ], [ 76.052, 10.514 ], [ 75.922, 10.766 ], [ 75.833, 11.098 ], [ 75.695, 11.42 ], [ 75.617, 11.474 ], [ 75.531, 11.694 ], [ 75.308, 11.932 ], [ 75.4, 11.92 ], [ 75.194, 12.022 ], [ 75.131, 12.208 ], [ 74.955, 12.537 ], [ 74.851, 12.826 ], [ 74.818, 12.862 ], [ 74.677, 13.527 ], [ 74.66, 13.66 ], [ 74.584, 13.904 ], [ 74.505, 14.01 ], [ 74.389, 14.463 ], [ 74.343, 14.564 ], [ 74.301, 14.527 ], [ 74.263, 14.702 ], [ 74.096, 14.793 ], [ 74.239573970234673, 14.796200974124384 ], [ 74.323815253911391, 15.04424475383912 ], [ 74.398696394957341, 15.182306857642606 ], [ 74.426776822849575, 15.467791207880325 ], [ 75.28864911796795, 15.958507021753105 ], [ 75.903469651133975, 16.283187528031792 ], [ 76.300685164134521, 16.283187528031792 ], [ 76.480295656969545, 16.18992823367515 ], [ 76.570100903387043, 16.24519300070131 ], [ 77.751385298571208, 16.113939179014178 ], [ 78.186595338902208, 15.951598925874832 ], [ 78.297124872954512, 15.999955597022732 ], [ 78.839410399398702, 16.075944651683702 ], [ 79.105372090712095, 16.286641575970936 ], [ 79.278074487668846, 16.359176582692768 ], [ 79.405874261416841, 16.455889924988551 ], [ 79.647657617156298, 16.462798020866821 ], [ 79.751279055330315, 16.417895397658061 ], [ 79.993062411069772, 16.169203946040341 ], [ 80.554, 15.881 ], [ 80.36, 15.776 ], [ 80.263, 15.675 ], [ 80.091, 15.305 ], [ 80.055, 15.014 ], [ 80.111, 14.705 ], [ 80.197, 14.565 ], [ 80.175, 14.345 ], [ 80.128, 14.257 ], [ 80.164, 13.988 ], [ 80.237, 13.84 ], [ 80.221, 13.697 ], [ 80.31, 13.479 ], [ 80.142, 13.729 ], [ 80.053, 13.619 ], [ 80.119, 13.501 ], [ 80.22, 13.488 ], [ 80.348, 13.349 ], [ 80.286, 13.068 ], [ 80.229, 12.675 ], [ 80.156, 12.475 ], [ 79.862, 12.022 ], [ 79.786, 11.769 ], [ 79.752, 11.577 ], [ 79.786, 11.426 ], [ 79.696, 11.303 ], [ 79.833, 11.342 ], [ 79.855, 11.16 ], [ 79.841, 10.95 ], [ 79.864, 10.379 ], [ 79.851, 10.282 ], [ 79.633, 10.329 ], [ 79.76, 10.258 ], [ 79.58, 10.296 ], [ 79.587, 10.344 ], [ 79.398, 10.325 ], [ 79.305, 10.268 ], [ 79.236, 10.167 ], [ 79.279, 10.036 ], [ 79.2, 9.97 ], [ 79.114658284690421, 9.851924445674781 ], [ 78.981, 9.667 ], [ 78.913, 9.474 ], [ 79.04, 9.315 ], [ 79.252, 9.289 ], [ 79.32, 9.323 ], [ 79.424, 9.159 ], [ 79.293, 9.25 ], [ 78.957, 9.275 ], [ 78.619, 9.141 ], [ 78.45, 9.117 ], [ 78.24, 8.966 ], [ 78.178, 8.861 ], [ 78.169, 8.734 ], [ 78.115, 8.658 ], [ 78.128, 8.488 ], [ 78.063, 8.373 ], [ 77.511, 8.076 ], [ 77.316, 8.128 ], [ 76.996, 8.368 ], [ 76.696, 8.74 ], [ 76.559, 8.891 ], [ 76.363, 9.325 ], [ 76.312, 9.493 ], [ 76.261, 9.885 ], [ 76.346, 9.816 ], [ 76.394, 9.679 ], [ 76.357, 9.521 ], [ 76.503, 9.535 ], [ 76.407, 9.569 ], [ 76.415, 9.683 ], [ 76.359, 9.915 ] ], [ [ 76.606450190625011, 12.123246019282325 ], [ 76.888413841163597, 12.173518608138057 ], [ 77.015188195669339, 12.354937080965245 ], [ 76.932129135820759, 12.464225317608131 ], [ 76.613007484823555, 12.536355553792433 ], [ 76.304814657490596, 12.47296837653956 ], [ 76.230498656573445, 12.341822492568097 ], [ 76.366016070010616, 12.180075902336627 ], [ 76.606450190625011, 12.123246019282325 ] ] ] ] } },
{ "type": "Feature", "properties": { "id": "sweden", "colorId": "sweden", "name": "Швеция", "parent": null }, "geometry": { "type": "MultiPolygon", "coordinates": [ [ [ [ 17.125, 57.319 ], [ 16.883, 56.916 ], [ 16.782, 56.811 ], [ 16.643, 56.568 ], [ 16.566, 56.346 ], [ 16.413, 56.229 ], [ 16.399, 56.545 ], [ 16.621, 56.872 ], [ 16.717, 56.892 ], [ 16.888, 57.118 ], [ 16.966, 57.305 ], [ 17.125, 57.319 ] ] ], [ [ [ 18.471, 62.868 ], [ 18.077, 62.774 ], [ 17.926, 62.822 ], [ 18.043, 62.626 ], [ 17.823, 62.486 ], [ 17.55, 62.448 ], [ 17.438, 62.537 ], [ 17.337, 62.404 ], [ 17.509, 62.218 ], [ 17.469, 62.062 ], [ 17.355, 61.955 ], [ 17.399, 61.722 ], [ 17.056, 61.582 ], [ 17.177, 61.487 ], [ 17.104, 61.399 ], [ 17.202, 61.337 ], [ 17.152, 61.204 ], [ 17.168, 60.992 ], [ 17.312, 60.745 ], [ 17.191, 60.702 ], [ 17.414, 60.638 ], [ 17.575, 60.648 ], [ 17.638, 60.515 ], [ 17.919, 60.6 ], [ 17.967, 60.512 ], [ 18.326, 60.356 ], [ 18.448, 60.341 ], [ 18.564, 60.228 ], [ 18.331, 60.286 ], [ 18.42, 60.194 ], [ 18.82, 60.114 ], [ 18.949, 59.9 ], [ 18.79, 59.779 ], [ 19.042, 59.785 ], [ 18.66, 59.636 ], [ 18.687, 59.606 ], [ 18.413, 59.491 ], [ 18.427, 59.436 ], [ 18.612, 59.375 ], [ 18.62, 59.308 ], [ 18.276, 59.313 ], [ 18.414, 59.14 ], [ 18.043, 59.06 ], [ 17.9, 58.916 ], [ 17.749, 58.924 ], [ 17.591, 58.867 ], [ 17.46, 58.791 ], [ 17.162, 58.732 ], [ 16.924, 58.625 ], [ 16.789, 58.607 ], [ 16.94, 58.491 ], [ 16.715, 58.395 ], [ 16.799, 58.324 ], [ 16.777, 58.131 ], [ 16.66, 57.99 ], [ 16.577, 57.71 ], [ 16.689, 57.472 ], [ 16.548, 57.383 ], [ 16.465, 57.177 ], [ 16.583, 57.045 ], [ 16.44, 57.014 ], [ 16.468, 56.949 ], [ 16.357, 56.758 ], [ 16.379, 56.676 ], [ 16.255, 56.65 ], [ 16.095, 56.419 ], [ 14.595965896471574, 56.42270108345393 ], [ 14.243903741792217, 56.508497742997633 ], [ 14.01905732367767, 56.478912687982564 ], [ 13.625576091977212, 56.360572467922275 ], [ 13.427356223376229, 56.366489478925288 ], [ 12.939, 56.527 ], [ 12.872, 56.649 ], [ 12.732, 56.647 ], [ 12.598, 56.821 ], [ 12.375, 56.912 ], [ 12.271, 57.043 ], [ 12.059, 57.459 ], [ 11.934, 57.361 ], [ 11.917, 57.621 ], [ 11.706, 57.722 ], [ 11.802, 57.774 ], [ 11.687, 57.838 ], [ 11.581, 58.251 ], [ 11.504, 58.28 ], [ 11.522, 58.336 ], [ 11.415, 58.432 ], [ 11.564687963580145, 58.798581391733101 ], [ 11.807954257279459, 59.095555828197199 ], [ 11.757405417030251, 59.449397709941657 ], [ 11.890096122684422, 59.689504701125394 ], [ 12.108087996259133, 59.828514011810725 ], [ 12.447, 60.051 ], [ 12.569346163533156, 60.18551519607076 ], [ 12.632532213844666, 60.523560565237339 ], [ 12.352933941216236, 60.929530938488803 ], [ 12.480885693097044, 61.011672803893767 ], [ 12.683, 61.04 ], [ 12.82, 61.205 ], [ 12.877, 61.371 ], [ 13.520296220721363, 61.641953655751067 ], [ 14.319599757161969, 61.583506559212886 ], [ 14.379626504957905, 61.548754231541558 ], [ 14.499680000549775, 61.597723420532965 ], [ 14.499680000549775, 61.692502496000245 ], [ 14.619733496141643, 61.88364029819256 ], [ 14.660804428844127, 61.88679960070813 ], [ 14.769800365631482, 61.765166453858477 ], [ 15.019385264361947, 61.856786226810158 ], [ 15.076252709642306, 62.014751352588931 ], [ 15.354271331012951, 62.109530428056196 ], [ 15.3479527259818, 62.19167229346116 ], [ 15.284766675670291, 62.254858343772668 ], [ 15.205784112780902, 62.273814158866124 ], [ 15.13627945743824, 62.24853973874152 ], [ 14.941982352730346, 62.291190322701802 ], [ 14.752424201795815, 62.43335893590271 ], [ 14.806132344560599, 62.585005456650336 ], [ 15.014646310588581, 62.588164759165892 ], [ 15.111005037313634, 62.556571734010134 ], [ 15.229478881647717, 62.597642666712616 ], [ 15.450630057738003, 62.599222317970401 ], [ 16.000348695448142, 62.705058952242204 ], [ 16.073012653306378, 62.673465927086447 ], [ 16.373146392286056, 62.712957208531151 ], [ 16.491620236620136, 62.826692099091872 ], [ 16.670120828750154, 62.921471174559137 ], [ 16.986051080307703, 62.924630477074714 ], [ 16.467925467753318, 63.20264909844537 ], [ 16.050897535697349, 63.354295619192996 ], [ 15.908728922496451, 63.547013072643097 ], [ 15.763401006779979, 63.632314240563637 ], [ 16.512155702971373, 63.723934013515311 ], [ 16.515315005486951, 63.853465416653911 ], [ 16.689076643843602, 63.992474727339228 ], [ 16.180428938835949, 64.245218928585288 ], [ 16.00982660299487, 64.245218928585288 ], [ 15.940321947652208, 64.321042188959098 ], [ 15.580161460876599, 64.42213986945751 ], [ 15.485382385409334, 64.535874760018231 ], [ 15.340054469692861, 64.573786390205143 ], [ 15.289505629443653, 64.68752128076585 ], [ 15.024124218135309, 64.763344541139674 ], [ 14.739786991733514, 64.921309666918447 ], [ 14.311, 65.084 ], [ 14.4, 65.255 ], [ 14.514, 65.318 ], [ 14.561, 65.701 ], [ 14.644, 65.843 ], [ 14.541, 66.125 ], [ 15.053, 66.153 ], [ 15.482, 66.275 ], [ 15.426, 66.491 ], [ 15.669, 66.599 ], [ 16.039, 66.888 ], [ 16.416, 67.053 ], [ 16.438, 67.2 ], [ 16.127, 67.423 ], [ 16.2, 67.508 ], [ 16.483, 67.558 ], [ 16.609, 67.647 ], [ 16.808, 67.911 ], [ 17.321, 68.105 ], [ 17.895, 67.97 ], [ 18.167, 68.158 ], [ 18.172, 68.536 ], [ 18.436, 68.574 ], [ 18.645, 68.501 ], [ 19.038, 68.506 ], [ 19.931, 68.35 ], [ 20.246, 68.477 ], [ 19.962, 68.541 ], [ 20.237, 68.659 ], [ 20.357, 68.805 ], [ 20.341, 68.91 ], [ 20.102, 69.022 ], [ 20.623, 69.036 ], [ 20.935, 68.967 ], [ 21.464, 68.687 ], [ 21.919, 68.568 ], [ 22.072, 68.477 ], [ 22.303, 68.476 ], [ 22.808, 68.395 ], [ 23.052, 68.298 ], [ 23.152, 68.13 ], [ 23.661, 67.933 ], [ 23.499, 67.882 ], [ 23.554, 67.587 ], [ 23.431, 67.486 ], [ 23.765, 67.42 ], [ 23.735, 67.29 ], [ 23.581, 67.153 ], [ 24.001, 66.812 ], [ 23.892, 66.751 ], [ 23.882, 66.564 ], [ 23.642, 66.436 ], [ 23.724, 66.207 ], [ 24.02, 66.049 ], [ 24.163, 65.823 ], [ 23.926, 65.76 ], [ 23.69, 65.83 ], [ 23.374, 65.823 ], [ 23.13, 65.715 ], [ 22.685, 65.862 ], [ 22.678, 65.765 ], [ 22.477, 65.857 ], [ 22.319, 65.802 ], [ 22.388, 65.673 ], [ 22.258, 65.693 ], [ 22.405, 65.542 ], [ 22.177, 65.54 ], [ 21.577, 65.238 ], [ 21.619, 65.148 ], [ 21.378, 64.96 ], [ 21.256, 64.957 ], [ 21.181, 64.836 ], [ 21.042, 64.82 ], [ 21.492, 64.454 ], [ 21.373, 64.33 ], [ 21.244, 64.307 ], [ 20.948, 64.13 ], [ 20.786, 63.879 ], [ 20.543, 63.775 ], [ 20.503, 63.822 ], [ 20.308, 63.654 ], [ 20.074, 63.666 ], [ 19.753, 63.524 ], [ 19.687, 63.431 ], [ 19.133, 63.308 ], [ 19.037, 63.178 ], [ 18.913, 63.212 ], [ 18.643, 63.147 ], [ 18.393, 62.945 ], [ 18.471, 62.868 ] ] ] ] } },
{ "type": "Feature", "properties": { "id": "khiva1510", "colorId": "khiva", "name": "Хива", "parent": null }, "geometry": { "type": "MultiPolygon", "coordinates": [ [ [ [ 61.654, 41.249 ], [ 61.775245181521889, 40.219823734983812 ], [ 61.975185977066303, 39.732630282779681 ], [ 60.978096607047874, 39.536481554251466 ], [ 60.06273587391621, 39.528308690562788 ], [ 59.784858508501216, 39.84705037442113 ], [ 59.180066595539223, 40.280212149920935 ], [ 58.771423411105438, 40.525398060581203 ], [ 58.076729997568016, 41.326338702071418 ], [ 57.932011966504213, 42.188762702934667 ], [ 58.020027819129751, 43.079923210768285 ], [ 58.102542680966188, 43.343970768644908 ], [ 58.982701207221609, 44.185622359376644 ], [ 59.642820101913173, 44.631202613293453 ], [ 60.554679068353906, 44.591795010399174 ], [ 61.002909561890192, 43.660854754593053 ], [ 61.306327126745515, 43.185040846069931 ], [ 61.526994446640302, 42.598893277599416 ], [ 61.654, 41.249 ] ] ] ] } },
{ "type": "Feature", "properties": { "id": "saadi1554", "colorId": "morocco", "name": "Саадиты", "parent": null }, "geometry": { "type": "MultiPolygon", "coordinates": [ [ [ [ -4.13120814264948, 16.982874510455542 ], [ -3.646874213070173, 17.457187738043551 ], [ -3.075694199566299, 17.664282245863667 ], [ -2.501173952065328, 17.944861901619955 ], [ -1.819766216657199, 18.025027517550324 ], [ -1.14169871524617, 17.824613477724405 ], [ -0.747551103588527, 17.670962713857865 ], [ 0.034063651732562, 17.483909610020341 ], [ 0.525078049306066, 17.296856506182813 ], [ 0.91922566096371, 16.922750298507765 ], [ 1.089577594815741, 16.261383967082228 ], [ 0.942607298943399, 15.753668399523217 ], [ 0.770597774844364, 15.602567438227558 ], [ 0.000661311761574, 15.392923127836568 ], [ -0.780953443559515, 15.125704408068673 ], [ -1.976757214520839, 15.058899728126701 ], [ -2.992188349638834, 15.272674703941014 ], [ -3.159200049493767, 15.439686403795948 ], [ -3.366294557313885, 15.867236355424577 ], [ -3.720359361006344, 16.067650395250499 ], [ -4.134548376646578, 16.468478474902344 ], [ -4.13120814264948, 16.982874510455542 ] ] ], [ [ [ -2.223, 35.089 ], [ -2.052, 35.075 ], [ -1.902760310428321, 35.103207122018105 ], [ -2.031818596590961, 34.816592795758318 ], [ -1.913080952483686, 34.552731364408814 ], [ -1.913080952483685, 34.385619124554132 ], [ -1.745968712629001, 34.033803882754796 ], [ -1.323790422469798, 33.435717971695922 ], [ -1.605242615909266, 33.110288873031536 ], [ -2.176942383833187, 32.925585871086888 ], [ -2.62550681712734, 32.547384486152595 ], [ -3.030094345196576, 31.914117050913791 ], [ -3.249978871321161, 31.544711047024489 ], [ -3.61058949416548, 31.329224211422407 ], [ -3.852462472902522, 30.926835528614419 ], [ -3.964603581226061, 30.889455159173242 ], [ -4.325214204070381, 30.608002965733778 ], [ -5.398250691558355, 30.168233913484606 ], [ -5.604942146115463, 29.987928602062446 ], [ -5.741270552312707, 29.987928602062446 ], [ -6.629604037856031, 29.469001120408425 ], [ -8.166596875466867, 28.793955625205946 ], [ -9.42653521016075, 28.32560158456057 ], [ -10.200528742119289, 28.290420060380637 ], [ -11.091061072923846, 28.116711284742212 ], [ -12.061, 28.089 ], [ -12.006, 28.123 ], [ -11.486, 28.326 ], [ -11.326, 28.515 ], [ -11.048, 28.762 ], [ -10.574, 28.99 ], [ -10.451, 29.092 ], [ -10.348, 29.229 ], [ -10.142, 29.429 ], [ -10.053, 29.6 ], [ -9.82, 29.839 ], [ -9.655, 30.127 ], [ -9.612, 30.404 ], [ -9.7, 30.543 ], [ -9.887, 30.687 ], [ -9.82, 30.792 ], [ -9.835, 31.145 ], [ -9.811, 31.367 ], [ -9.848, 31.402 ], [ -9.689, 31.635 ], [ -9.667, 31.731 ], [ -9.366, 32.026 ], [ -9.27, 32.227 ], [ -9.292, 32.351 ], [ -9.247, 32.472 ], [ -9.26, 32.577 ], [ -8.999, 32.797 ], [ -8.868, 32.882 ], [ -8.629, 33.128 ], [ -8.529, 33.269 ], [ -8.452, 33.264 ], [ -8.243, 33.405 ], [ -8.107, 33.431 ], [ -7.497, 33.65 ], [ -7.229, 33.801 ], [ -7.099, 33.84 ], [ -6.822, 34.04 ], [ -6.558, 34.418 ], [ -6.292, 34.881 ], [ -6.205, 35.125 ], [ -6.024, 35.501 ], [ -5.971876540825871, 35.634004689530251 ], [ -5.8660645137207, 35.654934529105553 ], [ -5.746299251853615, 35.729351779197721 ], [ -5.706351242899437, 35.813314624648157 ], [ -5.599, 35.822 ], [ -5.399, 35.925 ], [ -5.341, 35.847 ], [ -5.323, 35.714 ], [ -5.249, 35.585 ], [ -5.066, 35.417 ], [ -4.77, 35.241 ], [ -4.376, 35.152 ], [ -3.919, 35.267 ], [ -3.904, 35.214 ], [ -3.765, 35.218 ], [ -3.674, 35.288 ], [ -3.591, 35.233 ], [ -3.413, 35.198 ], [ -3.195, 35.238 ], [ -3.045, 35.314 ], [ -2.969, 35.446 ], [ -2.948, 35.33 ], [ -2.913, 35.277 ], [ -2.905, 35.174 ], [ -2.563, 35.096 ], [ -2.417, 35.149 ], [ -2.223, 35.089 ] ] ] ] } },
{ "type": "Feature", "properties": { "id": "assam", "colorId": "assam", "name": "Ассам", "parent": null }, "geometry": { "type": "MultiPolygon", "coordinates": [ [ [ [ 93.326665599213072, 26.935086259078751 ], [ 93.611946090247528, 26.508629042674169 ], [ 93.606774199848942, 26.260378303541813 ], [ 93.410242364702484, 25.913861646836232 ], [ 92.908568996039179, 25.800080058067234 ], [ 92.727552832088506, 25.727673592486962 ], [ 92.184504340236472, 25.727673592486962 ], [ 91.892328019897008, 25.666249169683763 ], [ 91.471680941347572, 25.735207707150884 ], [ 91.154471668998823, 25.6869367309239 ], [ 91.061377643418183, 25.945531246425581 ], [ 90.975179471584283, 26.062760760119687 ], [ 90.673791313787603, 26.309192478848633 ], [ 90.434197914574227, 26.467633275102628 ], [ 90.089, 26.742 ], [ 90.177, 26.832 ], [ 90.383, 26.892 ], [ 90.588, 26.78 ], [ 90.717, 26.767 ], [ 91.198, 26.802 ], [ 91.276, 26.774 ], [ 91.406, 26.87 ], [ 91.521, 26.798 ], [ 91.702, 26.803 ], [ 91.795, 26.854 ], [ 91.879, 26.803 ], [ 91.893, 26.881 ], [ 92.036, 26.855 ], [ 92.084, 26.937 ], [ 92.312975098446429, 26.817856745384656 ], [ 92.774997299476126, 26.941982112825471 ], [ 93.326665599213072, 26.935086259078751 ] ] ] ] } },
{ "type": "Feature", "properties": { "id": "ott_yemen1517", "colorId": "turkey", "name": null, "parent": "ottoman" }, "geometry": { "type": "MultiPolygon", "coordinates": [ [ [ [ 42.76, 14.065 ], [ 42.789, 13.927 ], [ 42.701, 13.988 ], [ 42.76, 14.065 ] ] ], [ [ [ 43.473, 12.847 ], [ 43.42731244559382, 12.921650162280439 ], [ 43.249, 13.213 ], [ 43.254, 13.527 ], [ 43.281, 13.722 ], [ 43.233, 13.876 ], [ 43.096, 14.084 ], [ 42.987, 14.489 ], [ 43.029, 14.538 ], [ 42.942, 14.789 ], [ 42.937, 14.948 ], [ 42.864, 15.136 ], [ 42.61, 15.244 ], [ 42.678, 15.308 ], [ 42.809, 15.268 ], [ 42.774, 15.491 ], [ 42.719, 15.57 ], [ 42.699, 15.717 ], [ 42.82, 15.875 ], [ 42.843, 16.052 ], [ 42.789, 16.371 ], [ 42.788, 16.472 ], [ 42.725, 16.566 ], [ 42.737, 16.671 ], [ 42.912470840575345, 16.73314482002608 ], [ 43.209, 16.773 ], [ 43.546900386405881, 16.941317014751718 ], [ 44.002896622471582, 17.397313250817415 ], [ 44.404371569442468, 17.546007675621446 ], [ 44.508190276810772, 17.55041718239741 ], [ 44.497297740266092, 17.373024444384402 ], [ 44.38526022152103, 17.136500793700382 ], [ 44.354138688536288, 16.887528529822468 ], [ 44.509746353459988, 16.103265898607042 ], [ 44.702699857965371, 15.399919253151939 ], [ 44.839634603098226, 15.200741442049603 ], [ 44.845858909695174, 14.986002864454907 ], [ 44.733821390950112, 14.693460454398359 ], [ 44.59688664581725, 14.544077096071611 ], [ 44.519082813355425, 14.260871145910484 ], [ 44.410157447908837, 14.142609320568475 ], [ 44.329241462148516, 13.999450268838675 ], [ 44.285671315969878, 13.846954757213453 ], [ 44.326129308850042, 13.174729644743087 ], [ 44.158073030732453, 12.788822635732322 ], [ 43.946, 12.598 ], [ 43.909, 12.645 ], [ 43.601, 12.756 ], [ 43.462, 12.693 ], [ 43.473, 12.847 ] ] ], [ [ [ 42.582, 15.268 ], [ 42.559, 15.393 ], [ 42.636, 15.446 ], [ 42.582, 15.268 ] ] ] ] } },
{ "type": "Feature", "properties": { "id": "luba", "colorId": "yeke", "name": "Луба", "parent": null }, "geometry": { "type": "MultiPolygon", "coordinates": [ [ [ [ 27.202879448963674, -7.668533452053159 ], [ 26.591336619641396, -7.538109625894373 ], [ 25.782708897456963, -7.688821602788971 ], [ 25.382742497236695, -8.09748292475315 ], [ 25.379844189988727, -8.393110264046385 ], [ 25.649982938169217, -8.652746628076564 ], [ 26.026166706286681, -8.827856351242321 ], [ 26.54469439256372, -8.950983779541399 ], [ 27.092743773540708, -8.810466507754484 ], [ 27.464258942913624, -8.594756070847293 ], [ 27.808625663790014, -8.152550762464628 ], [ 27.730371368094744, -7.981550634834234 ], [ 27.202879448963674, -7.668533452053159 ] ] ] ] } },
{ "type": "Feature", "properties": { "id": "joseon", "colorId": "korea", "name": "Чосон", "parent": null }, "geometry": { "type": "MultiPolygon", "coordinates": [ [ [ [ 126.841, 33.31 ], [ 126.286, 33.2 ], [ 126.171, 33.269 ], [ 126.206, 33.376 ], [ 126.311, 33.464 ], [ 126.485, 33.521 ], [ 126.792, 33.564 ], [ 126.946, 33.478 ], [ 126.841, 33.31 ] ] ], [ [ [ 126.764, 34.309 ], [ 126.689, 34.301 ], [ 126.654, 34.395 ], [ 126.764, 34.309 ] ] ], [ [ [ 126.21, 34.359 ], [ 126.103, 34.403 ], [ 126.264, 34.576 ], [ 126.38, 34.498 ], [ 126.336, 34.403 ], [ 126.21, 34.359 ] ] ], [ [ [ 127.868, 34.722 ], [ 127.829, 34.869 ], [ 127.902, 34.94 ], [ 127.962, 34.807 ], [ 128.07, 34.815 ], [ 128.06, 34.708 ], [ 127.954, 34.76 ], [ 127.868, 34.722 ] ] ], [ [ [ 128.536, 34.904 ], [ 128.646, 34.891 ], [ 128.624, 34.954 ], [ 128.725, 35.009 ], [ 128.749, 34.869 ], [ 128.678, 34.725 ], [ 128.529, 34.808 ], [ 128.536, 34.904 ] ] ], [ [ [ 126.315, 36.582 ], [ 126.36, 36.609 ], [ 126.405, 36.459 ], [ 126.364, 36.411 ], [ 126.315, 36.582 ] ] ], [ [ [ 126.443, 37.421 ], [ 126.356, 37.466 ], [ 126.563, 37.514 ], [ 126.443, 37.421 ] ] ], [ [ [ 130.811, 37.487 ], [ 130.904, 37.546 ], [ 130.897, 37.463 ], [ 130.811, 37.487 ] ] ], [ [ [ 126.508, 37.597 ], [ 126.41, 37.602 ], [ 126.37, 37.785 ], [ 126.425, 37.824 ], [ 126.521, 37.751 ], [ 126.508, 37.597 ] ] ], [ [ [ 127.316, 34.445 ], [ 127.223, 34.547 ], [ 127.13, 34.564 ], [ 127.241, 34.671 ], [ 127.358, 34.698 ], [ 127.248, 34.767 ], [ 127.214, 34.706 ], [ 127.01, 34.612 ], [ 126.898, 34.418 ], [ 126.761, 34.479 ], [ 126.63, 34.389 ], [ 126.603, 34.3 ], [ 126.48, 34.349 ], [ 126.466, 34.472 ], [ 126.527, 34.569 ], [ 126.391, 34.534 ], [ 126.271, 34.642 ], [ 126.29, 34.75 ], [ 126.37, 34.609 ], [ 126.465, 34.585 ], [ 126.379, 34.711 ], [ 126.603, 34.633 ], [ 126.508, 34.718 ], [ 126.501, 34.808 ], [ 126.37, 34.801 ], [ 126.425, 34.891 ], [ 126.374, 35.017 ], [ 126.269, 35.137 ], [ 126.411, 35.061 ], [ 126.452, 35.1 ], [ 126.357, 35.26 ], [ 126.493, 35.525 ], [ 126.655, 35.596 ], [ 126.513, 35.577 ], [ 126.468, 35.64 ], [ 126.629, 35.775 ], [ 126.791, 35.791 ], [ 126.701, 35.84 ], [ 126.806, 35.867 ], [ 126.612, 35.89 ], [ 126.521, 35.971 ], [ 126.692, 36.0 ], [ 126.589, 36.131 ], [ 126.497, 36.16 ], [ 126.573, 36.343 ], [ 126.527, 36.37 ], [ 126.458, 36.596 ], [ 126.512, 36.603 ], [ 126.441, 36.724 ], [ 126.424, 36.607 ], [ 126.343, 36.74 ], [ 126.229, 36.685 ], [ 126.128, 36.761 ], [ 126.213, 36.857 ], [ 126.323, 36.883 ], [ 126.357, 36.789 ], [ 126.445, 37.003 ], [ 126.484, 36.841 ], [ 126.519, 37.055 ], [ 126.796, 36.956 ], [ 126.851, 36.754 ], [ 126.913, 36.93 ], [ 126.755, 37.049 ], [ 126.802, 37.185 ], [ 126.703, 37.125 ], [ 126.658, 37.254 ], [ 126.792, 37.223 ], [ 126.823, 37.296 ], [ 126.615, 37.38 ], [ 126.604, 37.549 ], [ 126.531, 37.755 ], [ 126.701, 37.743 ], [ 126.667, 37.828 ], [ 126.576, 37.778 ], [ 126.398, 37.892 ], [ 126.149, 37.822 ], [ 126.158, 37.733 ], [ 125.959, 37.912 ], [ 125.986, 37.823 ], [ 125.896, 37.865 ], [ 125.804, 37.989 ], [ 125.597, 38.032 ], [ 125.719, 37.953 ], [ 125.631, 37.925 ], [ 125.62, 37.765 ], [ 125.504, 37.779 ], [ 125.335, 37.686 ], [ 125.377, 37.782 ], [ 125.327, 37.813 ], [ 125.24, 37.823 ], [ 125.24, 37.93 ], [ 125.158, 37.868 ], [ 125.013, 37.906 ], [ 125.014, 38.062 ], [ 124.885, 38.132 ], [ 124.677, 38.115 ], [ 124.856, 38.227 ], [ 124.884, 38.355 ], [ 125.021, 38.515 ], [ 124.998, 38.593 ], [ 125.128, 38.58 ], [ 125.138, 38.662 ], [ 125.137, 38.804 ], [ 125.199, 38.986 ], [ 125.445, 39.311 ], [ 125.459, 39.385 ], [ 125.346, 39.46 ], [ 125.286, 39.521 ], [ 125.117, 39.566 ], [ 124.866, 39.714 ], [ 124.76, 39.748 ], [ 124.649, 39.612 ], [ 124.564, 39.814 ], [ 124.434, 39.831 ], [ 124.322, 39.913 ], [ 124.41, 40.036 ], [ 124.37, 40.098 ], [ 124.287, 39.929 ], [ 124.118, 39.833 ], [ 123.986, 39.81 ], [ 124.058172514233092, 40.021147002931485 ], [ 124.265048126634454, 40.296981152799958 ], [ 124.471923739035816, 40.462481642721045 ], [ 125.349995782783793, 40.848649452536918 ], [ 125.929247497507603, 41.239414498183926 ], [ 126.085553515766406, 41.469276289740989 ], [ 126.471721325582266, 41.643971251324359 ], [ 126.724569296295044, 41.648568487155501 ], [ 126.931444908696406, 41.570415478026099 ], [ 127.225668001889446, 41.432498403091856 ], [ 127.662405405847863, 41.427901167260714 ], [ 127.76124597621741, 41.510651412221272 ], [ 127.676197113341303, 41.634776779662083 ], [ 127.719870853737149, 41.793381415836464 ], [ 128.211775087669253, 41.871534424965859 ], [ 128.772637859068482, 42.276091178106292 ], [ 128.846193632366749, 42.404813781378245 ], [ 129.112833310572938, 42.528939148819063 ], [ 129.168000140546638, 42.662258987922158 ], [ 129.42314672917496, 42.853044274914517 ], [ 129.691195223333693, 42.795646673293199 ], [ 130.104946840384315, 42.619661822601998 ], [ 130.215405416881993, 42.443676971910769 ], [ 130.407, 42.325 ], [ 130.307, 42.183 ], [ 130.202, 42.174 ], [ 130.199, 42.101 ], [ 130.073, 42.078 ], [ 129.954, 41.892 ], [ 129.897, 41.904 ], [ 129.843, 41.759 ], [ 129.775, 41.759 ], [ 129.649, 41.549 ], [ 129.659, 41.465 ], [ 129.806, 41.376 ], [ 129.712, 41.123 ], [ 129.756, 40.939 ], [ 129.717, 40.835 ], [ 129.352, 40.745 ], [ 129.303, 40.674 ], [ 129.218, 40.696 ], [ 129.173, 40.569 ], [ 129.078, 40.473 ], [ 128.976, 40.46 ], [ 128.861, 40.372 ], [ 128.619, 40.297 ], [ 128.665, 40.201 ], [ 128.164, 40.018 ], [ 128.007, 40.045 ], [ 127.875, 39.893 ], [ 127.624, 39.831 ], [ 127.521, 39.747 ], [ 127.575, 39.595 ], [ 127.52, 39.51 ], [ 127.563, 39.344 ], [ 127.483, 39.437 ], [ 127.378, 39.371 ], [ 127.372, 39.24 ], [ 127.452, 39.166 ], [ 127.77, 39.109 ], [ 128.015, 38.858 ], [ 128.091, 38.844 ], [ 128.21, 38.728 ], [ 128.283, 38.755 ], [ 128.365, 38.624 ], [ 128.632, 38.145 ], [ 128.924, 37.802 ], [ 129.064, 37.679 ], [ 129.148, 37.505 ], [ 129.331, 37.282 ], [ 129.471, 36.772 ], [ 129.423, 36.617 ], [ 129.441, 36.408 ], [ 129.382, 36.202 ], [ 129.433, 35.996 ], [ 129.555, 36.082 ], [ 129.498, 35.748 ], [ 129.443, 35.636 ], [ 129.455, 35.513 ], [ 129.358, 35.452 ], [ 129.36, 35.354 ], [ 129.269, 35.317 ], [ 129.194, 35.156 ], [ 129.12, 35.15 ], [ 128.965, 35.044 ], [ 128.918, 35.082 ], [ 128.478, 35.099 ], [ 128.371, 35.007 ], [ 128.435, 34.843 ], [ 128.224, 34.938 ], [ 128.207, 34.891 ], [ 128.064, 34.928 ], [ 128.054, 35.036 ], [ 127.83, 34.945 ], [ 127.744, 34.96 ], [ 127.576, 34.897 ], [ 127.657, 34.812 ], [ 127.775, 34.829 ], [ 127.75, 34.737 ], [ 127.656, 34.731 ], [ 127.641, 34.618 ], [ 127.556, 34.685 ], [ 127.584, 34.746 ], [ 127.522, 34.859 ], [ 127.382, 34.828 ], [ 127.362, 34.773 ], [ 127.504, 34.591 ], [ 127.344, 34.578 ], [ 127.439, 34.541 ], [ 127.316, 34.445 ] ] ] ] } },
{ "type": "Feature", "properties": { "id": "papuan", "colorId": null, "name": "папуа", "parent": null }, "geometry": { "type": "MultiPolygon", "coordinates": [ [ [ [ 143.475, -8.525 ], [ 143.608, -8.638 ], [ 143.653, -8.706 ], [ 143.412, -8.596 ], [ 143.271, -8.469 ], [ 143.475, -8.525 ] ] ], [ [ [ 143.379, -8.426 ], [ 143.317, -8.372 ], [ 143.574, -8.374 ], [ 143.612, -8.462 ], [ 143.53, -8.486 ], [ 143.379, -8.426 ] ] ], [ [ [ 138.897, -8.337 ], [ 138.894, -8.405 ], [ 138.558, -8.367 ], [ 138.564, -8.307 ], [ 138.689, -8.181 ], [ 138.831, -8.186 ], [ 138.897, -8.337 ] ] ], [ [ [ 138.395, -7.405 ], [ 138.621, -7.365 ], [ 138.805, -7.374 ], [ 138.939, -7.542 ], [ 139.076, -7.576 ], [ 138.989, -7.738 ], [ 138.983, -7.83 ], [ 138.884, -7.933 ], [ 138.904, -8.076 ], [ 138.661, -8.169 ], [ 138.603, -8.255 ], [ 138.444, -8.379 ], [ 138.293, -8.419 ], [ 138.178, -8.385 ], [ 137.849, -8.378 ], [ 137.638, -8.426 ], [ 137.759, -8.073 ], [ 137.801, -8.042 ], [ 137.895, -7.816 ], [ 138.028, -7.61 ], [ 138.244, -7.456 ], [ 138.395, -7.405 ] ] ], [ [ [ 134.207, -1.574 ], [ 134.087, -1.683 ], [ 134.156, -2.039 ], [ 134.152, -2.175 ], [ 134.193, -2.379 ], [ 134.33, -2.522 ], [ 134.484, -2.539 ], [ 134.556, -2.465 ], [ 134.658, -2.563 ], [ 134.667, -2.826 ], [ 134.701, -2.959 ], [ 134.772, -2.978 ], [ 134.851, -2.9 ], [ 134.819, -3.136 ], [ 134.881, -3.243 ], [ 134.964, -3.238 ], [ 134.985, -3.33 ], [ 135.322, -3.386 ], [ 135.47, -3.363 ], [ 135.639, -3.178 ], [ 135.767, -3.109 ], [ 135.746, -3.077 ], [ 135.91, -2.986 ], [ 135.965, -2.776 ], [ 136.072, -2.673 ], [ 136.266, -2.56 ], [ 136.404, -2.22 ], [ 136.759, -2.249 ], [ 137.024, -2.118 ], [ 137.226, -2.074 ], [ 137.205, -1.95 ], [ 137.102, -1.888 ], [ 137.143, -1.787 ], [ 137.349, -1.71 ], [ 137.532, -1.598 ], [ 137.794, -1.484 ], [ 137.925, -1.484 ], [ 138.075, -1.61 ], [ 138.665, -1.789 ], [ 138.803, -1.921 ], [ 139.865, -2.372 ], [ 140.166, -2.325 ], [ 140.21, -2.402 ], [ 140.332, -2.456 ], [ 140.389, -2.397 ], [ 140.608, -2.439 ], [ 140.745, -2.499 ], [ 140.699, -2.608 ], [ 140.974, -2.601 ], [ 141.043, -2.59 ], [ 141.276, -2.642 ], [ 141.296, -2.676 ], [ 141.801, -2.9 ], [ 141.906, -2.967 ], [ 142.0, -2.956 ], [ 142.063, -3.06 ], [ 143.029, -3.356 ], [ 143.125, -3.348 ], [ 143.478, -3.421 ], [ 143.619, -3.545 ], [ 143.818, -3.622 ], [ 143.996, -3.793 ], [ 144.167, -3.801 ], [ 144.25, -3.868 ], [ 144.276, -3.807 ], [ 144.513, -3.818 ], [ 144.551, -3.968 ], [ 144.868, -4.099 ], [ 144.877, -4.172 ], [ 144.996, -4.239 ], [ 145.051, -4.342 ], [ 145.181, -4.39 ], [ 145.346, -4.39 ], [ 145.69, -4.768 ], [ 145.812, -4.861 ], [ 145.785, -4.969 ], [ 145.811, -5.067 ], [ 145.727, -5.422 ], [ 145.76, -5.477 ], [ 145.969, -5.465 ], [ 146.173, -5.549 ], [ 146.461, -5.599 ], [ 146.798, -5.834 ], [ 146.933, -5.842 ], [ 147.042, -5.939 ], [ 147.244, -5.966 ], [ 147.289, -5.931 ], [ 147.449, -5.962 ], [ 147.622, -6.107 ], [ 147.726, -6.272 ], [ 147.827, -6.335 ], [ 147.868, -6.476 ], [ 147.854, -6.691 ], [ 147.6, -6.727 ], [ 147.195, -6.739 ], [ 147.132, -6.711 ], [ 146.977, -6.74 ], [ 146.942, -6.836 ], [ 146.956, -6.955 ], [ 147.058, -7.055 ], [ 147.069, -7.146 ], [ 147.141, -7.213 ], [ 147.188, -7.463 ], [ 147.355, -7.515 ], [ 147.581, -7.704 ], [ 147.607, -7.817 ], [ 147.683, -7.811 ], [ 147.727, -7.932 ], [ 147.876, -7.937 ], [ 147.999, -8.055 ], [ 148.114, -8.055 ], [ 148.211, -8.306 ], [ 148.238, -8.569 ], [ 148.437, -8.666 ], [ 148.487, -8.747 ], [ 148.496, -8.883 ], [ 148.559, -9.032 ], [ 148.621, -9.084 ], [ 148.758, -9.104 ], [ 148.892, -9.051 ], [ 149.069, -9.035 ], [ 149.142, -8.975 ], [ 149.318, -9.023 ], [ 149.337, -9.125 ], [ 149.248, -9.212 ], [ 149.183, -9.368 ], [ 149.227, -9.487 ], [ 149.451, -9.577 ], [ 149.62, -9.621 ], [ 149.731, -9.598 ], [ 150.012, -9.642 ], [ 150.056, -9.715 ], [ 149.731, -9.809 ], [ 149.725, -9.848 ], [ 149.939, -10.062 ], [ 150.188, -10.091 ], [ 150.301, -10.179 ], [ 150.602, -10.207 ], [ 150.627, -10.278 ], [ 150.874, -10.225 ], [ 150.689, -10.325 ], [ 150.598, -10.344 ], [ 150.4, -10.3 ], [ 150.347, -10.365 ], [ 150.647, -10.477 ], [ 150.693, -10.557 ], [ 150.487, -10.622 ], [ 150.43, -10.688 ], [ 150.319, -10.662 ], [ 150.211, -10.701 ], [ 149.896, -10.544 ], [ 150.082, -10.461 ], [ 149.962, -10.428 ], [ 149.912, -10.475 ], [ 149.872, -10.396 ], [ 149.748, -10.338 ], [ 149.461, -10.352 ], [ 149.368, -10.276 ], [ 149.327, -10.31 ], [ 149.067, -10.235 ], [ 148.978, -10.276 ], [ 148.738, -10.23 ], [ 148.745, -10.136 ], [ 148.683, -10.105 ], [ 148.639, -10.188 ], [ 148.402, -10.2 ], [ 148.155, -10.071 ], [ 147.977, -10.166 ], [ 147.913, -10.089 ], [ 147.762, -10.06 ], [ 147.621, -9.989 ], [ 147.518, -9.879 ], [ 147.491, -9.768 ], [ 147.345, -9.58 ], [ 147.053, -9.46 ], [ 146.983, -9.301 ], [ 146.916, -9.26 ], [ 146.909, -9.104 ], [ 146.627, -9.023 ], [ 146.558, -8.941 ], [ 146.566, -8.818 ], [ 146.435, -8.611 ], [ 146.277, -8.435 ], [ 146.222, -8.26 ], [ 146.117, -8.2 ], [ 146.079, -8.087 ], [ 145.798, -8.007 ], [ 145.772, -7.927 ], [ 145.408, -7.932 ], [ 145.322, -7.862 ], [ 144.996, -7.817 ], [ 144.88, -7.782 ], [ 144.852, -7.569 ], [ 144.825, -7.683 ], [ 144.771, -7.681 ], [ 144.654, -7.561 ], [ 144.661, -7.634 ], [ 144.585, -7.652 ], [ 144.517, -7.508 ], [ 144.514, -7.672 ], [ 144.407, -7.514 ], [ 144.441, -7.686 ], [ 144.508, -7.798 ], [ 144.344, -7.659 ], [ 144.229, -7.666 ], [ 144.276, -7.768 ], [ 144.215, -7.796 ], [ 143.924, -7.694 ], [ 143.828, -7.632 ], [ 143.766, -7.506 ], [ 143.76, -7.583 ], [ 143.856, -7.808 ], [ 143.957, -7.972 ], [ 143.804, -7.933 ], [ 143.914, -8.008 ], [ 143.767, -8.04 ], [ 143.651, -7.981 ], [ 143.448, -7.982 ], [ 143.548, -8.032 ], [ 143.628, -8.186 ], [ 143.592, -8.242 ], [ 143.338, -8.248 ], [ 142.98, -8.336 ], [ 142.715, -8.268 ], [ 142.632, -8.309 ], [ 142.769, -8.33 ], [ 142.9, -8.413 ], [ 143.132, -8.486 ], [ 143.262, -8.592 ], [ 143.4, -8.782 ], [ 143.406, -8.962 ], [ 143.315, -9.024 ], [ 143.173, -9.043 ], [ 142.653, -9.33 ], [ 142.577, -9.324 ], [ 142.465, -9.24 ], [ 142.223, -9.161 ], [ 141.868, -9.22 ], [ 141.783, -9.2 ], [ 141.635, -9.232 ], [ 141.51, -9.215 ], [ 141.422, -9.15 ], [ 141.31, -9.152 ], [ 141.232, -9.213 ], [ 141.115, -9.218 ], [ 140.977, -9.106 ], [ 140.857, -9.049 ], [ 140.622, -8.807 ], [ 140.507, -8.638 ], [ 140.252, -8.409 ], [ 140.032, -8.246 ], [ 139.971, -8.142 ], [ 139.631, -8.125 ], [ 139.515, -8.179 ], [ 139.357, -8.199 ], [ 139.283, -8.173 ], [ 139.224, -8.074 ], [ 139.09, -8.134 ], [ 138.914, -8.292 ], [ 138.839, -8.138 ], [ 138.921, -8.08 ], [ 138.911, -7.923 ], [ 138.994, -7.865 ], [ 139.007, -7.754 ], [ 139.093, -7.56 ], [ 138.958, -7.507 ], [ 138.886, -7.361 ], [ 138.688, -7.193 ], [ 138.762, -7.114 ], [ 138.572, -6.942 ], [ 138.581, -6.891 ], [ 138.673, -6.695 ], [ 138.709, -6.63 ], [ 138.466, -6.402 ], [ 138.39, -6.234 ], [ 138.365, -6.092 ], [ 138.158, -5.774 ], [ 138.071, -5.729 ], [ 138.075, -5.42 ], [ 137.987, -5.47 ], [ 137.925, -5.329 ], [ 137.822, -5.363 ], [ 137.706, -5.222 ], [ 137.58, -5.182 ], [ 137.465, -5.096 ], [ 137.404, -5.098 ], [ 136.822, -4.928 ], [ 136.355, -4.677 ], [ 136.036, -4.586 ], [ 135.97, -4.52 ], [ 135.725, -4.495 ], [ 135.43, -4.43 ], [ 135.228, -4.461 ], [ 134.823, -4.259 ], [ 134.658, -4.133 ], [ 134.525, -4.026 ], [ 134.43, -3.908 ], [ 134.334, -3.869 ], [ 134.315, -4.02 ], [ 134.144, -3.875 ], [ 134.193, -3.836 ], [ 134.127, -3.745 ], [ 134.092, -3.824 ], [ 133.959, -3.838 ], [ 133.844, -3.638 ], [ 133.829, -3.722 ], [ 133.708, -3.61 ], [ 133.409, -3.722 ], [ 133.456, -3.847 ], [ 133.269, -4.052 ], [ 133.079, -4.061 ], [ 132.969, -4.112 ], [ 132.796, -3.941 ], [ 132.826, -3.938 ], [ 132.731, -3.682 ], [ 132.756, -3.628 ], [ 132.881, -3.643 ], [ 132.932, -3.554 ], [ 132.832, -3.461 ], [ 132.812, -3.282 ], [ 132.692, -3.338 ], [ 132.602, -3.232 ], [ 132.553, -3.107 ], [ 132.326, -2.947 ], [ 132.188, -2.917 ], [ 132.075, -2.958 ], [ 131.978, -2.915 ], [ 132.044, -2.803 ], [ 131.966, -2.793 ], [ 132.202, -2.676 ], [ 132.586, -2.717 ], [ 132.737, -2.81 ], [ 132.835, -2.736 ], [ 133.034, -2.479 ], [ 133.173, -2.422 ], [ 133.312, -2.443 ], [ 133.411, -2.567 ], [ 133.438, -2.503 ], [ 133.519, -2.59 ], [ 133.607, -2.532 ], [ 133.667, -2.563 ], [ 133.682, -2.717 ], [ 133.713, -2.512 ], [ 133.817, -2.649 ], [ 133.82, -2.477 ], [ 133.747, -2.438 ], [ 133.987, -2.406 ], [ 133.895, -2.363 ], [ 133.95, -2.293 ], [ 133.792, -2.26 ], [ 133.95, -2.169 ], [ 133.94, -2.108 ], [ 133.71, -2.176 ], [ 133.646, -2.236 ], [ 133.446, -2.238 ], [ 133.296, -2.204 ], [ 132.944, -2.283 ], [ 132.816, -2.245 ], [ 132.699, -2.305 ], [ 132.56, -2.186 ], [ 132.348, -2.27 ], [ 132.215, -2.166 ], [ 132.073, -2.105 ], [ 131.973, -1.965 ], [ 131.928, -1.806 ], [ 132.018, -1.683 ], [ 131.917, -1.707 ], [ 131.897, -1.601 ], [ 131.964, -1.539 ], [ 131.805, -1.608 ], [ 131.811, -1.52 ], [ 131.723, -1.572 ], [ 131.704, -1.511 ], [ 131.573, -1.48 ], [ 131.428, -1.498 ], [ 131.373, -1.395 ], [ 131.275, -1.392 ], [ 131.324, -1.469 ], [ 131.206, -1.524 ], [ 131.126, -1.453 ], [ 130.96, -1.446 ], [ 131.03, -1.276 ], [ 131.182, -1.217 ], [ 131.254, -1.08 ], [ 131.243, -0.819 ], [ 131.545, -0.737 ], [ 131.517, -0.785 ], [ 131.884, -0.682 ], [ 132.1, -0.47 ], [ 132.27, -0.385 ], [ 132.437, -0.347 ], [ 132.709, -0.36 ], [ 132.905, -0.453 ], [ 132.975, -0.445 ], [ 133.155, -0.532 ], [ 133.392, -0.723 ], [ 133.745, -0.751 ], [ 133.977, -0.723 ], [ 134.172, -0.864 ], [ 134.036, -0.958 ], [ 134.127, -1.148 ], [ 134.204, -1.213 ], [ 134.282, -1.35 ], [ 134.207, -1.574 ] ] ], [ [ [ 134.521, -2.407 ], [ 134.581, -2.308 ], [ 134.581, -2.416 ], [ 134.521, -2.407 ] ] ] ] } },
{ "type": "Feature", "properties": { "id": "england1282", "colorId": "britain", "name": "Англия", "parent": null }, "geometry": { "type": "MultiPolygon", "coordinates": [ [ [ [ -64.656, 32.35 ], [ -64.858, 32.255 ], [ -64.676, 32.389 ], [ -64.656, 32.35 ] ] ], [ [ [ -2.234, 49.185 ], [ -2.242, 49.248 ], [ -2.083, 49.26 ], [ -2.025, 49.171 ], [ -2.234, 49.185 ] ] ], [ [ [ -2.534, 49.436 ], [ -2.669, 49.431 ], [ -2.58, 49.494 ], [ -2.534, 49.436 ] ] ], [ [ [ -1.168, 50.603 ], [ -1.316, 50.589 ], [ -1.497, 50.672 ], [ -1.296, 50.773 ], [ -1.083, 50.713 ], [ -1.168, 50.603 ] ] ], [ [ [ 0.161, 53.009 ], [ 0.01, 52.886 ], [ 0.093, 52.893 ], [ 0.247, 52.796 ], [ 0.379, 52.791 ], [ 0.57, 52.969 ], [ 0.966, 52.974 ], [ 1.275, 52.929 ], [ 1.644, 52.776 ], [ 1.747, 52.625 ], [ 1.771, 52.486 ], [ 1.631, 52.27 ], [ 1.582, 52.081 ], [ 1.472, 52.056 ], [ 1.2, 51.878 ], [ 1.276, 51.845 ], [ 1.135, 51.782 ], [ 0.977, 51.825 ], [ 0.952, 51.617 ], [ 0.873, 51.559 ], [ 0.555, 51.412 ], [ 0.764, 51.364 ], [ 0.977, 51.349 ], [ 1.424, 51.392 ], [ 1.413, 51.222 ], [ 1.357, 51.131 ], [ 1.028, 51.042 ], [ 0.98, 50.918 ], [ 0.802, 50.939 ], [ 0.624, 50.859 ], [ 0.365, 50.819 ], [ 0.271, 50.747 ], [ -0.173, 50.829 ], [ -0.569, 50.802 ], [ -0.813, 50.735 ], [ -0.864, 50.802 ], [ -1.021, 50.844 ], [ -1.151, 50.781 ], [ -1.317, 50.8 ], [ -1.94, 50.691 ], [ -1.984, 50.597 ], [ -2.436, 50.638 ], [ -2.466, 50.585 ], [ -2.693, 50.693 ], [ -2.865, 50.734 ], [ -3.26, 50.675 ], [ -3.495, 50.548 ], [ -3.487, 50.412 ], [ -3.632, 50.312 ], [ -3.646, 50.226 ], [ -3.789, 50.212 ], [ -3.95, 50.319 ], [ -4.033, 50.295 ], [ -4.166, 50.376 ], [ -4.16, 50.459 ], [ -4.273, 50.382 ], [ -4.495, 50.328 ], [ -4.752, 50.33 ], [ -4.8, 50.23 ], [ -5.053, 50.196 ], [ -5.057, 50.061 ], [ -5.191, 49.959 ], [ -5.324, 50.09 ], [ -5.475, 50.13 ], [ -5.578, 50.055 ], [ -5.705, 50.052 ], [ -5.685, 50.162 ], [ -5.511, 50.219 ], [ -5.438, 50.194 ], [ -5.05, 50.429 ], [ -5.025, 50.524 ], [ -4.792, 50.595 ], [ -4.55, 50.81 ], [ -4.526, 51.015 ], [ -4.338, 50.997 ], [ -4.208, 51.076 ], [ -4.256, 51.152 ], [ -4.152, 51.212 ], [ -3.769, 51.248 ], [ -3.385, 51.186 ], [ -3.022, 51.192 ], [ -3.011, 51.311 ], [ -2.816, 51.474 ], [ -2.716, 51.5 ], [ -2.482, 51.743 ], [ -2.665, 51.617 ], [ -2.859, 51.546 ], [ -2.975, 51.563 ], [ -3.173, 51.453 ], [ -3.185, 51.398 ], [ -3.539, 51.399 ], [ -3.738, 51.491 ], [ -3.855, 51.624 ], [ -3.975, 51.563 ], [ -4.29, 51.556 ], [ -4.294, 51.672 ], [ -4.393, 51.764 ], [ -4.678, 51.717 ], [ -4.712, 51.65 ], [ -4.941, 51.597 ], [ -5.046, 51.627 ], [ -5.01, 51.706 ], [ -5.23, 51.73 ], [ -5.107, 51.788 ], [ -5.14, 51.864 ], [ -5.289, 51.917 ], [ -5.12, 51.959 ], [ -5.081, 52.021 ], [ -4.832, 52.019 ], [ -4.638, 52.138 ], [ -4.514, 52.136 ], [ -4.197, 52.279 ], [ -4.096, 52.388 ], [ -4.053, 52.542 ], [ -4.125, 52.604 ], [ -4.049, 52.722 ], [ -4.149, 52.812 ], [ -4.1, 52.914 ], [ -4.407, 52.893 ], [ -4.516, 52.789 ], [ -4.763, 52.789 ], [ -4.596, 52.928 ], [ -4.358, 53.028 ], [ -4.341, 53.113 ], [ -4.152, 53.228 ], [ -3.831, 53.289 ], [ -3.562, 53.294 ], [ -3.33, 53.352 ], [ -3.185, 53.377 ], [ -3.058, 53.435 ], [ -3.097, 53.544 ], [ -3.049, 53.77 ], [ -3.018, 53.932 ], [ -3.145, 54.1 ], [ -3.241, 54.112 ], [ -3.474, 54.394 ], [ -3.634, 54.513 ], [ -3.388, 54.883 ], [ -3.291988813073368, 54.963514343501473 ], [ -3.106612650879829, 54.972448134450552 ], [ -3.068644039346213, 55.034984671094158 ], [ -2.970372338906265, 55.043918462043244 ], [ -2.773828938026369, 55.160057744381369 ], [ -2.563884850722843, 55.343200458837636 ], [ -2.219933899183025, 55.441472159277581 ], [ -2.309271808673887, 55.638015560157477 ], [ -2.030090837254978, 55.81669124282039 ], [ -1.816, 55.633 ], [ -1.631, 55.585 ], [ -1.522, 55.167 ], [ -1.37, 54.976 ], [ -1.297, 54.78 ], [ -1.104, 54.625 ], [ -0.788, 54.561 ], [ -0.563, 54.477 ], [ -0.398, 54.269 ], [ -0.234, 54.16 ], [ -0.076, 54.112 ], [ -0.219, 54.023 ], [ -0.151, 53.899 ], [ 0.133, 53.643 ], [ -0.045, 53.626 ], [ -0.305, 53.74 ], [ -0.189, 53.62 ], [ 0.152, 53.476 ], [ 0.342, 53.226 ], [ 0.33, 53.086 ], [ 0.161, 53.009 ] ] ], [ [ [ -4.413, 53.132 ], [ -4.571, 53.275 ], [ -4.571, 53.393 ], [ -4.277, 53.401 ], [ -4.203, 53.298 ], [ -4.098, 53.31 ], [ -4.098, 53.25 ], [ -4.413, 53.132 ] ] ], [ [ [ -4.351, 54.414 ], [ -4.312, 54.287 ], [ -4.391, 54.195 ], [ -4.612, 54.057 ], [ -4.79, 54.064 ], [ -4.71, 54.221 ], [ -4.531, 54.366 ], [ -4.351, 54.414 ] ] ] ] } },
{ "type": "Feature", "properties": { "id": "sw_baltic", "colorId": "sweden", "name": null, "parent": "sweden" }, "geometry": { "type": "MultiPolygon", "coordinates": [ [ [ [ 22.063, 58.926 ], [ 22.463, 58.971 ], [ 22.598, 59.09 ], [ 22.737, 59.005 ], [ 22.934, 58.984 ], [ 23.041, 58.841 ], [ 22.737, 58.806 ], [ 22.556, 58.687 ], [ 22.44, 58.841 ], [ 22.292, 58.895 ], [ 22.063, 58.926 ] ] ], [ [ [ 23.114, 59.022 ], [ 23.364, 59.029 ], [ 23.148, 58.974 ], [ 23.114, 59.022 ] ] ], [ [ [ 25.109460039947678, 58.965798007512646 ], [ 24.226411087873167, 58.786565299418314 ], [ 23.824230377027348, 58.94831188964978 ], [ 23.553, 58.971 ], [ 23.408, 59.026 ], [ 23.519, 59.125 ], [ 23.471, 59.212 ], [ 23.757, 59.284 ], [ 24.092, 59.313 ], [ 24.022, 59.378 ], [ 25.146, 59.539 ], [ 25.408, 59.491 ], [ 25.533, 59.532 ], [ 25.485, 59.67 ], [ 25.622, 59.58 ], [ 25.725, 59.666 ], [ 26.458, 59.546 ], [ 26.665, 59.552 ], [ 26.827, 59.477 ], [ 27.116, 59.442 ], [ 27.409, 59.452 ], [ 27.873, 59.408 ], [ 27.368440546659905, 58.591771398999818 ], [ 26.333488290347994, 58.611704120789696 ], [ 25.979394403625044, 58.817166005678317 ], [ 25.60344286957352, 58.94831188964978 ], [ 25.109460039947678, 58.965798007512646 ] ] ] ] } },
{ "type": "Feature", "properties": { "id": "hre_hetherlands", "colorId": "netherlands", "name": "Нидерланды", "parent": "holy_roman1477" }, "geometry": { "type": "MultiPolygon", "coordinates": [ [ [ [ 3.689, 51.725 ], [ 3.94, 51.741 ], [ 4.037, 51.686 ], [ 3.978, 51.623 ], [ 3.689, 51.725 ] ] ], [ [ [ 4.273731552360751, 51.249427898433076 ], [ 4.072835693387911, 51.276352085718095 ], [ 4.012774044829021, 51.232859167796143 ], [ 3.956854578929365, 51.274280994388477 ], [ 3.434939563865906, 51.313631729651199 ], [ 3.349, 51.375 ], [ 3.541, 51.417 ], [ 3.858, 51.345 ], [ 3.984, 51.41 ], [ 4.221, 51.368 ], [ 4.261, 51.369 ], [ 3.943, 51.45 ], [ 3.827, 51.391 ], [ 3.69, 51.454 ], [ 3.535, 51.459 ], [ 3.458, 51.555 ], [ 3.56, 51.595 ], [ 3.829, 51.613 ], [ 4.129, 51.441 ], [ 4.283, 51.448 ], [ 4.24, 51.519 ], [ 3.988, 51.59 ], [ 4.177, 51.686 ], [ 4.072, 51.717 ], [ 3.963, 51.847 ], [ 4.078, 51.844 ], [ 4.01, 51.98 ], [ 4.142, 52.006 ], [ 4.508, 52.336 ], [ 4.597, 52.507 ], [ 4.669, 52.797 ], [ 4.745, 52.968 ], [ 4.913, 52.906 ], [ 5.078, 52.954 ], [ 5.379, 53.097 ], [ 5.447, 53.221 ], [ 5.592, 53.303 ], [ 5.981, 53.406 ], [ 6.346, 53.413 ], [ 6.73, 53.461 ], [ 6.867, 53.434 ], [ 6.901, 53.352 ], [ 7.195, 53.245 ], [ 7.184, 52.966 ], [ 7.08, 52.854 ], [ 7.037, 52.647 ], [ 6.771, 52.641 ], [ 6.695, 52.476 ], [ 6.973, 52.451 ], [ 7.048, 52.365 ], [ 7.026, 52.231 ], [ 6.675, 52.035 ], [ 6.811, 51.961 ], [ 6.382, 51.828 ], [ 6.127, 51.897 ], [ 5.928, 51.807 ], [ 5.939, 51.732 ], [ 5.456395376192648, 51.762253776984025 ], [ 5.34266048563193, 51.707755808590342 ], [ 5.003825290836456, 51.684061039723531 ], [ 4.727300553546852, 51.522811953942501 ], [ 4.487053959311291, 51.371622286880466 ], [ 4.273731552360751, 51.249427898433076 ] ] ], [ [ [ 4.854, 53.188 ], [ 4.893, 53.111 ], [ 4.796, 53.0 ], [ 4.714, 53.055 ], [ 4.854, 53.188 ] ] ], [ [ [ 5.208, 53.353 ], [ 5.179, 53.385 ], [ 5.424, 53.43 ], [ 5.208, 53.353 ] ] ], [ [ [ 5.679, 53.43 ], [ 5.674, 53.468 ], [ 5.955, 53.461 ], [ 5.679, 53.43 ] ] ] ] } },
{ "type": "Feature", "properties": { "id": "arabs868", "colorId": null, "name": "арабы", "parent": null }, "geometry": { "type": "MultiPolygon", "coordinates": [ [ [ [ 36.911758754389709, 30.239492490390177 ], [ 36.722215866117118, 30.486951261190498 ], [ 36.406311052329485, 31.266183135200006 ], [ 36.295744367503808, 31.582087948987645 ], [ 36.179755609501797, 31.880360276165739 ], [ 36.377771359674895, 32.74667918317305 ], [ 36.557223133269268, 33.278846511763255 ], [ 36.880088961450753, 33.666488310769239 ], [ 37.029610439215467, 33.868782074803853 ], [ 37.29786956108746, 34.04029200518103 ], [ 37.992704663641135, 34.233790388170661 ], [ 39.800155468385199, 34.145836577720829 ], [ 40.305889878471731, 34.260176531305611 ], [ 42.061403338094152, 33.336283434657815 ], [ 42.423041167771579, 32.968005554437461 ], [ 43.876786784438288, 31.829398962187735 ], [ 44.805816726417468, 30.995477392579723 ], [ 45.498072793916769, 30.431689498423733 ], [ 46.308335609155414, 29.980011078014108 ], [ 47.087567082533859, 29.645562171298579 ], [ 47.705, 29.364 ], [ 47.837, 29.388 ], [ 47.899, 29.335 ], [ 47.986, 29.394 ], [ 48.1, 29.35 ], [ 48.092, 29.287 ], [ 48.158, 29.017 ], [ 48.329, 28.76 ], [ 48.394, 28.743 ], [ 48.433, 28.54 ], [ 48.535, 28.408 ], [ 48.535, 28.299 ], [ 48.618, 28.217 ], [ 48.606, 28.126 ], [ 48.878, 27.837 ], [ 48.804, 27.815 ], [ 48.78, 27.714 ], [ 48.873, 27.612 ], [ 48.969, 27.62 ], [ 49.078, 27.547 ], [ 49.24, 27.545 ], [ 49.323, 27.206 ], [ 49.375, 27.149 ], [ 49.524, 27.133 ], [ 49.699, 26.958 ], [ 49.872, 26.862 ], [ 49.942, 26.858 ], [ 50.142, 26.681 ], [ 49.984, 26.708 ], [ 50.031, 26.495 ], [ 50.192, 26.404 ], [ 50.202, 26.171 ], [ 50.155, 26.166 ], [ 50.141, 26.036 ], [ 50.066, 26.174 ], [ 49.976, 26.14 ], [ 50.101, 25.989 ], [ 50.118, 25.868 ], [ 50.247, 25.679 ], [ 50.145, 25.733 ], [ 50.348, 25.482 ], [ 50.463, 25.447 ], [ 50.525, 25.293 ], [ 50.545, 25.119 ], [ 50.726, 24.882 ], [ 50.737, 24.782 ], [ 50.808, 24.747 ], [ 50.851, 24.891 ], [ 50.776, 25.092 ], [ 50.751, 25.495 ], [ 50.847, 25.467 ], [ 50.857, 25.651 ], [ 50.899, 25.532 ], [ 50.902, 25.79 ], [ 50.984, 25.981 ], [ 51.047, 26.053 ], [ 51.251, 26.16 ], [ 51.347, 26.105 ], [ 51.404, 25.954 ], [ 51.512, 25.946 ], [ 51.577, 25.881 ], [ 51.592, 25.747 ], [ 51.505, 25.687 ], [ 51.472, 25.521 ], [ 51.519, 25.426 ], [ 51.519, 25.297 ], [ 51.59, 25.284 ], [ 51.617, 25.137 ], [ 51.587, 24.953 ], [ 51.5, 24.855 ], [ 51.444, 24.68 ], [ 51.341, 24.57 ], [ 51.339, 24.646 ], [ 51.215, 24.626 ], [ 51.302, 24.517 ], [ 51.396, 24.608 ], [ 51.444, 24.555 ], [ 51.306, 24.406 ], [ 51.282, 24.303 ], [ 51.413, 24.323 ], [ 51.569, 24.256 ], [ 51.574, 24.364 ], [ 51.634, 24.227 ], [ 51.718, 24.223 ], [ 51.759, 24.291 ], [ 51.809, 24.001 ], [ 52.067, 23.963 ], [ 52.341, 24.008 ], [ 52.575, 24.152 ], [ 52.947, 24.138 ], [ 53.0, 24.166 ], [ 53.254, 24.099 ], [ 53.437, 24.12 ], [ 53.581, 24.049 ], [ 53.854, 24.062 ], [ 54.123, 24.145 ], [ 54.323, 24.271 ], [ 54.383, 24.255 ], [ 54.486, 24.388 ], [ 54.499, 24.488 ], [ 54.417, 24.535 ], [ 54.486, 24.57 ], [ 54.582, 24.508 ], [ 54.671, 24.666 ], [ 54.64, 24.733 ], [ 54.707, 24.804 ], [ 55.082, 25.017 ], [ 55.291031102311834, 25.267535477118823 ], [ 55.617707420992488, 25.146414968806809 ], [ 55.823896069506546, 24.743856178850784 ], [ 55.807, 24.007 ], [ 55.890607601157733, 23.781019305316864 ], [ 55.97344783099269, 23.600858434615613 ], [ 56.160022965203687, 23.244669542030984 ], [ 56.617980112812496, 22.967633736687382 ], [ 57.058573333822849, 22.769722600667077 ], [ 57.313396522144394, 22.656675179669051 ], [ 58.212349441524651, 22.560560716590661 ], [ 58.698575548862408, 22.453138669620692 ], [ 59.083033401175975, 22.221333199843393 ], [ 59.173494072308578, 22.051719441469757 ], [ 59.498, 21.756 ], [ 59.336, 21.438 ], [ 59.166, 21.363 ], [ 58.919, 21.144 ], [ 58.793, 20.927 ], [ 58.68, 20.828 ], [ 58.519, 20.417 ], [ 58.418, 20.36 ], [ 58.203, 20.405 ], [ 58.264, 20.588 ], [ 58.104, 20.575 ], [ 58.076, 20.48 ], [ 57.956, 20.4 ], [ 57.967, 20.33 ], [ 57.824, 20.201 ], [ 57.848, 20.112 ], [ 57.762, 19.843 ], [ 57.699, 19.754 ], [ 57.704, 19.549 ], [ 57.774, 19.41 ], [ 57.751, 19.268 ], [ 57.84, 19.015 ], [ 57.71, 18.944 ], [ 57.501, 18.954 ], [ 57.208, 18.91 ], [ 56.915, 18.81 ], [ 56.785, 18.729 ], [ 56.66, 18.595 ], [ 56.561, 18.149 ], [ 56.463, 18.084 ], [ 56.345, 17.938 ], [ 56.188, 17.957 ], [ 55.909, 17.907 ], [ 55.653, 17.895 ], [ 55.445, 17.841 ], [ 55.356, 17.682 ], [ 55.263, 17.608 ], [ 55.225, 17.515 ], [ 55.301, 17.417 ], [ 55.255, 17.229 ], [ 55.027, 17.011 ], [ 54.792, 16.951 ], [ 54.592, 17.038 ], [ 54.39, 17.039 ], [ 54.023, 16.985 ], [ 53.981, 16.909 ], [ 53.753, 16.868 ], [ 53.583, 16.75 ], [ 53.339, 16.735 ], [ 53.09, 16.642 ], [ 52.985, 16.628 ], [ 52.851, 16.556 ], [ 52.598, 16.477 ], [ 52.42, 16.371 ], [ 52.293, 16.264 ], [ 52.156, 15.984 ], [ 52.224, 15.847 ], [ 52.228, 15.616 ], [ 52.047, 15.57 ], [ 51.68, 15.403 ], [ 51.676, 15.34 ], [ 51.549, 15.323 ], [ 51.368, 15.23 ], [ 51.07, 15.15 ], [ 50.554, 15.049 ], [ 50.18, 14.843 ], [ 49.942, 14.839 ], [ 49.578, 14.737 ], [ 49.078, 14.506 ], [ 49.004, 14.325 ], [ 48.887, 14.25 ], [ 48.853, 14.167 ], [ 48.681, 14.044 ], [ 48.565, 14.046 ], [ 48.469, 13.989 ], [ 48.338, 14.016 ], [ 48.189, 13.969 ], [ 48.14, 14.031 ], [ 48.017, 14.057 ], [ 47.867, 13.962 ], [ 47.667, 13.887 ], [ 47.398, 13.655 ], [ 47.167, 13.586 ], [ 46.912, 13.533 ], [ 46.701, 13.43 ], [ 46.313, 13.414 ], [ 46.235, 13.436 ], [ 45.941, 13.399 ], [ 45.666, 13.342 ], [ 45.494, 13.195 ], [ 45.403, 13.07 ], [ 45.194, 13.013 ], [ 45.118, 12.962 ], [ 45.057, 12.817 ], [ 44.945, 12.834 ], [ 44.867, 12.795 ], [ 44.881, 12.73 ], [ 44.694, 12.803 ], [ 44.543, 12.797 ], [ 44.416, 12.67 ], [ 44.191, 12.619 ], [ 44.191, 12.66 ], [ 43.946, 12.598 ], [ 44.158073030732453, 12.788822635732322 ], [ 44.326129308850042, 13.174729644743087 ], [ 44.285671315969878, 13.846954757213453 ], [ 44.329241462148516, 13.999450268838675 ], [ 44.410157447908837, 14.142609320568475 ], [ 44.519082813355425, 14.260871145910484 ], [ 44.59688664581725, 14.544077096071611 ], [ 44.733821390950112, 14.693460454398359 ], [ 44.845858909695174, 14.986002864454907 ], [ 44.839634603098226, 15.200741442049603 ], [ 44.702699857965371, 15.399919253151939 ], [ 44.509746353459988, 16.103265898607042 ], [ 44.354138688536288, 16.887528529822468 ], [ 44.38526022152103, 17.136500793700382 ], [ 44.497297740266092, 17.373024444384402 ], [ 44.508190276810772, 17.55041718239741 ], [ 44.515970660056922, 17.690464080828743 ], [ 44.266998396179005, 18.09504400963035 ], [ 44.056450278472873, 18.688603658391635 ], [ 43.834409087691128, 18.845072954562557 ], [ 43.665013972542646, 19.066060096252933 ], [ 43.513857297948313, 19.159400437708427 ], [ 43.399396479232841, 19.387597061838481 ], [ 43.236875654384143, 19.532858833525296 ], [ 43.157078766037941, 19.965431608687872 ], [ 42.956700657049844, 20.035330949032556 ], [ 42.774962372153666, 20.697044704295571 ], [ 42.816901976360477, 20.934702461467495 ], [ 42.733022767946849, 21.149060438524529 ], [ 42.509344878843862, 21.32147881137475 ], [ 42.173828045189374, 22.109011379258195 ], [ 41.69851253084552, 22.593646805648007 ], [ 41.44221494958169, 23.045662539876968 ], [ 41.232516928547625, 23.497678274105922 ], [ 41.269796576731459, 24.000953524587651 ], [ 40.980879303306764, 24.504228775069379 ], [ 40.198006691446295, 25.287101386929844 ], [ 39.927729242113514, 26.647808545639709 ], [ 39.508333200045413, 27.286222520787828 ], [ 39.087955625990276, 27.815452357369253 ], [ 38.685469492868243, 28.236658775752772 ], [ 38.432745641838139, 28.442581913629166 ], [ 37.983458795562385, 28.835707904120451 ], [ 37.337608954041002, 29.500278030903338 ], [ 36.911758754389709, 30.239492490390177 ] ] ] ] } },
{ "type": "Feature", "properties": { "id": "aut_bohemia1526", "colorId": "austria", "name": null, "parent": "hre_austria1477" }, "geometry": { "type": "MultiPolygon", "coordinates": [ [ [ [ 18.523466051834188, 49.497839700919194 ], [ 18.295682579910455, 49.425408787560215 ], [ 18.175970756667784, 49.292501571957231 ], [ 18.01364925968339, 49.147292596780751 ], [ 17.849129822884272, 49.084618525619184 ], [ 17.700278903875542, 48.978856030534033 ], [ 17.528365888403126, 48.866030073343921 ], [ 17.42832936403704, 48.839704672194948 ], [ 17.328292839670954, 48.866030073343921 ], [ 17.080834068870633, 48.871295153573719 ], [ 17.001857865423727, 48.805481650701289 ], [ 16.873, 48.719 ], [ 16.436, 48.795 ], [ 16.358, 48.727 ], [ 16.032, 48.758 ], [ 15.818, 48.872 ], [ 15.681, 48.858 ], [ 15.263, 48.983 ], [ 14.982, 49.008 ], [ 14.919, 48.762 ], [ 14.8, 48.777 ], [ 14.696, 48.59 ], [ 14.458, 48.643 ], [ 14.316, 48.558 ], [ 14.075, 48.592 ], [ 13.982, 48.706 ], [ 13.816, 48.766 ], [ 13.609, 48.946 ], [ 13.482, 48.938 ], [ 13.3, 49.094 ], [ 13.179, 49.118 ], [ 13.0, 49.295 ], [ 12.798, 49.328 ], [ 12.644, 49.429 ], [ 12.623, 49.51 ], [ 12.384, 49.743 ], [ 12.524, 49.905 ], [ 12.468, 49.97 ], [ 12.247, 50.045 ], [ 12.12868541891666, 50.188661750136866 ], [ 12.233, 50.259 ], [ 12.336, 50.259 ], [ 12.51, 50.389 ], [ 12.826, 50.441 ], [ 12.918, 50.405 ], [ 13.01, 50.493 ], [ 13.16, 50.497 ], [ 13.232, 50.582 ], [ 13.448, 50.597 ], [ 13.602, 50.712 ], [ 13.835, 50.724 ], [ 13.893, 50.78 ], [ 14.347, 50.88 ], [ 14.377475854548988, 50.942414774192159 ], [ 14.190287180501141, 51.022976988339337 ], [ 13.950970014946295, 51.186470893520372 ], [ 13.801692971085352, 51.347595321814723 ], [ 13.709283372504768, 51.489763935015624 ], [ 13.538681036663689, 51.639040978876551 ], [ 13.53631155977701, 51.899683436411543 ], [ 13.496030452703422, 52.148478509513119 ], [ 13.676110696091229, 52.264582876960503 ], [ 14.05522699796029, 52.387795675067949 ], [ 14.403540100302489, 52.316711368467502 ], [ 14.619162496990517, 52.205345954793465 ], [ 15.102826092897958, 52.139157843561087 ], [ 15.161631394234739, 52.194868129038035 ], [ 15.353522377544236, 52.269148509673968 ], [ 15.621759304208284, 52.358040707552398 ], [ 15.656940828388219, 52.278882278147542 ], [ 15.788871544062969, 52.102974657247877 ], [ 16.030744522800017, 51.891885512168272 ], [ 16.532081242364068, 51.80393170171844 ], [ 16.624432743336396, 51.698387129178634 ], [ 16.853112650505963, 51.610433318728802 ], [ 17.015827199838157, 51.672000986043685 ], [ 17.345653989025035, 51.672000986043685 ], [ 17.917353756948955, 51.232231933794516 ], [ 18.153594165691164, 51.227418556406434 ], [ 18.31154657258498, 51.074731229742405 ], [ 18.41684817718086, 51.03787566813385 ], [ 18.822259354874998, 50.790416897333529 ], [ 18.967049061194331, 50.645627191014206 ], [ 18.86437999671335, 50.511367645154458 ], [ 18.988109382113507, 50.282336655158424 ], [ 19.133938899741203, 50.190032986969634 ], [ 19.127144678534158, 50.129413652253177 ], [ 18.985127623355282, 50.094633965270596 ], [ 18.903975020395922, 50.025074591305405 ], [ 18.869195333413337, 49.665684492485383 ], [ 18.770924822634505, 49.53732780264265 ], [ 18.523466051834188, 49.497839700919194 ] ] ] ] } },
{ "type": "Feature", "properties": { "id": "rozwi", "colorId": "rozwi", "name": "Розви", "parent": null }, "geometry": { "type": "MultiPolygon", "coordinates": [ [ [ [ 28.485617232105565, -20.600157383334231 ], [ 28.722822217376542, -20.509461359554152 ], [ 29.029793374786042, -20.279232991497025 ], [ 29.036769991999893, -20.021098154584493 ], [ 28.970492128468297, -19.79086978652737 ], [ 28.869331178867437, -19.717615305781923 ], [ 28.848401327225883, -19.623430973394917 ], [ 28.632126193596463, -19.553664801256392 ], [ 28.039113730419022, -19.504828480759429 ], [ 27.90655800335583, -19.595524504539508 ], [ 27.801908745148047, -19.979238451301381 ], [ 27.801908745148047, -20.244349905427764 ], [ 27.871674917286569, -20.390858866918663 ], [ 28.485617232105565, -20.600157383334231 ] ] ] ] } },
{ "type": "Feature", "properties": { "id": "sp_palau1589", "colorId": "spain", "name": null, "parent": "spain" }, "geometry": { "type": "MultiPolygon", "coordinates": [ [ [ [ 134.648, 7.719 ], [ 134.658, 7.591 ], [ 134.592, 7.367 ], [ 134.524, 7.361 ], [ 134.488, 7.47 ], [ 134.569, 7.614 ], [ 134.635, 7.629 ], [ 134.648, 7.719 ] ] ] ] } },
{ "type": "Feature", "properties": { "id": "kandy", "colorId": "ceylon", "name": "Канди", "parent": null }, "geometry": { "type": "MultiPolygon", "coordinates": [ [ [ [ 81.758, 7.505 ], [ 81.826, 7.474 ], [ 81.881, 7.327 ], [ 81.876, 7.092 ], [ 81.89, 7.02 ], [ 81.776, 6.61 ], [ 81.681, 6.462 ], [ 81.362, 6.225 ], [ 81.113, 6.12 ], [ 80.809, 6.035 ], [ 80.399100026197445, 6.252626319189691 ], [ 80.158913209186181, 6.473528063302229 ], [ 80.07037719269664, 6.77858285279097 ], [ 80.067747410028616, 7.68673446747585 ], [ 79.993639157010591, 8.118510203090464 ], [ 80.027003821556519, 8.364574604116717 ], [ 80.143780147467282, 8.719074164917252 ], [ 80.048, 9.026 ], [ 80.116, 9.234 ], [ 80.053, 9.392 ], [ 80.197, 9.473 ], [ 80.085, 9.595 ], [ 80.272, 9.504 ], [ 80.287, 9.453 ], [ 80.427, 9.5 ], [ 80.615, 9.446 ], [ 80.465, 9.529 ], [ 80.369, 9.53 ], [ 80.174, 9.649 ], [ 80.186, 9.584 ], [ 79.947, 9.693 ], [ 79.91, 9.768 ], [ 79.988, 9.823 ], [ 80.122, 9.819 ], [ 80.339, 9.629 ], [ 80.444, 9.576 ], [ 80.248, 9.755 ], [ 80.137, 9.814 ], [ 80.227, 9.83 ], [ 80.41, 9.617 ], [ 80.744, 9.36 ], [ 80.824, 9.27 ], [ 80.958, 9.018 ], [ 80.875, 9.041 ], [ 80.931, 8.932 ], [ 80.979, 8.98 ], [ 81.232, 8.651 ], [ 81.213, 8.472 ], [ 81.366, 8.482 ], [ 81.448, 8.128 ], [ 81.576, 7.889 ], [ 81.697, 7.753 ], [ 81.636, 7.733 ], [ 81.755, 7.615 ], [ 81.758, 7.505 ] ] ], [ [ [ 79.973, 9.634 ], [ 79.896, 9.617 ], [ 79.841, 9.699 ], [ 79.973, 9.634 ] ] ] ] } },
{ "type": "Feature", "properties": { "id": "sambas1608", "colorId": "sambas", "name": "Султанат Самбас", "parent": null }, "geometry": { "type": "MultiPolygon", "coordinates": [ [ [ [ 109.167, 0.112 ], [ 109.102, 0.243 ], [ 108.921, 0.34 ], [ 108.945, 0.445 ], [ 108.91, 0.531 ], [ 108.927, 0.641 ], [ 108.855, 0.832 ], [ 108.941, 0.884 ], [ 108.98, 0.996 ], [ 108.933, 1.178 ], [ 108.986, 1.216 ], [ 109.061, 1.384 ], [ 109.096, 1.561 ], [ 109.253, 1.668 ], [ 109.348, 1.81 ], [ 109.341, 1.936 ], [ 109.561, 1.99 ], [ 109.645, 2.083 ], [ 109.655, 1.937 ], [ 109.732, 1.84 ], [ 109.887, 1.76 ], [ 109.928, 1.692 ], [ 110.521, 1.723 ], [ 110.466, 1.621 ], [ 110.727, 1.547 ], [ 110.84, 1.566 ], [ 110.968, 1.503 ], [ 111.08651340201682, 1.443225040602879 ], [ 111.24607316291997, 1.395357112331934 ], [ 111.439140473612781, 1.377805538632587 ], [ 111.577558566196288, 1.223032570556532 ], [ 111.368353440012598, 0.863706026888074 ], [ 110.872705412434769, 0.414318481884171 ], [ 110.515838832578723, 0.249102472691559 ], [ 110.000364883897774, -0.021851782384323 ], [ 109.188, -0.177 ], [ 109.161, 0.034 ], [ 109.3, 0.01 ], [ 109.167, 0.112 ] ] ] ] } },
{ "type": "Feature", "properties": { "id": "sp_goa1589", "colorId": "spain", "name": null, "parent": "sp_portugal1589" }, "geometry": { "type": "MultiPolygon", "coordinates": [ [ [ [ 73.937, 15.411 ], [ 73.783, 15.408 ], [ 73.891, 15.343 ], [ 73.947, 15.161 ], [ 73.913, 15.079 ], [ 74.031, 14.995 ], [ 74.036, 14.921 ], [ 74.125, 14.846 ], [ 74.096, 14.793 ], [ 74.239573970234673, 14.796200974124384 ], [ 74.323815253911391, 15.04424475383912 ], [ 74.398696394957341, 15.182306857642606 ], [ 74.426776822849575, 15.467791207880325 ], [ 74.333175396542131, 15.59415313339538 ], [ 74.148312579584925, 15.638613810891417 ], [ 73.989190154862257, 15.71817502325275 ], [ 73.67669877600099, 15.709394642409393 ], [ 73.796, 15.449 ], [ 73.937, 15.411 ] ] ] ] } },
{ "type": "Feature", "properties": { "id": "sp_flanders1589", "colorId": "spain", "name": null, "parent": "spain" }, "geometry": { "type": "MultiPolygon", "coordinates": [ [ [ [ 5.23321865328092, 51.172413199706412 ], [ 5.036931178285927, 51.151382398814093 ], [ 4.935282307306379, 51.105815663547396 ], [ 5.107033847926997, 50.979630858193474 ], [ 5.107033847926997, 50.73076638096768 ], [ 5.0088901104295, 50.562519973829112 ], [ 5.089508180516729, 50.439840301957247 ], [ 5.086003047034676, 50.282109295264839 ], [ 4.756520499721653, 50.222522026069932 ], [ 4.574253558654876, 50.313655496603324 ], [ 4.504150889013807, 50.429324901511094 ], [ 4.356934322831207, 50.428433786241754 ], [ 4.279794031840797, 50.369994171855083 ], [ 4.340571230802936, 50.024031654685963 ], [ 3.920974353622951, 50.089403094986793 ], [ 3.776436263535372, 50.053860941686565 ], [ 3.321496701292498, 50.051491464799881 ], [ 3.04900685932411, 50.134423155833744 ], [ 2.949488830083482, 50.132053678947059 ], [ 2.762300156035632, 50.222093800640963 ], [ 2.504027175387335, 50.248158046394458 ], [ 2.203103610778767, 50.409282474688808 ], [ 2.001698075410828, 50.556190041663072 ], [ 2.082260289558004, 50.665185978450417 ], [ 1.973, 51.007 ], [ 2.121324610662175, 51.028883959932351 ], [ 2.522, 51.088 ], [ 2.832665681912712, 51.21267921884639 ], [ 3.125, 51.33 ], [ 3.349, 51.375 ], [ 3.434939563865906, 51.313631729651199 ], [ 3.956854578929365, 51.274280994388477 ], [ 4.012774044829021, 51.232859167796143 ], [ 4.072835693387911, 51.276352085718095 ], [ 4.273731552360751, 51.249427898433076 ], [ 4.487053959311291, 51.371622286880466 ], [ 4.727300553546852, 51.522811953942501 ], [ 5.003825290836456, 51.684061039723531 ], [ 5.34266048563193, 51.707755808590342 ], [ 5.456395376192648, 51.762253776984025 ], [ 5.939, 51.732 ], [ 6.225290625920839, 51.471992858365496 ], [ 6.232399056580885, 51.372474829124883 ], [ 6.045210382533036, 51.235045169697351 ], [ 6.044025644089695, 51.133157663570032 ], [ 5.813001647638236, 51.049041234092833 ], [ 5.882901215795345, 50.992173788812472 ], [ 5.753764725471195, 50.951892681738883 ], [ 5.677941465097383, 51.005205911689224 ], [ 5.724146264387675, 51.08458338739306 ], [ 5.653834671127331, 51.186433733634615 ], [ 5.524144732291354, 51.189938867116666 ], [ 5.472, 51.288 ], [ 5.215, 51.259 ], [ 5.313836723368149, 51.242515869347478 ], [ 5.23321865328092, 51.172413199706412 ] ] ] ] } },
{ "type": "Feature", "properties": { "id": "ternate1578", "colorId": "ternate", "name": "Тернате", "parent": null }, "geometry": { "type": "MultiPolygon", "coordinates": [ [ [ [ 127.235, -3.821 ], [ 127.227, -3.917 ], [ 127.138, -3.847 ], [ 127.235, -3.821 ] ] ], [ [ [ 126.893, -3.126 ], [ 127.094, -3.201 ], [ 127.063, -3.334 ], [ 127.269, -3.386 ], [ 127.241, -3.471 ], [ 127.243, -3.606 ], [ 127.122, -3.653 ], [ 126.946, -3.766 ], [ 126.742, -3.859 ], [ 126.589, -3.817 ], [ 126.174, -3.603 ], [ 126.149, -3.526 ], [ 126.053, -3.446 ], [ 125.992, -3.248 ], [ 126.091, -3.112 ], [ 126.185, -3.181 ], [ 126.297, -3.106 ], [ 126.421, -3.07 ], [ 126.84, -3.074 ], [ 126.893, -3.126 ] ] ], [ [ [ 125.863, -2.087 ], [ 125.933, -1.965 ], [ 125.985, -1.994 ], [ 125.977, -2.18 ], [ 126.069, -2.384 ], [ 126.046, -2.474 ], [ 125.966, -2.402 ], [ 125.946, -2.272 ], [ 125.863, -2.087 ] ] ], [ [ [ 123.787, -1.874 ], [ 123.857, -1.95 ], [ 123.794, -1.992 ], [ 123.787, -1.874 ] ] ], [ [ [ 125.483, -1.777 ], [ 125.703, -1.819 ], [ 125.993, -1.786 ], [ 126.329, -1.819 ], [ 126.272, -1.867 ], [ 125.98, -1.902 ], [ 125.62, -1.916 ], [ 125.432, -1.95 ], [ 125.438, -1.895 ], [ 125.347, -1.811 ], [ 125.483, -1.777 ] ] ], [ [ [ 123.133, -1.765 ], [ 123.153, -1.824 ], [ 123.067, -1.892 ], [ 123.133, -1.765 ] ] ], [ [ [ 124.543, -2.007 ], [ 124.406, -2.004 ], [ 124.331, -1.827 ], [ 124.385, -1.668 ], [ 124.633, -1.631 ], [ 125.096, -1.752 ], [ 125.12, -1.683 ], [ 125.191, -1.782 ], [ 125.284, -1.731 ], [ 125.315, -1.779 ], [ 125.322, -1.864 ], [ 125.05, -1.888 ], [ 125.014, -1.944 ], [ 124.853, -1.897 ], [ 124.543, -2.007 ] ] ], [ [ [ 123.575, -1.72 ], [ 123.487, -1.7 ], [ 123.477, -1.563 ], [ 123.523, -1.483 ], [ 123.601, -1.603 ], [ 123.575, -1.72 ] ] ], [ [ [ 123.529, -1.433 ], [ 123.362, -1.511 ], [ 123.327, -1.421 ], [ 123.259, -1.466 ], [ 123.25, -1.623 ], [ 123.112, -1.556 ], [ 123.185, -1.486 ], [ 123.164, -1.312 ], [ 123.095, -1.346 ], [ 122.993, -1.509 ], [ 122.874, -1.585 ], [ 122.812, -1.444 ], [ 122.836, -1.274 ], [ 122.899, -1.184 ], [ 123.201, -1.155 ], [ 123.232, -1.395 ], [ 123.407, -1.219 ], [ 123.551, -1.285 ], [ 123.529, -1.433 ] ] ], [ [ [ 121.68, -0.469 ], [ 121.854, -0.401 ], [ 121.878, -0.511 ], [ 121.68, -0.469 ] ] ], [ [ [ 127.292, -0.278 ], [ 127.235, -0.49 ], [ 127.117, -0.525 ], [ 127.11, -0.288 ], [ 127.235, -0.252 ], [ 127.292, -0.278 ] ] ], [ [ [ 122.03, -0.332 ], [ 122.027, -0.407 ], [ 121.875, -0.395 ], [ 121.872, -0.333 ], [ 122.03, -0.332 ] ] ], [ [ [ 122.139, -0.384 ], [ 122.071, -0.398 ], [ 122.095, -0.264 ], [ 122.139, -0.384 ] ] ], [ [ [ 121.97, 1.029 ], [ 122.088, 1.062 ], [ 122.235, 1.01 ], [ 122.454, 1.021 ], [ 122.624, 0.966 ], [ 122.849, 0.818 ], [ 122.968, 0.963 ], [ 123.191, 0.928 ], [ 123.369, 0.927 ], [ 123.563, 0.867 ], [ 123.612, 0.886 ], [ 123.832, 0.832 ], [ 123.948, 0.839 ], [ 124.008, 0.898 ], [ 124.153, 0.946 ], [ 124.315, 1.038 ], [ 124.389, 1.186 ], [ 124.594, 1.196 ], [ 124.548, 1.36 ], [ 124.692, 1.401 ], [ 124.85, 1.49 ], [ 124.837, 1.589 ], [ 125.034, 1.733 ], [ 125.043, 1.681 ], [ 125.18, 1.667 ], [ 125.168, 1.585 ], [ 125.249, 1.485 ], [ 125.144, 1.421 ], [ 125.034, 1.175 ], [ 124.899, 0.973 ], [ 124.822, 0.941 ], [ 124.664, 0.806 ], [ 124.636, 0.725 ], [ 124.503, 0.534 ], [ 124.514, 0.503 ], [ 124.322, 0.399 ], [ 123.746, 0.311 ], [ 123.632, 0.267 ], [ 123.571, 0.304 ], [ 123.39, 0.298 ], [ 123.239, 0.325 ], [ 123.074, 0.516 ], [ 122.978, 0.483 ], [ 122.653, 0.48 ], [ 122.324, 0.497 ], [ 121.8, 0.426 ], [ 121.69, 0.524 ], [ 121.528, 0.537 ], [ 121.508, 0.487 ], [ 121.164, 0.457 ], [ 121.119, 0.411 ], [ 120.987, 0.447 ], [ 120.892, 0.423 ], [ 120.68, 0.531 ], [ 120.503, 0.529 ], [ 120.375, 0.478 ], [ 120.273, 0.378 ], [ 120.128, 0.181 ], [ 120.084, 0.006 ], [ 120.023, -0.071 ], [ 119.996, -0.209 ], [ 120.089, -0.657 ], [ 120.244, -0.888 ], [ 120.326, -0.939 ], [ 120.412, -0.905 ], [ 120.5, -0.975 ], [ 120.582, -1.105 ], [ 120.565, -1.216 ], [ 120.676, -1.395 ], [ 120.83, -1.34 ], [ 120.89, -1.395 ], [ 121.073, -1.421 ], [ 121.167, -1.323 ], [ 121.197, -1.203 ], [ 121.267, -1.149 ], [ 121.501, -0.859 ], [ 121.66, -0.813 ], [ 121.714, -0.935 ], [ 121.926, -0.955 ], [ 122.105, -0.926 ], [ 122.208, -0.765 ], [ 122.612, -0.752 ], [ 122.716, -0.792 ], [ 122.96, -0.731 ], [ 122.735, -0.648 ], [ 122.823, -0.612 ], [ 123.026, -0.6 ], [ 123.076, -0.556 ], [ 123.24, -0.57 ], [ 123.403, -0.643 ], [ 123.454, -0.758 ], [ 123.383, -1.004 ], [ 123.311, -1.051 ], [ 123.15, -0.935 ], [ 123.096, -0.835 ], [ 123.061, -0.881 ], [ 122.812, -0.924 ], [ 122.721, -1.109 ], [ 122.648, -1.159 ], [ 122.369, -1.493 ], [ 122.184, -1.614 ], [ 122.019, -1.618 ], [ 121.799, -1.718 ], [ 121.692, -1.908 ], [ 121.54, -1.923 ], [ 121.441, -1.814 ], [ 121.312, -1.783 ], [ 121.15317884375014, -1.545421664690782 ], [ 121.024611692099498, -1.545421664690782 ], [ 120.851630433514956, -1.587498187049188 ], [ 120.666961252053056, -1.543084080115315 ], [ 120.426190040779957, -1.190108809219804 ], [ 120.426190040779971, -1.026477888937117 ], [ 119.993736894318573, -1.019465135210716 ], [ 119.847, -0.875 ], [ 119.854, -0.716 ], [ 119.758, -0.47 ], [ 119.792, -0.107 ], [ 119.73, -0.121 ], [ 119.639, -0.051 ], [ 119.675, 0.03 ], [ 119.826, -0.09 ], [ 119.888, 0.071 ], [ 119.785, 0.239 ], [ 119.869, 0.287 ], [ 119.912, 0.474 ], [ 120.032, 0.516 ], [ 120.025, 0.667 ], [ 120.063, 0.743 ], [ 120.236, 0.832 ], [ 120.278, 0.994 ], [ 120.342, 0.983 ], [ 120.346, 0.856 ], [ 120.568, 0.782 ], [ 120.69, 0.996 ], [ 120.803, 1.068 ], [ 120.821, 1.31 ], [ 120.909, 1.354 ], [ 121.159, 1.303 ], [ 121.265, 1.23 ], [ 121.451, 1.298 ], [ 121.43, 1.233 ], [ 121.481, 1.121 ], [ 121.631, 1.062 ], [ 121.926, 1.099 ], [ 121.97, 1.029 ] ] ], [ [ [ 128.203, -3.639 ], [ 127.986, -3.772 ], [ 127.912, -3.703 ], [ 128.035, -3.589 ], [ 128.159, -3.585 ], [ 128.331, -3.512 ], [ 128.335, -3.627 ], [ 128.161, -3.739 ], [ 128.203, -3.639 ] ] ], [ [ [ 128.529, -3.533 ], [ 128.564, -3.592 ], [ 128.393, -3.643 ], [ 128.41, -3.543 ], [ 128.529, -3.533 ] ] ], [ [ [ 128.721, -3.526 ], [ 128.728, -3.615 ], [ 128.627, -3.618 ], [ 128.598, -3.492 ], [ 128.721, -3.526 ] ] ], [ [ [ 127.564, -3.256 ], [ 127.615, -3.307 ], [ 127.625, -3.362 ], [ 127.48, -3.293 ], [ 127.564, -3.256 ] ] ], [ [ [ 130.667, -3.404 ], [ 130.607, -3.778 ], [ 130.419, -3.637 ], [ 130.126, -3.533 ], [ 129.983, -3.46 ], [ 129.89, -3.333 ], [ 129.545, -3.298 ], [ 129.502, -3.334 ], [ 129.563, -3.44 ], [ 129.486, -3.463 ], [ 129.358, -3.41 ], [ 129.236, -3.402 ], [ 129.114, -3.349 ], [ 128.961, -3.356 ], [ 128.982, -3.252 ], [ 128.877, -3.203 ], [ 128.693, -3.349 ], [ 128.678, -3.432 ], [ 128.484, -3.462 ], [ 128.399, -3.41 ], [ 128.282, -3.221 ], [ 128.179, -3.194 ], [ 128.2, -3.111 ], [ 128.136, -3.075 ], [ 128.067, -3.197 ], [ 128.057, -3.297 ], [ 127.988, -3.376 ], [ 127.926, -3.553 ], [ 127.899, -3.524 ], [ 127.93, -3.323 ], [ 127.842, -3.173 ], [ 128.008, -3.074 ], [ 128.104, -3.067 ], [ 128.175, -2.857 ], [ 128.381, -2.86 ], [ 128.516, -2.834 ], [ 128.865, -2.862 ], [ 129.053, -2.804 ], [ 129.122, -2.958 ], [ 129.358, -2.856 ], [ 129.444, -2.785 ], [ 129.612, -2.807 ], [ 129.825, -2.918 ], [ 130.047, -2.992 ], [ 130.345, -2.978 ], [ 130.578, -3.123 ], [ 130.667, -3.404 ] ] ], [ [ [ 127.643, -3.224 ], [ 127.772, -3.163 ], [ 127.778, -3.244 ], [ 127.643, -3.224 ] ] ], [ [ [ 127.954, -2.917 ], [ 127.947, -3.018 ], [ 127.838, -3.033 ], [ 127.954, -2.917 ] ] ], [ [ [ 128.052, -1.715 ], [ 127.933, -1.683 ], [ 127.703, -1.69 ], [ 127.533, -1.731 ], [ 127.379, -1.632 ], [ 127.435, -1.412 ], [ 127.482, -1.448 ], [ 127.625, -1.33 ], [ 127.899, -1.427 ], [ 128.145, -1.594 ], [ 128.151, -1.67 ], [ 128.052, -1.715 ] ] ], [ [ [ 127.69, -1.214 ], [ 127.666, -1.272 ], [ 127.461, -1.236 ], [ 127.547, -1.171 ], [ 127.69, -1.214 ] ] ], [ [ [ 127.156, -0.772 ], [ 127.214, -0.615 ], [ 127.296, -0.744 ], [ 127.32, -0.794 ], [ 127.156, -0.772 ] ] ], [ [ [ 127.822, -0.864 ], [ 127.749, -0.885 ], [ 127.653, -0.827 ], [ 127.626, -0.752 ], [ 127.458, -0.816 ], [ 127.47, -0.641 ], [ 127.399, -0.62 ], [ 127.303, -0.511 ], [ 127.317, -0.34 ], [ 127.461, -0.407 ], [ 127.517, -0.302 ], [ 127.579, -0.325 ], [ 127.683, -0.46 ], [ 127.606, -0.629 ], [ 127.653, -0.707 ], [ 127.79, -0.69 ], [ 127.889, -0.765 ], [ 127.822, -0.864 ] ] ], [ [ [ 128.284, -0.878 ], [ 128.204, -0.769 ], [ 128.049, -0.713 ], [ 127.851, -0.365 ], [ 127.708, -0.287 ], [ 127.666, -0.209 ], [ 127.7, 0.048 ], [ 127.892, -0.017 ], [ 128.017, -0.313 ], [ 128.043, -0.415 ], [ 128.228, -0.71 ], [ 128.433, -0.909 ], [ 128.284, -0.878 ] ] ], [ [ [ 127.894, 1.157 ], [ 127.834, 1.144 ], [ 127.638, 1.001 ], [ 127.655, 0.89 ], [ 127.625, 0.832 ], [ 127.508, 0.886 ], [ 127.471, 1.066 ], [ 127.404, 1.043 ], [ 127.406, 1.23 ], [ 127.541, 1.476 ], [ 127.519, 1.532 ], [ 127.581, 1.752 ], [ 127.69, 1.925 ], [ 127.917, 2.172 ], [ 128.047, 2.204 ], [ 128.05, 2.148 ], [ 127.943, 1.981 ], [ 127.865, 1.929 ], [ 127.852, 1.825 ], [ 127.941, 1.8 ], [ 128.015, 1.719 ], [ 127.996, 1.627 ], [ 128.035, 1.538 ], [ 127.974, 1.298 ], [ 127.894, 1.157 ] ] ], [ [ [ 128.321, 2.459 ], [ 128.467, 2.594 ], [ 128.566, 2.634 ], [ 128.686, 2.484 ], [ 128.642, 2.261 ], [ 128.567, 2.11 ], [ 128.49, 2.054 ], [ 128.289, 2.04 ], [ 128.197, 2.266 ], [ 128.321, 2.459 ] ] ] ] } },
{ "type": "Feature", "properties": { "id": "sp_milan1589", "colorId": "spain", "name": null, "parent": "spain" }, "geometry": { "type": "MultiPolygon", "coordinates": [ [ [ [ 10.286744851031466, 45.198789462916821 ], [ 10.520796071464131, 44.969114017811137 ], [ 10.434014557172546, 44.928102999795023 ], [ 10.207689882738208, 45.073482701890761 ], [ 10.068753491865216, 45.042607948363433 ], [ 10.003144640619636, 45.119794832181761 ], [ 9.864208249746644, 45.16610696247276 ], [ 9.713693826300904, 45.058045325127097 ], [ 9.54388268190058, 45.135232208945425 ], [ 9.39336825845484, 45.096638767036261 ], [ 9.27372858853643, 44.969280408736019 ], [ 9.300743997872846, 44.876656148154026 ], [ 9.304603342063762, 44.695266971180956 ], [ 9.154088918618021, 44.687548282799121 ], [ 9.11163613251794, 44.633517464126292 ], [ 8.945418045295476, 44.666614492545811 ], [ 8.638896528512173, 44.621050483294241 ], [ 8.46264662818681, 44.761125079645034 ], [ 8.437709438752798, 45.011336318371285 ], [ 8.414069139901153, 45.167612567828478 ], [ 8.375809121556184, 45.432258475308245 ], [ 8.261293534742453, 45.633434506197233 ], [ 8.078687599012449, 45.701524855113504 ], [ 7.87441655226363, 45.81913545778707 ], [ 7.831, 45.914 ], [ 7.986, 45.999 ], [ 8.111, 46.127 ], [ 8.073, 46.254 ], [ 8.244531404068745, 46.458993653029225 ], [ 8.389507797141928, 46.508699844940026 ], [ 8.442, 46.435 ], [ 8.427, 46.251 ], [ 8.602, 46.123 ], [ 8.834, 46.066 ], [ 8.768, 45.983 ], [ 8.871, 45.947 ], [ 8.9, 45.826 ], [ 9.059, 45.882 ], [ 8.983, 45.972 ], [ 9.072, 46.119 ], [ 9.123916818360231, 46.214401889341836 ], [ 9.260617024160315, 46.210896755859785 ], [ 9.323709426837276, 46.018114414346847 ], [ 9.419224314223241, 45.934867494148037 ], [ 9.626027189664393, 45.78589932116077 ], [ 9.620769489441315, 45.650951682101713 ], [ 9.547161686318194, 45.510746342819573 ], [ 9.547161686318194, 45.338994802198954 ], [ 9.732933760867025, 45.237345931219409 ], [ 10.052777191104397, 45.147088744056518 ], [ 10.286744851031466, 45.198789462916821 ] ] ] ] } },
{ "type": "Feature", "properties": { "id": "berau", "colorId": "berau", "name": "Беро", "parent": null }, "geometry": { "type": "MultiPolygon", "coordinates": [ [ [ [ 117.353, 3.183 ], [ 117.454, 3.171 ], [ 117.482, 3.101 ], [ 117.617, 3.086 ], [ 117.565, 2.984 ], [ 117.688, 2.971 ], [ 117.544, 2.929 ], [ 117.736, 2.902 ], [ 117.633, 2.812 ], [ 117.784, 2.758 ], [ 117.826, 2.607 ], [ 117.979, 2.467 ], [ 118.091, 2.262 ], [ 117.941, 2.163 ], [ 117.9, 2.05 ], [ 117.741, 2.045 ], [ 117.873, 1.99 ], [ 117.863, 1.886 ], [ 117.924, 1.819 ], [ 118.046, 1.783 ], [ 118.127, 1.655 ], [ 118.425, 1.486 ], [ 118.4, 1.454 ], [ 118.613, 1.351 ], [ 118.729, 1.254 ], [ 118.857, 1.058 ], [ 119.006, 1.038 ], [ 119.003, 0.962 ], [ 118.798, 0.805 ], [ 118.686, 0.846 ], [ 118.565, 0.804 ], [ 118.188, 0.875 ], [ 118.069, 0.929 ], [ 117.99, 1.079 ], [ 117.901, 1.079 ], [ 118.03, 0.859 ], [ 117.840279181644888, 0.963747959088892 ], [ 117.562645197673405, 1.174366843481052 ], [ 117.377555875025749, 1.349882580474519 ], [ 117.0616275484375, 1.748781982732397 ], [ 116.943553325369166, 1.981739233650998 ], [ 116.847817468827273, 2.406168197653382 ], [ 116.857397377942803, 2.725369616630904 ], [ 116.886097694872745, 3.098473736720492 ], [ 117.091, 3.646 ], [ 117.217, 3.603 ], [ 117.228, 3.505 ], [ 117.325, 3.436 ], [ 117.447, 3.435 ], [ 117.37, 3.305 ], [ 117.353, 3.183 ] ] ], [ [ [ 117.667, 3.272 ], [ 117.572, 3.313 ], [ 117.542, 3.428 ], [ 117.625, 3.438 ], [ 117.682, 3.416 ], [ 117.667, 3.272 ] ] ], [ [ [ 117.255, 3.507 ], [ 117.268, 3.593 ], [ 117.394, 3.566 ], [ 117.517, 3.477 ], [ 117.255, 3.507 ] ] ] ] } },
{ "type": "Feature", "properties": { "id": "san_marino", "colorId": "san_marino", "name": "Сан-Марино", "parent": null }, "geometry": { "type": "MultiPolygon", "coordinates": [ [ [ [ 12.429, 43.892 ], [ 12.386, 43.925 ], [ 12.482, 43.983 ], [ 12.429, 43.892 ] ] ] ] } },
{ "type": "Feature", "properties": { "id": "ott_crimea1517", "colorId": "turkey", "name": null, "parent": "ottoman" }, "geometry": { "type": "MultiPolygon", "coordinates": [ [ [ [ 35.481, 45.298 ], [ 35.695, 45.33 ], [ 35.858, 45.469 ], [ 35.986, 45.363 ], [ 36.137, 45.462 ], [ 36.583, 45.427 ], [ 36.638, 45.351 ], [ 36.502, 45.347 ], [ 36.418, 45.23 ], [ 36.44, 45.067 ], [ 36.225, 45.008 ], [ 36.048, 45.049 ], [ 35.848, 44.992 ], [ 35.634, 45.115 ], [ 35.47, 45.101 ], [ 35.435, 45.011 ], [ 35.154, 44.901 ], [ 35.081, 44.794 ], [ 35.006, 44.835 ], [ 34.757, 44.821 ], [ 34.469, 44.73 ], [ 34.323, 44.544 ], [ 33.958, 44.383 ], [ 33.721, 44.4 ], [ 33.578, 44.497 ], [ 33.38, 44.565 ], [ 33.572, 44.621 ], [ 33.515, 44.649 ], [ 33.516, 44.785 ], [ 33.62, 44.931 ], [ 33.563, 45.094 ], [ 33.413, 45.185 ], [ 33.26, 45.156 ], [ 32.899, 45.354 ], [ 32.663, 45.32 ], [ 32.513, 45.341 ], [ 32.525, 45.458 ], [ 32.868, 45.63 ], [ 33.374, 45.797 ], [ 33.482, 45.854 ], [ 33.777, 45.93 ], [ 33.647, 45.98 ], [ 33.629, 46.125 ], [ 33.516, 46.046 ], [ 33.293, 46.136 ], [ 33.235, 46.224 ], [ 33.123, 46.136 ], [ 32.79, 46.134 ], [ 32.503, 46.076 ], [ 32.262, 46.128 ], [ 32.269, 46.205 ], [ 32.115, 46.215 ], [ 31.817, 46.348 ], [ 32.062, 46.394 ], [ 32.305430395850671, 46.418232415361381 ], [ 33.149778096019155, 46.704874439034825 ], [ 33.255711017811514, 46.910508934278809 ], [ 33.804032755812358, 46.873424028499223 ], [ 34.255175898985492, 47.027110154195562 ], [ 34.661700489537111, 47.250202917303156 ], [ 35.370639714523463, 47.527829466948162 ], [ 35.796994772906871, 47.607151338275301 ], [ 36.01512991905652, 47.7360493791819 ], [ 36.144027959963132, 47.864947420088512 ], [ 36.976907608898152, 48.251641542808343 ], [ 37.442923602945129, 48.390454817630847 ], [ 37.918854830907996, 48.499522390705671 ], [ 38.513768865861579, 48.568929028116919 ], [ 39.158259070394635, 48.568929028116919 ], [ 39.961393017581969, 48.410285285462635 ], [ 40.29851097072234, 48.380539583714949 ], [ 40.789315049559043, 47.830244101382888 ], [ 40.794272666516989, 47.230372449471353 ], [ 40.595967988199128, 46.66520411626545 ], [ 40.085333441530636, 46.233891440924097 ], [ 39.736839807453983, 45.71631663591053 ], [ 39.502380780065778, 45.378419802321652 ], [ 39.302401021411129, 45.206023458653853 ], [ 39.130004677743329, 45.081898091213034 ], [ 39.061046140276211, 44.723313696384018 ], [ 38.41283588808529, 44.468167107755676 ], [ 38.178, 44.406 ], [ 38.056, 44.559 ], [ 37.923, 44.614 ], [ 37.875, 44.689 ], [ 37.769, 44.632 ], [ 37.478, 44.677 ], [ 37.386, 44.737 ], [ 37.287, 44.928 ], [ 37.192, 44.991 ], [ 36.84, 45.109 ], [ 36.702, 45.104 ], [ 36.595, 45.205 ], [ 36.707, 45.203 ], [ 36.848, 45.367 ], [ 36.705, 45.391 ], [ 36.833, 45.443 ], [ 37.139, 45.336 ], [ 37.112, 45.239 ], [ 37.381, 45.306 ], [ 37.586, 45.432 ], [ 37.608, 45.663 ], [ 37.829, 45.753 ], [ 37.972, 46.04 ], [ 38.091, 46.06 ], [ 38.167, 46.121 ], [ 38.249, 46.142 ], [ 38.3, 46.219 ], [ 38.123, 46.378 ], [ 37.971, 46.362 ], [ 37.827, 46.477 ], [ 37.738, 46.676 ], [ 37.852, 46.623 ], [ 38.037, 46.629 ], [ 38.272, 46.732 ], [ 38.403, 46.821 ], [ 38.804, 46.894 ], [ 39.075, 47.033 ], [ 39.262, 47.009 ], [ 39.264, 47.261 ], [ 39.088, 47.286 ], [ 38.945, 47.253 ], [ 38.938, 47.19 ], [ 38.517, 47.119 ], [ 38.217, 47.103 ], [ 38.142, 47.038 ], [ 38.072, 47.1 ], [ 37.753, 47.075 ], [ 37.581, 47.09 ], [ 37.335, 46.882 ], [ 37.261, 46.933 ], [ 37.018, 46.871 ], [ 36.803, 46.725 ], [ 36.696, 46.78 ], [ 36.371, 46.708 ], [ 36.278, 46.607 ], [ 36.189, 46.669 ], [ 35.902, 46.653 ], [ 35.38, 46.368 ], [ 35.162, 46.128 ], [ 35.0, 46.074 ], [ 35.044, 46.142 ], [ 35.2, 46.183 ], [ 35.342, 46.336 ], [ 35.285, 46.437 ], [ 35.075, 46.271 ], [ 34.905, 46.256 ], [ 34.811, 46.166 ], [ 34.874, 45.926 ], [ 35.002, 45.729 ], [ 35.332, 45.371 ], [ 35.481, 45.298 ] ] ] ] } },
{ "type": "Feature", "properties": { "id": "ayutthaya1368", "colorId": "thailand", "name": "Аютия", "parent": null }, "geometry": { "type": "MultiPolygon", "coordinates": [ [ [ [ 98.309, 7.768 ], [ 98.254, 7.928 ], [ 98.281, 8.192 ], [ 98.438, 8.066 ], [ 98.419, 7.904 ], [ 98.398, 7.815 ], [ 98.309, 7.768 ] ] ], [ [ [ 98.127, 9.96 ], [ 98.254, 10.063 ], [ 98.296, 10.049 ], [ 98.133, 9.846 ], [ 98.127, 9.96 ] ] ], [ [ [ 98.165, 10.919 ], [ 98.191, 10.971 ], [ 98.268, 10.837 ], [ 98.296, 10.735 ], [ 98.237, 10.697 ], [ 98.24, 10.831 ], [ 98.165, 10.919 ] ] ], [ [ [ 98.302, 11.714 ], [ 98.284, 11.509 ], [ 98.187, 11.446 ], [ 98.203, 11.589 ], [ 98.278, 11.8 ], [ 98.302, 11.714 ] ] ], [ [ [ 98.535, 11.804 ], [ 98.535, 11.529 ], [ 98.391, 11.663 ], [ 98.394, 11.794 ], [ 98.535, 11.804 ] ] ], [ [ [ 98.073, 12.29 ], [ 98.096, 12.187 ], [ 98.034, 12.221 ], [ 98.073, 12.29 ] ] ], [ [ [ 98.065, 12.365 ], [ 97.946, 12.31 ], [ 98.007, 12.402 ], [ 98.065, 12.365 ] ] ], [ [ [ 98.316, 12.687 ], [ 98.406, 12.639 ], [ 98.425, 12.53 ], [ 98.466, 12.584 ], [ 98.465, 12.481 ], [ 98.391, 12.362 ], [ 98.302, 12.338 ], [ 98.334, 12.512 ], [ 98.316, 12.687 ] ] ], [ [ [ 98.245, 13.119 ], [ 98.296, 13.085 ], [ 98.302, 12.913 ], [ 98.245, 13.119 ] ] ], [ [ [ 99.645, 6.436 ], [ 99.786, 6.423 ], [ 99.851, 6.466 ], [ 99.901, 6.364 ], [ 99.729, 6.261 ], [ 99.719, 6.353 ], [ 99.645, 6.436 ] ] ], [ [ [ 99.6, 6.583 ], [ 99.657, 6.724 ], [ 99.704, 6.558 ], [ 99.672, 6.517 ], [ 99.6, 6.583 ] ] ], [ [ [ 99.035, 7.644 ], [ 99.117, 7.479 ], [ 99.057, 7.504 ], [ 99.035, 7.644 ] ] ], [ [ [ 98.541, 8.105 ], [ 98.61, 8.035 ], [ 98.612, 7.926 ], [ 98.541, 8.105 ] ] ], [ [ [ 100.061, 9.464 ], [ 99.947, 9.418 ], [ 99.926, 9.566 ], [ 100.07, 9.586 ], [ 100.061, 9.464 ] ] ], [ [ [ 100.09, 9.665 ], [ 99.988, 9.72 ], [ 100.035, 9.796 ], [ 100.09, 9.665 ] ] ], [ [ [ 98.532, 11.084 ], [ 98.528, 10.974 ], [ 98.477, 10.974 ], [ 98.532, 11.084 ] ] ], [ [ [ 98.431, 12.101 ], [ 98.604, 11.967 ], [ 98.658, 11.94 ], [ 98.478, 11.891 ], [ 98.431, 12.101 ] ] ], [ [ [ 100.104, 8.418 ], [ 100.186, 8.397 ], [ 100.165, 8.501 ], [ 100.271, 8.317 ], [ 100.303, 8.119 ], [ 100.44, 7.477 ], [ 100.567, 7.229 ], [ 100.548, 7.197 ], [ 100.439, 7.294 ], [ 100.406, 7.528 ], [ 100.326, 7.574 ], [ 100.307, 7.758 ], [ 100.211, 7.781 ], [ 100.143, 7.7 ], [ 100.185, 7.514 ], [ 100.303, 7.343 ], [ 100.37, 7.333 ], [ 100.392, 7.223 ], [ 100.486, 7.14 ], [ 100.556, 7.145 ], [ 100.585, 7.224 ], [ 100.765, 6.983 ], [ 100.85, 6.962 ], [ 100.998, 6.857 ], [ 101.191, 6.862 ], [ 101.244, 6.902 ], [ 101.351, 6.876 ], [ 101.351154663061834, 6.771222475658733 ], [ 101.247236272040965, 6.520333788765543 ], [ 100.349, 6.013 ], [ 100.248, 6.221 ], [ 100.175, 6.291 ], [ 100.127, 6.442 ], [ 100.001, 6.567 ], [ 99.957, 6.664 ], [ 99.797, 6.822 ], [ 99.686, 6.877 ], [ 99.679, 7.027 ], [ 99.748, 7.126 ], [ 99.614, 7.137 ], [ 99.54, 7.244 ], [ 99.508, 7.385 ], [ 99.471, 7.28 ], [ 99.337, 7.384 ], [ 99.344, 7.469 ], [ 99.268, 7.616 ], [ 99.124, 7.767 ], [ 99.033, 7.723 ], [ 99.062, 7.859 ], [ 98.905, 8.048 ], [ 98.829, 8.007 ], [ 98.747, 8.068 ], [ 98.744, 8.215 ], [ 98.696, 8.308 ], [ 98.622, 8.293 ], [ 98.655, 8.38 ], [ 98.446, 8.325 ], [ 98.463, 8.216 ], [ 98.391, 8.137 ], [ 98.278, 8.241 ], [ 98.199, 8.534 ], [ 98.24, 8.651 ], [ 98.262, 8.851 ], [ 98.382, 9.072 ], [ 98.328, 9.164 ], [ 98.457, 9.549 ], [ 98.514, 9.655 ], [ 98.513, 9.837 ], [ 98.633, 9.963 ], [ 98.604, 9.994 ], [ 98.72, 10.228 ], [ 98.747, 10.351 ], [ 98.696, 10.224 ], [ 98.543, 9.987 ], [ 98.491, 10.204 ], [ 98.528, 10.364 ], [ 98.459, 10.715 ], [ 98.563, 10.727 ], [ 98.631, 10.851 ], [ 98.582, 10.882 ], [ 98.712, 10.924 ], [ 98.722, 11.045 ], [ 98.658, 11.132 ], [ 98.724, 11.156 ], [ 98.759, 11.269 ], [ 98.698, 11.388 ], [ 98.775, 11.454 ], [ 98.718, 11.532 ], [ 98.752, 11.682 ], [ 98.877, 11.723 ], [ 98.768, 11.762 ], [ 98.684, 11.683 ], [ 98.603, 11.754 ], [ 98.694, 11.893 ], [ 98.549, 11.879 ], [ 98.72, 11.964 ], [ 98.713, 12.064 ], [ 98.634, 12.09 ], [ 98.696, 12.242 ], [ 98.597, 12.194 ], [ 98.552, 12.28 ], [ 98.7, 12.364 ], [ 98.605, 12.429 ], [ 98.71, 12.512 ], [ 98.623, 12.558 ], [ 98.689, 12.728 ], [ 98.628, 12.756 ], [ 98.634, 12.879 ], [ 98.59, 12.92 ], [ 98.578, 13.187 ], [ 98.48, 13.284 ], [ 98.432, 13.479 ], [ 98.348153954635464, 13.58436802488003 ], [ 98.245, 13.714 ], [ 98.234, 14.003 ], [ 98.186, 14.065 ], [ 98.199, 13.869 ], [ 98.171, 13.538 ], [ 98.13, 13.582 ], [ 98.16, 13.69 ], [ 98.103, 13.701 ], [ 98.111, 13.902 ], [ 98.062, 14.01 ], [ 98.109, 14.133 ], [ 97.994, 14.331 ], [ 97.976, 14.444 ], [ 97.886, 14.656 ], [ 97.943, 14.72 ], [ 98.028, 14.648 ], [ 97.95, 14.799 ], [ 97.843, 14.736 ], [ 97.795, 14.88 ], [ 97.807, 15.175 ], [ 97.726, 15.34 ], [ 97.795, 15.408 ], [ 97.761, 15.491 ], [ 97.712, 15.888 ], [ 97.582, 16.009 ], [ 97.688031379576969, 16.01587676829547 ], [ 97.904033178056011, 16.28309548806336 ], [ 98.030962069945758, 16.519138690525001 ], [ 98.02873524728102, 16.931100883500505 ], [ 98.151210493841305, 17.300753445846091 ], [ 98.272186817065631, 17.400279048018554 ], [ 98.921407640740497, 17.593499531255123 ], [ 99.508797909779659, 17.856279388456858 ], [ 100.416934180991561, 18.122923655323326 ], [ 100.884527750424056, 18.381839102860329 ], [ 100.95601932922159, 18.337398391715919 ], [ 101.100934691649016, 18.335466186883551 ], [ 101.185951704273108, 18.265906812918388 ], [ 101.197544933267281, 18.061093100687625 ], [ 101.127985559302118, 17.979940497728265 ], [ 101.193680523602552, 17.860143798121591 ], [ 101.464189200133745, 17.603160555416956 ], [ 101.547274007925466, 17.408007867348015 ], [ 101.844833552109762, 17.16068564880521 ], [ 101.945308203392784, 17.114312732828431 ], [ 102.01873198702269, 17.025431310539609 ], [ 102.281511844224426, 16.592617428089692 ], [ 102.459274688802083, 16.082515352345148 ], [ 102.509512014443587, 15.777226988831368 ], [ 102.667952810697571, 15.618786192577382 ], [ 102.90368180024619, 15.444887757664468 ], [ 103.112359922141678, 15.4487521673292 ], [ 103.402190646996516, 15.290311371075212 ], [ 103.241817645910174, 14.957972139908318 ], [ 102.995223747025634, 14.781366706273555 ], [ 102.813596492819329, 14.669298826018601 ], [ 102.570138683989597, 14.734993790305987 ], [ 102.280307959192314, 14.731129380642024 ], [ 102.233935043224761, 14.309908727269956 ], [ 101.986612824731068, 13.884823664233926 ], [ 101.928646679771603, 13.664552313387983 ], [ 101.994341644058991, 13.444280962542038 ], [ 101.824307618844585, 13.019195899506007 ], [ 101.914, 12.555 ], [ 101.83, 12.673 ], [ 101.686, 12.702 ], [ 101.642, 12.651 ], [ 101.443, 12.625 ], [ 101.088, 12.681 ], [ 100.978, 12.639 ], [ 100.858, 12.653 ], [ 100.837, 12.708 ], [ 100.918, 12.826 ], [ 100.869, 12.906 ], [ 100.933, 13.026 ], [ 100.878, 13.098 ], [ 100.945, 13.201 ], [ 100.912, 13.294 ], [ 100.981, 13.359 ], [ 100.963, 13.471 ], [ 100.68, 13.509 ], [ 100.592, 13.555 ], [ 100.556, 13.511 ], [ 100.237, 13.477 ], [ 100.039, 13.403 ], [ 99.967, 13.259 ], [ 100.074, 13.153 ], [ 100.104, 13.057 ], [ 99.988, 12.79 ], [ 99.961, 12.625 ], [ 100.011, 12.383 ], [ 99.982, 12.28 ], [ 100.02, 12.193 ], [ 99.855, 11.968 ], [ 99.817, 11.741 ], [ 99.752, 11.71 ], [ 99.642, 11.523 ], [ 99.569, 11.334 ], [ 99.586, 11.214 ], [ 99.494, 11.115 ], [ 99.512, 10.866 ], [ 99.302, 10.631 ], [ 99.247, 10.444 ], [ 99.278, 10.357 ], [ 99.152, 10.357 ], [ 99.242, 10.215 ], [ 99.16, 10.128 ], [ 99.168, 9.844 ], [ 99.145, 9.788 ], [ 99.181, 9.643 ], [ 99.324, 9.392 ], [ 99.23, 9.32 ], [ 99.255, 9.232 ], [ 99.475, 9.201 ], [ 99.521, 9.27 ], [ 99.689, 9.316 ], [ 99.854, 9.295 ], [ 99.916, 9.102 ], [ 99.959, 8.638 ], [ 100.104, 8.418 ] ] ] ] } },
{ "type": "Feature", "properties": { "id": "sp_franche_comte1589", "colorId": "spain", "name": null, "parent": "spain" }, "geometry": { "type": "MultiPolygon", "coordinates": [ [ [ [ 6.054, 46.419 ], [ 5.840373447023874, 46.278629419038069 ], [ 5.692122807121946, 46.278629419038069 ], [ 5.628586818592549, 46.373933401832161 ], [ 5.490925510112186, 46.278629419038069 ], [ 5.27913888168086, 46.41629072751843 ], [ 5.273844215970078, 46.511594710312529 ], [ 5.437978853004354, 46.675729347346802 ], [ 5.321496207367126, 46.781622661562466 ], [ 5.406210858739656, 46.876926644356566 ], [ 5.252665553126945, 46.951051964307531 ], [ 5.22619222457303, 47.014587952836926 ], [ 5.268549550259294, 47.078123941366322 ], [ 5.39562152731809, 47.146954595606502 ], [ 5.443273518715138, 47.242258578400602 ], [ 5.501514841533753, 47.305794566929997 ], [ 5.416800190161222, 47.374625221170177 ], [ 5.469746847269054, 47.618179843866201 ], [ 5.385032195896524, 47.671126500974033 ], [ 5.437978853004354, 47.72936782379265 ], [ 5.575640161484717, 47.697599829527952 ], [ 5.686828141411163, 47.734662489503435 ], [ 5.692122807121946, 47.79819847803283 ], [ 5.845668112734657, 47.946449117934762 ], [ 5.975387422648844, 47.980864445054856 ], [ 6.0521600754552, 48.05763709786121 ], [ 6.626631305075171, 47.922623122236239 ], [ 6.769239592234298, 47.860786162092111 ], [ 7.050204561937822, 47.737309822358803 ], [ 7.051528228365519, 47.599648513878435 ], [ 7.01, 47.499 ], [ 6.867, 47.354 ], [ 7.044, 47.34 ], [ 6.956, 47.245 ], [ 6.599, 46.987 ], [ 6.443, 46.944 ], [ 6.429, 46.761 ], [ 6.132, 46.596 ], [ 6.054, 46.419 ] ] ] ] } },
{ "type": "Feature", "properties": { "id": "sp_san_salvador1589", "colorId": "spain", "name": null, "parent": "spain" }, "geometry": { "type": "MultiPolygon", "coordinates": [ [ [ [ -75.312, 23.672 ], [ -75.195, 23.514 ], [ -75.094, 23.305 ], [ -75.077, 23.172 ], [ -74.946, 23.094 ], [ -74.859, 22.98 ], [ -74.84, 22.86 ], [ -74.991, 23.079 ], [ -75.132, 23.186 ], [ -75.12, 23.332 ], [ -75.25, 23.49 ], [ -75.312, 23.672 ] ] ], [ [ [ -75.675, 23.439 ], [ -75.813, 23.48 ], [ -75.988, 23.601 ], [ -75.99, 23.686 ], [ -75.798, 23.539 ], [ -75.675, 23.439 ] ] ], [ [ [ -77.631, 24.249 ], [ -77.759, 24.141 ], [ -77.71, 24.044 ], [ -77.608, 24.218 ], [ -77.549, 24.126 ], [ -77.525, 23.933 ], [ -77.517, 23.864 ], [ -77.597, 23.731 ], [ -77.675, 23.761 ], [ -77.594, 23.853 ], [ -77.72, 23.785 ], [ -77.666, 23.863 ], [ -77.813, 23.877 ], [ -77.86, 24.063 ], [ -77.942, 24.097 ], [ -77.84, 24.207 ], [ -77.675, 24.303 ], [ -77.631, 24.249 ] ] ], [ [ [ -75.709, 24.7 ], [ -75.626, 24.645 ], [ -75.613, 24.562 ], [ -75.476, 24.371 ], [ -75.315, 24.217 ], [ -75.29, 24.145 ], [ -75.521, 24.163 ], [ -75.415, 24.213 ], [ -75.572, 24.489 ], [ -75.757, 24.66 ], [ -75.709, 24.7 ] ] ], [ [ [ -78.134, 24.502 ], [ -78.226, 24.465 ], [ -78.352, 24.53 ], [ -78.443, 24.624 ], [ -78.354, 24.659 ], [ -78.319, 24.582 ], [ -78.197, 24.618 ], [ -78.292, 24.775 ], [ -78.208, 24.862 ], [ -78.158, 25.0 ], [ -78.214, 25.185 ], [ -78.045, 25.183 ], [ -77.977, 25.138 ], [ -77.987, 25.013 ], [ -77.873, 24.839 ], [ -77.737, 24.7 ], [ -77.728, 24.474 ], [ -77.909, 24.351 ], [ -78.052, 24.289 ], [ -78.134, 24.404 ], [ -78.134, 24.502 ] ] ], [ [ [ -77.48, 24.991 ], [ -77.562, 25.019 ], [ -77.456, 25.077 ], [ -77.264, 25.058 ], [ -77.48, 24.991 ] ] ], [ [ [ -76.113, 25.115 ], [ -76.137, 24.902 ], [ -76.194, 24.658 ], [ -76.317, 24.825 ], [ -76.219, 24.81 ], [ -76.154, 25.005 ], [ -76.165, 25.13 ], [ -76.346, 25.304 ], [ -76.531, 25.37 ], [ -76.591, 25.423 ], [ -76.769, 25.424 ], [ -76.73, 25.564 ], [ -76.461, 25.355 ], [ -76.336, 25.327 ], [ -76.161, 25.166 ], [ -76.113, 25.115 ] ] ], [ [ [ -77.517, 26.852 ], [ -77.812, 26.907 ], [ -77.774, 26.927 ], [ -77.511, 26.87 ], [ -77.328, 26.709 ], [ -77.27, 26.625 ], [ -77.059, 26.529 ], [ -77.015, 26.316 ], [ -77.174, 26.221 ], [ -77.191, 25.916 ], [ -77.227, 25.885 ], [ -77.315, 25.991 ], [ -77.388, 26.005 ], [ -77.223, 26.146 ], [ -77.256, 26.204 ], [ -77.23, 26.447 ], [ -77.161, 26.564 ], [ -77.312, 26.595 ], [ -77.37, 26.698 ], [ -77.427, 26.695 ], [ -77.517, 26.852 ] ] ], [ [ [ -78.714, 26.571 ], [ -78.576, 26.695 ], [ -78.642, 26.715 ], [ -78.594, 26.811 ], [ -78.539, 26.739 ], [ -78.287, 26.685 ], [ -77.972, 26.73 ], [ -77.915, 26.776 ], [ -77.929, 26.639 ], [ -78.041, 26.658 ], [ -78.293, 26.621 ], [ -78.59, 26.536 ], [ -78.727, 26.495 ], [ -78.835, 26.554 ], [ -78.998, 26.701 ], [ -78.714, 26.571 ] ] ], [ [ [ -73.347, 20.964 ], [ -73.645, 20.912 ], [ -73.703, 21.02 ], [ -73.647, 21.062 ], [ -73.515, 21.187 ], [ -73.39, 21.233 ], [ -73.255, 21.135 ], [ -73.161, 21.17 ], [ -73.053, 21.329 ], [ -73.006, 21.291 ], [ -73.034, 21.157 ], [ -73.13, 20.994 ], [ -73.31, 20.938 ], [ -73.347, 20.964 ] ] ], [ [ [ -73.0, 21.452 ], [ -73.076, 21.507 ], [ -72.992, 21.562 ], [ -72.91, 21.505 ], [ -73.0, 21.452 ] ] ], [ [ [ -71.679, 21.842 ], [ -71.645, 21.746 ], [ -71.803, 21.788 ], [ -71.809, 21.84 ], [ -71.679, 21.842 ] ] ], [ [ [ -72.022, 21.905 ], [ -71.911, 21.948 ], [ -71.877, 21.828 ], [ -72.022, 21.905 ] ] ], [ [ [ -73.132, 22.46 ], [ -72.755, 22.35 ], [ -72.797, 22.294 ], [ -72.88, 22.358 ], [ -73.139, 22.363 ], [ -73.132, 22.46 ] ] ], [ [ [ -73.908, 22.479 ], [ -73.913, 22.594 ], [ -73.996, 22.658 ], [ -73.955, 22.72 ], [ -73.852, 22.733 ], [ -73.865, 22.48 ], [ -74.014, 22.33 ], [ -74.184, 22.254 ], [ -74.181, 22.302 ], [ -73.908, 22.479 ] ] ], [ [ [ -74.016, 22.72 ], [ -74.091, 22.658 ], [ -74.287, 22.733 ], [ -74.352, 22.823 ], [ -74.229, 22.816 ], [ -74.194, 22.761 ], [ -74.016, 22.72 ] ] ], [ [ [ -74.942, 23.659 ], [ -74.9, 23.706 ], [ -74.777, 23.7 ], [ -74.819, 23.651 ], [ -74.942, 23.659 ] ] ], [ [ [ -74.458, 24.141 ], [ -74.469, 24.022 ], [ -74.558, 23.954 ], [ -74.53, 24.1 ], [ -74.458, 24.141 ] ] ] ] } },
{ "type": "Feature", "properties": { "id": "tuareg", "colorId": null, "name": "туареги", "parent": null }, "geometry": { "type": "MultiPolygon", "coordinates": [ [ [ [ -16.43, 20.644 ], [ -16.529, 20.739 ], [ -16.542, 20.561 ], [ -16.665, 20.671 ], [ -16.775, 20.938 ], [ -16.918, 21.159 ], [ -17.016, 21.031 ], [ -17.004, 20.932 ], [ -17.057, 20.767 ], [ -17.1, 20.838 ], [ -17.014, 21.42 ], [ -16.971, 21.593 ], [ -16.967, 21.781 ], [ -16.921, 21.931 ], [ -16.817, 22.131 ], [ -16.707, 22.275 ], [ -16.522, 22.315 ], [ -16.429, 22.51 ], [ -16.357, 22.583 ], [ -16.29, 22.9 ], [ -16.173, 22.973 ], [ -16.16, 23.082 ], [ -16.22, 23.076 ], [ -16.135, 23.185 ], [ -15.967, 23.513 ], [ -15.83, 23.686 ], [ -15.765, 23.857 ], [ -15.862, 23.836 ], [ -15.948, 23.684 ], [ -16.01, 23.655 ], [ -15.841, 23.903 ], [ -15.62, 24.026 ], [ -15.445, 24.222 ], [ -15.298, 24.345 ], [ -15.172, 24.494 ], [ -15.015, 24.562 ], [ -14.908, 24.685 ], [ -14.836, 24.919 ], [ -14.85, 25.214 ], [ -14.782, 25.447 ], [ -14.715, 25.526 ], [ -14.621, 25.784 ], [ -14.52, 25.924 ], [ -14.493, 26.133 ], [ -14.41, 26.26 ], [ -14.299, 26.302 ], [ -14.18, 26.424 ], [ -13.924, 26.501 ], [ -13.62, 26.689 ], [ -13.501, 26.858 ], [ -13.402, 27.177 ], [ -13.301, 27.324 ], [ -13.171, 27.685 ], [ -13.061, 27.743 ], [ -12.968, 27.915 ], [ -12.839, 27.97 ], [ -12.514, 27.995 ], [ -12.335, 28.047 ], [ -12.061, 28.089 ], [ -11.091061072923846, 28.116711284742212 ], [ -10.200528742119289, 28.290420060380637 ], [ -9.42653521016075, 28.32560158456057 ], [ -8.166596875466867, 28.793955625205946 ], [ -6.629604037856031, 29.469001120408425 ], [ -5.741270552312707, 29.987928602062446 ], [ -5.604942146115463, 29.987928602062446 ], [ -5.398250691558355, 30.168233913484606 ], [ -4.325214204070381, 30.608002965733778 ], [ -3.964603581226061, 30.889455159173242 ], [ -3.852462472902522, 30.926835528614419 ], [ -3.61058949416548, 31.329224211422407 ], [ -3.249978871321161, 31.544711047024489 ], [ -3.030094345196576, 31.914117050913791 ], [ -2.62550681712734, 32.547384486152595 ], [ -2.176942383833187, 32.925585871086888 ], [ -1.605242615909266, 33.110288873031536 ], [ -1.323790422469798, 33.435717971695922 ], [ -0.639550787559133, 33.516058301866551 ], [ -0.428077939326633, 33.626391961813937 ], [ 2.072818352814237, 33.76430903674818 ], [ 2.458986162630107, 33.948198469993834 ], [ 3.470378045481195, 34.242421563186873 ], [ 4.638075946591087, 34.490672298068503 ], [ 5.962079865959783, 34.56422807136677 ], [ 6.922919753725303, 34.510554297503667 ], [ 7.755594093640917, 34.388152893499623 ], [ 8.810659716887837, 34.220928440141847 ], [ 9.431286554091912, 33.734770750998656 ], [ 9.658849727733404, 33.489967942990383 ], [ 10.117424001889749, 33.296884038082446 ], [ 10.441529127985209, 33.110695986921229 ], [ 11.220760601363656, 32.821070129559324 ], [ 12.234451102130304, 32.503860857210569 ], [ 13.392954531577907, 32.538340125944131 ], [ 13.83428917136747, 32.393527197263182 ], [ 14.254936249916899, 32.338360367289482 ], [ 14.634208205986052, 32.193547438608533 ], [ 14.827292110893987, 32.165964023621683 ], [ 14.979000893321651, 32.000463533700596 ], [ 15.034167723295345, 31.738421091325545 ], [ 15.247939189443414, 31.372940842749813 ], [ 15.654794560499418, 31.035044009160931 ], [ 15.958212125354743, 30.904022787973396 ], [ 15.172084798229585, 28.614599344065002 ], [ 14.036301425992287, 25.023114252721747 ], [ 12.746083315120813, 21.710614009334915 ], [ 11.125827787000272, 18.123151169415586 ], [ 10.481688081377998, 14.992585691809268 ], [ 10.646904882149283, 14.058297613347243 ], [ 9.994889293230099, 13.502333918874783 ], [ 9.56435688151873, 13.494561942016045 ], [ 8.635842912503042, 13.329345933294391 ], [ 8.635842912503042, 13.606908827946768 ], [ 8.490452824827988, 13.844819880505947 ], [ 8.212889930175614, 13.937340845390072 ], [ 7.525591333893542, 14.413162950508422 ], [ 7.39341852691622, 14.756812248649457 ], [ 7.234811158543434, 14.968288739813172 ], [ 7.02333466737972, 15.074026985395028 ], [ 6.758989053425075, 15.100461546790486 ], [ 6.124559579933932, 15.007940581906361 ], [ 5.794127562490629, 15.074026985395021 ], [ 5.384391860860932, 15.060809704697288 ], [ 4.69709326457886, 14.862550494231307 ], [ 4.155184755971842, 14.584987599578932 ], [ 3.061454778234514, 14.512292555741418 ], [ 2.371970940475577, 14.840575746031293 ], [ 2.27076891885576, 15.316820553653958 ], [ 1.812383291518945, 15.650191918989824 ], [ 1.127781380561363, 15.656144979085107 ], [ 0.770597774844364, 15.602567438227558 ], [ 0.942607298943399, 15.753668399523217 ], [ 1.089577594815741, 16.261383967082228 ], [ 0.91922566096371, 16.922750298507765 ], [ 0.525078049306066, 17.296856506182813 ], [ 0.034063651732562, 17.483909610020341 ], [ -0.747551103588527, 17.670962713857865 ], [ -1.14169871524617, 17.824613477724405 ], [ -1.819766216657199, 18.025027517550324 ], [ -2.501173952065328, 17.944861901619955 ], [ -3.075694199566299, 17.664282245863667 ], [ -3.646874213070173, 17.457187738043551 ], [ -4.13120814264948, 16.982874510455542 ], [ -4.134548376646578, 16.468478474902344 ], [ -6.385866090691083, 15.486449679755331 ], [ -9.726100087789753, 15.245952831964226 ], [ -12.211234181631163, 15.219230959987438 ], [ -14.642924531518993, 15.807112143476804 ], [ -16.343, 16.942 ], [ -16.173, 17.262 ], [ -16.049, 17.667 ], [ -16.024, 17.96 ], [ -16.069, 18.484 ], [ -16.132, 18.629 ], [ -16.205, 18.983 ], [ -16.368, 19.222 ], [ -16.467, 19.259 ], [ -16.522, 19.396 ], [ -16.408, 19.389 ], [ -16.323, 19.458 ], [ -16.35, 19.547 ], [ -16.467, 19.464 ], [ -16.234, 19.794 ], [ -16.298, 19.923 ], [ -16.214, 20.033 ], [ -16.261, 20.136 ], [ -16.2, 20.215 ], [ -16.295, 20.331 ], [ -16.43, 20.644 ] ] ] ] } },
{ "type": "Feature", "properties": { "id": "sp_fernando_po1589", "colorId": "spain", "name": null, "parent": "sp_portugal1589" }, "geometry": { "type": "MultiPolygon", "coordinates": [ [ [ [ 8.702, 3.761 ], [ 8.923, 3.751 ], [ 8.958, 3.643 ], [ 8.785, 3.395 ], [ 8.775, 3.317 ], [ 8.686, 3.197 ], [ 8.469, 3.258 ], [ 8.422, 3.339 ], [ 8.474, 3.463 ], [ 8.563, 3.457 ], [ 8.628, 3.648 ], [ 8.702, 3.761 ] ] ] ] } },
{ "type": "Feature", "properties": { "id": "sp_puerto_rico1589", "colorId": "spain", "name": null, "parent": "spain" }, "geometry": { "type": "MultiPolygon", "coordinates": [ [ [ [ -66.641, 18.496 ], [ -66.258, 18.482 ], [ -66.108, 18.421 ], [ -66.122, 18.473 ], [ -65.848, 18.438 ], [ -65.738, 18.382 ], [ -65.629, 18.391 ], [ -65.629, 18.279 ], [ -65.592, 18.231 ], [ -65.738, 18.183 ], [ -65.83, 18.027 ], [ -66.196, 17.928 ], [ -66.469, 17.993 ], [ -66.593, 17.964 ], [ -66.766, 17.984 ], [ -66.924, 17.95 ], [ -67.112, 17.95 ], [ -67.214, 17.994 ], [ -67.152, 18.203 ], [ -67.269, 18.369 ], [ -67.159, 18.421 ], [ -67.102, 18.523 ], [ -66.907, 18.485 ], [ -66.641, 18.496 ] ] ] ] } },
{ "type": "Feature", "properties": { "id": "sp_sicily1589", "colorId": "spain", "name": null, "parent": "spain" }, "geometry": { "type": "MultiPolygon", "coordinates": [ [ [ [ 14.395, 36.945 ], [ 14.487, 36.793 ], [ 14.781, 36.699 ], [ 14.882, 36.731 ], [ 15.074, 36.659 ], [ 15.135, 36.688 ], [ 15.094, 36.8 ], [ 15.175, 36.944 ], [ 15.332, 37.012 ], [ 15.303, 37.101 ], [ 15.183, 37.207 ], [ 15.252, 37.258 ], [ 15.111, 37.322 ], [ 15.097, 37.494 ], [ 15.164, 37.568 ], [ 15.207, 37.748 ], [ 15.5, 38.085 ], [ 15.584, 38.24 ], [ 15.529, 38.303 ], [ 15.292, 38.207 ], [ 15.241, 38.241 ], [ 15.088, 38.128 ], [ 14.907, 38.188 ], [ 14.734, 38.158 ], [ 14.635, 38.081 ], [ 14.273, 38.015 ], [ 14.021, 38.049 ], [ 13.791, 37.974 ], [ 13.547, 38.056 ], [ 13.514, 38.111 ], [ 13.391, 38.103 ], [ 13.318, 38.221 ], [ 13.101, 38.19 ], [ 13.027, 38.062 ], [ 12.901, 38.028 ], [ 12.761, 38.181 ], [ 12.725, 38.126 ], [ 12.504, 38.011 ], [ 12.427, 37.809 ], [ 12.489, 37.683 ], [ 12.659, 37.565 ], [ 12.943, 37.569 ], [ 13.026, 37.493 ], [ 13.174, 37.487 ], [ 13.453, 37.299 ], [ 13.569, 37.274 ], [ 13.683, 37.189 ], [ 13.894, 37.101 ], [ 14.089, 37.118 ], [ 14.279, 37.044 ], [ 14.395, 36.945 ] ] ] ] } },
{ "type": "Feature", "properties": { "id": "sw_finland1523", "colorId": "sweden", "name": null, "parent": "sweden" }, "geometry": { "type": "MultiPolygon", "coordinates": [ [ [ [ 20.034, 60.064 ], [ 20.163, 60.088 ], [ 20.175, 59.971 ], [ 20.034, 60.064 ] ] ], [ [ [ 22.682, 59.998 ], [ 22.47, 59.998 ], [ 22.451, 60.189 ], [ 22.844, 60.242 ], [ 22.847, 60.111 ], [ 22.682, 59.998 ] ] ], [ [ [ 20.209, 60.225 ], [ 20.045, 60.087 ], [ 19.763, 60.074 ], [ 19.647, 60.266 ], [ 19.893, 60.307 ], [ 19.793, 60.361 ], [ 20.093, 60.355 ], [ 20.278, 60.279 ], [ 20.209, 60.225 ] ] ], [ [ [ 22.107, 60.313 ], [ 22.332, 60.269 ], [ 22.08, 60.269 ], [ 22.107, 60.313 ] ] ], [ [ [ 21.998, 60.334 ], [ 21.785, 60.385 ], [ 21.892, 60.449 ], [ 21.998, 60.334 ] ] ], [ [ [ 21.422, 63.247 ], [ 21.243, 63.151 ], [ 21.12, 63.272 ], [ 21.287, 63.211 ], [ 21.422, 63.247 ] ] ], [ [ [ 23.642, 66.436 ], [ 23.882, 66.564 ], [ 23.892, 66.751 ], [ 24.001, 66.812 ], [ 23.581, 67.153 ], [ 23.735, 67.29 ], [ 23.765, 67.42 ], [ 23.431, 67.486 ], [ 23.554, 67.587 ], [ 23.499, 67.882 ], [ 23.661, 67.933 ], [ 23.152, 68.13 ], [ 23.052, 68.298 ], [ 22.808, 68.395 ], [ 22.303, 68.476 ], [ 22.072, 68.477 ], [ 21.919, 68.568 ], [ 21.464, 68.687 ], [ 20.935, 68.967 ], [ 20.623, 69.036 ], [ 20.744, 69.104 ], [ 21.033, 69.041 ], [ 21.156, 69.088 ], [ 21.034, 69.181 ], [ 21.314, 69.291 ], [ 21.663, 69.263 ], [ 22.023, 69.012 ], [ 22.371, 68.823 ], [ 22.429, 68.71 ], [ 23.019, 68.687 ], [ 23.198, 68.618 ], [ 23.735, 68.715 ], [ 23.929, 68.816 ], [ 24.332, 68.709 ], [ 24.663, 68.666 ], [ 24.861, 68.563 ], [ 25.118, 68.638 ], [ 25.201, 68.813 ], [ 25.652, 68.883 ], [ 25.801, 69.013 ], [ 25.734, 69.191 ], [ 25.877, 69.371 ], [ 25.887, 69.521 ], [ 26.032, 69.697 ], [ 26.198, 69.715 ], [ 26.501, 69.918 ], [ 26.865, 69.938 ], [ 27.1, 69.902 ], [ 27.897, 70.071 ], [ 28.405, 69.802 ], [ 29.131, 69.674 ], [ 29.345, 69.464 ], [ 28.865, 69.217 ], [ 28.871347143902778, 69.120022710118306 ], [ 29.083020412446338, 69.018925029619894 ], [ 29.18095879042918, 69.056836659806791 ], [ 29.872249541028296, 68.451095566308453 ], [ 29.54915929360806, 67.95403364720039 ], [ 29.574012389563467, 67.427976449477711 ], [ 29.963377559531441, 66.566402456357068 ], [ 29.971661924849911, 65.994781249382811 ], [ 29.747984061251284, 65.058647968395974 ], [ 29.880533906346773, 64.685851529064919 ], [ 29.865684098646049, 64.202890307439716 ], [ 29.686451390551735, 64.106716659193978 ], [ 29.564048565511705, 63.958084657359656 ], [ 29.052579618023003, 63.625848417965287 ], [ 28.781544791148637, 63.311098296433777 ], [ 29.148753266268731, 62.471764639016413 ], [ 29.559677036045979, 61.969038750459148 ], [ 29.559677036045986, 61.34391003686185 ], [ 29.240555385048761, 61.090361327850353 ], [ 29.123419258242993, 61.015138040098122 ], [ 28.927458863746537, 60.937941521054064 ], [ 28.655, 60.682 ], [ 28.401, 60.665 ], [ 28.216, 60.548 ], [ 27.808, 60.553 ], [ 27.457, 60.464 ], [ 27.178, 60.567 ], [ 26.998, 60.488 ], [ 26.687, 60.418 ], [ 26.486, 60.444 ], [ 26.324, 60.383 ], [ 26.014, 60.463 ], [ 25.93, 60.245 ], [ 25.736, 60.247 ], [ 25.669, 60.365 ], [ 25.503, 60.246 ], [ 25.198, 60.245 ], [ 25.177, 60.183 ], [ 24.951, 60.143 ], [ 24.597, 60.127 ], [ 24.468, 59.996 ], [ 24.368, 60.074 ], [ 23.771, 59.968 ], [ 23.429, 59.957 ], [ 23.251, 59.841 ], [ 22.905, 59.811 ], [ 23.247, 59.922 ], [ 23.101, 59.94 ], [ 23.258, 60.04 ], [ 22.997, 60.062 ], [ 22.867, 60.184 ], [ 23.008, 60.277 ], [ 22.877, 60.301 ], [ 22.525, 60.204 ], [ 22.449, 60.245 ], [ 22.628, 60.375 ], [ 22.292, 60.383 ], [ 22.064, 60.436 ], [ 21.874, 60.53 ], [ 21.841, 60.629 ], [ 21.662, 60.567 ], [ 21.641, 60.496 ], [ 21.38, 60.647 ], [ 21.422, 60.759 ], [ 21.319, 60.865 ], [ 21.428, 60.903 ], [ 21.299, 61.06 ], [ 21.454, 61.055 ], [ 21.435, 61.143 ], [ 21.558, 61.204 ], [ 21.572, 61.416 ], [ 21.508, 61.57 ], [ 21.716, 61.527 ], [ 21.538, 61.65 ], [ 21.486, 61.811 ], [ 21.371, 61.939 ], [ 21.237, 61.985 ], [ 21.339, 62.356 ], [ 21.134, 62.404 ], [ 21.194, 62.601 ], [ 21.079, 62.678 ], [ 21.227, 62.858 ], [ 21.463, 62.951 ], [ 21.495, 63.072 ], [ 21.688, 63.027 ], [ 21.497, 63.209 ], [ 21.647, 63.198 ], [ 21.895, 63.26 ], [ 21.906, 63.175 ], [ 22.043, 63.246 ], [ 22.203, 63.239 ], [ 22.374, 63.321 ], [ 22.191, 63.458 ], [ 22.428, 63.489 ], [ 22.589, 63.703 ], [ 22.829, 63.646 ], [ 22.991, 63.815 ], [ 23.373, 63.901 ], [ 23.382, 64.048 ], [ 23.605, 64.028 ], [ 23.566, 64.097 ], [ 23.943, 64.247 ], [ 23.996, 64.38 ], [ 24.344, 64.531 ], [ 24.423, 64.676 ], [ 24.773, 64.866 ], [ 25.074, 64.916 ], [ 25.26, 64.816 ], [ 25.369, 64.899 ], [ 25.221, 64.991 ], [ 25.444, 64.967 ], [ 25.282, 65.191 ], [ 25.352, 65.484 ], [ 25.085, 65.605 ], [ 24.82, 65.662 ], [ 24.687, 65.632 ], [ 24.544, 65.809 ], [ 24.405, 65.769 ], [ 24.163, 65.823 ], [ 24.02, 66.049 ], [ 23.724, 66.207 ], [ 23.642, 66.436 ] ] ], [ [ [ 24.563, 65.037 ], [ 24.835, 65.095 ], [ 24.993, 65.055 ], [ 24.632, 64.968 ], [ 24.563, 65.037 ] ] ] ] } },
{ "type": "Feature", "properties": { "id": "brunei1363", "colorId": "brunei", "name": "Бруней", "parent": null }, "geometry": { "type": "MultiPolygon", "coordinates": [ [ [ [ 113.999, 4.601 ], [ 114.252, 4.593 ], [ 114.529, 4.694 ], [ 114.723, 4.876 ], [ 115.058, 5.054 ], [ 114.982, 4.889 ], [ 115.03, 4.821 ], [ 115.146, 4.909 ], [ 115.199, 4.951 ], [ 115.358, 4.903 ], [ 115.557, 5.067 ], [ 116.174329835009559, 4.932423988545466 ], [ 116.527343733248173, 4.579410090306855 ], [ 116.34620307879571, 4.456131318821712 ], [ 116.287588321948661, 4.325110097634186 ], [ 116.046233440813751, 4.238911925800287 ], [ 115.801430632805477, 3.873431677224555 ], [ 114.863594523252644, 3.080408496352685 ], [ 114.484322567183483, 2.156364094293287 ], [ 114.056779634887363, 1.915009213158369 ], [ 113.63958048321129, 1.580560306442841 ], [ 113.329267064609255, 1.515049695849078 ], [ 113.056880841614131, 1.577112379569485 ], [ 112.598306567457783, 1.570216525822773 ], [ 112.329368271336023, 1.490914207735585 ], [ 111.577558566196288, 1.223032570556532 ], [ 111.439140473612781, 1.377805538632587 ], [ 111.24607316291997, 1.395357112331934 ], [ 111.08651340201682, 1.443225040602879 ], [ 110.968, 1.503 ], [ 111.007, 1.555 ], [ 111.038, 1.677 ], [ 111.096, 1.774 ], [ 111.211, 2.074 ], [ 111.271, 2.154 ], [ 111.185, 2.145 ], [ 111.209, 2.389 ], [ 111.246, 2.436 ], [ 111.423, 2.54 ], [ 111.44, 2.68 ], [ 111.67, 2.843 ], [ 112.014, 2.886 ], [ 113.008, 3.162 ], [ 113.069, 3.279 ], [ 113.278, 3.484 ], [ 113.434, 3.753 ], [ 113.737, 4.001 ], [ 113.947, 4.274 ], [ 113.999, 4.601 ] ] ] ] } },
{ "type": "Feature", "properties": { "id": "sulu", "colorId": "sulu", "name": "Сулу", "parent": null }, "geometry": { "type": "MultiPolygon", "coordinates": [ [ [ [ 117.699, 4.111 ], [ 117.741, 4.026 ], [ 117.665, 3.983 ], [ 117.594, 4.064 ], [ 117.661, 4.149 ], [ 117.699, 4.111 ] ] ], [ [ [ 117.839, 4.04 ], [ 117.704, 4.163 ], [ 117.644, 4.215 ], [ 117.702, 4.268 ], [ 117.907, 4.157 ], [ 117.935, 4.06 ], [ 117.839, 4.04 ] ] ], [ [ [ 118.476, 4.694 ], [ 118.51, 4.649 ], [ 118.572, 4.601 ], [ 118.346, 4.67 ], [ 118.476, 4.694 ] ] ], [ [ [ 115.249, 5.365 ], [ 115.259, 5.291 ], [ 115.159, 5.252 ], [ 115.249, 5.365 ] ] ], [ [ [ 118.017, 6.061 ], [ 118.125, 5.864 ], [ 118.059, 5.809 ], [ 117.908, 5.785 ], [ 117.965, 5.686 ], [ 118.134, 5.69 ], [ 118.161, 5.793 ], [ 118.262, 5.828 ], [ 118.411, 5.796 ], [ 118.594, 5.682 ], [ 118.737, 5.548 ], [ 118.919, 5.455 ], [ 118.948, 5.389 ], [ 119.205, 5.443 ], [ 119.274, 5.361 ], [ 119.267, 5.201 ], [ 119.156, 5.106 ], [ 118.681, 4.944 ], [ 118.585, 4.972 ], [ 118.509, 4.931 ], [ 118.357, 5.039 ], [ 118.217, 4.966 ], [ 118.136, 4.882 ], [ 118.219, 4.756 ], [ 118.334, 4.652 ], [ 118.49, 4.575 ], [ 118.645, 4.444 ], [ 118.543, 4.36 ], [ 118.137, 4.299 ], [ 118.005, 4.232 ], [ 117.892, 4.257 ], [ 117.73, 4.355 ], [ 117.671, 4.426 ], [ 117.606, 4.382 ], [ 117.652, 4.285 ], [ 117.567, 4.16 ], [ 117.508, 4.123 ], [ 117.373, 4.17 ], [ 117.396, 4.099 ], [ 117.52, 4.049 ], [ 117.777, 3.799 ], [ 117.734, 3.752 ], [ 117.826, 3.704 ], [ 117.749, 3.637 ], [ 117.547, 3.664 ], [ 117.469, 3.792 ], [ 117.524, 3.625 ], [ 117.091, 3.646 ], [ 116.831567092705868, 3.735620772565784 ], [ 116.716765824985984, 3.991053593242502 ], [ 116.577, 4.332 ], [ 116.527343733248173, 4.579410090306855 ], [ 116.174329835009559, 4.932423988545466 ], [ 115.557, 5.067 ], [ 115.605, 5.212 ], [ 115.49, 5.223 ], [ 115.36, 5.32 ], [ 115.404, 5.424 ], [ 115.55, 5.54 ], [ 115.585, 5.616 ], [ 115.674, 5.529 ], [ 115.849, 5.56 ], [ 115.92, 5.747 ], [ 116.051, 5.842 ], [ 116.142, 6.073 ], [ 116.106, 6.126 ], [ 116.293, 6.276 ], [ 116.348, 6.38 ], [ 116.503, 6.495 ], [ 116.645, 6.717 ], [ 116.669, 6.876 ], [ 116.777, 7.027 ], [ 116.832, 6.973 ], [ 117.029, 6.91 ], [ 117.144, 7.004 ], [ 117.257, 6.938 ], [ 117.228, 6.838 ], [ 117.309, 6.629 ], [ 117.442, 6.553 ], [ 117.534, 6.621 ], [ 117.558, 6.54 ], [ 117.641, 6.522 ], [ 117.744, 6.39 ], [ 117.723, 6.255 ], [ 117.6, 6.198 ], [ 117.675, 5.989 ], [ 117.774, 5.908 ], [ 117.884, 5.955 ], [ 118.017, 6.061 ] ] ], [ [ [ 117.153, 7.173 ], [ 117.072, 7.102 ], [ 117.064, 7.271 ], [ 117.171, 7.343 ], [ 117.27, 7.349 ], [ 117.247, 7.183 ], [ 117.153, 7.173 ] ] ], [ [ [ 116.886, 7.229 ], [ 117.003, 7.356 ], [ 117.02, 7.295 ], [ 116.886, 7.229 ] ] ], [ [ [ 119.497, 4.734 ], [ 119.457, 4.656 ], [ 119.435, 4.903 ], [ 119.483, 4.851 ], [ 119.497, 4.734 ] ] ], [ [ [ 119.954, 5.076 ], [ 119.83, 5.049 ], [ 119.813, 5.123 ], [ 119.965, 5.223 ], [ 120.087, 5.259 ], [ 120.199, 5.35 ], [ 120.252, 5.267 ], [ 120.227, 5.129 ], [ 120.121, 5.218 ], [ 119.954, 5.076 ] ] ], [ [ [ 121.218, 5.999 ], [ 121.382, 6.006 ], [ 121.419, 5.948 ], [ 121.281, 5.859 ], [ 121.228, 5.942 ], [ 121.081, 5.888 ], [ 121.008, 5.924 ], [ 120.934, 5.886 ], [ 120.872, 5.961 ], [ 121.042, 6.097 ], [ 121.179, 6.064 ], [ 121.218, 5.999 ] ] ], [ [ [ 121.868, 6.0 ], [ 121.777, 6.077 ], [ 121.902, 6.034 ], [ 121.868, 6.0 ] ] ], [ [ [ 120.583, 6.261 ], [ 120.495, 6.249 ], [ 120.588, 6.381 ], [ 120.583, 6.261 ] ] ], [ [ [ 122.189, 6.451 ], [ 121.962, 6.405 ], [ 121.814, 6.593 ], [ 121.839, 6.669 ], [ 121.94, 6.677 ], [ 122.067, 6.741 ], [ 122.297, 6.633 ], [ 122.189, 6.451 ] ] ] ] } },
{ "type": "Feature", "properties": { "id": "ott_hungary", "colorId": "turkey", "name": null, "parent": "ottoman" }, "geometry": { "type": "MultiPolygon", "coordinates": [ [ [ [ 16.414027107222285, 46.910259282467322 ], [ 16.70884220854213, 46.995130296483637 ], [ 16.833915281829338, 46.87899101414552 ], [ 17.08406142840375, 46.709248986112883 ], [ 17.356542052350878, 46.794120000129197 ], [ 17.731761272212498, 46.986196505534551 ], [ 18.075712223752319, 47.048733042178156 ], [ 17.990841209735997, 47.423952262039769 ], [ 18.254388042734039, 47.522223962479721 ], [ 18.337025609013086, 47.613795319707855 ], [ 18.415196279817593, 47.843840436646822 ], [ 18.665342426392005, 47.957746271247686 ], [ 18.830617558950099, 47.984547644094945 ], [ 19.009293377931822, 48.06941865811126 ], [ 19.589989789622429, 48.100686926433063 ], [ 19.777599399553239, 48.243627581618448 ], [ 20.193020678685745, 48.31063101373659 ], [ 20.367229602192925, 48.386568236803825 ], [ 20.407431661463814, 48.538442682938289 ], [ 20.536971630225562, 48.654581965276407 ], [ 21.081932878119822, 48.779655038563618 ], [ 21.189138369508854, 48.837724679732673 ], [ 21.376747979439664, 49.110205303679805 ], [ 21.492887261777788, 49.183909079009766 ], [ 21.868106481639408, 49.228578033755191 ], [ 22.06418069830768, 49.197703906799198 ], [ 22.214892675202265, 49.081771616880282 ], [ 22.574282773950905, 49.00061901393704 ], [ 22.855418577004283, 48.852805344290417 ], [ 23.243791748232653, 48.765856126851226 ], [ 23.620571690469134, 48.533991547013393 ], [ 24.287182357502903, 48.365889726630968 ], [ 24.466877406877224, 48.139821761289078 ], [ 24.658165685243439, 47.815211349516112 ], [ 24.785691204154247, 47.815211349516076 ], [ 24.953793024536672, 47.542770468206619 ], [ 25.226233905846129, 47.467414479759327 ], [ 25.278392726467661, 47.321817226560988 ], [ 25.626371116098149, 47.175140040422242 ], [ 25.784687974907847, 47.052004705792477 ], [ 25.881437166402662, 46.920073990117729 ], [ 26.101321692527243, 46.81452941757793 ], [ 26.096924002004751, 46.647417177723248 ], [ 26.264036241859433, 46.449521104211129 ], [ 26.437609930604093, 45.997586897280598 ], [ 26.43760993060409, 45.811947131493639 ], [ 26.330351399260508, 45.622182037578071 ], [ 26.091082367801746, 45.481920881205696 ], [ 25.612544304884221, 45.391163662376506 ], [ 25.398027242197053, 45.424166287405299 ], [ 25.200011492024284, 45.34991038109051 ], [ 24.944241148051123, 45.465419568691296 ], [ 24.704972116592359, 45.523174162491685 ], [ 24.109412794547932, 45.423321068299948 ], [ 23.787167692281407, 45.428278685257894 ], [ 23.385600718687733, 45.269634942603602 ], [ 23.03360991467353, 45.220058773024135 ], [ 22.870008555061297, 45.118427625386232 ], [ 22.602297239332188, 45.120906433865208 ], [ 22.473399198425579, 45.210143539108245 ], [ 22.408950177972269, 45.304338261309233 ], [ 22.324670689687178, 45.641456214449597 ], [ 22.245348818360036, 45.780269489272101 ], [ 22.16602694703289, 45.973616550632016 ], [ 21.903273248261723, 46.087641740664786 ], [ 21.66035001732234, 46.092599357622731 ], [ 21.452130105088585, 46.152090761118089 ], [ 20.951410792335984, 46.077726506748888 ], [ 20.644038540943299, 46.132260293286301 ], [ 20.396157693045971, 46.231412632445235 ], [ 20.173064929938374, 46.271073568108804 ], [ 20.039209272073816, 45.988489401505852 ], [ 20.04912450598971, 45.735650936650579 ], [ 20.199077834966115, 45.129139380247636 ], [ 20.070083369336164, 45.179157642430667 ], [ 19.851582539799708, 45.229175904613733 ], [ 19.627816630033465, 45.160729861626407 ], [ 19.397, 45.223 ], [ 19.104, 45.299 ], [ 18.976, 45.391 ], [ 19.018, 45.567 ], [ 18.942, 45.539 ], [ 18.968, 45.669 ], [ 18.849, 45.81 ], [ 18.901, 45.931 ], [ 18.763, 45.884 ], [ 18.674, 45.91 ], [ 18.412, 45.743 ], [ 18.211, 45.785 ], [ 17.87, 45.773 ], [ 17.657, 45.845 ], [ 17.591, 45.936 ], [ 17.345, 45.956 ], [ 17.197, 46.121 ], [ 16.975, 46.211 ], [ 16.865, 46.359 ], [ 16.58488585912356, 46.463569735012996 ], [ 16.414027107222285, 46.69138140421471 ], [ 16.414027107222285, 46.910259282467322 ] ] ] ] } },
{ "type": "Feature", "properties": { "id": "ott_bosnia1517", "colorId": "turkey", "name": null, "parent": "ottoman" }, "geometry": { "type": "MultiPolygon", "coordinates": [ [ [ [ 17.659, 42.743 ], [ 17.749, 42.695 ], [ 17.324, 42.791 ], [ 17.659, 42.743 ] ] ], [ [ [ 16.535471167540624, 43.729726602660925 ], [ 16.526276695878341, 43.828567173030464 ], [ 16.252741163925435, 44.017053842107259 ], [ 16.020580754452798, 44.253811487411035 ], [ 15.731093432030942, 44.288331040953445 ], [ 15.61892916060523, 44.433794080458668 ], [ 15.465579570765396, 44.500391616617669 ], [ 15.283312629698617, 44.674772007349823 ], [ 15.161621288547268, 44.759449111474858 ], [ 15.392224767420551, 45.054264212794642 ], [ 15.468161990487783, 45.210605554403649 ], [ 15.624503332096792, 45.366946896012657 ], [ 15.92378532889118, 45.478619282876231 ], [ 16.397276249192746, 45.527755133096207 ], [ 16.580418963649016, 45.71983163850156 ], [ 16.634021709343532, 46.220123931650384 ], [ 16.58488585912356, 46.463569735012996 ], [ 16.865, 46.359 ], [ 16.975, 46.211 ], [ 17.197, 46.121 ], [ 17.345, 45.956 ], [ 17.591, 45.936 ], [ 17.657, 45.845 ], [ 17.87, 45.773 ], [ 18.211, 45.785 ], [ 18.412, 45.743 ], [ 18.674, 45.91 ], [ 18.763, 45.884 ], [ 18.901, 45.931 ], [ 18.849, 45.81 ], [ 18.968, 45.669 ], [ 18.942, 45.539 ], [ 19.018, 45.567 ], [ 18.976, 45.391 ], [ 19.104, 45.299 ], [ 19.397, 45.223 ], [ 19.627816630033465, 45.160729861626407 ], [ 19.513246666750074, 44.945628224487706 ], [ 19.369, 44.887 ], [ 19.328, 44.734 ], [ 19.13, 44.518 ], [ 19.107, 44.383 ], [ 19.177, 44.287 ], [ 19.324, 44.264 ], [ 19.362, 44.191 ], [ 19.619, 44.036 ], [ 19.50687946769612, 43.967634920331697 ], [ 19.361818741372037, 43.956968690454929 ], [ 19.218891261023309, 44.035898791543033 ], [ 19.229557490900081, 43.961235182405638 ], [ 19.385284447100933, 43.867372359490055 ], [ 19.462, 43.762 ], [ 19.534455725708384, 43.749951380884859 ], [ 19.538853416230875, 43.600429903120144 ], [ 19.482, 43.561 ], [ 19.35968549539669, 43.564451430989763 ], [ 19.233823982850797, 43.504720543679852 ], [ 19.103695978354185, 43.543118971236218 ], [ 18.945835776177979, 43.538852479285509 ], [ 18.928769808375147, 43.462055624172763 ], [ 19.026899123241435, 43.41939070466568 ], [ 19.067430796773166, 43.235931550785224 ], [ 19.001300171537189, 43.231665058834515 ], [ 18.854106199237751, 43.355393325405053 ], [ 18.659980815480523, 43.21459909103168 ], [ 18.600249928170609, 43.129269252017515 ], [ 18.681313275234064, 43.058872134830828 ], [ 18.632248617800919, 43.024740199225164 ], [ 18.506387105255026, 43.029006691175866 ], [ 18.465268708013255, 42.895958590451997 ], [ 18.467, 42.769 ], [ 18.432675063323625, 42.597980419233167 ], [ 18.496, 42.416 ], [ 18.239, 42.559 ], [ 18.218, 42.62 ], [ 18.076, 42.651 ], [ 17.807, 42.812 ], [ 17.749, 42.791 ], [ 17.44, 42.873 ], [ 17.202, 42.984 ], [ 17.028, 43.004 ], [ 17.24, 43.023 ], [ 17.465, 42.921 ], [ 17.653, 42.891 ], [ 17.617832878534951, 42.924061023253429 ], [ 17.506062582390332, 43.00278868686172 ], [ 17.535944615292749, 43.059104825793199 ], [ 17.137709061420136, 43.391829769072039 ], [ 16.788319138253399, 43.532045461921847 ], [ 16.608864810177501, 43.712712026276833 ], [ 16.535471167540624, 43.729726602660925 ] ] ] ] } },
{ "type": "Feature", "properties": { "id": "spain", "colorId": "spain", "name": "Испания", "parent": null }, "geometry": { "type": "MultiPolygon", "coordinates": [ [ [ [ -17.934, 27.852 ], [ -17.879, 27.815 ], [ -17.979, 27.643 ], [ -18.16, 27.722 ], [ -17.934, 27.852 ] ] ], [ [ [ -15.816, 27.996 ], [ -15.725, 28.057 ], [ -15.706, 28.167 ], [ -15.435, 28.141 ], [ -15.392, 28.03 ], [ -15.378, 27.852 ], [ -15.578, 27.734 ], [ -15.786, 27.844 ], [ -15.816, 27.996 ] ] ], [ [ [ -17.213, 28.205 ], [ -17.098, 28.101 ], [ -17.233, 28.019 ], [ -17.343, 28.098 ], [ -17.31, 28.207 ], [ -17.213, 28.205 ] ] ], [ [ [ -16.141, 28.583 ], [ -16.127, 28.544 ], [ -16.356, 28.381 ], [ -16.428, 28.15 ], [ -16.546, 28.024 ], [ -16.676, 27.997 ], [ -16.837, 28.209 ], [ -16.916, 28.355 ], [ -16.507, 28.424 ], [ -16.408, 28.52 ], [ -16.141, 28.583 ] ] ], [ [ [ -14.495, 28.068 ], [ -14.27, 28.176 ], [ -14.214, 28.235 ], [ -14.146, 28.423 ], [ -13.973, 28.736 ], [ -13.836, 28.715 ], [ -13.848, 28.397 ], [ -13.967, 28.228 ], [ -14.212, 28.161 ], [ -14.301, 28.068 ], [ -14.495, 28.068 ] ] ], [ [ [ -17.721, 28.731 ], [ -17.831, 28.455 ], [ -18.002, 28.75 ], [ -17.911, 28.856 ], [ -17.756, 28.819 ], [ -17.721, 28.731 ] ] ], [ [ [ -13.526, 29.15 ], [ -13.483, 29.24 ], [ -13.418, 29.209 ], [ -13.482, 28.999 ], [ -13.709, 28.915 ], [ -13.775, 28.84 ], [ -13.86, 28.859 ], [ -13.832, 29.0 ], [ -13.751, 29.081 ], [ -13.526, 29.15 ] ] ], [ [ [ -5.399, 35.925 ], [ -5.319, 35.877 ], [ -5.341, 35.847 ], [ -5.399, 35.925 ] ] ], [ [ [ 1.383, 38.642 ], [ 1.431, 38.755 ], [ 1.526, 38.678 ], [ 1.383, 38.642 ] ] ], [ [ [ 1.403, 38.832 ], [ 1.212, 38.903 ], [ 1.357, 39.078 ], [ 1.537, 39.118 ], [ 1.606, 39.091 ], [ 1.623, 39.029 ], [ 1.415, 38.891 ], [ 1.403, 38.832 ] ] ], [ [ [ 2.57, 39.713 ], [ 2.704, 39.814 ], [ 2.933, 39.914 ], [ 3.179, 39.969 ], [ 3.095, 39.881 ], [ 3.163, 39.769 ], [ 3.355, 39.784 ], [ 3.474, 39.75 ], [ 3.406, 39.592 ], [ 3.221, 39.36 ], [ 3.061, 39.269 ], [ 2.959, 39.363 ], [ 2.762, 39.4 ], [ 2.755, 39.503 ], [ 2.655, 39.565 ], [ 2.493, 39.47 ], [ 2.392, 39.524 ], [ 2.358, 39.612 ], [ 2.57, 39.713 ] ] ], [ [ [ -6.893, 37.167 ], [ -7.086, 37.206 ], [ -7.414, 37.193 ], [ -7.476, 37.494 ], [ -7.53, 37.567 ], [ -7.426, 37.751 ], [ -7.334, 37.812 ], [ -7.273, 37.977 ], [ -7.123, 38.04 ], [ -7.024, 38.023 ], [ -6.948, 38.197 ], [ -7.104, 38.174 ], [ -7.167, 38.272 ], [ -7.359, 38.446 ], [ -7.27, 38.738 ], [ -7.056, 38.855 ], [ -6.973, 39.014 ], [ -7.039, 39.109 ], [ -7.167, 39.113 ], [ -7.327, 39.341 ], [ -7.314, 39.457 ], [ -7.516, 39.594 ], [ -7.557, 39.68 ], [ -7.036, 39.689 ], [ -6.924, 39.872 ], [ -6.88, 40.009 ], [ -7.043, 40.181 ], [ -6.896, 40.255 ], [ -6.794, 40.356 ], [ -6.857, 40.442 ], [ -6.814, 40.647 ], [ -6.837, 40.84 ], [ -6.942, 41.016 ], [ -6.818, 41.054 ], [ -6.647, 41.268 ], [ -6.496, 41.295 ], [ -6.321, 41.42 ], [ -6.206, 41.57 ], [ -6.272, 41.628 ], [ -6.577, 41.74 ], [ -6.524, 41.867 ], [ -6.568, 41.926 ], [ -7.145, 41.987 ], [ -7.251, 41.864 ], [ -7.622, 41.832 ], [ -7.722, 41.899 ], [ -8.049, 41.816 ], [ -8.18, 41.811 ], [ -8.232, 41.886 ], [ -8.095, 42.041 ], [ -8.191, 42.062 ], [ -8.222, 42.154 ], [ -8.347, 42.102 ], [ -8.627, 42.051 ], [ -8.751, 41.969 ], [ -8.865, 41.889 ], [ -8.899, 42.102 ], [ -8.868, 42.256 ], [ -8.868, 42.415 ], [ -9.012, 42.531 ], [ -9.071, 42.596 ], [ -9.03, 42.708 ], [ -9.135, 42.813 ], [ -9.135, 42.918 ], [ -9.292, 42.923 ], [ -9.28, 43.055 ], [ -9.138, 43.202 ], [ -8.959, 43.227 ], [ -8.988, 43.283 ], [ -8.841, 43.339 ], [ -8.693, 43.293 ], [ -8.558, 43.313 ], [ -8.331, 43.406 ], [ -8.333, 43.472 ], [ -8.313, 43.567 ], [ -8.087, 43.656 ], [ -8.059, 43.709 ], [ -7.881, 43.763 ], [ -7.847, 43.712 ], [ -7.641, 43.753 ], [ -7.367, 43.68 ], [ -7.23, 43.569 ], [ -7.032, 43.553 ], [ -6.649, 43.579 ], [ -6.51, 43.547 ], [ -6.223, 43.596 ], [ -5.907, 43.588 ], [ -5.852, 43.663 ], [ -5.709, 43.569 ], [ -5.424, 43.561 ], [ -5.178, 43.489 ], [ -4.953, 43.47 ], [ -4.735, 43.417 ], [ -4.386, 43.384 ], [ -4.029, 43.438 ], [ -3.923, 43.483 ], [ -3.756, 43.472 ], [ -3.554, 43.517 ], [ -3.09, 43.367 ], [ -2.93, 43.438 ], [ -2.756, 43.45 ], [ -2.367, 43.316 ], [ -2.128, 43.287 ], [ -1.794, 43.386 ], [ -1.747, 43.291 ], [ -1.404, 43.243 ], [ -1.488, 43.082 ], [ -1.383, 43.029 ], [ -1.275, 43.047 ], [ -0.981, 42.957 ], [ -0.76, 42.947 ], [ -0.73, 42.878 ], [ -0.583, 42.796 ], [ -0.424, 42.791 ], [ -0.323, 42.843 ], [ -0.161, 42.795 ], [ -0.039, 42.685 ], [ 0.169, 42.726 ], [ 0.275, 42.669 ], [ 0.644, 42.684 ], [ 0.656, 42.838 ], [ 1.068, 42.776 ], [ 1.134, 42.716 ], [ 1.319, 42.713 ], [ 1.429, 42.595 ], [ 1.408, 42.487 ], [ 1.508, 42.429 ], [ 1.707, 42.503 ], [ 1.722, 42.61 ], [ 1.868788543279058, 42.566085066706179 ], [ 2.00779785396438, 42.641908327079996 ], [ 2.323728105521932, 42.664023444689022 ], [ 2.323728105521932, 42.828307175498949 ], [ 2.728118827515597, 42.825147872983372 ], [ 2.848172323107466, 42.891493225810457 ], [ 3.044565488168373, 42.776891625273308 ], [ 3.052, 42.555 ], [ 3.181, 42.431 ], [ 3.204, 42.34 ], [ 3.318, 42.323 ], [ 3.263, 42.24 ], [ 3.152, 42.257 ], [ 3.122, 42.14 ], [ 3.214, 42.068 ], [ 3.236, 41.966 ], [ 3.15, 41.845 ], [ 2.933, 41.712 ], [ 2.297, 41.465 ], [ 2.06, 41.275 ], [ 1.539, 41.187 ], [ 1.218, 41.105 ], [ 1.184, 41.063 ], [ 0.99, 41.04 ], [ 0.714, 40.815 ], [ 0.874, 40.728 ], [ 0.848, 40.675 ], [ 0.6, 40.614 ], [ 0.525097186278771, 40.51503201959644 ], [ 0.351, 40.285 ], [ 0.066, 40.032 ], [ -0.194, 39.715 ], [ -0.323, 39.516 ], [ -0.301, 39.322 ], [ -0.215, 39.182 ], [ -0.21, 39.079 ], [ -0.121, 38.951 ], [ -0.01, 38.87 ], [ 0.111, 38.85 ], [ 0.228, 38.735 ], [ -0.015, 38.624 ], [ -0.09, 38.535 ], [ -0.345, 38.462 ], [ -0.414, 38.365 ], [ -0.51, 38.338 ], [ -0.504, 38.207 ], [ -0.609, 38.178 ], [ -0.655, 37.989 ], [ -0.718, 37.943 ], [ -0.853, 37.724 ], [ -0.705, 37.62 ], [ -0.925, 37.556 ], [ -1.07, 37.583 ], [ -1.106, 37.532 ], [ -1.243, 37.579 ], [ -1.471, 37.482 ], [ -1.488, 37.433 ], [ -1.671, 37.363 ], [ -1.813, 37.207 ], [ -1.899, 36.95 ], [ -2.003, 36.887 ], [ -2.127, 36.736 ], [ -2.204, 36.737 ], [ -2.362, 36.837 ], [ -2.577, 36.811 ], [ -2.659, 36.695 ], [ -2.757, 36.68 ], [ -2.933, 36.752 ], [ -3.33, 36.745 ], [ -3.415, 36.696 ], [ -3.601, 36.743 ], [ -4.057, 36.748 ], [ -4.225, 36.712 ], [ -4.433, 36.711 ], [ -4.525, 36.581 ], [ -4.723, 36.493 ], [ -4.903, 36.507 ], [ -5.187, 36.411 ], [ -5.339, 36.141 ], [ -5.342, 36.111 ], [ -5.358, 36.141 ], [ -5.425, 36.18 ], [ -5.446, 36.057 ], [ -5.612, 36.006 ], [ -5.796, 36.086 ], [ -5.917, 36.184 ], [ -6.037, 36.19 ], [ -6.159, 36.304 ], [ -6.231, 36.473 ], [ -6.235, 36.576 ], [ -6.395, 36.637 ], [ -6.433, 36.751 ], [ -6.388, 36.808 ], [ -6.5, 36.96 ], [ -6.893, 37.167 ] ] ], [ [ [ 4.303, 39.926 ], [ 4.248, 39.816 ], [ 4.015, 39.926 ], [ 3.831, 39.936 ], [ 3.822, 40.048 ], [ 4.105, 40.079 ], [ 4.303, 39.926 ] ] ], [ [ [ 11.094, 42.403 ], [ 11.187, 42.521 ], [ 11.237115680225344, 42.469745283688368 ], [ 11.250776212933811, 42.401442620146014 ], [ 11.094, 42.403 ] ] ], [ [ [ 10.443, 42.845 ], [ 10.431, 42.722 ], [ 10.325, 42.765 ], [ 10.107, 42.757 ], [ 10.158, 42.817 ], [ 10.355, 42.808 ], [ 10.443, 42.845 ] ] ], [ [ [ 10.778, 42.895 ], [ 10.681, 42.949 ], [ 10.519, 42.925 ], [ 10.478, 42.99 ], [ 10.547, 43.147 ], [ 10.644254400169155, 43.141554545234598 ], [ 10.7762672973523, 43.036940551240406 ], [ 10.778, 42.895 ] ] ] ] } },
{ "type": "Feature", "properties": { "id": "ethiopia1543", "colorId": "ethiopia", "name": "Эфиопия", "parent": null }, "geometry": { "type": "MultiPolygon", "coordinates": [ [ [ [ 41.023540787825652, 10.772547155186851 ], [ 40.893503573074241, 10.710355443784001 ], [ 40.752158774431393, 10.1280148733755 ], [ 40.933080116694228, 9.443906047944157 ], [ 41.08437256782193, 9.030252686007469 ], [ 40.880050975605045, 8.646128092639715 ], [ 40.332469108463776, 8.588918046818986 ], [ 39.813492264232877, 8.588918046818986 ], [ 38.947168713233253, 8.821844661946239 ], [ 38.326031072893905, 9.148759209493264 ], [ 37.770276342063973, 9.622785303436451 ], [ 37.288077384432107, 10.186712897955069 ], [ 37.091928655903892, 10.374688762794609 ], [ 36.756841244668195, 10.554491763945473 ], [ 36.532087493229618, 10.689344014808619 ], [ 36.041715671909081, 11.310481655147967 ], [ 36.056363994172251, 12.621421774883057 ], [ 36.459771438354899, 13.500643127588827 ], [ 36.666647050756254, 13.761823588245539 ], [ 36.83214754067734, 14.51433362835548 ], [ 37.256399956090917, 15.429574922368637 ], [ 37.442488361891385, 15.633344821614951 ], [ 38.095757404676277, 16.335456409654789 ], [ 38.81618494718672, 16.88493504377292 ], [ 39.056, 17.034 ], [ 39.163, 16.628 ], [ 39.197, 16.299 ], [ 39.236, 16.109 ], [ 39.313, 15.894 ], [ 39.427, 15.82 ], [ 39.478, 15.661 ], [ 39.458, 15.525 ], [ 39.587, 15.531 ], [ 39.718, 15.264 ], [ 39.698, 15.124 ], [ 39.811, 15.079 ], [ 39.857, 15.193 ], [ 39.79, 15.257 ], [ 39.776, 15.403 ], [ 39.875, 15.504 ], [ 40.072, 15.351 ], [ 40.027, 15.237 ], [ 40.159, 14.982 ], [ 40.287, 14.913 ], [ 40.39, 15.003 ], [ 40.527, 14.997 ], [ 40.734, 14.818 ], [ 40.766, 14.695 ], [ 40.884, 14.715 ], [ 40.945, 14.677 ], [ 41.156, 14.642 ], [ 41.307, 14.489 ], [ 41.336, 14.402 ], [ 41.621, 14.064 ], [ 41.677, 13.94 ], [ 41.806, 13.93 ], [ 41.981, 13.838 ], [ 41.795580207738382, 13.545326011966049 ], [ 41.649052571973534, 13.291955308456021 ], [ 41.426208459247846, 12.715002742631979 ], [ 41.323191760948468, 11.219196718898223 ], [ 41.261000049545622, 10.987391249123966 ], [ 41.023540787825652, 10.772547155186851 ] ] ], [ [ [ 40.287, 15.573 ], [ 40.123, 15.614 ], [ 40.061, 15.592 ], [ 39.971, 15.661 ], [ 40.081, 15.661 ], [ 39.93, 15.74 ], [ 40.026, 15.883 ], [ 40.136, 15.806 ], [ 40.164, 15.644 ], [ 40.244, 15.702 ], [ 40.386, 15.641 ], [ 40.414, 15.598 ], [ 40.287, 15.573 ] ] ], [ [ [ 39.99, 16.018 ], [ 40.095, 16.047 ], [ 40.097, 15.981 ], [ 39.99, 16.018 ] ] ] ] } },
{ "type": "Feature", "properties": { "id": "ott_algeria1574", "colorId": "turkey", "name": null, "parent": "ottoman" }, "geometry": { "type": "MultiPolygon", "coordinates": [ [ [ [ 6.922919753725303, 34.510554297503667 ], [ 5.962079865959783, 34.56422807136677 ], [ 4.638075946591087, 34.490672298068503 ], [ 3.470378045481195, 34.242421563186873 ], [ 2.458986162630107, 33.948198469993834 ], [ 2.072818352814237, 33.76430903674818 ], [ -0.428077939326633, 33.626391961813937 ], [ -0.639550787559133, 33.516058301866551 ], [ -1.323790422469798, 33.435717971695922 ], [ -1.745968712629001, 34.033803882754796 ], [ -1.913080952483685, 34.385619124554132 ], [ -1.913080952483686, 34.552731364408814 ], [ -2.031818596590961, 34.816592795758318 ], [ -1.902760310428321, 35.103207122018105 ], [ -1.761, 35.13 ], [ -1.51, 35.295 ], [ -1.396, 35.309 ], [ -1.268, 35.39 ], [ -1.19, 35.566 ], [ -1.033, 35.683 ], [ -0.825, 35.769 ], [ -0.641677157097276, 35.625101545601531 ], [ -0.552880442218589, 35.662489636076771 ], [ -0.523, 35.78 ], [ -0.479, 35.89 ], [ -0.349, 35.907 ], [ -0.259, 35.818 ], [ -0.124, 35.787 ], [ 0.035, 35.863 ], [ 0.127, 36.051 ], [ 0.663, 36.333 ], [ 0.865, 36.377 ], [ 1.045, 36.487 ], [ 1.914, 36.57 ], [ 2.06, 36.57 ], [ 2.373, 36.634 ], [ 2.457, 36.59 ], [ 2.633, 36.605 ], [ 2.933, 36.809 ], [ 3.179, 36.743 ], [ 3.238, 36.813 ], [ 3.461, 36.775 ], [ 3.65, 36.824 ], [ 3.827, 36.913 ], [ 4.105, 36.884 ], [ 4.441, 36.912 ], [ 4.787, 36.895 ], [ 5.105, 36.781 ], [ 5.085, 36.733 ], [ 5.236, 36.651 ], [ 5.465, 36.665 ], [ 5.576, 36.761 ], [ 5.759, 36.833 ], [ 5.869, 36.823 ], [ 6.197, 36.902 ], [ 6.339, 37.069 ], [ 6.462, 37.094 ], [ 6.583, 36.99 ], [ 6.822, 36.953 ], [ 6.909, 36.893 ], [ 7.157, 36.915 ], [ 7.25, 37.023 ], [ 7.182, 37.083 ], [ 7.383, 37.083 ], [ 7.589, 36.988 ], [ 7.799, 36.994 ], [ 7.773, 36.89 ], [ 7.908, 36.85 ], [ 8.233, 36.958 ], [ 8.498, 36.904 ], [ 8.545468735972626, 36.783685681166283 ], [ 8.478042610546634, 36.587536952654304 ], [ 8.269634586502654, 36.379128928610321 ], [ 8.165430574480666, 36.170720904566345 ], [ 8.171560222246665, 35.778423447542387 ], [ 8.269634586502654, 35.502589298072408 ], [ 8.171560222246663, 35.208366205304436 ], [ 8.263504938736656, 34.852846634876485 ], [ 8.061226562458677, 34.607660724236517 ], [ 7.822170299584701, 34.478938121150527 ], [ 7.755594093640917, 34.388152893499623 ], [ 6.922919753725303, 34.510554297503667 ] ] ] ] } },
{ "type": "Feature", "properties": { "id": "ott_libya1543", "colorId": "turkey", "name": null, "parent": "ottoman" }, "geometry": { "type": "MultiPolygon", "coordinates": [ [ [ [ 17.16, 31.119 ], [ 17.366, 31.087 ], [ 17.467, 31.03 ], [ 17.849, 30.924 ], [ 17.927, 30.855 ], [ 18.175, 30.786 ], [ 18.324, 30.657 ], [ 18.653, 30.422 ], [ 18.926, 30.293 ], [ 19.057, 30.266 ], [ 19.339, 30.299 ], [ 19.616, 30.421 ], [ 19.749, 30.511 ], [ 20.036, 30.819 ], [ 20.147, 31.046 ], [ 20.147, 31.217 ], [ 20.022, 31.397 ], [ 19.921, 31.718 ], [ 19.94, 31.958 ], [ 20.072, 32.176 ], [ 20.262, 32.34 ], [ 20.563, 32.558 ], [ 20.797, 32.643 ], [ 21.097, 32.781 ], [ 21.287, 32.771 ], [ 21.455, 32.813 ], [ 21.609, 32.931 ], [ 21.716, 32.95 ], [ 21.877, 32.903 ], [ 22.15, 32.948 ], [ 22.207, 32.888 ], [ 22.379, 32.87 ], [ 22.514, 32.791 ], [ 23.086, 32.646 ], [ 23.096, 32.324 ], [ 23.244, 32.221 ], [ 23.405, 32.191 ], [ 23.67, 32.183 ], [ 23.999, 32.094 ], [ 24.091, 32.006 ], [ 24.546, 31.991 ], [ 24.67, 32.032 ], [ 24.982, 31.968 ], [ 25.022, 31.855 ], [ 25.151, 31.656 ], [ 25.098234988789432, 30.927901730435714 ], [ 24.908, 30.499 ], [ 24.908692100516852, 30.085488893668675 ], [ 24.812, 29.891 ], [ 24.805, 29.755 ], [ 24.707829267268728, 29.850279490519753 ], [ 24.647827257201044, 29.972465401930332 ], [ 24.303088435721186, 30.195018311999611 ], [ 23.844891267931494, 30.321568005960572 ], [ 23.371254903070056, 30.531646685650955 ], [ 22.702357089639001, 30.676459614331904 ], [ 22.219647327369167, 30.814376689266144 ], [ 21.419728292750584, 30.924710349213534 ], [ 20.688767795599119, 30.793689128026013 ], [ 20.123307788368741, 30.21443741330221 ], [ 19.83368193100684, 30.055832777127836 ], [ 19.144096556335647, 29.876540579713328 ], [ 17.544258487098485, 30.566125954384514 ], [ 17.413237265910958, 30.690251321825329 ], [ 17.102923847308922, 30.800584981772719 ], [ 15.958212125354743, 30.904022787973396 ], [ 15.654794560499418, 31.035044009160931 ], [ 15.247939189443414, 31.372940842749813 ], [ 15.034167723295345, 31.738421091325545 ], [ 14.979000893321651, 32.000463533700596 ], [ 14.827292110893987, 32.165964023621683 ], [ 14.634208205986052, 32.193547438608533 ], [ 14.254936249916899, 32.338360367289482 ], [ 13.83428917136747, 32.393527197263182 ], [ 13.392954531577907, 32.538340125944131 ], [ 12.234451102130304, 32.503860857210569 ], [ 11.220760601363656, 32.821070129559324 ], [ 10.441529127985209, 33.110695986921229 ], [ 10.117424001889749, 33.296884038082446 ], [ 9.658849727733404, 33.489967942990383 ], [ 9.431286554091912, 33.734770750998656 ], [ 8.810659716887837, 34.220928440141847 ], [ 7.755594093640917, 34.388152893499623 ], [ 7.822170299584701, 34.478938121150527 ], [ 8.061226562458677, 34.607660724236517 ], [ 8.263504938736656, 34.852846634876485 ], [ 8.171560222246663, 35.208366205304436 ], [ 8.269634586502654, 35.502589298072408 ], [ 8.171560222246665, 35.778423447542387 ], [ 8.165430574480666, 36.170720904566345 ], [ 8.269634586502654, 36.379128928610321 ], [ 8.478042610546634, 36.587536952654304 ], [ 8.545468735972626, 36.783685681166283 ], [ 8.498, 36.904 ], [ 8.603, 36.94 ], [ 8.802, 36.973 ], [ 8.988, 37.117 ], [ 9.211, 37.234 ], [ 9.343, 37.235 ], [ 9.666, 37.335 ], [ 9.859, 37.329 ], [ 9.772, 37.213 ], [ 9.808, 37.155 ], [ 9.925, 37.213 ], [ 9.882, 37.264 ], [ 10.051, 37.267 ], [ 10.272, 37.179 ], [ 10.174, 37.076 ], [ 10.22, 36.977 ], [ 10.347, 36.88 ], [ 10.272, 36.816 ], [ 10.32, 36.749 ], [ 10.437, 36.729 ], [ 10.538, 36.772 ], [ 10.567, 36.863 ], [ 10.733, 36.896 ], [ 10.893, 37.039 ], [ 11.051, 37.08 ], [ 11.136, 36.871 ], [ 11.022, 36.788 ], [ 10.8, 36.452 ], [ 10.519, 36.337 ], [ 10.48, 36.079 ], [ 10.609, 35.856 ], [ 10.744, 35.77 ], [ 10.841, 35.767 ], [ 10.841, 35.699 ], [ 11.055, 35.614 ], [ 11.042, 35.334 ], [ 11.161, 35.238 ], [ 10.918, 34.957 ], [ 10.916, 34.874 ], [ 10.597, 34.545 ], [ 10.432, 34.496 ], [ 10.127, 34.326 ], [ 10.005, 34.171 ], [ 10.049, 33.983 ], [ 10.163, 33.836 ], [ 10.33, 33.703 ], [ 10.489, 33.647 ], [ 10.717, 33.707 ], [ 10.737, 33.603 ], [ 10.674, 33.546 ], [ 10.717, 33.484 ], [ 10.909, 33.54 ], [ 10.978, 33.643 ], [ 11.108, 33.55 ], [ 11.09, 33.454 ], [ 11.171, 33.332 ], [ 11.18, 33.211 ], [ 11.505, 33.181 ], [ 11.636, 33.109 ], [ 11.847, 33.083 ], [ 12.122, 32.921 ], [ 12.348, 32.833 ], [ 12.73, 32.799 ], [ 13.074, 32.866 ], [ 13.165, 32.913 ], [ 13.352, 32.904 ], [ 13.571, 32.803 ], [ 13.787, 32.8 ], [ 14.176, 32.718 ], [ 14.469, 32.519 ], [ 14.727, 32.451 ], [ 14.911, 32.444 ], [ 15.196, 32.39 ], [ 15.283, 32.317 ], [ 15.37, 32.159 ], [ 15.37, 31.929 ], [ 15.49, 31.665 ], [ 15.623, 31.497 ], [ 15.761, 31.388 ], [ 16.045, 31.276 ], [ 16.359, 31.227 ], [ 16.728, 31.224 ], [ 17.16, 31.119 ] ] ] ] } },
{ "type": "Feature", "properties": { "id": "nepal", "colorId": "nepal", "name": "Непал", "parent": null }, "geometry": { "type": "MultiPolygon", "coordinates": [ [ [ [ 83.847814758690305, 27.784837815246586 ], [ 83.469469522610993, 27.89937792197605 ], [ 83.376542702050955, 28.163485727778262 ], [ 83.654772511550632, 28.548281678445086 ], [ 83.791004297176002, 28.610874661029708 ], [ 84.196017713900048, 28.662421823158226 ], [ 84.439025763934481, 28.540917798141013 ], [ 84.888222462482958, 28.412049892819727 ], [ 85.341101101183483, 28.22427094506585 ], [ 85.55097168984959, 28.073311398832342 ], [ 86.003850328550115, 28.018082296551786 ], [ 86.869106264278756, 28.021764236703827 ], [ 87.439806987844449, 27.878168570774392 ], [ 87.548424222329515, 27.640683430968014 ], [ 87.682967202214826, 27.278235489811582 ], [ 87.524013430204263, 27.019018569302006 ], [ 87.15813856621358, 26.874839879344364 ], [ 86.561664261583616, 26.911659280864733 ], [ 86.1492869645555, 27.066300767250279 ], [ 85.869459513000706, 27.13257568998694 ], [ 85.427626694756299, 27.338764338501001 ], [ 85.103615961377059, 27.375583740021369 ], [ 84.337772409753413, 27.618591790055795 ], [ 84.028489436982312, 27.662775071880237 ], [ 83.847814758690305, 27.784837815246586 ] ] ] ] } },
{ "type": "Feature", "properties": { "id": "benin1179", "colorId": "benin", "name": "Бенин", "parent": null }, "geometry": { "type": "MultiPolygon", "coordinates": [ [ [ [ 6.115951954789566, 7.385375913730056 ], [ 6.219309246774946, 7.195198496476957 ], [ 6.467366747539858, 6.963678162429705 ], [ 6.641006998075295, 6.471697452579296 ], [ 6.639973425155442, 5.96421314893108 ], [ 6.521112539372254, 5.715122075246315 ], [ 6.364009455554477, 5.467064574481403 ], [ 6.177966329980793, 5.239678532113567 ], [ 5.908203797898953, 5.149757688086288 ], [ 5.591930484423691, 5.203503479918686 ], [ 5.482371754919188, 5.147690542246581 ], [ 5.422424525567668, 5.195234896559856 ], [ 5.390197416046703, 5.159199134465504 ], [ 5.34, 5.344 ], [ 5.53, 5.386 ], [ 5.541, 5.51 ], [ 5.434, 5.396 ], [ 5.263, 5.437 ], [ 5.198, 5.501 ], [ 5.23, 5.583 ], [ 5.393, 5.561 ], [ 5.326, 5.605 ], [ 5.331, 5.725 ], [ 5.28, 5.617 ], [ 5.18, 5.583 ], [ 4.886, 6.007 ], [ 4.717, 6.164 ], [ 4.509, 6.314 ], [ 4.406, 6.359 ], [ 4.126, 6.41 ], [ 3.87, 6.432 ], [ 3.444, 6.41 ], [ 3.385, 6.445 ], [ 3.541, 6.455 ], [ 3.571, 6.509 ], [ 3.858, 6.602 ], [ 3.774, 6.622 ], [ 3.515, 6.527 ], [ 3.481, 6.602 ], [ 3.402, 6.552 ], [ 3.356865343725336, 6.715991013752063 ], [ 3.450141160910268, 7.035092493595251 ], [ 3.729968612465064, 7.393468001726832 ], [ 4.16198292363738, 7.560382621952499 ], [ 4.510539924696861, 7.727297242178166 ], [ 4.918007968188932, 7.869665594723588 ], [ 4.983156034629802, 7.80293937335099 ], [ 5.160930576844656, 7.807073665030406 ], [ 5.284959327227112, 7.68304491464795 ], [ 5.495808202877287, 7.571419039303739 ], [ 5.76867145371869, 7.546613289227248 ], [ 6.115951954789566, 7.385375913730056 ] ] ] ] } },
{ "type": "Feature", "properties": { "id": "mapuche", "colorId": null, "name": "мапуче", "parent": null }, "geometry": { "type": "MultiPolygon", "coordinates": [ [ [ [ -70.765036220706875, -38.154467980350447 ], [ -70.514339936060594, -37.136014323974941 ], [ -70.263643651414313, -36.383925470036104 ], [ -70.044284402348822, -35.506488473774134 ], [ -69.636902939798631, -34.817073690996871 ], [ -69.010162228182935, -34.284344086123532 ], [ -68.132725231920958, -33.986642248106079 ], [ -67.584327109257231, -33.383404313175973 ], [ -67.349299342401352, -32.560807129180368 ], [ -66.808735478632812, -32.082917336573402 ], [ -65.85295589341888, -32.012409006516641 ], [ -64.959850379366515, -32.161259925525364 ], [ -64.145087454266118, -32.607812682551547 ], [ -63.581020813811989, -33.218884876376848 ], [ -62.77409214760678, -33.908299659154117 ], [ -62.366710685056574, -34.629051477512164 ], [ -60.643173728113425, -35.036432940062369 ], [ -59.953758945336162, -35.537825509354917 ], [ -59.452366376043607, -35.992212525276301 ], [ -58.559260861991248, -36.148897703180225 ], [ -57.393, -35.863 ], [ -57.366, -35.988 ], [ -57.248, -36.17 ], [ -57.108, -36.282 ], [ -56.929, -36.364 ], [ -56.768, -36.344 ], [ -56.698, -36.396 ], [ -56.665, -36.851 ], [ -56.686, -36.928 ], [ -56.889, -37.162 ], [ -57.056, -37.413 ], [ -57.309, -37.645 ], [ -57.512, -37.872 ], [ -57.536, -38.084 ], [ -57.594, -38.153 ], [ -58.156, -38.43 ], [ -58.567, -38.559 ], [ -58.729, -38.588 ], [ -59.063, -38.694 ], [ -59.632, -38.784 ], [ -59.889, -38.838 ], [ -60.866, -38.976 ], [ -61.143, -39.001 ], [ -61.428, -38.983 ], [ -61.518, -39.011 ], [ -61.731, -38.968 ], [ -61.839, -38.981 ], [ -62.027, -38.938 ], [ -62.157, -38.81 ], [ -62.39, -38.815 ], [ -62.32, -38.961 ], [ -62.358, -39.102 ], [ -62.257, -39.256 ], [ -62.284, -39.311 ], [ -62.136, -39.436 ], [ -62.061, -39.447 ], [ -62.114, -39.821 ], [ -62.164, -39.859 ], [ -62.305, -39.811 ], [ -62.369, -40.211 ], [ -62.49, -40.308 ], [ -62.415, -40.462 ], [ -62.325, -40.502 ], [ -62.229, -40.659 ], [ -62.338, -40.873 ], [ -62.729, -41.041 ], [ -63.1, -41.155 ], [ -63.779, -41.159 ], [ -64.062, -40.999 ], [ -64.174, -41.009 ], [ -64.417, -40.911 ], [ -64.735, -40.83 ], [ -64.772, -40.737 ], [ -64.89, -40.706 ], [ -65.122, -40.834 ], [ -65.175, -41.01 ], [ -65.061, -41.448 ], [ -64.993, -41.553 ], [ -65.037, -41.665 ], [ -65.0, -41.793 ], [ -65.07, -41.986 ], [ -65.005, -42.093 ], [ -64.857, -42.194 ], [ -64.602, -42.422 ], [ -64.615, -42.515 ], [ -64.823, -42.627 ], [ -64.946, -42.654 ], [ -64.997, -42.785 ], [ -64.645, -42.925 ], [ -64.433, -42.976 ], [ -64.448, -43.069 ], [ -64.765, -43.147 ], [ -65.032, -43.299 ], [ -65.032, -43.378 ], [ -65.275, -43.587 ], [ -65.334, -43.673 ], [ -65.318, -43.832 ], [ -65.215, -44.137 ], [ -65.305, -44.24 ], [ -65.217, -44.366 ], [ -65.332, -44.461 ], [ -65.395, -44.594 ], [ -65.543, -44.62 ], [ -65.686, -44.713 ], [ -65.715, -44.87 ], [ -65.534, -44.934 ], [ -65.603, -45.028 ], [ -65.964, -45.042 ], [ -66.2, -44.993 ], [ -66.588, -45.139 ], [ -66.524, -45.216 ], [ -66.869, -45.236 ], [ -67.065, -45.35 ], [ -67.332, -45.613 ], [ -67.377, -45.794 ], [ -67.548, -45.933 ], [ -67.622, -46.164 ], [ -67.541, -46.401 ], [ -67.423, -46.567 ], [ -67.13, -46.707 ], [ -66.786, -47.007 ], [ -66.2, -47.09 ], [ -65.98, -47.066 ], [ -65.745, -47.204 ], [ -65.713, -47.341 ], [ -65.736, -47.51 ], [ -65.846, -47.742 ], [ -65.902, -47.77 ], [ -65.853, -47.88 ], [ -65.762, -47.912 ], [ -65.927, -47.941 ], [ -65.968, -48.047 ], [ -65.903, -48.079 ], [ -66.132, -48.136 ], [ -66.301, -48.252 ], [ -66.341, -48.353 ], [ -66.651, -48.431 ], [ -66.866, -48.59 ], [ -67.114, -48.674 ], [ -67.198, -48.818 ], [ -67.406, -48.904 ], [ -67.557, -49.016 ], [ -67.732, -49.781 ], [ -67.833, -49.955 ], [ -68.076, -50.087 ], [ -68.438, -50.201 ], [ -68.876, -50.331 ], [ -69.077, -50.56 ], [ -69.15, -50.742 ], [ -69.137, -50.903 ], [ -69.168, -50.978 ], [ -69.063, -51.321 ], [ -68.964, -51.501 ], [ -68.982, -51.572 ], [ -68.936, -51.646 ], [ -68.685, -52.005 ], [ -68.366, -52.306 ], [ -68.449, -52.347 ], [ -68.898, -52.304 ], [ -69.13, -52.208 ], [ -69.442, -52.252 ], [ -69.497, -52.385 ], [ -69.847, -52.487 ], [ -70.857, -52.734 ], [ -71.034, -53.81 ], [ -71.336, -53.88 ], [ -72.053, -53.707 ], [ -72.284, -53.581 ], [ -72.365, -53.537 ], [ -72.523, -53.544 ], [ -72.721, -53.462 ], [ -72.763, -53.388 ], [ -72.944, -53.353 ], [ -73.199, -53.241 ], [ -73.182, -53.186 ], [ -73.444, -52.982 ], [ -73.314, -52.934 ], [ -73.383, -52.845 ], [ -73.564, -52.797 ], [ -73.616, -52.749 ], [ -73.7, -52.715 ], [ -73.54, -52.055 ], [ -73.904, -51.612 ], [ -74.13, -51.188 ], [ -74.232, -51.036 ], [ -74.256, -50.939 ], [ -74.536, -50.296 ], [ -74.348, -50.086 ], [ -74.316, -49.719 ], [ -74.461, -49.02 ], [ -74.372, -48.719 ], [ -74.442, -48.182 ], [ -74.625, -48.004 ], [ -74.612, -47.568 ], [ -74.119, -46.988 ], [ -73.989, -46.56 ], [ -73.832, -46.578 ], [ -73.619, -46.102 ], [ -73.406, -45.026 ], [ -73.284, -44.174 ], [ -73.111, -43.461 ], [ -73.085, -43.316 ], [ -72.912, -43.235 ], [ -72.934, -43.098 ], [ -72.865, -43.019 ], [ -72.842, -42.838 ], [ -72.865, -42.621 ], [ -72.737, -42.014 ], [ -73.201, -41.785 ], [ -73.76, -41.749 ], [ -73.947, -40.973 ], [ -73.728, -40.544 ], [ -72.613921319973173, -40.943464147040281 ], [ -71.720815805920807, -40.645762309022828 ], [ -71.548462110226495, -39.580303099276144 ], [ -71.266428789999438, -38.812545727546919 ], [ -70.765036220706875, -38.154467980350447 ] ] ] ] } },
{ "type": "Feature", "properties": { "id": "jambi", "colorId": "jambi", "name": "Джамби", "parent": null }, "geometry": { "type": "MultiPolygon", "coordinates": [ [ [ [ 104.377, -1.032 ], [ 104.397, -1.191 ], [ 104.445, -1.305 ], [ 104.454, -1.531 ], [ 104.156181545800166, -1.566828541856381 ], [ 103.935514225905393, -1.787495861751163 ], [ 103.852763980944843, -1.966788059165673 ], [ 103.680367637277058, -2.097809280353199 ], [ 103.625200807303372, -1.970235986039028 ], [ 103.501075439862547, -1.866798179838349 ], [ 103.059740800072987, -1.680610128677127 ], [ 102.987334335732513, -1.639235006196856 ], [ 102.911479944518689, -1.492698114079228 ], [ 102.727015856794139, -1.416843722865397 ], [ 102.385671096331905, -1.041019693669597 ], [ 102.31326463199143, -0.878967130621867 ], [ 102.314988595428105, -0.708294750390746 ], [ 102.397738840388641, -0.501419137989388 ], [ 102.528760061576165, -0.377293770548574 ], [ 103.080428361313125, -0.673815481657186 ], [ 103.346, -0.696 ], [ 103.463, -0.758 ], [ 103.65, -0.943 ], [ 103.839, -1.033 ], [ 103.956, -0.977 ], [ 104.212, -1.073 ], [ 104.377, -1.032 ] ] ], [ [ [ 104.47, -0.332 ], [ 104.549, -0.398 ], [ 104.592, -0.484 ], [ 104.511, -0.614 ], [ 104.42, -0.575 ], [ 104.356, -0.662 ], [ 104.336, -0.543 ], [ 104.256, -0.476 ], [ 104.325, -0.365 ], [ 104.383, -0.401 ], [ 104.47, -0.332 ] ] ] ] } },
{ "type": "Feature", "properties": { "id": "hre_italy1477", "colorId": "germany", "name": null, "parent": "holy_roman1477" }, "geometry": { "type": "MultiPolygon", "coordinates": [ [ [ [ 8.181232213290595, 44.343470352775249 ], [ 8.091894303799734, 44.515445828545161 ], [ 7.893117455182566, 44.566815126502405 ], [ 7.893117455182566, 44.743257497746868 ], [ 8.205800138400583, 44.74325749774686 ], [ 8.46264662818681, 44.761125079645034 ], [ 8.638896528512173, 44.621050483294241 ], [ 8.415218664913548, 44.546491195428032 ], [ 8.237104810566494, 44.322813331829401 ], [ 8.181232213290595, 44.343470352775249 ] ] ], [ [ [ 9.736849891446402, 44.220567635698231 ], [ 9.65194431924624, 44.374941403334887 ], [ 9.56703874704608, 44.436690910389551 ], [ 9.32775940720926, 44.479143696489636 ], [ 9.11163613251794, 44.633517464126292 ], [ 9.154088918618021, 44.687548282799121 ], [ 9.304603342063762, 44.695266971180956 ], [ 9.300743997872846, 44.876656148154026 ], [ 9.27372858853643, 44.969280408736019 ], [ 9.39336825845484, 45.096638767036261 ], [ 9.54388268190058, 45.135232208945425 ], [ 9.713693826300904, 45.058045325127097 ], [ 9.864208249746644, 45.16610696247276 ], [ 10.003144640619636, 45.119794832181761 ], [ 10.068753491865216, 45.042607948363433 ], [ 10.207689882738208, 45.073482701890761 ], [ 10.434014557172546, 44.928102999795023 ], [ 10.520796071464131, 44.969114017811137 ], [ 10.286744851031466, 45.198789462916821 ], [ 10.377878321564856, 45.253119031888659 ], [ 10.462001525134138, 45.451159073624687 ], [ 10.728391669770197, 45.449406506883655 ], [ 10.825659123897182, 45.353891619497745 ], [ 11.443438900109104, 44.934151885021826 ], [ 11.319090822237683, 44.948686168750022 ], [ 10.993066425589705, 44.731930740994713 ], [ 10.931316918535043, 44.643165824603635 ], [ 10.931316918535043, 44.500370089539729 ], [ 10.850270690525797, 44.349855666093987 ], [ 10.852200362621256, 44.268809438084752 ], [ 10.803958560234793, 44.215743455459645 ], [ 10.805888232330258, 44.168466489120924 ], [ 10.663634846016619, 43.909494255656917 ], [ 10.470332988034688, 43.800877021171836 ], [ 10.354351873245529, 43.834014482540162 ], [ 10.264, 43.809 ], [ 10.158882150479718, 43.947382963982619 ], [ 10.106, 44.017 ], [ 9.99928541420655, 44.054615815859165 ], [ 10.003144640619636, 44.151099440261738 ], [ 9.736849891446402, 44.220567635698231 ] ] ], [ [ [ 8.414069139901153, 45.167612567828478 ], [ 8.437709438752798, 45.011336318371285 ], [ 8.146055411428568, 44.947617965707209 ], [ 7.958445801497758, 45.054823457096248 ], [ 7.962912696972301, 45.157562053010736 ], [ 8.020982338141362, 45.1999975600189 ], [ 8.242093664131245, 45.195530664544357 ], [ 8.414069139901153, 45.167612567828478 ] ] ] ] } },
{ "type": "Feature", "properties": { "id": "australians3000m", "colorId": null, "name": "австралийцы", "parent": null }, "geometry": { "type": "MultiPolygon", "coordinates": [ [ [ [ 148.808, -20.433 ], [ 148.655, -20.555 ], [ 148.71, -20.679 ], [ 148.854, -20.832 ], [ 148.971, -20.871 ], [ 149.027, -20.976 ], [ 149.151, -20.996 ], [ 149.231, -21.09 ], [ 149.196, -21.181 ], [ 149.226, -21.273 ], [ 149.293, -21.282 ], [ 149.341, -21.424 ], [ 149.395, -21.504 ], [ 149.478, -21.718 ], [ 149.435, -21.79 ], [ 149.483, -21.951 ], [ 149.609, -22.244 ], [ 149.924, -22.298 ], [ 149.99, -22.163 ], [ 150.054, -22.142 ], [ 150.216, -22.395 ], [ 150.3, -22.418 ], [ 150.535, -22.427 ], [ 150.568, -22.323 ], [ 150.76, -22.47 ], [ 150.783, -22.543 ], [ 150.826, -22.698 ], [ 150.774, -22.967 ], [ 150.764, -23.159 ], [ 150.787, -23.309 ], [ 150.814, -23.411 ], [ 150.937, -23.543 ], [ 151.126, -23.675 ], [ 151.187, -23.804 ], [ 151.278, -23.824 ], [ 151.448, -24.009 ], [ 151.692, -24.098 ], [ 151.811, -24.142 ], [ 151.933, -24.211 ], [ 152.059, -24.514 ], [ 152.15, -24.619 ], [ 152.306, -24.724 ], [ 152.405, -24.749 ], [ 152.491, -24.848 ], [ 152.506, -24.999 ], [ 152.677, -25.242 ], [ 152.914, -25.288 ], [ 152.966, -25.497 ], [ 152.905, -25.561 ], [ 152.943, -25.753 ], [ 153.021, -25.825 ], [ 153.028, -25.969 ], [ 153.25, -27.473 ], [ 153.315, -27.655 ], [ 153.446, -27.81 ], [ 153.449, -28.073 ], [ 153.591, -28.268 ], [ 153.576, -28.59 ], [ 153.631, -28.662 ], [ 153.606, -28.867 ], [ 153.051, -30.473 ], [ 152.988, -30.735 ], [ 153.028, -30.876 ], [ 153.086, -30.895 ], [ 153.06, -31.077 ], [ 152.981, -31.166 ], [ 152.935, -31.483 ], [ 152.845, -31.569 ], [ 152.747, -31.843 ], [ 152.609, -31.946 ], [ 152.51, -32.162 ], [ 152.565, -32.206 ], [ 152.54, -32.442 ], [ 152.402, -32.489 ], [ 152.188, -32.669 ], [ 152.198, -32.73 ], [ 152.109, -32.794 ], [ 151.834, -32.865 ], [ 151.341, -33.617 ], [ 151.281, -33.952 ], [ 151.232, -34.024 ], [ 150.925, -34.33 ], [ 150.873, -34.546 ], [ 150.897, -34.601 ], [ 150.834, -34.782 ], [ 150.729, -34.87 ], [ 150.241, -35.81 ], [ 150.153, -35.894 ], [ 150.123, -36.153 ], [ 150.142, -36.32 ], [ 150.079, -36.386 ], [ 150.066, -36.567 ], [ 149.904, -36.928 ], [ 149.944, -37.053 ], [ 149.876, -37.096 ], [ 149.998, -37.15 ], [ 150.054, -37.276 ], [ 149.951, -37.284 ], [ 149.985, -37.496 ], [ 149.779, -37.556 ], [ 149.667, -37.7 ], [ 149.479, -37.786 ], [ 148.786, -37.798 ], [ 148.306, -37.823 ], [ 147.917, -37.919 ], [ 147.589, -38.081 ], [ 146.483, -38.924 ], [ 146.182, -38.868 ], [ 146.092, -38.82 ], [ 145.921, -38.907 ], [ 145.809, -38.65 ], [ 145.571, -38.662 ], [ 145.514, -38.578 ], [ 144.945, -38.51 ], [ 144.653, -38.286 ], [ 144.402, -38.301 ], [ 144.053, -38.486 ], [ 143.845, -38.691 ], [ 143.705, -38.728 ], [ 143.537, -38.858 ], [ 143.334, -38.756 ], [ 143.242, -38.763 ], [ 143.06, -38.636 ], [ 142.81, -38.578 ], [ 142.654, -38.473 ], [ 142.398, -38.367 ], [ 142.225, -38.406 ], [ 141.947, -38.283 ], [ 141.762, -38.262 ], [ 141.618, -38.338 ], [ 141.654, -38.4 ], [ 141.371, -38.386 ], [ 141.375, -38.291 ], [ 140.951, -38.054 ], [ 140.714, -38.071 ], [ 140.602, -38.038 ], [ 140.36, -37.882 ], [ 140.241, -37.666 ], [ 140.11, -37.57 ], [ 140.114, -37.518 ], [ 139.988, -37.487 ], [ 139.742, -37.181 ], [ 139.788, -37.126 ], [ 139.672, -36.953 ], [ 139.785, -36.902 ], [ 139.864, -36.767 ], [ 139.854, -36.622 ], [ 139.567, -36.075 ], [ 138.918, -35.577 ], [ 138.746, -35.539 ], [ 138.531, -35.646 ], [ 138.202, -35.672 ], [ 138.107, -35.621 ], [ 138.123, -35.555 ], [ 138.030659574336539, -35.393115508307702 ], [ 137.890257434875366, -35.287813903711822 ], [ 137.671, -35.181 ], [ 137.561, -35.131 ], [ 137.403, -35.124 ], [ 137.239, -35.172 ], [ 137.169, -35.242 ], [ 137.04, -35.227 ], [ 136.874, -35.295 ], [ 136.647698500643997, -35.112311229385355 ], [ 136.303713258964137, -34.992969410843358 ], [ 135.965, -35.008 ], [ 135.822, -34.874 ], [ 135.741, -34.861 ], [ 135.633, -34.953 ], [ 135.604, -34.88 ], [ 135.43, -34.713 ], [ 135.389, -34.569 ], [ 135.346, -34.276 ], [ 135.273, -34.116 ], [ 135.26, -33.998 ], [ 135.19, -33.893 ], [ 135.071784978894954, -33.804254062283242 ], [ 134.841, -33.631 ], [ 134.868, -33.545 ], [ 134.814, -33.353 ], [ 134.677, -33.233 ], [ 134.446, -33.154 ], [ 134.334, -33.205 ], [ 134.279, -33.163 ], [ 134.191, -32.946 ], [ 134.074, -32.714 ], [ 133.854, -32.53 ], [ 133.896, -32.399 ], [ 133.826, -32.245 ], [ 133.692, -32.189 ], [ 133.552, -32.172 ], [ 133.412, -32.211 ], [ 133.148, -32.197 ], [ 133.056, -32.108 ], [ 132.977, -32.109 ], [ 132.798, -31.956 ], [ 132.587, -31.935 ], [ 132.476, -31.955 ], [ 132.483, -32.026 ], [ 132.234, -32.033 ], [ 132.078, -31.908 ], [ 131.783, -31.728 ], [ 131.536, -31.606 ], [ 131.178, -31.478 ], [ 130.834, -31.602 ], [ 130.157, -31.574 ], [ 128.99, -31.691 ], [ 128.655, -31.846 ], [ 128.017, -32.084 ], [ 127.766, -32.123 ], [ 127.532, -32.211 ], [ 127.289, -32.273 ], [ 127.053, -32.304 ], [ 126.678, -32.317 ], [ 126.372, -32.283 ], [ 126.186, -32.233 ], [ 125.87, -32.333 ], [ 125.537, -32.548 ], [ 125.338, -32.602 ], [ 125.0, -32.737 ], [ 124.902, -32.834 ], [ 124.709, -32.904 ], [ 124.357, -32.953 ], [ 124.117, -33.122 ], [ 124.008, -33.354 ], [ 123.952, -33.567 ], [ 123.757, -33.714 ], [ 123.739, -33.794 ], [ 123.527, -33.939 ], [ 123.344, -33.903 ], [ 123.267, -33.987 ], [ 123.147, -34.002 ], [ 123.085, -33.878 ], [ 122.575, -33.911 ], [ 122.56, -33.959 ], [ 122.312, -33.925 ], [ 122.258, -34.022 ], [ 122.074, -34.007 ], [ 122.106, -33.964 ], [ 122.016, -33.825 ], [ 121.813, -33.895 ], [ 121.628, -33.876 ], [ 121.533, -33.82 ], [ 121.334, -33.815 ], [ 121.166, -33.868 ], [ 120.572, -33.892 ], [ 120.423, -33.97 ], [ 120.002, -33.926 ], [ 119.806, -33.985 ], [ 119.572, -34.142 ], [ 119.475, -34.286 ], [ 119.484, -34.359 ], [ 119.385, -34.385 ], [ 119.402, -34.459 ], [ 119.27, -34.466 ], [ 119.261, -34.522 ], [ 119.117, -34.472 ], [ 118.84, -34.453 ], [ 118.875, -34.506 ], [ 118.727, -34.558 ], [ 118.757, -34.603 ], [ 118.613, -34.686 ], [ 118.48, -34.717 ], [ 118.387, -34.826 ], [ 118.385, -34.908 ], [ 118.168, -34.943 ], [ 118.12, -34.987 ], [ 117.849, -35.026 ], [ 117.949, -35.117 ], [ 117.684, -35.046 ], [ 117.62, -35.138 ], [ 117.36, -35.024 ], [ 117.172, -35.013 ], [ 116.845, -35.049 ], [ 116.736, -35.008 ], [ 116.638, -35.05 ], [ 116.465, -35.001 ], [ 116.375, -34.933 ], [ 116.096, -34.839 ], [ 115.979, -34.836 ], [ 115.934, -34.723 ], [ 115.745, -34.54 ], [ 115.335, -34.314 ], [ 115.165, -34.31 ], [ 115.119, -34.363 ], [ 115.018, -34.262 ], [ 114.971, -34.083 ], [ 114.957, -33.682 ], [ 114.989, -33.521 ], [ 115.119, -33.616 ], [ 115.283, -33.651 ], [ 115.434, -33.595 ], [ 115.667, -33.288 ], [ 115.675, -33.025 ], [ 115.601, -32.662 ], [ 115.63, -32.592 ], [ 115.749, -32.637 ], [ 115.757, -32.186 ], [ 115.744, -31.928 ], [ 115.68, -31.649 ], [ 115.455, -31.303 ], [ 115.313, -30.991 ], [ 115.181, -30.827 ], [ 115.101, -30.633 ], [ 114.975, -30.214 ], [ 114.943, -30.031 ], [ 114.967, -29.902 ], [ 114.946, -29.658 ], [ 114.979, -29.48 ], [ 114.832, -29.092 ], [ 114.653, -28.912 ], [ 114.577, -28.785 ], [ 114.59, -28.656 ], [ 114.531, -28.522 ], [ 114.31, -28.23 ], [ 114.166, -28.107 ], [ 114.097, -27.819 ], [ 114.144, -27.688 ], [ 114.013, -27.315 ], [ 113.764, -26.918 ], [ 113.591, -26.676 ], [ 113.629, -26.598 ], [ 113.812, -26.599 ], [ 113.887, -26.493 ], [ 114.104, -26.448 ], [ 114.234, -26.317 ], [ 114.192, -26.196 ], [ 114.259, -25.842 ], [ 114.155, -25.79 ], [ 113.802, -25.172 ], [ 113.713, -25.125 ], [ 113.611, -24.893 ], [ 113.604, -24.728 ], [ 113.439, -24.533 ], [ 113.391, -24.414 ], [ 113.385, -24.249 ], [ 113.433, -24.17 ], [ 113.415, -24.049 ], [ 113.599, -23.634 ], [ 113.75, -23.512 ], [ 113.782, -23.327 ], [ 113.748, -23.162 ], [ 113.812, -23.051 ], [ 113.76, -22.789 ], [ 113.659, -22.728 ], [ 113.647, -22.578 ], [ 113.898, -22.049 ], [ 114.011, -21.86 ], [ 114.159, -21.792 ], [ 114.647, -21.843 ], [ 114.929, -21.694 ], [ 115.105, -21.665 ], [ 115.455, -21.514 ], [ 115.603, -21.344 ], [ 115.806, -21.235 ], [ 115.937, -21.059 ], [ 116.152, -20.97 ], [ 116.219, -20.843 ], [ 116.435, -20.822 ], [ 116.587, -20.735 ], [ 116.82, -20.55 ], [ 116.787, -20.664 ], [ 116.88, -20.713 ], [ 117.154, -20.596 ], [ 117.198, -20.684 ], [ 117.354, -20.728 ], [ 117.911, -20.56 ], [ 117.941, -20.493 ], [ 118.136, -20.362 ], [ 118.369, -20.362 ], [ 118.606, -20.31 ], [ 118.702, -20.318 ], [ 118.832, -20.262 ], [ 118.975, -20.05 ], [ 119.118, -19.972 ], [ 119.212, -19.961 ], [ 119.567, -20.069 ], [ 119.802, -19.966 ], [ 120.238, -19.907 ], [ 120.954, -19.634 ], [ 121.194, -19.472 ], [ 121.519, -19.07 ], [ 121.824, -18.452 ], [ 121.91, -18.464 ], [ 122.324, -18.151 ], [ 122.361, -18.0 ], [ 122.17, -17.978 ], [ 122.207, -17.873 ], [ 122.205, -17.711 ], [ 122.143, -17.564 ], [ 122.172, -17.261 ], [ 122.276, -17.089 ], [ 122.473, -16.92 ], [ 122.571, -16.789 ], [ 122.759, -16.604 ], [ 122.886, -16.512 ], [ 122.916, -16.416 ], [ 123.54, -16.265 ], [ 123.595, -16.156 ], [ 123.724, -16.136 ], [ 123.828, -16.231 ], [ 123.911, -16.217 ], [ 124.126, -16.272 ], [ 124.223, -16.396 ], [ 124.342, -16.408 ], [ 124.404, -15.875 ], [ 124.377, -15.667 ], [ 124.418, -15.669 ], [ 124.39, -15.523 ], [ 124.473, -15.469 ], [ 124.664, -15.25 ], [ 124.863, -15.114 ], [ 125.0, -14.97 ], [ 125.266, -14.576 ], [ 125.356, -14.504 ], [ 125.501, -14.486 ], [ 125.584, -14.527 ], [ 126.061, -14.35 ], [ 126.063, -14.236 ], [ 126.191, -14.16 ], [ 126.294, -14.136 ], [ 126.432, -13.97 ], [ 126.83, -13.983 ], [ 126.747, -13.792 ], [ 126.953, -13.724 ], [ 127.072, -13.843 ], [ 127.13, -13.968 ], [ 127.237, -13.892 ], [ 127.333, -13.961 ], [ 127.344, -13.904 ], [ 127.489, -14.058 ], [ 127.666, -14.178 ], [ 127.874, -14.47 ], [ 128.175, -14.698 ], [ 128.396, -14.796 ], [ 128.532, -14.753 ], [ 128.749, -14.826 ], [ 129.051, -14.88 ], [ 129.221, -14.844 ], [ 129.410845724792239, -14.685116207842199 ], [ 129.358, -14.409 ], [ 129.373, -14.329 ], [ 129.493, -14.144 ], [ 129.547, -14.085 ], [ 129.718, -14.016 ], [ 129.715, -13.881 ], [ 129.789, -13.764 ], [ 129.838, -13.511 ], [ 129.891, -13.438 ], [ 130.119, -13.156 ], [ 130.13, -12.941 ], [ 130.319, -12.906 ], [ 130.352, -12.842 ], [ 130.354, -12.672 ], [ 130.448, -12.627 ], [ 130.559, -12.625 ], [ 130.62, -12.437 ], [ 130.674, -12.392 ], [ 130.898, -12.334 ], [ 131.0, -12.171 ], [ 131.106, -12.146 ], [ 131.232, -12.239 ], [ 131.328, -12.185 ], [ 131.493, -12.298 ], [ 131.784, -12.27 ], [ 131.905, -12.22 ], [ 132.046, -12.307 ], [ 132.216, -12.208 ], [ 132.38, -12.216 ], [ 132.44, -12.155 ], [ 132.577, -12.094 ], [ 132.627, -12.004 ], [ 132.651, -11.866 ], [ 132.593, -11.784 ], [ 132.495, -11.476 ], [ 132.37, -11.435 ], [ 132.085, -11.518 ], [ 131.926, -11.321 ], [ 131.768, -11.311 ], [ 131.847, -11.263 ], [ 131.882, -11.172 ], [ 131.982, -11.13 ], [ 132.115, -11.209 ], [ 132.272, -11.178 ], [ 132.941, -11.354 ], [ 133.185, -11.717 ], [ 133.364, -11.697 ], [ 133.324, -11.759 ], [ 133.59, -11.798 ], [ 133.803, -11.715 ], [ 133.939, -11.758 ], [ 134.068, -11.854 ], [ 134.429, -12.058 ], [ 134.594, -12.064 ], [ 134.769, -11.948 ], [ 134.861, -12.127 ], [ 134.967, -12.146 ], [ 135.07, -12.26 ], [ 135.258, -12.222 ], [ 135.223, -12.191 ], [ 135.366, -12.088 ], [ 135.588, -12.099 ], [ 135.732, -12.311 ], [ 135.889, -12.146 ], [ 135.935, -12.214 ], [ 136.06, -12.232 ], [ 136.18, -12.188 ], [ 136.3, -12.051 ], [ 136.451, -11.942 ], [ 136.691, -12.283 ], [ 136.766, -12.243 ], [ 136.761, -12.164 ], [ 136.876, -12.223 ], [ 136.928, -12.349 ], [ 136.69, -12.713 ], [ 136.567, -13.058 ], [ 136.478, -13.228 ], [ 136.388, -13.226 ], [ 136.159, -13.263 ], [ 136.086, -13.23 ], [ 135.978, -13.232 ], [ 135.883, -13.326 ], [ 135.965, -13.449 ], [ 135.855, -13.456 ], [ 135.845, -13.6 ], [ 135.901, -13.739 ], [ 136.053, -13.688 ], [ 135.991, -13.901 ], [ 135.923, -13.96 ], [ 135.909, -14.195 ], [ 135.759, -14.265 ], [ 135.532, -14.581 ], [ 135.523, -14.652 ], [ 135.378, -14.712 ], [ 135.47, -14.948 ], [ 135.861, -15.176 ], [ 135.952, -15.264 ], [ 136.24, -15.424 ], [ 136.268, -15.545 ], [ 136.417, -15.622 ], [ 136.529, -15.719 ], [ 136.595, -15.711 ], [ 136.723, -15.862 ], [ 136.705, -15.915 ], [ 136.907, -15.936 ], [ 136.992, -15.864 ], [ 137.198, -15.985 ], [ 137.361, -16.122 ], [ 137.746, -16.252 ], [ 137.867, -16.437 ], [ 138.184, -16.697 ], [ 138.493, -16.794 ], [ 138.657, -16.78 ], [ 138.753, -16.841 ], [ 139.037, -16.916 ], [ 139.158, -17.033 ], [ 139.142, -17.117 ], [ 139.209, -17.286 ], [ 139.274, -17.348 ], [ 139.439, -17.376 ], [ 139.641, -17.532 ], [ 139.925, -17.621 ], [ 140.0, -17.706 ], [ 140.24, -17.702 ], [ 140.507, -17.636 ], [ 140.755, -17.478 ], [ 140.833, -17.451 ], [ 140.96, -17.074 ], [ 140.947, -17.018 ], [ 141.084, -16.8 ], [ 141.199, -16.703 ], [ 141.304, -16.442 ], [ 141.35, -16.224 ], [ 141.431, -16.062 ], [ 141.379, -15.938 ], [ 141.487, -15.479 ], [ 141.639, -15.141 ], [ 141.666, -15.011 ], [ 141.604, -14.878 ], [ 141.522, -14.484 ], [ 141.592, -14.245 ], [ 141.584, -14.076 ], [ 141.485, -13.949 ], [ 141.474, -13.776 ], [ 141.527, -13.571 ], [ 141.693, -13.241 ], [ 141.636, -13.16 ], [ 141.585, -12.977 ], [ 141.755, -12.818 ], [ 141.82, -12.666 ], [ 141.811, -12.584 ], [ 141.694, -12.503 ], [ 141.595, -12.526 ], [ 141.967, -11.811 ], [ 142.132, -11.338 ], [ 142.145, -10.983 ], [ 142.175, -10.93 ], [ 142.323, -10.902 ], [ 142.449, -10.715 ], [ 142.54, -10.689 ], [ 142.615, -10.745 ], [ 142.666, -11.003 ], [ 142.742, -10.975 ], [ 142.801, -11.278 ], [ 142.87, -11.391 ], [ 142.821, -11.478 ], [ 142.873, -11.851 ], [ 142.992, -11.934 ], [ 143.123, -11.911 ], [ 143.204, -11.983 ], [ 143.086, -12.149 ], [ 143.077, -12.329 ], [ 143.253, -12.389 ], [ 143.323, -12.558 ], [ 143.434, -12.613 ], [ 143.495, -12.922 ], [ 143.527, -13.33 ], [ 143.53, -13.75 ], [ 143.783, -14.402 ], [ 143.941, -14.511 ], [ 144.162, -14.373 ], [ 144.185, -14.263 ], [ 144.304, -14.313 ], [ 144.448, -14.244 ], [ 144.479, -14.16 ], [ 144.633, -14.34 ], [ 144.619, -14.484 ], [ 144.678, -14.556 ], [ 144.886, -14.61 ], [ 144.942, -14.726 ], [ 145.031, -14.806 ], [ 145.223, -14.833 ], [ 145.277, -14.947 ], [ 145.346, -14.943 ], [ 145.247, -15.095 ], [ 145.274, -15.536 ], [ 145.434, -16.201 ], [ 145.462, -16.273 ], [ 145.4, -16.443 ], [ 145.968, -17.242 ], [ 146.071, -17.392 ], [ 146.068, -17.516 ], [ 146.148, -17.633 ], [ 146.084, -17.796 ], [ 146.114, -17.864 ], [ 146.004, -18.156 ], [ 146.024, -18.263 ], [ 146.183, -18.38 ], [ 146.214, -18.492 ], [ 146.339, -18.527 ], [ 146.277, -18.874 ], [ 146.447, -19.06 ], [ 146.655, -19.183 ], [ 146.746, -19.173 ], [ 146.905, -19.305 ], [ 147.01, -19.253 ], [ 147.134, -19.411 ], [ 147.421, -19.413 ], [ 147.445, -19.342 ], [ 147.55, -19.521 ], [ 147.599, -19.703 ], [ 147.684, -19.828 ], [ 147.785, -19.835 ], [ 147.859, -19.825 ], [ 147.949, -19.908 ], [ 148.072, -19.877 ], [ 148.13, -19.936 ], [ 148.279, -19.966 ], [ 148.437, -20.075 ], [ 148.56, -20.053 ], [ 148.611, -20.214 ], [ 148.683, -20.185 ], [ 148.683, -20.274 ], [ 148.757, -20.23 ], [ 148.849, -20.349 ], [ 148.808, -20.433 ] ] ], [ [ [ 151.028, -23.445 ], [ 151.195, -23.534 ], [ 151.27, -23.666 ], [ 151.298, -23.748 ], [ 151.214, -23.778 ], [ 150.98, -23.487 ], [ 151.028, -23.445 ] ] ] ] } },
{ "type": "Feature", "properties": { "id": "nogai", "colorId": "nogai", "name": "Ногайская орда", "parent": null }, "geometry": { "type": "MultiPolygon", "coordinates": [ [ [ [ 48.048131928599993, 50.099641595264863 ], [ 48.26919099670463, 50.57630021086549 ], [ 48.52479054420062, 50.907888813022446 ], [ 49.353762049593016, 51.274017894570754 ], [ 50.189641650863678, 51.350006949231719 ], [ 51.122234594430125, 51.633238880240789 ], [ 51.909757524552901, 51.750676510171388 ], [ 52.980512385684747, 51.605606496727724 ], [ 53.975278192155621, 51.522709346188478 ], [ 54.472661095391061, 51.667779359632149 ], [ 55.481243093618467, 51.819757468954073 ], [ 55.89572884631469, 51.729952222536561 ], [ 55.153108539400648, 50.693737840796103 ], [ 54.469207047451924, 49.574626308516372 ], [ 54.348315369582188, 48.431336440662676 ], [ 53.633327446181248, 47.284592524869858 ], [ 53.052, 46.898 ], [ 52.92, 46.957 ], [ 52.615, 46.95 ], [ 52.456, 47.001 ], [ 52.357, 46.894 ], [ 52.202, 46.885 ], [ 52.239, 46.807 ], [ 52.113, 46.813 ], [ 52.0, 46.891 ], [ 51.764, 46.916 ], [ 51.503, 47.061 ], [ 51.213, 47.121 ], [ 50.857, 47.04 ], [ 50.616, 46.936 ], [ 50.607, 46.868 ], [ 50.416, 46.882 ], [ 50.251, 46.742 ], [ 50.169, 46.749 ], [ 50.034, 46.635 ], [ 49.817, 46.54 ], [ 49.623, 46.583 ], [ 49.627, 46.519 ], [ 49.313, 46.562 ], [ 49.277772994932043, 46.687042231399495 ], [ 48.600779598861578, 47.30186276456552 ], [ 48.089580503869598, 47.971948064757711 ], [ 47.550749025364546, 48.517687639141037 ], [ 47.371138532529535, 49.056519117646097 ], [ 47.564565217121093, 49.553902020881537 ], [ 48.048131928599993, 50.099641595264863 ] ] ] ] } },
{ "type": "Feature", "properties": { "id": "manipur", "colorId": "manipur", "name": "Манипур", "parent": null }, "geometry": { "type": "MultiPolygon", "coordinates": [ [ [ [ 95.215232113810671, 24.455388554433632 ], [ 95.080762963447313, 24.558826362405448 ], [ 94.899746799496626, 24.889827347915258 ], [ 94.625636608371323, 25.143249977446207 ], [ 94.23774482847702, 25.200140771830704 ], [ 93.83950926778553, 24.977749484691302 ], [ 93.472305049485584, 24.977749484691302 ], [ 93.265429433541954, 24.750186307153307 ], [ 93.188748524278836, 24.362932811555204 ], [ 93.195644378025548, 23.997452562979472 ], [ 93.423207551667048, 23.590597191923468 ], [ 93.8236523838263, 23.326887676738526 ], [ 94.035128875592846, 23.915056669464231 ], [ 95.215232113810671, 24.455388554433632 ] ] ] ] } },
{ "type": "Feature", "properties": { "id": "mataram1586", "colorId": "mataram", "name": "Матарам", "parent": null }, "geometry": { "type": "MultiPolygon", "coordinates": [ [ [ [ 109.426, -7.774 ], [ 109.369, -7.713 ], [ 109.098, -7.687 ], [ 109.014, -7.733 ], [ 108.89, -7.679 ], [ 108.803931944879409, -7.695658388467193 ], [ 108.809028577172072, -7.547943178505281 ], [ 108.926758968745474, -7.269314585114866 ], [ 108.835, -6.788 ], [ 108.923, -6.845 ], [ 109.001, -6.789 ], [ 109.143, -6.856 ], [ 109.352, -6.876 ], [ 109.532, -6.835 ], [ 109.726, -6.863 ], [ 109.896, -6.918 ], [ 110.198, -6.891 ], [ 110.356, -6.973 ], [ 110.472, -6.946 ], [ 110.572, -6.836 ], [ 110.656747459756758, -6.842451690167892 ], [ 110.811580364050243, -7.028954961248694 ], [ 111.096613665136005, -7.11340927268151 ], [ 111.32886302157624, -7.2365718101877 ], [ 111.504809503727941, -7.2365718101877 ], [ 112.053762528041247, -7.444188659126705 ], [ 112.725878089860743, -7.479377955557045 ], [ 112.761, -7.531 ], [ 112.845, -7.593 ], [ 112.710499885161056, -7.627861611498261 ], [ 112.612059518895705, -7.741845193489715 ], [ 112.570610943626079, -8.114882370916293 ], [ 112.342, -8.333 ], [ 111.927, -8.303 ], [ 111.792, -8.257 ], [ 111.673, -8.368 ], [ 111.631, -8.324 ], [ 111.449, -8.313 ], [ 111.442, -8.276 ], [ 111.266, -8.249 ], [ 111.171, -8.283 ], [ 111.058, -8.255 ], [ 110.691, -8.176 ], [ 110.477, -8.112 ], [ 110.034, -7.885 ], [ 109.906, -7.838 ], [ 109.657, -7.782 ], [ 109.426, -7.774 ] ] ] ] } },
{ "type": "Feature", "properties": { "id": "oyo", "colorId": "oyo", "name": "Ойо", "parent": null }, "geometry": { "type": "MultiPolygon", "coordinates": [ [ [ [ 2.553210407430502, 7.594638390118924 ], [ 2.653550608043694, 7.253950864783714 ], [ 2.88783956605864, 7.130849886843658 ], [ 3.582764441526704, 7.388964840588939 ], [ 4.130762343324376, 7.651050793622608 ], [ 4.321370309167044, 7.794006768004609 ], [ 4.404761294223212, 8.000498731000834 ], [ 4.361080302050933, 8.195077696131891 ], [ 4.214153328380544, 8.266555683322892 ], [ 4.142675341189543, 8.401569659128116 ], [ 3.769401408080983, 8.619974619989506 ], [ 3.602619437968648, 8.560409630663672 ], [ 3.396127474972423, 8.619974619989506 ], [ 2.931520558230918, 8.540554634221728 ], [ 2.784593584560528, 8.445250651300393 ], [ 2.621782613736582, 8.191106696843505 ], [ 2.553210407430502, 7.594638390118924 ] ] ] ] } },
{ "type": "Feature", "properties": { "id": "maori", "colorId": null, "name": "маори", "parent": null }, "geometry": { "type": "MultiPolygon", "coordinates": [ [ [ [ 171.123, -42.592 ], [ 171.305, -42.295 ], [ 171.332, -42.147 ], [ 171.489, -41.83 ], [ 171.468, -41.766 ], [ 171.639, -41.758 ], [ 171.855, -41.665 ], [ 171.983, -41.466 ], [ 172.071, -41.414 ], [ 172.114, -41.251 ], [ 172.107, -40.887 ], [ 172.188, -40.805 ], [ 172.364, -40.716 ], [ 172.641, -40.51 ], [ 172.758, -40.518 ], [ 172.691, -40.648 ], [ 172.695, -40.75 ], [ 172.869, -40.847 ], [ 173.017, -40.797 ], [ 173.065, -40.887 ], [ 173.031, -41.017 ], [ 173.126, -41.312 ], [ 173.213, -41.302 ], [ 173.854, -40.926 ], [ 174.183, -40.973 ], [ 174.227, -41.065 ], [ 174.326, -41.009 ], [ 174.155, -41.221 ], [ 174.187, -41.262 ], [ 174.326, -41.216 ], [ 174.245, -41.322 ], [ 174.133, -41.32 ], [ 174.056, -41.425 ], [ 174.058, -41.517 ], [ 174.172, -41.578 ], [ 174.226, -41.723 ], [ 174.292, -41.73 ], [ 174.198, -41.876 ], [ 174.004, -42.031 ], [ 173.891, -42.241 ], [ 173.559, -42.491 ], [ 173.287, -42.954 ], [ 172.811, -43.169 ], [ 172.749, -43.28 ], [ 172.73, -43.415 ], [ 172.779, -43.558 ], [ 172.925, -43.68 ], [ 173.065, -43.648 ], [ 173.093, -43.854 ], [ 172.969, -43.903 ], [ 172.817, -43.881 ], [ 172.763, -43.793 ], [ 172.25, -43.881 ], [ 171.551, -44.167 ], [ 171.346, -44.279 ], [ 171.196, -44.567 ], [ 171.203, -44.906 ], [ 170.98, -45.155 ], [ 170.877, -45.356 ], [ 170.906, -45.403 ], [ 170.627, -45.706 ], [ 170.777, -45.78 ], [ 170.787, -45.863 ], [ 170.7, -45.908 ], [ 170.493, -45.923 ], [ 170.334, -45.982 ], [ 170.235, -46.154 ], [ 169.865, -46.378 ], [ 169.849, -46.468 ], [ 169.635, -46.578 ], [ 169.036, -46.682 ], [ 168.877, -46.644 ], [ 168.845, -46.56 ], [ 168.645, -46.602 ], [ 168.419, -46.602 ], [ 168.513, -46.56 ], [ 168.268, -46.526 ], [ 168.302, -46.478 ], [ 168.216, -46.354 ], [ 167.85, -46.397 ], [ 167.698, -46.189 ], [ 167.461, -46.148 ], [ 167.406, -46.251 ], [ 167.175, -46.273 ], [ 166.762, -46.22 ], [ 166.49, -46.013 ], [ 166.49, -45.808 ], [ 166.715, -45.576 ], [ 166.768, -45.41 ], [ 166.806, -45.346 ], [ 166.881, -45.28 ], [ 167.005, -45.15 ], [ 167.309, -44.875 ], [ 168.34, -44.118 ], [ 168.371, -44.039 ], [ 168.646, -43.965 ], [ 168.747, -44.01 ], [ 169.192, -43.759 ], [ 169.734, -43.566 ], [ 169.897, -43.394 ], [ 170.03, -43.346 ], [ 170.289, -43.107 ], [ 170.701, -42.955 ], [ 170.858, -42.843 ], [ 170.944, -42.734 ], [ 171.123, -42.592 ] ] ], [ [ [ 173.784, -40.907 ], [ 173.827, -40.766 ], [ 173.895, -40.796 ], [ 173.969, -40.723 ], [ 173.922, -40.867 ], [ 173.784, -40.907 ] ] ], [ [ [ 178.278, -37.559 ], [ 178.341, -37.618 ], [ 178.513, -37.652 ], [ 178.564, -37.718 ], [ 178.352, -38.002 ], [ 178.381, -38.079 ], [ 178.319, -38.266 ], [ 178.362, -38.317 ], [ 178.295, -38.54 ], [ 178.062, -38.716 ], [ 177.964, -38.761 ], [ 177.883, -39.086 ], [ 177.387, -39.077 ], [ 177.065, -39.199 ], [ 176.938, -39.349 ], [ 176.906, -39.448 ], [ 176.954, -39.608 ], [ 177.119, -39.667 ], [ 177.036, -39.754 ], [ 176.837, -40.178 ], [ 176.704, -40.29 ], [ 176.611, -40.485 ], [ 176.542, -40.486 ], [ 176.348, -40.697 ], [ 176.22, -40.933 ], [ 176.121, -41.011 ], [ 176.068, -41.14 ], [ 175.967, -41.247 ], [ 175.777, -41.372 ], [ 175.33, -41.61 ], [ 175.222, -41.614 ], [ 175.182, -41.418 ], [ 175.01, -41.386 ], [ 174.866, -41.42 ], [ 174.609, -41.292 ], [ 174.842, -41.044 ], [ 174.943, -40.971 ], [ 175.188, -40.569 ], [ 175.237, -40.286 ], [ 175.155, -40.085 ], [ 174.967, -39.916 ], [ 174.842, -39.862 ], [ 174.568, -39.827 ], [ 174.319, -39.614 ], [ 173.987, -39.542 ], [ 173.784, -39.393 ], [ 173.778, -39.208 ], [ 173.853, -39.134 ], [ 174.212, -38.973 ], [ 174.367, -38.976 ], [ 174.579, -38.839 ], [ 174.641, -38.635 ], [ 174.644, -38.463 ], [ 174.707, -38.289 ], [ 174.71, -38.105 ], [ 174.887, -37.986 ], [ 174.784, -37.967 ], [ 174.819, -37.825 ], [ 174.977, -37.804 ], [ 174.97, -37.735 ], [ 174.85, -37.765 ], [ 174.692, -37.329 ], [ 174.489, -37.015 ], [ 174.408, -36.761 ], [ 174.08, -36.4 ], [ 174.024, -36.268 ], [ 173.1, -35.22 ], [ 173.202, -35.058 ], [ 172.799, -34.551 ], [ 172.674, -34.48 ], [ 172.703, -34.412 ], [ 172.825, -34.446 ], [ 173.064, -34.398 ], [ 173.038, -34.522 ], [ 173.072, -34.699 ], [ 173.179, -34.794 ], [ 173.165, -34.845 ], [ 173.298, -34.909 ], [ 173.455, -34.816 ], [ 173.575, -34.928 ], [ 173.891, -35.001 ], [ 173.99, -35.119 ], [ 174.079, -35.117 ], [ 174.031, -35.227 ], [ 174.21, -35.343 ], [ 174.353, -35.199 ], [ 174.333, -35.288 ], [ 174.401, -35.323 ], [ 174.386, -35.419 ], [ 174.57, -35.594 ], [ 174.497, -35.988 ], [ 174.631, -36.055 ], [ 174.626, -36.107 ], [ 174.824, -36.277 ], [ 174.751, -36.354 ], [ 174.71, -36.542 ], [ 174.819, -36.824 ], [ 174.963, -36.934 ], [ 175.08, -36.885 ], [ 175.109, -36.974 ], [ 175.241, -36.942 ], [ 175.331, -37.021 ], [ 175.32, -37.129 ], [ 175.448, -37.225 ], [ 175.563, -37.18 ], [ 175.61, -37.252 ], [ 175.528, -36.962 ], [ 175.436, -36.865 ], [ 175.511, -36.775 ], [ 175.502, -36.654 ], [ 175.357, -36.53 ], [ 175.44, -36.475 ], [ 175.562, -36.552 ], [ 175.642, -36.767 ], [ 175.852, -36.718 ], [ 175.704, -36.845 ], [ 175.828, -36.826 ], [ 175.916, -37.08 ], [ 175.884, -37.137 ], [ 176.004, -37.461 ], [ 175.997, -37.632 ], [ 176.272, -37.683 ], [ 176.519, -37.762 ], [ 176.718, -37.878 ], [ 177.136, -37.982 ], [ 177.438, -37.977 ], [ 177.557, -37.914 ], [ 177.739, -37.676 ], [ 177.992, -37.591 ], [ 177.992, -37.543 ], [ 178.278, -37.559 ] ] ], [ [ [ 175.183, -36.825 ], [ 175.059, -36.817 ], [ 175.169, -36.741 ], [ 175.183, -36.825 ] ] ], [ [ [ 175.334, -36.132 ], [ 175.42, -36.072 ], [ 175.531, -36.176 ], [ 175.538, -36.282 ], [ 175.523, -36.352 ], [ 175.334, -36.224 ], [ 175.334, -36.132 ] ] ] ] } },
{ "type": "Feature", "properties": { "id": "melanesia1200m", "colorId": null, "name": "Меланезия", "parent": null }, "geometry": { "type": "MultiPolygon", "coordinates": [ [ [ [ -178.293, -17.883 ], [ -178.239, -17.934 ], [ -178.352, -17.946 ], [ -178.293, -17.883 ] ] ], [ [ [ -178.911, -17.215 ], [ -178.981, -17.295 ], [ -178.965, -17.177 ], [ -178.911, -17.215 ] ] ], [ [ [ -179.916, -16.695 ], [ -179.821, -16.78 ], [ -179.872, -16.864 ], [ -180.0, -16.964 ], [ -180.0, -16.787 ], [ -179.916, -16.695 ] ] ], [ [ [ 157.622, -8.796 ], [ 157.477, -8.74 ], [ 157.55, -8.692 ], [ 157.615, -8.734 ], [ 157.622, -8.796 ] ] ], [ [ [ 158.208, -8.679 ], [ 158.229, -8.775 ], [ 158.154, -8.797 ], [ 158.208, -8.679 ] ] ], [ [ [ 157.9, -8.562 ], [ 158.057, -8.528 ], [ 158.135, -8.567 ], [ 158.068, -8.605 ], [ 158.106, -8.691 ], [ 158.013, -8.765 ], [ 157.879, -8.683 ], [ 157.9, -8.562 ] ] ], [ [ [ 157.348, -8.413 ], [ 157.414, -8.498 ], [ 157.359, -8.577 ], [ 157.312, -8.696 ], [ 157.201, -8.566 ], [ 157.348, -8.413 ] ] ], [ [ [ 157.627, -8.378 ], [ 157.567, -8.276 ], [ 157.345, -8.275 ], [ 157.228, -8.317 ], [ 157.222, -8.224 ], [ 157.317, -8.186 ], [ 157.383, -8.032 ], [ 157.503, -7.96 ], [ 157.612, -8.066 ], [ 157.613, -8.169 ], [ 157.667, -8.241 ], [ 157.746, -8.229 ], [ 157.838, -8.337 ], [ 157.903, -8.499 ], [ 157.886, -8.583 ], [ 157.797, -8.562 ], [ 157.578, -8.436 ], [ 157.627, -8.378 ] ] ], [ [ [ 157.167, -8.167 ], [ 157.208, -8.289 ], [ 157.098, -8.159 ], [ 157.167, -8.167 ] ] ], [ [ [ 156.611, -8.073 ], [ 156.578, -8.187 ], [ 156.532, -7.949 ], [ 156.611, -8.073 ] ] ], [ [ [ 157.002, -7.875 ], [ 157.091, -7.851 ], [ 157.191, -7.953 ], [ 157.202, -8.048 ], [ 157.146, -8.149 ], [ 157.105, -8.125 ], [ 157.002, -8.087 ], [ 156.947, -7.98 ], [ 157.002, -7.875 ] ] ], [ [ [ 156.516, -7.72 ], [ 156.504, -7.63 ], [ 156.611, -7.569 ], [ 156.685, -7.666 ], [ 156.807, -7.72 ], [ 156.66, -7.939 ], [ 156.619, -7.813 ], [ 156.516, -7.72 ] ] ], [ [ [ 158.379, -7.563 ], [ 158.486, -7.61 ], [ 158.362, -7.638 ], [ 158.379, -7.563 ] ] ], [ [ [ 158.365, -7.548 ], [ 158.266, -7.488 ], [ 158.435, -7.528 ], [ 158.365, -7.548 ] ] ], [ [ [ 157.776, -7.408 ], [ 157.797, -7.473 ], [ 157.679, -7.448 ], [ 157.776, -7.408 ] ] ], [ [ [ 157.476, -7.412 ], [ 157.612, -7.404 ], [ 157.619, -7.452 ], [ 157.476, -7.412 ] ] ], [ [ [ 155.817, -7.021 ], [ 155.858, -7.093 ], [ 155.735, -7.124 ], [ 155.674, -7.076 ], [ 155.735, -6.966 ], [ 155.817, -7.021 ] ] ], [ [ [ 156.488, -6.603 ], [ 156.67, -6.675 ], [ 156.78, -6.776 ], [ 157.043, -6.897 ], [ 157.12, -6.981 ], [ 157.153, -7.124 ], [ 157.386, -7.323 ], [ 157.53, -7.333 ], [ 157.442, -7.414 ], [ 157.201, -7.337 ], [ 157.104, -7.332 ], [ 157.057, -7.268 ], [ 156.928, -7.209 ], [ 156.687, -6.897 ], [ 156.461, -6.733 ], [ 156.488, -6.603 ] ] ], [ [ [ 155.182, -6.292 ], [ 154.979, -6.193 ], [ 154.96, -6.131 ], [ 154.756, -5.948 ], [ 154.7, -5.767 ], [ 154.77, -5.559 ], [ 154.698, -5.452 ], [ 154.733, -5.427 ], [ 154.892, -5.555 ], [ 155.018, -5.541 ], [ 155.192, -5.766 ], [ 155.213, -5.87 ], [ 155.279, -5.884 ], [ 155.404, -6.006 ], [ 155.452, -6.137 ], [ 155.569, -6.211 ], [ 155.623, -6.191 ], [ 155.759, -6.344 ], [ 155.813, -6.365 ], [ 155.917, -6.518 ], [ 155.933, -6.641 ], [ 155.968, -6.727 ], [ 155.912, -6.809 ], [ 155.816, -6.782 ], [ 155.718, -6.873 ], [ 155.524, -6.839 ], [ 155.361, -6.746 ], [ 155.187, -6.554 ], [ 155.235, -6.363 ], [ 155.182, -6.292 ] ] ], [ [ [ 154.536, -5.137 ], [ 154.624, -5.013 ], [ 154.679, -5.047 ], [ 154.727, -5.211 ], [ 154.689, -5.427 ], [ 154.632, -5.459 ], [ 154.536, -5.137 ] ] ], [ [ [ 167.419, -22.645 ], [ 167.45, -22.538 ], [ 167.521, -22.57 ], [ 167.507, -22.671 ], [ 167.419, -22.645 ] ] ], [ [ [ 165.837, -21.402 ], [ 165.908, -21.378 ], [ 166.055, -21.459 ], [ 166.219, -21.597 ], [ 166.37, -21.659 ], [ 166.573, -21.875 ], [ 166.778, -22.015 ], [ 166.874, -22.035 ], [ 167.034, -22.237 ], [ 167.013, -22.316 ], [ 166.916, -22.396 ], [ 166.753, -22.387 ], [ 166.712, -22.316 ], [ 166.506, -22.234 ], [ 166.437, -22.308 ], [ 166.432, -22.172 ], [ 166.35, -22.2 ], [ 166.219, -22.152 ], [ 166.116, -22.028 ], [ 166.061, -21.903 ], [ 166.003, -21.964 ], [ 165.764, -21.811 ], [ 165.725, -21.72 ], [ 165.678, -21.761 ], [ 165.291, -21.577 ], [ 165.117, -21.398 ], [ 164.986, -21.302 ], [ 164.972, -21.35 ], [ 164.834, -21.183 ], [ 164.807, -21.082 ], [ 164.719, -21.066 ], [ 164.657, -20.946 ], [ 164.519, -20.891 ], [ 164.366, -20.758 ], [ 164.287, -20.576 ], [ 164.193, -20.526 ], [ 164.171, -20.339 ], [ 163.995, -20.264 ], [ 164.056, -20.228 ], [ 163.992, -20.083 ], [ 164.244, -20.285 ], [ 164.316, -20.235 ], [ 164.496, -20.3 ], [ 164.581, -20.391 ], [ 164.725, -20.473 ], [ 164.828, -20.583 ], [ 165.062, -20.734 ], [ 165.218, -20.764 ], [ 165.328, -20.928 ], [ 165.413, -20.949 ], [ 165.407, -21.055 ], [ 165.615, -21.206 ], [ 165.623, -21.268 ], [ 165.781, -21.316 ], [ 165.837, -21.402 ] ] ], [ [ [ 167.185, -20.788 ], [ 167.044, -20.768 ], [ 167.059, -20.716 ], [ 167.213, -20.672 ], [ 167.308, -20.731 ], [ 167.285, -20.902 ], [ 167.386, -20.942 ], [ 167.432, -21.028 ], [ 167.423, -21.148 ], [ 167.331, -21.164 ], [ 167.268, -21.091 ], [ 167.146, -21.073 ], [ 167.021, -20.912 ], [ 167.133, -20.89 ], [ 167.185, -20.788 ] ] ], [ [ [ 166.63, -20.596 ], [ 166.575, -20.685 ], [ 166.494, -20.713 ], [ 166.637, -20.425 ], [ 166.579, -20.55 ], [ 166.63, -20.596 ] ] ], [ [ [ 167.813, -16.42 ], [ 167.844, -16.458 ], [ 167.744, -16.546 ], [ 167.622, -16.494 ], [ 167.501, -16.587 ], [ 167.385, -16.368 ], [ 167.375, -16.193 ], [ 167.322, -16.115 ], [ 167.233, -16.17 ], [ 167.147, -16.083 ], [ 167.185, -15.891 ], [ 167.336, -15.909 ], [ 167.424, -16.112 ], [ 167.535, -16.163 ], [ 167.813, -16.42 ] ] ], [ [ [ 167.206, -15.751 ], [ 167.072, -15.676 ], [ 167.127, -15.622 ], [ 167.234, -15.642 ], [ 167.206, -15.751 ] ] ], [ [ [ 167.054, -14.96 ], [ 167.089, -15.141 ], [ 167.139, -15.146 ], [ 167.165, -15.333 ], [ 167.233, -15.524 ], [ 167.141, -15.536 ], [ 167.053, -15.592 ], [ 166.946, -15.577 ], [ 166.793, -15.656 ], [ 166.616, -15.385 ], [ 166.65, -15.265 ], [ 166.523, -14.832 ], [ 166.556, -14.646 ], [ 166.61, -14.635 ], [ 166.737, -14.83 ], [ 166.802, -15.152 ], [ 166.92, -15.156 ], [ 166.963, -15.104 ], [ 166.965, -14.951 ], [ 167.054, -14.96 ] ] ], [ [ [ 167.489, -13.708 ], [ 167.581, -13.849 ], [ 167.453, -13.919 ], [ 167.389, -13.804 ], [ 167.489, -13.708 ] ] ], [ [ [ 160.003, -11.461 ], [ 160.504, -11.736 ], [ 160.582, -11.795 ], [ 160.483, -11.845 ], [ 160.38, -11.777 ], [ 160.271, -11.633 ], [ 160.168, -11.653 ], [ 160.024, -11.601 ], [ 159.963, -11.521 ], [ 160.003, -11.461 ] ] ], [ [ [ 166.924, -11.641 ], [ 166.984, -11.71 ], [ 166.843, -11.713 ], [ 166.767, -11.633 ], [ 166.806, -11.592 ], [ 166.924, -11.641 ] ] ], [ [ [ 166.055, -10.767 ], [ 165.934, -10.776 ], [ 165.862, -10.869 ], [ 165.756, -10.812 ], [ 165.753, -10.752 ], [ 165.878, -10.657 ], [ 166.027, -10.647 ], [ 166.148, -10.694 ], [ 166.055, -10.767 ] ] ], [ [ [ 162.101, -10.821 ], [ 161.792, -10.735 ], [ 161.637, -10.631 ], [ 161.49, -10.42 ], [ 161.511, -10.365 ], [ 161.285, -10.324 ], [ 161.292, -10.226 ], [ 161.396, -10.204 ], [ 161.502, -10.251 ], [ 161.735, -10.405 ], [ 161.836, -10.447 ], [ 162.114, -10.456 ], [ 162.278, -10.68 ], [ 162.272, -10.814 ], [ 162.375, -10.824 ], [ 162.101, -10.821 ] ] ], [ [ [ 160.799, -9.884 ], [ 160.645, -9.937 ], [ 160.433, -9.889 ], [ 160.32, -9.815 ], [ 160.031, -9.824 ], [ 159.836, -9.794 ], [ 159.723, -9.707 ], [ 159.599, -9.512 ], [ 159.616, -9.295 ], [ 159.709, -9.248 ], [ 159.94, -9.433 ], [ 160.366, -9.413 ], [ 160.504, -9.536 ], [ 160.654, -9.611 ], [ 160.673, -9.698 ], [ 160.785, -9.727 ], [ 160.826, -9.837 ], [ 160.799, -9.884 ] ] ], [ [ [ 161.395, -9.413 ], [ 161.415, -9.386 ], [ 161.545, -9.605 ], [ 161.559, -9.789 ], [ 161.395, -9.649 ], [ 161.395, -9.413 ] ] ], [ [ [ 160.366, -9.186 ], [ 160.254, -9.159 ], [ 160.315, -9.062 ], [ 160.414, -9.132 ], [ 160.366, -9.186 ] ] ], [ [ [ 159.041, -9.057 ], [ 159.167, -9.018 ], [ 159.1, -9.118 ], [ 159.041, -9.057 ] ] ], [ [ [ 160.097, -9.057 ], [ 160.148, -8.99 ], [ 160.295, -9.039 ], [ 160.264, -9.132 ], [ 160.097, -9.057 ] ] ], [ [ [ 161.299, -9.581 ], [ 161.237, -9.448 ], [ 160.868, -9.152 ], [ 160.764, -8.947 ], [ 160.654, -8.604 ], [ 160.72, -8.553 ], [ 160.594, -8.385 ], [ 160.601, -8.325 ], [ 160.703, -8.365 ], [ 160.747, -8.31 ], [ 160.997, -8.604 ], [ 160.942, -8.692 ], [ 160.947, -8.814 ], [ 161.169, -8.975 ], [ 161.202, -9.138 ], [ 161.381, -9.509 ], [ 161.361, -9.618 ], [ 161.299, -9.581 ] ] ], [ [ [ 159.689, -8.508 ], [ 159.636, -8.529 ], [ 159.539, -8.459 ], [ 159.558, -8.389 ], [ 159.644, -8.4 ], [ 159.689, -8.508 ] ] ], [ [ [ 159.797, -8.392 ], [ 159.859, -8.511 ], [ 159.825, -8.542 ], [ 159.627, -8.358 ], [ 159.345, -8.261 ], [ 159.12, -8.117 ], [ 158.846, -7.973 ], [ 158.58, -7.741 ], [ 158.585, -7.669 ], [ 158.455, -7.576 ], [ 158.452, -7.532 ], [ 158.606, -7.586 ], [ 158.752, -7.593 ], [ 158.872, -7.734 ], [ 159.127, -7.92 ], [ 159.168, -7.905 ], [ 159.432, -8.032 ], [ 159.842, -8.326 ], [ 159.797, -8.392 ] ] ], [ [ [ 168.127, -21.622 ], [ 168.035, -21.658 ], [ 167.864, -21.604 ], [ 167.892, -21.542 ], [ 167.808, -21.384 ], [ 167.905, -21.393 ], [ 167.988, -21.336 ], [ 168.008, -21.453 ], [ 168.137, -21.432 ], [ 168.127, -21.622 ] ] ], [ [ [ 169.83, -20.253 ], [ 169.738, -20.209 ], [ 169.84, -20.141 ], [ 169.899, -20.192 ], [ 169.83, -20.253 ] ] ], [ [ [ 169.436, -19.657 ], [ 169.358, -19.636 ], [ 169.219, -19.49 ], [ 169.243, -19.342 ], [ 169.337, -19.315 ], [ 169.366, -19.47 ], [ 169.433, -19.493 ], [ 169.502, -19.528 ], [ 169.436, -19.657 ] ] ], [ [ [ 178.307, -18.997 ], [ 178.195, -19.047 ], [ 178.107, -19.155 ], [ 177.951, -19.13 ], [ 178.041, -19.061 ], [ 178.119, -19.07 ], [ 178.191, -18.977 ], [ 178.345, -18.925 ], [ 178.43, -18.955 ], [ 178.497, -19.013 ], [ 178.341, -19.048 ], [ 178.307, -18.997 ] ] ], [ [ [ 169.038, -18.629 ], [ 169.152, -18.636 ], [ 169.193, -18.787 ], [ 169.337, -18.935 ], [ 169.275, -18.999 ], [ 168.987, -18.877 ], [ 168.989, -18.691 ], [ 169.038, -18.629 ] ] ], [ [ [ 179.901, -18.659 ], [ 179.831, -18.589 ], [ 179.943, -18.556 ], [ 179.901, -18.659 ] ] ], [ [ [ 179.35, -18.119 ], [ 179.233, -17.945 ], [ 179.345, -17.999 ], [ 179.35, -18.119 ] ] ], [ [ [ 178.348, -17.44 ], [ 178.376, -17.498 ], [ 178.573, -17.618 ], [ 178.568, -17.755 ], [ 178.635, -17.853 ], [ 178.591, -17.898 ], [ 178.677, -18.011 ], [ 178.711, -17.992 ], [ 178.664, -18.088 ], [ 178.438, -18.147 ], [ 178.403, -18.101 ], [ 178.277, -18.146 ], [ 178.168, -18.248 ], [ 177.859, -18.266 ], [ 177.827, -18.234 ], [ 177.336, -18.106 ], [ 177.252, -17.952 ], [ 177.282, -17.852 ], [ 177.435, -17.743 ], [ 177.389, -17.641 ], [ 177.515, -17.505 ], [ 177.833, -17.366 ], [ 177.978, -17.397 ], [ 178.151, -17.347 ], [ 178.19, -17.301 ], [ 178.286, -17.384 ], [ 178.245, -17.444 ], [ 178.348, -17.44 ] ] ], [ [ [ 178.823, -17.729 ], [ 178.768, -17.747 ], [ 178.776, -17.629 ], [ 178.823, -17.729 ] ] ], [ [ [ 168.309, -17.794 ], [ 168.287, -17.711 ], [ 168.175, -17.741 ], [ 168.179, -17.656 ], [ 168.267, -17.559 ], [ 168.453, -17.546 ], [ 168.55, -17.691 ], [ 168.54, -17.797 ], [ 168.396, -17.824 ], [ 168.309, -17.794 ] ] ], [ [ [ 179.379, -17.249 ], [ 179.452, -17.29 ], [ 179.383, -17.391 ], [ 179.379, -17.249 ] ] ], [ [ [ 180.0, -16.785 ], [ 180.0, -16.963 ], [ 179.917, -16.999 ], [ 179.895, -16.939 ], [ 180.0, -16.785 ] ] ], [ [ [ 168.12, -16.709 ], [ 168.144, -16.573 ], [ 168.247, -16.69 ], [ 168.481, -16.8 ], [ 168.474, -16.848 ], [ 168.333, -16.787 ], [ 168.192, -16.814 ], [ 168.12, -16.709 ] ] ], [ [ [ 179.471, -16.274 ], [ 179.554, -16.273 ], [ 179.764, -16.181 ], [ 179.856, -16.231 ], [ 180.0, -16.149 ], [ 180.0, -16.169 ], [ 179.851, -16.291 ], [ 179.738, -16.459 ], [ 179.598, -16.54 ], [ 179.489, -16.708 ], [ 179.548, -16.766 ], [ 179.723, -16.604 ], [ 179.939, -16.463 ], [ 179.953, -16.5 ], [ 179.849, -16.662 ], [ 179.942, -16.753 ], [ 179.726, -16.718 ], [ 179.565, -16.792 ], [ 179.297, -16.807 ], [ 179.351, -16.731 ], [ 179.266, -16.69 ], [ 179.065, -16.799 ], [ 179.027, -16.923 ], [ 178.884, -16.858 ], [ 178.801, -16.978 ], [ 178.705, -16.999 ], [ 178.602, -16.78 ], [ 178.512, -16.814 ], [ 178.572, -16.615 ], [ 178.704, -16.667 ], [ 178.965, -16.471 ], [ 179.24, -16.398 ], [ 179.404, -16.408 ], [ 179.376, -16.361 ], [ 179.471, -16.274 ] ] ], [ [ [ 167.921, -16.259 ], [ 168.07, -16.18 ], [ 168.172, -16.08 ], [ 168.231, -16.228 ], [ 168.321, -16.283 ], [ 168.288, -16.344 ], [ 168.182, -16.348 ], [ 168.14, -16.362 ], [ 167.921, -16.259 ] ] ], [ [ [ 168.188, -15.971 ], [ 168.12, -15.663 ], [ 168.155, -15.463 ], [ 168.186, -15.518 ], [ 168.268, -15.949 ], [ 168.188, -15.971 ] ] ], [ [ [ 167.804, -15.32 ], [ 168.002, -15.282 ], [ 167.939, -15.392 ], [ 167.839, -15.485 ], [ 167.682, -15.433 ], [ 167.804, -15.32 ] ] ], [ [ [ 168.179, -15.395 ], [ 168.131, -15.395 ], [ 168.13, -15.158 ], [ 168.096, -14.98 ], [ 168.141, -14.96 ], [ 168.192, -15.206 ], [ 168.179, -15.395 ] ] ], [ [ [ 167.397, -14.3 ], [ 167.407, -14.195 ], [ 167.515, -14.141 ], [ 167.603, -14.189 ], [ 167.526, -14.32 ], [ 167.397, -14.3 ] ] ] ] } },
{ "type": "Feature", "properties": { "id": "new_spain1589", "colorId": "spain", "name": null, "parent": "spain" }, "geometry": { "type": "MultiPolygon", "coordinates": [ [ [ [ -81.664, 7.397 ], [ -81.588, 7.335 ], [ -81.746, 7.349 ], [ -81.883, 7.517 ], [ -81.739, 7.644 ], [ -81.671, 7.51 ], [ -81.719, 7.453 ], [ -81.664, 7.397 ] ] ], [ [ [ -78.97, 8.305 ], [ -78.971, 8.458 ], [ -78.892, 8.458 ], [ -78.836, 8.398 ], [ -78.858, 8.296 ], [ -78.97, 8.305 ] ] ], [ [ [ -86.531, 16.356 ], [ -86.312, 16.413 ], [ -86.607, 16.285 ], [ -86.531, 16.356 ] ] ], [ [ [ -87.905, 18.153 ], [ -87.849, 18.134 ], [ -87.913, 18.026 ], [ -87.966, 17.914 ], [ -87.905, 18.153 ] ] ], [ [ [ -86.937, 20.547 ], [ -86.749, 20.592 ], [ -86.797, 20.477 ], [ -86.995, 20.261 ], [ -87.008, 20.436 ], [ -86.937, 20.547 ] ] ], [ [ [ -83.356, 15.23 ], [ -83.254, 15.045 ], [ -83.13, 14.997 ], [ -83.18, 14.986 ], [ -83.287, 14.826 ], [ -83.299, 14.771 ], [ -83.192, 14.387 ], [ -83.219, 14.25 ], [ -83.431, 13.957 ], [ -83.494, 13.738 ], [ -83.57, 13.287 ], [ -83.508, 12.903 ], [ -83.541, 12.581 ], [ -83.492, 12.4 ], [ -83.617, 12.348 ], [ -83.686, 12.137 ], [ -83.679, 12.009 ], [ -83.836, 11.871 ], [ -83.743, 11.805 ], [ -83.7, 11.85 ], [ -83.653, 11.612 ], [ -83.761, 11.557 ], [ -83.794, 11.444 ], [ -83.868, 11.375 ], [ -83.837, 11.143 ], [ -83.696, 10.937 ], [ -83.687, 10.938 ], [ -83.665, 10.935 ], [ -83.624, 10.903 ], [ -83.609, 10.746 ], [ -83.575, 10.768 ], [ -83.466, 10.495 ], [ -83.204, 10.129 ], [ -83.085, 10.002 ], [ -83.026, 10.005 ], [ -82.95, 9.868 ], [ -82.772, 9.661 ], [ -82.636, 9.635 ], [ -82.574, 9.576 ], [ -82.369, 9.415 ], [ -82.351, 9.207 ], [ -82.25, 9.172 ], [ -82.246, 9.014 ], [ -82.098, 8.931 ], [ -81.959, 8.932 ], [ -81.904, 8.971 ], [ -81.937, 9.138 ], [ -81.815, 9.117 ], [ -81.539, 8.813 ], [ -81.304, 8.782 ], [ -81.088, 8.809 ], [ -80.822, 8.891 ], [ -80.727, 8.997 ], [ -80.408, 9.142 ], [ -80.293, 9.151 ], [ -80.101, 9.222 ], [ -79.944, 9.364 ], [ -79.875, 9.343 ], [ -79.691, 9.496 ], [ -79.63, 9.608 ], [ -79.533, 9.624 ], [ -79.194, 9.54 ], [ -78.971, 9.573 ], [ -79.055, 9.532 ], [ -79.058, 9.458 ], [ -78.903, 9.423 ], [ -78.561, 9.438 ], [ -78.438, 9.404 ], [ -78.208, 9.29 ], [ -78.025, 9.226 ], [ -77.89, 9.077 ], [ -77.878, 9.119 ], [ -77.744, 8.964 ], [ -77.71, 8.881 ], [ -77.629, 8.844 ], [ -77.477, 8.67 ], [ -77.374, 8.665 ], [ -77.489, 8.474 ], [ -77.422, 8.456 ], [ -77.363, 8.272 ], [ -77.324, 8.261 ], [ -77.169, 7.935 ], [ -77.322, 7.881 ], [ -77.38, 7.774 ], [ -77.34, 7.707 ], [ -77.613, 7.537 ], [ -77.74, 7.719 ], [ -77.771, 7.669 ], [ -77.734, 7.552 ], [ -77.82, 7.477 ], [ -77.896, 7.235 ], [ -78.014, 7.341 ], [ -78.01, 7.383 ], [ -78.166, 7.513 ], [ -78.174, 7.575 ], [ -78.292, 7.691 ], [ -78.329, 7.843 ], [ -78.395, 7.917 ], [ -78.434, 8.046 ], [ -78.286, 8.081 ], [ -78.237, 8.154 ], [ -78.306, 8.254 ], [ -78.45, 8.391 ], [ -78.532, 8.576 ], [ -78.504, 8.634 ], [ -78.604, 8.665 ], [ -78.874, 8.891 ], [ -79.083, 8.989 ], [ -79.273, 9.019 ], [ -79.482, 8.998 ], [ -79.559, 8.914 ], [ -79.704, 8.87 ], [ -79.756, 8.796 ], [ -79.739, 8.716 ], [ -79.826, 8.639 ], [ -79.774, 8.58 ], [ -80.081, 8.372 ], [ -80.225, 8.301 ], [ -80.386, 8.311 ], [ -80.47, 8.221 ], [ -80.456, 8.036 ], [ -80.349, 7.989 ], [ -80.3, 7.883 ], [ -80.144, 7.753 ], [ -80.052, 7.637 ], [ -79.995, 7.503 ], [ -80.018, 7.457 ], [ -80.259, 7.425 ], [ -80.358, 7.382 ], [ -80.348, 7.318 ], [ -80.445, 7.246 ], [ -80.848, 7.219 ], [ -80.93, 7.256 ], [ -80.896, 7.328 ], [ -80.946, 7.556 ], [ -81.035, 7.68 ], [ -81.165, 7.789 ], [ -81.218, 7.726 ], [ -81.195, 7.639 ], [ -81.526, 7.711 ], [ -81.588, 7.804 ], [ -81.677, 8.068 ], [ -81.774, 8.123 ], [ -82.116, 8.233 ], [ -82.197, 8.202 ], [ -82.225, 8.34 ], [ -82.512, 8.276 ], [ -82.659, 8.323 ], [ -82.809, 8.296 ], [ -82.877, 8.219 ], [ -82.849, 8.068 ], [ -82.898, 8.035 ], [ -82.968, 8.221 ], [ -83.151, 8.369 ], [ -83.1, 8.431 ], [ -83.171, 8.637 ], [ -83.24, 8.624 ], [ -83.384, 8.74 ], [ -83.482, 8.713 ], [ -83.405, 8.589 ], [ -83.287, 8.542 ], [ -83.287, 8.377 ], [ -83.462, 8.443 ], [ -83.576, 8.445 ], [ -83.74, 8.624 ], [ -83.668, 8.683 ], [ -83.588, 8.835 ], [ -83.63, 9.035 ], [ -83.787, 9.199 ], [ -83.918, 9.295 ], [ -84.179, 9.398 ], [ -84.208, 9.465 ], [ -84.458, 9.526 ], [ -84.522, 9.519 ], [ -84.678, 9.651 ], [ -84.635, 9.783 ], [ -84.734, 9.967 ], [ -84.898, 10.015 ], [ -85.09, 10.172 ], [ -85.176, 10.166 ], [ -85.254, 10.241 ], [ -85.226, 10.089 ], [ -85.145, 9.999 ], [ -84.911, 9.905 ], [ -84.865, 9.823 ], [ -85.063, 9.665 ], [ -85.118, 9.555 ], [ -85.276, 9.782 ], [ -85.44, 9.865 ], [ -85.639, 9.905 ], [ -85.779, 10.08 ], [ -85.875, 10.355 ], [ -85.776, 10.447 ], [ -85.782, 10.543 ], [ -85.701, 10.562 ], [ -85.665, 10.779 ], [ -85.909, 10.886 ], [ -85.829, 10.949 ], [ -85.711, 10.928 ], [ -85.746, 11.021 ], [ -85.702, 11.081 ], [ -85.786, 11.112 ], [ -85.928, 11.311 ], [ -86.336, 11.611 ], [ -86.496, 11.759 ], [ -86.69, 12.024 ], [ -86.798, 12.219 ], [ -87.002, 12.341 ], [ -87.345, 12.619 ], [ -87.463, 12.786 ], [ -87.647, 12.872 ], [ -87.667, 12.982 ], [ -87.584, 13.057 ], [ -87.435, 12.922 ], [ -87.314, 12.982 ], [ -87.269, 13.029 ], [ -87.419, 13.111 ], [ -87.512, 13.287 ], [ -87.379, 13.372 ], [ -87.447, 13.42 ], [ -87.482, 13.359 ], [ -87.599, 13.384 ], [ -87.619, 13.451 ], [ -87.721, 13.359 ], [ -87.817, 13.407 ], [ -87.874, 13.365 ], [ -87.798, 13.266 ], [ -87.928, 13.159 ], [ -88.208, 13.16 ], [ -88.435, 13.184 ], [ -88.527, 13.198 ], [ -88.786, 13.245 ], [ -89.251, 13.472 ], [ -89.527, 13.494 ], [ -89.68, 13.535 ], [ -89.808, 13.527 ], [ -89.837, 13.597 ], [ -90.098, 13.731 ], [ -90.401, 13.859 ], [ -90.707, 13.929 ], [ -90.91, 13.911 ], [ -91.316, 13.956 ], [ -91.552, 14.057 ], [ -91.763, 14.18 ], [ -92.246, 14.546 ], [ -92.7, 14.999 ], [ -92.84, 15.182 ], [ -92.983, 15.266 ], [ -93.229, 15.502 ], [ -93.656, 15.839 ], [ -93.964, 15.998 ], [ -94.44, 16.187 ], [ -94.701, 16.196 ], [ -94.806, 16.237 ], [ -95.233, 16.158 ], [ -95.353, 16.079 ], [ -95.434, 15.975 ], [ -95.96, 15.828 ], [ -96.237, 15.683 ], [ -96.431, 15.696 ], [ -96.556, 15.659 ], [ -96.845, 15.733 ], [ -97.022, 15.807 ], [ -97.161, 15.904 ], [ -97.266, 15.936 ], [ -97.773, 15.979 ], [ -98.172, 16.209 ], [ -98.445, 16.278 ], [ -98.582, 16.361 ], [ -98.777, 16.555 ], [ -98.857, 16.528 ], [ -99.374, 16.668 ], [ -99.605, 16.683 ], [ -99.741, 16.731 ], [ -99.992, 16.91 ], [ -101.059, 17.264 ], [ -101.182, 17.413 ], [ -101.456, 17.526 ], [ -101.496, 17.614 ], [ -101.644, 17.668 ], [ -101.672, 17.74 ], [ -101.811, 17.89 ], [ -102.037, 17.991 ], [ -102.191, 17.916 ], [ -102.597, 18.049 ], [ -102.742, 18.067 ], [ -103.024, 18.186 ], [ -103.362, 18.267 ], [ -103.498, 18.333 ], [ -103.575, 18.492 ], [ -103.71, 18.601 ], [ -103.7, 18.654 ], [ -103.98, 18.875 ], [ -104.332, 19.022 ], [ -104.304, 19.082 ], [ -104.636, 19.159 ], [ -104.807, 19.229 ], [ -105.017, 19.368 ], [ -105.088, 19.561 ], [ -105.251, 19.666 ], [ -105.526, 20.032 ], [ -105.553, 20.201 ], [ -105.699, 20.407 ], [ -105.576, 20.488 ], [ -105.329, 20.514 ], [ -105.234, 20.636 ], [ -105.362, 20.763 ], [ -105.478, 20.751 ], [ -105.455, 20.867 ], [ -105.31, 21.031 ], [ -105.234, 21.061 ], [ -105.216, 21.204 ], [ -105.243, 21.342 ], [ -105.2, 21.493 ], [ -105.414, 21.601 ], [ -105.632, 21.956 ], [ -105.655, 22.256 ], [ -105.733, 22.504 ], [ -105.8, 22.638 ], [ -105.943, 22.782 ], [ -106.032, 22.83 ], [ -106.22, 23.052 ], [ -106.43, 23.23 ], [ -106.523, 23.408 ], [ -106.612, 23.469 ], [ -106.813, 23.7 ], [ -106.902, 23.847 ], [ -107.036, 23.981 ], [ -107.378, 24.207 ], [ -107.404, 24.253 ], [ -107.775, 24.477 ], [ -107.937, 24.639 ], [ -107.995, 24.648 ], [ -108.036, 24.785 ], [ -108.05, 24.823 ], [ -108.156, 24.883 ], [ -108.284, 25.107 ], [ -108.386, 25.162 ], [ -108.451, 25.269 ], [ -108.78, 25.433 ], [ -108.888, 25.49 ], [ -109.035, 25.465 ], [ -109.116, 25.536 ], [ -109.131, 25.583 ], [ -109.171, 25.649 ], [ -109.301, 25.659 ], [ -109.288, 25.717 ], [ -109.441, 25.793 ], [ -109.433, 26.022 ], [ -109.225, 26.334 ], [ -109.256, 26.498 ], [ -108.495365256891048, 26.766684254423133 ], [ -107.899541987390265, 26.818494973510155 ], [ -107.417702299880929, 26.748550502742674 ], [ -106.951405828097691, 26.756322110605726 ], [ -106.469566140588384, 26.932478555501611 ], [ -105.889286086813712, 27.50239646545888 ], [ -105.707948570009123, 27.875433642885458 ], [ -105.811570008183168, 28.253651892220741 ], [ -105.863380727270197, 28.813207658360607 ], [ -105.707948570009123, 29.269141986326424 ], [ -105.4644381903001, 29.564463085122465 ], [ -105.498115157706664, 29.911594903005529 ], [ -105.669090530693865, 30.134380995079745 ], [ -107.189735135898019, 31.813048293499335 ], [ -107.373130752149194, 32.141958762400201 ], [ -107.63723877218807, 32.55462754371095 ], [ -107.794052909086147, 33.016816578778979 ], [ -107.785799533459937, 34.007221653924766 ], [ -107.472171259663781, 34.832559216546258 ], [ -107.026488975848181, 35.492829266643454 ], [ -106.688100575173365, 35.88073792107555 ], [ -106.279558481675735, 35.913751423580415 ], [ -105.908156578496062, 35.75693728668233 ], [ -105.813242758794587, 35.509336017895883 ], [ -105.941170081000919, 35.113173987837563 ], [ -105.990690334758213, 34.584957947759811 ], [ -106.312571984180579, 33.578046121361595 ], [ -106.370345613564083, 33.289177974444073 ], [ -106.188771349787359, 32.793975436871179 ], [ -106.007197086010635, 32.529867416832303 ], [ -105.264393279651301, 32.001651376754531 ], [ -104.455562468282238, 31.291861072900048 ], [ -104.150187570112294, 30.846178789084451 ], [ -103.754025540053973, 30.136388485229972 ], [ -103.853497613369839, 29.780490310678697 ], [ -104.084026801914334, 29.435935932101405 ], [ -104.302161948063969, 29.232673636825595 ], [ -104.460805690718246, 28.796403344526297 ], [ -104.465763307676198, 28.355175435269057 ], [ -104.426102372012622, 27.859413739474402 ], [ -104.207967225862973, 27.60161765766118 ], [ -104.064196334082538, 27.27441493843671 ], [ -103.687417445278612, 27.244669236689031 ], [ -103.052842474661446, 27.115771195782422 ], [ -102.18030189006285, 27.095940727950634 ], [ -101.555642153361589, 27.175262599277779 ], [ -101.030134755819262, 27.125686429698312 ], [ -100.554203527856387, 26.8579751139692 ], [ -100.12289085251507, 26.401874353838107 ], [ -100.038611364229979, 25.653274193188185 ], [ -99.294968820537989, 24.661750801598874 ], [ -98.757067380600802, 24.121370553182711 ], [ -98.333191130696363, 24.190777190593963 ], [ -97.717, 24.008 ], [ -97.722, 23.739 ], [ -97.769, 23.26 ], [ -97.742, 22.972 ], [ -97.891, 22.596 ], [ -97.85, 22.535 ], [ -97.774, 22.253 ], [ -97.761, 22.096 ], [ -97.61, 21.836 ], [ -97.316, 21.561 ], [ -97.338, 21.055 ], [ -97.197, 20.81 ], [ -97.151, 20.647 ], [ -97.034, 20.515 ], [ -96.676, 20.158 ], [ -96.456, 19.869 ], [ -96.36, 19.537 ], [ -96.278, 19.315 ], [ -96.157, 19.225 ], [ -96.088, 19.115 ], [ -95.977, 19.058 ], [ -95.942, 18.939 ], [ -95.844, 18.833 ], [ -95.959, 18.856 ], [ -95.807, 18.752 ], [ -95.568, 18.683 ], [ -95.728, 18.757 ], [ -95.495, 18.707 ], [ -95.208, 18.709 ], [ -95.003, 18.555 ], [ -94.808, 18.524 ], [ -94.581, 18.19 ], [ -94.467, 18.144 ], [ -94.207, 18.19 ], [ -93.861, 18.307 ], [ -93.767, 18.281 ], [ -93.684, 18.355 ], [ -93.593, 18.345 ], [ -93.58, 18.416 ], [ -93.445, 18.442 ], [ -93.101, 18.443 ], [ -92.856, 18.466 ], [ -92.696, 18.616 ], [ -92.405, 18.671 ], [ -92.06, 18.702 ], [ -91.948, 18.691 ], [ -91.822560450920776, 18.677942181618938 ], [ -91.603182108012689, 18.774468652498495 ], [ -91.431, 18.88 ], [ -91.162, 19.016 ], [ -90.936, 19.163 ], [ -90.73, 19.376 ], [ -90.709, 19.687 ], [ -90.665, 19.782 ], [ -90.478, 19.922 ], [ -90.497, 20.067 ], [ -90.474, 20.409 ], [ -90.49, 20.534 ], [ -90.449, 20.742 ], [ -90.332, 21.032 ], [ -90.099, 21.164 ], [ -89.786, 21.285 ], [ -89.123, 21.363 ], [ -88.703, 21.459 ], [ -88.605, 21.534 ], [ -88.448, 21.575 ], [ -88.283, 21.557 ], [ -88.129, 21.616 ], [ -87.962, 21.6 ], [ -87.71, 21.537 ], [ -87.811, 21.521 ], [ -87.502, 21.499 ], [ -87.493, 21.468 ], [ -87.238, 21.443 ], [ -87.135, 21.558 ], [ -87.272, 21.561 ], [ -87.134, 21.619 ], [ -86.998, 21.566 ], [ -86.925, 21.446 ], [ -86.828, 21.433 ], [ -86.815, 21.205 ], [ -86.742, 21.164 ], [ -86.823, 21.02 ], [ -86.875, 20.855 ], [ -87.067, 20.619 ], [ -87.235, 20.493 ], [ -87.444, 20.191 ], [ -87.475, 19.876 ], [ -87.742, 19.615 ], [ -87.66, 19.568 ], [ -87.674, 19.506 ], [ -87.565, 19.568 ], [ -87.441, 19.554 ], [ -87.433, 19.492 ], [ -87.656, 19.373 ], [ -87.688, 19.242 ], [ -87.639, 19.221 ], [ -87.567, 19.317 ], [ -87.481, 19.32 ], [ -87.606, 19.02 ], [ -87.662, 18.767 ], [ -87.723, 18.681 ], [ -87.771, 18.406 ], [ -87.845, 18.197 ], [ -87.866, 18.328 ], [ -87.935, 18.443 ], [ -88.078, 18.499 ], [ -88.002, 18.69 ], [ -88.036, 18.875 ], [ -88.138, 18.762 ], [ -88.304, 18.481 ], [ -88.384, 18.385 ], [ -88.092, 18.372 ], [ -88.092, 18.118 ], [ -88.208, 17.882 ], [ -88.214, 17.773 ], [ -88.283, 17.58 ], [ -88.167, 17.512 ], [ -88.231, 17.497 ], [ -88.286, 17.34 ], [ -88.301, 17.178 ], [ -88.217, 16.955 ], [ -88.283, 16.891 ], [ -88.306, 16.653 ], [ -88.393, 16.552 ], [ -88.386, 16.49 ], [ -88.536, 16.274 ], [ -88.65, 16.286 ], [ -88.74, 16.23 ], [ -88.746, 16.155 ], [ -88.928, 15.984 ], [ -88.914, 15.894 ], [ -88.787, 15.859 ], [ -88.598, 15.706 ], [ -88.55, 15.839 ], [ -88.489, 15.847 ], [ -88.62, 15.953 ], [ -88.221, 15.726 ], [ -88.145, 15.685 ], [ -87.951, 15.867 ], [ -87.722, 15.923 ], [ -87.617, 15.895 ], [ -87.51, 15.799 ], [ -87.345, 15.85 ], [ -87.152, 15.797 ], [ -86.879, 15.764 ], [ -86.471, 15.804 ], [ -86.338, 15.781 ], [ -86.207, 15.874 ], [ -85.995, 15.901 ], [ -85.919, 16.004 ], [ -85.692, 15.972 ], [ -85.489, 15.87 ], [ -85.254, 15.884 ], [ -85.076, 15.986 ], [ -85.0, 15.988 ], [ -84.677, 15.876 ], [ -84.681, 15.794 ], [ -84.477, 15.779 ], [ -84.642, 15.863 ], [ -84.295, 15.811 ], [ -83.894, 15.485 ], [ -84.004, 15.538 ], [ -84.089, 15.483 ], [ -84.083, 15.36 ], [ -83.922, 15.248 ], [ -83.822, 15.271 ], [ -83.988, 15.352 ], [ -83.994, 15.422 ], [ -83.775, 15.286 ], [ -83.769, 15.219 ], [ -83.634, 15.256 ], [ -83.623, 15.296 ], [ -83.528, 15.284 ], [ -83.555, 15.168 ], [ -83.482, 15.216 ], [ -83.517, 15.29 ], [ -83.548, 15.292 ], [ -83.725, 15.376 ], [ -83.703, 15.402 ], [ -83.356, 15.23 ] ] ] ] } },
{ "type": "Feature", "properties": { "id": "iroquios", "colorId": null, "name": "ирокезы", "parent": null }, "geometry": { "type": "MultiPolygon", "coordinates": [ [ [ [ -75.88, 36.301 ], [ -75.786, 36.082 ], [ -75.722, 35.829 ], [ -75.725, 35.698 ], [ -75.784, 35.576 ], [ -75.886, 35.637 ], [ -76.065, 35.384 ], [ -76.497, 35.312 ], [ -76.44, 34.939 ], [ -76.325, 34.976 ], [ -76.336, 34.899 ], [ -76.523, 34.732 ], [ -76.616, 34.816 ], [ -76.702, 34.726 ], [ -77.137, 34.682 ], [ -77.379, 34.527 ], [ -77.668, 34.376 ], [ -78.032, 33.892 ], [ -78.385, 33.923 ], [ -78.763, 33.779 ], [ -79.133, 33.417 ], [ -79.183, 33.241 ], [ -79.183, 33.184 ], [ -79.491, 32.991 ], [ -81.457989309750474, 33.521716011375815 ], [ -83.162088478618614, 34.01874493562903 ], [ -85.140016808297503, 34.698512745848383 ], [ -86.322377168356937, 36.359447537360424 ], [ -86.547588665511114, 38.189290951738101 ], [ -86.322377168356937, 39.990982928971505 ], [ -85.6590671218907, 40.953481831161902 ], [ -84.653175251378258, 41.367672601372924 ], [ -84.102893228097912, 41.551099942466365 ], [ -83.523026149802504, 41.8942865806412 ], [ -82.386960037223744, 41.740444294562828 ], [ -79.008346754502512, 42.941597528174754 ], [ -79.179940073589933, 43.21969704531643 ], [ -79.144438007571836, 43.503713573461127 ], [ -77.108986222534881, 43.53921563947921 ], [ -76.748048551351005, 44.113165706771618 ], [ -75.990671142965169, 44.373514190904253 ], [ -75.848662878892824, 44.527356476982625 ], [ -75.18595764655521, 44.923796214184591 ], [ -74.713, 44.999 ], [ -74.435794845397339, 45.115717965286187 ], [ -74.277758539296784, 44.916403337025677 ], [ -73.744789251914142, 44.898871452572301 ], [ -73.271428371672997, 44.933935221479054 ], [ -72.640280531351465, 45.284572910546572 ], [ -71.717799908038913, 46.108990667779828 ], [ -71.232061430485402, 45.975911632833665 ], [ -70.59328206274381, 45.969257681086347 ], [ -69.731457794404818, 46.285526048169707 ], [ -68.942637147872787, 46.634936535895307 ], [ -68.370874531594538, 46.889053254241198 ], [ -67.656171261246712, 47.042582104908504 ], [ -65.368, 47.088 ], [ -64.825, 47.089 ], [ -64.806, 46.985 ], [ -64.906, 46.887 ], [ -64.751, 46.67 ], [ -64.717, 46.556 ], [ -64.514, 46.239 ], [ -64.093, 46.033 ], [ -63.806, 45.889 ], [ -63.492, 45.883 ], [ -63.288, 45.724 ], [ -63.065, 45.759 ], [ -63.101, 45.811 ], [ -62.777, 45.765 ], [ -62.47, 45.614 ], [ -61.924, 45.889 ], [ -61.894, 45.704 ], [ -61.62, 45.614 ], [ -61.471, 45.683 ], [ -61.267, 45.443 ], [ -61.483, 45.375 ], [ -60.999, 45.333 ], [ -60.969, 45.272 ], [ -61.12, 45.213 ], [ -62.058, 44.975 ], [ -62.234, 44.959 ], [ -62.467, 44.841 ], [ -63.549, 44.473 ], [ -63.793, 44.468 ], [ -63.929, 44.511 ], [ -64.041, 44.523 ], [ -64.306, 44.566 ], [ -64.354, 44.456 ], [ -64.275, 44.415 ], [ -64.333, 44.299 ], [ -64.561, 44.08 ], [ -64.839, 43.83 ], [ -65.129, 43.675 ], [ -65.719, 43.509 ], [ -66.028, 43.702 ], [ -66.122, 43.744 ], [ -66.21, 44.086 ], [ -66.033, 44.437 ], [ -65.595001838475966, 44.29551361481284 ], [ -65.334601044891443, 44.408119363389929 ], [ -65.200881718456159, 44.591103704827695 ], [ -65.193843859170087, 44.97818596556143 ], [ -65.254042940041359, 45.087053615546523 ], [ -64.929, 45.326 ], [ -64.902, 45.43 ], [ -64.994, 45.559 ], [ -65.315, 45.459 ], [ -65.545, 45.33 ], [ -65.909, 45.21 ], [ -66.202, 45.159 ], [ -66.249, 45.185 ], [ -66.429, 45.084 ], [ -66.491, 45.156 ], [ -66.66, 45.085 ], [ -66.889, 45.061 ], [ -66.848, 45.128 ], [ -66.943, 45.19 ], [ -67.04, 45.076 ], [ -67.176, 45.179 ], [ -67.04, 44.973 ], [ -67.117, 44.948 ], [ -66.977, 44.816 ], [ -67.196, 44.644 ], [ -67.373, 44.686 ], [ -67.409, 44.596 ], [ -67.539, 44.646 ], [ -67.569, 44.539 ], [ -67.714, 44.501 ], [ -67.902, 44.397 ], [ -68.061, 44.328 ], [ -68.541, 44.237 ], [ -69.076, 44.053 ], [ -69.263, 43.93 ], [ -69.369, 43.973 ], [ -69.513, 43.835 ], [ -69.705, 43.842 ], [ -69.828, 43.698 ], [ -69.876, 43.814 ], [ -69.993, 43.726 ], [ -69.951, 43.849 ], [ -70.109, 43.807 ], [ -70.239, 43.7 ], [ -70.205, 43.561 ], [ -70.356, 43.527 ], [ -70.363, 43.445 ], [ -70.582, 43.275 ], [ -70.569, 43.229 ], [ -70.735391644885127, 43.005011246942992 ], [ -70.803, 42.914 ], [ -70.818, 42.824 ], [ -70.701, 42.653 ], [ -70.597, 42.634 ], [ -70.878, 42.538 ], [ -70.899, 42.318 ], [ -70.805852349833074, 42.264046218182187 ], [ -70.716, 42.212 ], [ -70.648, 42.065 ], [ -70.715, 42.003 ], [ -70.631529004543594, 41.976110021626027 ], [ -70.566, 41.955 ], [ -70.533, 41.816 ], [ -70.275, 41.715 ], [ -70.021, 41.791 ], [ -69.987, 41.914 ], [ -69.943, 41.858 ], [ -69.939, 41.674 ], [ -70.185, 41.661 ], [ -70.686, 41.531 ], [ -70.658, 41.722 ], [ -70.72, 41.746 ], [ -70.774, 41.646 ], [ -70.905, 41.64 ], [ -70.925, 41.551 ], [ -71.074, 41.539 ], [ -71.186, 41.469 ], [ -71.498, 41.366 ], [ -71.871, 41.303 ], [ -71.973, 41.344 ], [ -72.347, 41.307 ], [ -72.508, 41.256 ], [ -72.605, 41.284 ], [ -72.892, 41.245 ], [ -73.108, 41.149 ], [ -73.184, 41.174 ], [ -73.65, 40.997 ], [ -73.764, 40.91 ], [ -73.798, 40.813 ], [ -73.927, 40.805 ], [ -74.032, 40.714 ], [ -74.21, 40.634 ], [ -74.283, 40.497 ], [ -74.197, 40.441 ], [ -73.993, 40.402 ], [ -73.972, 40.328 ], [ -74.064, 40.031 ], [ -74.104, 40.014 ], [ -74.168, 39.699 ], [ -74.33, 39.562 ], [ -74.469, 39.399 ], [ -74.413, 39.357 ], [ -74.53, 39.311 ], [ -74.654, 39.201 ], [ -74.746, 39.055 ], [ -75.044, 38.454 ], [ -75.434, 37.962 ], [ -75.870276015379034, 36.9286278718712 ], [ -75.963, 36.709 ], [ -75.973, 36.5 ], [ -76.037, 36.501 ], [ -75.88, 36.301 ] ], [ [ -76.723600485435313, 37.158938811298682 ], [ -76.688848157763985, 37.294788819468437 ], [ -76.778888279457888, 37.329541147139771 ], [ -76.861030144862866, 37.294788819468437 ], [ -76.829437119707109, 37.15893881129869 ], [ -76.764671418137809, 37.106810319791691 ], [ -76.723600485435313, 37.158938811298682 ] ] ] ] } },
{ "type": "Feature", "properties": { "id": "maguindanao", "colorId": "maguindanao", "name": "Магинданао", "parent": null }, "geometry": { "type": "MultiPolygon", "coordinates": [ [ [ [ 125.782, 7.135 ], [ 125.791, 6.948 ], [ 125.754, 6.917 ], [ 125.674, 7.07 ], [ 125.707, 7.192 ], [ 125.782, 7.135 ] ] ], [ [ [ 125.658, 7.129 ], [ 125.51, 7.016 ], [ 125.389, 6.768 ], [ 125.397, 6.598 ], [ 125.574, 6.517 ], [ 125.707, 6.15 ], [ 125.667, 5.95 ], [ 125.388, 5.574 ], [ 125.302, 5.592 ], [ 125.279, 5.716 ], [ 125.181, 5.798 ], [ 125.278, 5.979 ], [ 125.251, 6.093 ], [ 125.155, 6.1 ], [ 125.069, 5.862 ], [ 124.939, 5.864 ], [ 124.596, 5.999 ], [ 124.422, 6.11 ], [ 124.246, 6.187 ], [ 124.055, 6.438 ], [ 124.037, 6.8 ], [ 123.966, 6.821 ], [ 123.975, 6.965 ], [ 124.029, 7.115 ], [ 124.184, 7.226 ], [ 124.247, 7.404 ], [ 124.188, 7.41 ], [ 124.065, 7.603 ], [ 123.911, 7.699 ], [ 123.794, 7.711 ], [ 123.704, 7.809 ], [ 123.587, 7.839 ], [ 123.445, 7.801 ], [ 123.486, 7.664 ], [ 123.354, 7.572 ], [ 123.452, 7.453 ], [ 123.419, 7.372 ], [ 123.28, 7.52 ], [ 123.17, 7.486 ], [ 122.996, 7.467 ], [ 122.917, 7.548 ], [ 122.837, 7.458 ], [ 122.794, 7.671 ], [ 122.815, 7.743 ], [ 122.704, 7.788 ], [ 122.511, 7.696 ], [ 122.434, 7.579 ], [ 122.486, 7.579 ], [ 122.348, 7.453 ], [ 122.379, 7.392 ], [ 122.266, 7.249 ], [ 122.244, 7.099 ], [ 122.119, 6.896 ], [ 121.937, 6.979 ], [ 121.899, 7.057 ], [ 121.933, 7.218 ], [ 122.047, 7.301 ], [ 122.046, 7.443 ], [ 122.114, 7.603 ], [ 122.129, 7.815 ], [ 122.292, 8.01 ], [ 122.6, 8.093 ], [ 122.679, 8.164 ], [ 122.759, 8.116 ], [ 122.925, 8.15 ], [ 123.014, 8.232 ], [ 122.958, 8.308 ], [ 123.082, 8.519 ], [ 123.331, 8.547 ], [ 123.436, 8.649 ], [ 123.39, 8.719 ], [ 123.513, 8.699 ], [ 123.522, 8.623 ], [ 123.629, 8.651 ], [ 123.759, 8.607 ], [ 123.845, 8.452 ], [ 123.969, 8.168 ], [ 124.232, 8.213 ], [ 124.322, 8.515 ], [ 124.406, 8.608 ], [ 124.663, 8.476 ], [ 125.551954728260029, 8.075074356669877 ], [ 125.710840933460233, 7.916188151469669 ], [ 125.828278563390825, 7.705491227182435 ], [ 125.831732611329969, 7.491340254956067 ], [ 125.807, 7.351 ], [ 125.657, 7.237 ], [ 125.658, 7.129 ] ] ], [ [ [ 122.794, 7.384 ], [ 122.905, 7.438 ], [ 122.972, 7.384 ], [ 122.817, 7.295 ], [ 122.794, 7.384 ] ] ] ] } }
]
}
