{
"type": "FeatureCollection",
"name": "1812",
"crs": { "type": "name", "properties": { "name": "urn:ogc:def:crs:OGC:1.3:CRS84" } },
"features": [
{ "type": "Feature", "properties": { "id": "persian_kurds1796", "colorId": "iran", "name": null, "parent": "persia1796" }, "geometry": { "type": "MultiPolygon", "coordinates": [ [ [ [ 47.511060228060565, 35.801116543680578 ], [ 47.684807875643756, 35.225467771889782 ], [ 47.688317929130299, 34.961043742571242 ], [ 47.329122455675467, 34.539837324187722 ], [ 47.653217394265006, 34.466126200970606 ], [ 47.868500674772136, 34.49186659320516 ], [ 48.03698324212553, 34.353804489401675 ], [ 47.939871762331556, 33.923237928387415 ], [ 47.857970514312534, 33.911537750098987 ], [ 47.757348981032031, 33.819106341620376 ], [ 47.430914006784803, 33.85069682299914 ], [ 47.249561243314119, 33.752415325376326 ], [ 46.799104379209517, 33.821446377278072 ], [ 46.314136780398982, 33.743757056332718 ], [ 45.813949367323623, 33.904517643125935 ], [ 45.42910899271056, 34.425316482016235 ], [ 45.393927468530627, 34.658394079708287 ], [ 45.536852410511607, 34.884875141616604 ], [ 45.923849176490869, 35.181719251884786 ], [ 45.912945294648566, 35.412371448198485 ], [ 45.846979936811188, 35.729005165817881 ], [ 45.717248066397673, 35.783976297348985 ], [ 45.616101184380362, 35.867532417276323 ], [ 45.497363540273092, 35.902713941456255 ], [ 45.237899799446083, 36.236938421165618 ], [ 44.789335366151938, 36.980148119466705 ], [ 44.714574627269577, 37.389133338058429 ], [ 44.591439292639819, 37.609017864183002 ], [ 44.472701648532549, 37.943242343892365 ], [ 44.061710633693828, 38.396960454351351 ], [ 44.061710633693821, 39.15768839001155 ], [ 44.173323226570609, 39.454342913184064 ], [ 44.158637359086825, 39.668756578447365 ], [ 43.859045662417557, 39.774494824330638 ], [ 43.700438293592647, 39.936039366652302 ], [ 43.644631997154256, 40.132829990935058 ], [ 43.591927997243793, 40.457069345367223 ], [ 43.615260262186666, 40.617463617900043 ], [ 43.718061334573179, 40.708515996299525 ], [ 43.826736753953206, 40.802505548195768 ], [ 43.958909561307316, 40.831877283163337 ], [ 44.043300472275583, 40.865083525098697 ], [ 44.174321693463106, 40.827156329491778 ], [ 44.63979182136616, 40.768541572644729 ], [ 45.289449155338474, 40.767259466234677 ], [ 45.374, 40.675 ], [ 45.724164823036617, 40.434092665929199 ], [ 45.889665312957703, 40.24100876102127 ], [ 45.832774519547336, 39.837601316838615 ], [ 45.281528930601169, 39.519296723684903 ], [ 44.783163660112848, 39.309415003466633 ], [ 44.656801734597792, 39.370255930566472 ], [ 44.551500130001919, 39.316435110439691 ], [ 44.581920593551835, 39.145612507428595 ], [ 44.858044801158812, 39.06371125940958 ], [ 44.790183767085907, 38.612084377476137 ], [ 44.841664551555006, 38.373400740392142 ], [ 44.930585906547087, 37.829342449980103 ], [ 44.898995425168323, 37.459616816065683 ], [ 45.26872105908275, 37.20104287589136 ], [ 45.858410044819678, 37.040165424425439 ], [ 46.137459296998756, 36.887478097761402 ], [ 46.152669528773714, 36.7002752451465 ], [ 46.444003968155656, 36.506637294472974 ], [ 46.647587070374357, 36.476216830923057 ], [ 46.665722346721431, 36.373255261984859 ], [ 46.904405983805425, 36.188977453942073 ], [ 47.174095093353749, 36.190732480685334 ], [ 47.480639764510649, 36.105321179179789 ], [ 47.511060228060565, 35.801116543680578 ] ] ] ] } },
{ "type": "Feature", "properties": { "id": "ru_baltic", "colorId": "russia", "name": null, "parent": "russia1783" }, "geometry": { "type": "MultiPolygon", "coordinates": [ [ [ [ 28.110848355784519, 57.246080824088594 ], [ 28.175199336370888, 56.99452699088733 ], [ 28.031287143423189, 56.911455725039467 ], [ 27.786, 56.871 ], [ 27.919, 56.806 ], [ 27.865, 56.743 ], [ 27.997, 56.604 ], [ 28.132, 56.536 ], [ 28.215, 56.281 ], [ 28.149, 56.142 ], [ 27.911, 56.1 ], [ 27.645, 55.923 ], [ 27.593, 55.794 ], [ 27.35, 55.831 ], [ 27.263, 55.787 ], [ 26.981, 55.827 ], [ 26.823, 55.706 ], [ 26.595, 55.667 ], [ 26.28, 55.743 ], [ 26.179, 55.85 ], [ 25.709, 56.081 ], [ 25.662, 56.141 ], [ 25.223919887122879, 56.16639900258415 ], [ 25.109, 56.183 ], [ 24.892, 56.439 ], [ 24.639, 56.36 ], [ 24.447, 56.261 ], [ 24.288, 56.296 ], [ 24.109, 56.261 ], [ 23.707, 56.354 ], [ 23.482, 56.33 ], [ 23.288, 56.373 ], [ 23.113, 56.311 ], [ 22.889, 56.408 ], [ 22.759608370247737, 56.38816571336644 ], [ 22.615863320529797, 56.348814711512702 ], [ 22.419300325284155, 56.409655638612541 ], [ 22.049574691369735, 56.414335709927919 ], [ 21.815571125601114, 56.30201399835898 ], [ 21.539446917994141, 56.264573427835998 ], [ 21.282042995648656, 56.264573427835998 ], [ 21.193121640656582, 56.077370575221103 ], [ 21.053, 56.073 ], [ 20.969, 56.253 ], [ 20.992, 56.549 ], [ 21.065, 56.846 ], [ 21.402, 57.038 ], [ 21.421, 57.289 ], [ 21.699, 57.555 ], [ 21.999, 57.6 ], [ 22.586, 57.76 ], [ 22.656, 57.586 ], [ 23.031, 57.394 ], [ 23.13, 57.371 ], [ 23.25, 57.114 ], [ 23.34, 57.059 ], [ 23.695, 56.967 ], [ 23.953, 57.013 ], [ 24.379, 57.23 ], [ 24.406, 57.344 ], [ 24.306, 57.868 ], [ 24.464, 58.072 ], [ 24.529, 58.351 ], [ 24.327, 58.388 ], [ 24.112, 58.241 ], [ 23.98, 58.318 ], [ 23.741, 58.343 ], [ 23.664, 58.536 ], [ 23.516, 58.555 ], [ 23.533, 58.747 ], [ 23.803, 58.731 ], [ 23.816, 58.8 ], [ 23.429, 58.765 ], [ 23.526, 58.82 ], [ 23.422, 58.909 ], [ 23.553, 58.971 ], [ 23.408, 59.026 ], [ 23.519, 59.125 ], [ 23.471, 59.212 ], [ 23.757, 59.284 ], [ 24.092, 59.313 ], [ 24.022, 59.378 ], [ 25.146, 59.539 ], [ 25.408, 59.491 ], [ 25.533, 59.532 ], [ 25.485, 59.67 ], [ 25.622, 59.58 ], [ 25.725, 59.666 ], [ 26.458, 59.546 ], [ 26.665, 59.552 ], [ 26.827, 59.477 ], [ 27.116, 59.442 ], [ 27.409, 59.452 ], [ 27.873, 59.408 ], [ 28.019, 59.482 ], [ 28.186, 59.375 ], [ 28.244230388272634, 59.317012381140863 ], [ 28.169349247226673, 59.256171454041024 ], [ 27.977466323296404, 59.185970384310437 ], [ 27.972786251981034, 59.078328744056876 ], [ 27.694, 58.976 ], [ 27.478, 58.875 ], [ 27.411, 58.755 ], [ 27.555, 58.395 ], [ 27.495, 58.221 ], [ 27.63, 58.088 ], [ 27.867484647385158, 58.055733161648014 ], [ 28.117868462757581, 57.896610736925354 ], [ 27.79962361331226, 57.63686677892219 ], [ 27.701342115689439, 57.618146493660696 ], [ 27.528, 57.528 ], [ 27.755162935816216, 57.468384211568782 ], [ 27.979806358954093, 57.38180289223439 ], [ 28.110848355784519, 57.246080824088594 ] ] ], [ [ [ 23.022, 58.363 ], [ 22.669, 58.222 ], [ 22.535, 58.254 ], [ 22.323, 58.207 ], [ 22.19, 57.984 ], [ 22.017, 57.914 ], [ 21.998, 57.984 ], [ 22.203, 58.148 ], [ 21.868, 58.265 ], [ 22.011, 58.354 ], [ 21.885, 58.498 ], [ 22.114, 58.498 ], [ 22.583, 58.635 ], [ 22.641, 58.589 ], [ 22.9, 58.62 ], [ 23.231, 58.505 ], [ 23.022, 58.363 ] ] ], [ [ [ 23.288, 58.666 ], [ 23.382, 58.58 ], [ 23.224, 58.535 ], [ 23.059, 58.603 ], [ 23.155, 58.676 ], [ 23.288, 58.666 ] ] ], [ [ [ 23.041, 58.841 ], [ 22.737, 58.806 ], [ 22.556, 58.687 ], [ 22.44, 58.841 ], [ 22.292, 58.895 ], [ 22.063, 58.926 ], [ 22.463, 58.971 ], [ 22.598, 59.09 ], [ 22.737, 59.005 ], [ 22.934, 58.984 ], [ 23.041, 58.841 ] ] ], [ [ [ 23.364, 59.029 ], [ 23.148, 58.974 ], [ 23.114, 59.022 ], [ 23.364, 59.029 ] ] ] ] } },
{ "type": "Feature", "properties": { "id": "saudian_yemen1804", "colorId": "saudi_arabia", "name": null, "parent": "saudi1804" }, "geometry": { "type": "MultiPolygon", "coordinates": [ [ [ [ 42.76, 14.065 ], [ 42.789, 13.927 ], [ 42.701, 13.988 ], [ 42.76, 14.065 ] ] ], [ [ [ 42.937, 14.948 ], [ 42.864, 15.136 ], [ 42.61, 15.244 ], [ 42.678, 15.308 ], [ 42.809, 15.268 ], [ 42.774, 15.491 ], [ 42.719, 15.57 ], [ 42.699, 15.717 ], [ 42.82, 15.875 ], [ 42.843, 16.052 ], [ 42.789, 16.371 ], [ 42.907, 16.479 ], [ 43.036, 16.536 ], [ 43.085, 16.673 ], [ 43.163, 16.662 ], [ 43.209, 16.773 ], [ 43.109, 16.927 ], [ 43.156, 17.21 ], [ 43.249, 17.252 ], [ 43.165, 17.326 ], [ 43.391, 17.512 ], [ 43.503, 17.513 ], [ 43.62, 17.459 ], [ 43.751, 17.346 ], [ 44.104, 17.352 ], [ 44.404, 17.419 ], [ 44.528563894776198, 17.373911814122209 ], [ 44.661711996535779, 17.362277254748772 ], [ 44.806935586340181, 17.308906989773032 ], [ 45.003287619362439, 17.180537449875231 ], [ 45.013106126434543, 16.689612096270324 ], [ 44.954195084001952, 16.453967926539971 ], [ 44.79218971731234, 16.345964348746893 ], [ 44.836372999136778, 15.909040784038528 ], [ 44.689095393055304, 15.388659909217328 ], [ 44.566364054654073, 15.148106485950924 ], [ 44.473088237469149, 14.878097541468225 ], [ 44.523303297516776, 14.519612188264405 ], [ 44.439845987403942, 14.141599665988632 ], [ 44.027468690375819, 13.709585354816316 ], [ 43.42731244559382, 12.921650162280439 ], [ 43.249, 13.213 ], [ 43.254, 13.527 ], [ 43.281, 13.722 ], [ 43.233, 13.876 ], [ 43.096, 14.084 ], [ 42.987, 14.489 ], [ 43.029, 14.538 ], [ 42.942, 14.789 ], [ 42.937, 14.948 ] ] ], [ [ [ 42.582, 15.268 ], [ 42.559, 15.393 ], [ 42.636, 15.446 ], [ 42.582, 15.268 ] ] ] ] } },
{ "type": "Feature", "properties": { "id": "sokoto", "colorId": "nigeria", "name": "Сокото", "parent": null }, "geometry": { "type": "MultiPolygon", "coordinates": [ [ [ [ 3.054883731961882, 11.271748103089859 ], [ 2.663670885144461, 11.875951818580193 ], [ 2.318393399618028, 12.709380231919857 ], [ 2.973230010099194, 13.542808645259521 ], [ 3.684117548748836, 13.972563464048417 ], [ 4.636607163993937, 14.127343026525743 ], [ 5.339068255237199, 14.508338872623783 ], [ 6.172496668576662, 14.722649036053932 ], [ 7.065455682868945, 14.472620512052092 ], [ 7.851259615446152, 13.984469584238978 ], [ 9.018059394121401, 13.686816579474884 ], [ 10.542042778513562, 13.127228930518388 ], [ 11.244503869756825, 12.460486199846816 ], [ 11.351658951471897, 11.460372103839461 ], [ 11.51193504985482, 11.186171304887051 ], [ 11.811586022981572, 10.909135499543449 ], [ 12.73880790209077, 10.428563184151487 ], [ 13.485108438934754, 10.151527378807883 ], [ 13.796066995953082, 9.614417143958043 ], [ 14.270985519399259, 8.579773217878877 ], [ 14.029884925981829, 7.575147282509907 ], [ 13.03494060574292, 6.756231572774806 ], [ 12.193064642463844, 6.947567018974596 ], [ 11.79508691436828, 7.521573357573966 ], [ 11.611404886016484, 8.432330081484967 ], [ 10.953210951089211, 8.922148823756441 ], [ 9.874079034522396, 8.60835869198878 ], [ 8.572998000363823, 7.996085264149452 ], [ 7.516826337340982, 8.164460456805267 ], [ 6.958126834437595, 8.447636917180958 ], [ 5.833074410782832, 8.66575932584872 ], [ 5.255241363259466, 9.021643255780329 ], [ 4.962191250013374, 9.082251218127702 ], [ 4.667636037850431, 9.214801063601026 ], [ 4.241750321144401, 9.338143809834133 ], [ 3.651850324105226, 9.603303012227691 ], [ 3.322753356641588, 10.016587576019237 ], [ 3.054883731961882, 11.271748103089859 ] ] ] ] } },
{ "type": "Feature", "properties": { "id": "russia1783", "colorId": "russia", "name": "Россия", "parent": null }, "geometry": { "type": "MultiPolygon", "coordinates": [ [ [ [ -176.437, 51.788 ], [ -176.588, 51.686 ], [ -176.71, 51.686 ], [ -176.827, 51.72 ], [ -176.905, 51.808 ], [ -176.727, 51.782 ], [ -176.641, 51.857 ], [ -176.437, 51.788 ] ] ], [ [ [ -177.955, 51.764 ], [ -178.214, 51.876 ], [ -177.952, 51.925 ], [ -177.841, 51.837 ], [ -177.622, 51.857 ], [ -177.8, 51.796 ], [ -177.81, 51.695 ], [ -177.958, 51.637 ], [ -178.101, 51.665 ], [ -177.955, 51.764 ] ] ], [ [ [ -176.341, 51.726 ], [ -176.423, 51.851 ], [ -176.265, 51.81 ], [ -176.341, 51.726 ] ] ], [ [ [ -177.047, 51.892 ], [ -177.137, 51.823 ], [ -177.157, 51.7 ], [ -177.385, 51.726 ], [ -177.705, 51.706 ], [ -177.292, 51.783 ], [ -177.194, 51.93 ], [ -177.122, 51.933 ], [ -177.047, 51.892 ] ] ], [ [ [ -176.174, 51.885 ], [ -176.011, 51.83 ], [ -176.219, 51.824 ], [ -176.174, 51.885 ] ] ], [ [ [ -174.059, 52.125 ], [ -173.531, 52.145 ], [ -173.353, 52.09 ], [ -173.123, 52.108 ], [ -173.484, 52.025 ], [ -173.836, 52.043 ], [ -174.059, 52.125 ] ] ], [ [ [ -174.888, 52.043 ], [ -175.035, 52.004 ], [ -174.907, 52.115 ], [ -174.786, 52.077 ], [ -174.602, 52.105 ], [ -174.559, 52.179 ], [ -174.339, 52.186 ], [ -174.203, 52.213 ], [ -174.099, 52.113 ], [ -174.43, 52.11 ], [ -174.398, 52.053 ], [ -174.888, 52.043 ] ] ], [ [ [ -172.407, 52.385 ], [ -172.311, 52.316 ], [ -172.529, 52.25 ], [ -172.633, 52.261 ], [ -172.558, 52.351 ], [ -172.407, 52.385 ] ] ], [ [ [ -170.798, 52.54 ], [ -170.847, 52.584 ], [ -170.744, 52.679 ], [ -170.605, 52.687 ], [ -170.598, 52.611 ], [ -170.798, 52.54 ] ] ], [ [ [ -169.738, 52.778 ], [ -170.012, 52.838 ], [ -169.85, 52.883 ], [ -169.687, 52.872 ], [ -169.738, 52.778 ] ] ], [ [ [ -168.606, 53.275 ], [ -168.433, 53.248 ], [ -168.374, 53.46 ], [ -168.2, 53.54 ], [ -168.008, 53.57 ], [ -167.807, 53.52 ], [ -167.857, 53.393 ], [ -168.138, 53.273 ], [ -168.288, 53.243 ], [ -168.49, 53.042 ], [ -168.584, 53.03 ], [ -169.04, 52.854 ], [ -168.772, 53.067 ], [ -168.76, 53.187 ], [ -168.606, 53.275 ] ] ], [ [ [ -167.038, 53.755 ], [ -167.163, 53.857 ], [ -167.022, 53.961 ], [ -166.754, 54.016 ], [ -166.606, 53.986 ], [ -166.61, 53.831 ], [ -166.459, 53.886 ], [ -166.37, 54.008 ], [ -166.225, 53.905 ], [ -166.346, 53.883 ], [ -166.346, 53.783 ], [ -166.294, 53.728 ], [ -166.274, 53.687 ], [ -166.562, 53.618 ], [ -166.671, 53.488 ], [ -166.877, 53.482 ], [ -167.459, 53.324 ], [ -167.508, 53.26 ], [ -167.85, 53.31 ], [ -167.718, 53.381 ], [ -167.487, 53.378 ], [ -167.159, 53.477 ], [ -167.155, 53.623 ], [ -167.038, 53.755 ] ] ], [ [ [ -166.137, 53.838 ], [ -166.172, 53.748 ], [ -166.291, 53.749 ], [ -166.137, 53.838 ] ] ], [ [ [ -169.719, 66.006 ], [ -170.143, 66.004 ], [ -170.51, 65.87 ], [ -170.535, 65.618 ], [ -171.808, 65.489 ], [ -172.22, 64.407 ], [ -173.106, 64.241 ], [ -175.865, 64.999 ], [ -175.909, 65.403 ], [ -176.977, 65.608 ], [ -177.416, 65.441 ], [ -178.284, 65.444 ], [ -180.0, 65.066 ], [ -180.0, 65.069 ], [ -180.0, 68.982 ], [ -175.287, 67.667 ], [ -174.575, 67.077 ], [ -171.719, 66.951 ], [ -171.363, 66.675 ], [ -170.154, 66.249 ], [ -170.136, 66.139 ], [ -169.701, 66.129 ], [ -169.719, 66.006 ] ] ], [ [ [ -177.93, 71.041 ], [ -180.0, 70.992 ], [ -180.0, 71.537 ], [ -179.075, 71.6 ], [ -178.395, 71.541 ], [ -177.443, 71.237 ], [ -177.93, 71.041 ] ] ], [ [ [ -166.123, 54.118 ], [ -165.971, 54.219 ], [ -165.739, 54.125 ], [ -165.887, 54.036 ], [ -166.041, 54.036 ], [ -166.123, 54.118 ] ] ], [ [ [ -165.684, 54.235 ], [ -165.494, 54.296 ], [ -165.486, 54.174 ], [ -165.589, 54.111 ], [ -165.684, 54.235 ] ] ], [ [ [ -164.653, 54.392 ], [ -164.845, 54.423 ], [ -164.958, 54.585 ], [ -164.701, 54.678 ], [ -164.547, 54.883 ], [ -164.4, 54.928 ], [ -164.225, 54.895 ], [ -164.157, 54.957 ], [ -163.917, 55.036 ], [ -163.572, 55.057 ], [ -163.423, 54.912 ], [ -163.373, 54.793 ], [ -163.369, 54.765 ], [ -163.431, 54.68 ], [ -163.623, 54.612 ], [ -163.79, 54.638 ], [ -164.133, 54.623 ], [ -164.33, 54.535 ], [ -164.406, 54.436 ], [ -164.653, 54.392 ] ] ], [ [ [ -137.54040505189721, 58.606726035925121 ], [ -137.423, 58.908 ], [ -136.56106320374198, 59.282874708238325 ], [ -136.35, 59.592 ], [ -135.483, 59.792 ], [ -135.016, 59.543 ], [ -135.096, 59.419 ], [ -133.871, 58.736 ], [ -132.231, 57.197 ], [ -130.02, 55.908 ], [ -130.174, 55.749 ], [ -129.989, 55.284 ], [ -130.078, 55.234 ], [ -130.365, 54.907 ], [ -130.679291303486394, 54.766813044770245 ], [ -132.848504358161506, 54.689591868066593 ], [ -133.613696018224914, 55.244180318938227 ], [ -134.905395701267707, 56.346337113708429 ], [ -135.860130249603685, 57.406373266640287 ], [ -136.456839342313657, 57.841619898969924 ], [ -137.131, 58.401 ], [ -137.54040505189721, 58.606726035925121 ] ] ], [ [ [ -161.074, 58.547 ], [ -161.062, 58.701 ], [ -160.686, 58.811 ], [ -161.074, 58.547 ] ] ], [ [ [ -161.368, 55.956 ], [ -161.053, 55.941 ], [ -160.874, 55.993 ], [ -160.58, 55.99 ], [ -160.369, 56.277 ], [ -160.189, 56.387 ], [ -159.746, 56.579 ], [ -159.456, 56.629 ], [ -158.945, 56.843 ], [ -158.682, 57.022 ], [ -158.312, 57.315 ], [ -158.099, 57.381 ], [ -157.941, 57.497 ], [ -157.705, 57.638 ], [ -157.568, 58.321 ], [ -157.503, 58.464 ], [ -157.062, 58.726 ], [ -157.084, 58.887 ], [ -158.77, 58.518 ], [ -158.83, 58.405 ], [ -159.051, 58.425 ], [ -159.385, 58.756 ], [ -159.587, 58.907 ], [ -159.738, 58.928 ], [ -159.795, 58.8 ], [ -159.906, 58.765 ], [ -160.046, 58.883 ], [ -160.246, 58.887 ], [ -160.352, 59.071 ], [ -160.829, 58.853 ], [ -160.889, 58.884 ], [ -161.18, 58.783 ], [ -161.291, 58.793 ], [ -161.364, 58.66 ], [ -161.765, 58.559 ], [ -161.717, 58.755 ], [ -162.052, 59.27 ], [ -161.714, 59.501 ], [ -162.207, 60.16 ], [ -162.526, 59.998 ], [ -163.088, 59.859 ], [ -164.098, 59.834 ], [ -164.674, 60.295 ], [ -165.431, 60.553 ], [ -165.031, 60.787 ], [ -165.374, 61.072 ], [ -165.622, 61.144 ], [ -165.829, 61.313 ], [ -165.921, 61.399 ], [ -165.706, 62.117 ], [ -165.133, 62.516 ], [ -164.883, 62.842 ], [ -164.663, 63.032 ], [ -164.595, 63.13 ], [ -164.366, 63.229 ], [ -164.145, 63.262 ], [ -163.767, 63.225 ], [ -163.351, 63.031 ], [ -163.094, 63.057 ], [ -162.806, 63.22 ], [ -162.237, 63.546 ], [ -161.66, 63.47 ], [ -161.186, 63.506 ], [ -160.792, 63.747 ], [ -160.558765252558345, 63.854470827028443 ], [ -158.655509585876928, 63.620011795625665 ], [ -157.069463196975761, 63.330385933304576 ], [ -155.662709008559091, 63.178677148279242 ], [ -154.373184335843803, 63.647595211084806 ], [ -153.325014548396098, 63.675178626543961 ], [ -151.028695211421791, 64.019971319783352 ], [ -149.559878338221978, 64.282013766645264 ], [ -148.27035366550669, 63.840679119298855 ], [ -148.256561957777137, 63.585532526301719 ], [ -147.760060479512418, 63.157989586684884 ], [ -147.47043461719133, 61.958111014211823 ], [ -147.718685356323704, 61.420234412758383 ], [ -148.042790487968688, 61.027170742465501 ], [ -148.042790487968688, 60.261730963474065 ], [ -148.415166596667234, 60.123813886178311 ], [ -148.435, 59.959 ], [ -148.875, 59.937 ], [ -149.193, 60.014 ], [ -149.293, 59.888 ], [ -150.918, 59.327 ], [ -150.966, 59.234 ], [ -151.742, 59.167 ], [ -153.289, 58.844 ], [ -153.439, 58.734 ], [ -153.691, 58.622 ], [ -153.899, 58.617 ], [ -153.926, 58.518 ], [ -154.443, 58.144 ], [ -154.583, 58.025 ], [ -154.693, 58.069 ], [ -154.789, 58.004 ], [ -156.168, 57.474 ], [ -156.447, 57.23 ], [ -156.346, 57.178 ], [ -156.55, 56.983 ], [ -156.795, 57.035 ], [ -157.455, 56.643 ], [ -157.665, 56.611 ], [ -157.877, 56.478 ], [ -158.153, 56.513 ], [ -158.318, 56.476 ], [ -158.51, 56.345 ], [ -158.208, 56.284 ], [ -159.401, 55.859 ], [ -159.559, 55.88 ], [ -160.783, 55.447 ], [ -160.925, 55.519 ], [ -162.643, 55.071 ], [ -163.063, 54.929 ], [ -163.321, 54.814 ], [ -163.282, 54.99 ], [ -163.335, 55.12 ], [ -163.025, 55.246 ], [ -162.896, 55.267 ], [ -162.653, 55.362 ], [ -162.55, 55.459 ], [ -162.227, 55.698 ], [ -161.826, 55.88 ], [ -161.368, 55.956 ] ] ], [ [ [ 35.505, 65.096 ], [ 35.524, 65.144 ], [ 35.815, 65.154 ], [ 35.867, 65.031 ], [ 35.505, 65.096 ] ] ], [ [ [ 42.668, 66.667 ], [ 42.455, 66.774 ], [ 42.646, 66.742 ], [ 42.668, 66.667 ] ] ], [ [ [ 51.172, 68.501 ], [ 51.3, 68.495 ], [ 50.792, 68.379 ], [ 51.172, 68.501 ] ] ], [ [ [ 50.113, 68.996 ], [ 50.223, 69.154 ], [ 49.955, 69.075 ], [ 49.72, 68.89 ], [ 49.249, 68.78 ], [ 48.592, 68.731 ], [ 48.219, 68.909 ], [ 48.304, 69.277 ], [ 48.447, 69.372 ], [ 48.806, 69.493 ], [ 49.272, 69.508 ], [ 50.164, 69.261 ], [ 50.323, 69.151 ], [ 50.113, 68.996 ] ] ], [ [ [ 60.201, 69.685 ], [ 59.016, 69.86 ], [ 58.57, 70.079 ], [ 58.468, 70.271 ], [ 59.024, 70.48 ], [ 60.476, 69.92 ], [ 60.54, 69.819 ], [ 60.476, 69.722 ], [ 60.201, 69.685 ] ] ], [ [ [ 57.063, 70.862 ], [ 57.639, 70.73 ], [ 57.452, 70.606 ], [ 55.163, 70.553 ], [ 53.3, 70.866 ], [ 51.862, 71.456 ], [ 51.41, 71.806 ], [ 52.398, 72.718 ], [ 53.156, 73.151 ], [ 54.191, 73.272 ], [ 54.532, 73.376 ], [ 54.935, 73.425 ], [ 55.304, 73.339 ], [ 56.435, 73.23 ], [ 56.548, 73.122 ], [ 56.387, 73.069 ], [ 56.255, 72.958 ], [ 56.138, 72.782 ], [ 55.946, 72.669 ], [ 55.723, 72.638 ], [ 55.496, 71.902 ], [ 56.027, 71.371 ], [ 57.063, 70.862 ] ] ], [ [ [ 76.913, 72.372 ], [ 77.229, 72.46 ], [ 77.61, 72.635 ], [ 78.279, 72.552 ], [ 78.395, 72.491 ], [ 77.586, 72.285 ], [ 76.918, 72.293 ], [ 76.913, 72.372 ] ] ], [ [ [ 79.395, 72.704 ], [ 78.91, 72.741 ], [ 78.592, 72.862 ], [ 79.14, 73.095 ], [ 79.541, 72.926 ], [ 79.563, 72.768 ], [ 79.395, 72.704 ] ] ], [ [ [ 63.956, 76.363 ], [ 65.102, 76.47 ], [ 66.944, 76.949 ], [ 68.463, 76.967 ], [ 68.931, 76.787 ], [ 68.938, 76.568 ], [ 67.912, 76.258 ], [ 60.833, 75.153 ], [ 57.946, 73.807 ], [ 56.761, 73.252 ], [ 55.021, 73.444 ], [ 54.033, 73.375 ], [ 53.631, 73.76 ], [ 54.678, 74.068 ], [ 55.388, 74.445 ], [ 55.885, 74.846 ], [ 56.371, 75.188 ], [ 58.019, 75.681 ], [ 60.322, 75.998 ], [ 61.077, 76.28 ], [ 63.956, 76.363 ] ] ], [ [ [ 179.28, 51.399 ], [ 179.4, 51.408 ], [ 179.255, 51.35 ], [ 178.941, 51.55 ], [ 178.636, 51.637 ], [ 178.887, 51.621 ], [ 179.28, 51.399 ] ] ], [ [ [ 179.642, 51.874 ], [ 179.486, 51.974 ], [ 179.637, 52.035 ], [ 179.781, 51.967 ], [ 179.642, 51.874 ] ] ], [ [ [ 177.643, 52.125 ], [ 177.69, 52.09 ], [ 177.554, 51.968 ], [ 177.366, 51.912 ], [ 177.317, 51.829 ], [ 177.224, 51.892 ], [ 177.516, 52.001 ], [ 177.643, 52.125 ] ] ], [ [ [ 173.619, 52.499 ], [ 173.791, 52.502 ], [ 173.743, 52.361 ], [ 173.402, 52.397 ], [ 173.619, 52.499 ] ] ], [ [ [ 172.476, 52.927 ], [ 172.66, 53.009 ], [ 172.969, 52.974 ], [ 173.127, 52.995 ], [ 173.323, 52.916 ], [ 173.377, 52.83 ], [ 173.089, 52.83 ], [ 172.944, 52.75 ], [ 172.763, 52.796 ], [ 172.811, 52.888 ], [ 172.64, 52.869 ], [ 172.64, 52.928 ], [ 172.476, 52.927 ] ] ], [ [ [ 167.449, 54.82 ], [ 167.439, 54.866 ], [ 167.734, 54.763 ], [ 168.059, 54.547 ], [ 167.699, 54.69 ], [ 167.449, 54.82 ] ] ], [ [ [ 166.288, 55.304 ], [ 166.25, 55.152 ], [ 166.479, 54.944 ], [ 166.65, 54.845 ], [ 166.664, 54.756 ], [ 166.655, 54.702 ], [ 166.356, 54.84 ], [ 166.083, 55.061 ], [ 165.993, 55.222 ], [ 165.746, 55.297 ], [ 165.956, 55.364 ], [ 166.288, 55.304 ] ] ], [ [ [ 163.611, 58.607 ], [ 163.78, 58.81 ], [ 163.766, 58.872 ], [ 163.967, 59.029 ], [ 164.283, 59.114 ], [ 164.558, 59.24 ], [ 164.707, 58.977 ], [ 164.632, 58.865 ], [ 164.18, 58.826 ], [ 163.955, 58.708 ], [ 163.585, 58.558 ], [ 163.49, 58.445 ], [ 163.413, 58.535 ], [ 163.611, 58.607 ] ] ], [ [ [ 37.464, 68.742 ], [ 37.681, 68.713 ], [ 38.091, 68.501 ], [ 38.435, 68.356 ], [ 38.612, 68.387 ], [ 39.521, 68.076 ], [ 39.86, 68.047 ], [ 39.722, 68.173 ], [ 39.913, 68.123 ], [ 40.004, 68.02 ], [ 40.362, 67.903 ], [ 40.504, 67.75 ], [ 40.671, 67.81 ], [ 41.017, 67.698 ], [ 40.999, 67.467 ], [ 41.145, 67.424 ], [ 41.109, 67.254 ], [ 41.308, 67.235 ], [ 41.36, 67.014 ], [ 41.178, 66.81 ], [ 40.745, 66.597 ], [ 40.444, 66.406 ], [ 40.085, 66.289 ], [ 39.344, 66.135 ], [ 38.554, 66.055 ], [ 37.927, 66.089 ], [ 37.546, 66.145 ], [ 37.273, 66.23 ], [ 36.887, 66.285 ], [ 36.406, 66.295 ], [ 35.381, 66.418 ], [ 34.804, 66.614 ], [ 34.434, 66.547 ], [ 34.175, 66.687 ], [ 33.833, 66.696 ], [ 33.524, 66.831 ], [ 33.483, 66.73 ], [ 32.843, 66.976 ], [ 32.807, 67.091 ], [ 32.383, 67.16 ], [ 32.262, 67.125 ], [ 32.557, 66.989 ], [ 32.545, 66.883 ], [ 32.812, 66.736 ], [ 33.183, 66.692 ], [ 33.26, 66.618 ], [ 33.705, 66.444 ], [ 33.516, 66.406 ], [ 33.62, 66.309 ], [ 34.087, 66.249 ], [ 34.161, 66.185 ], [ 34.497, 66.116 ], [ 34.852, 65.9 ], [ 34.9, 65.706 ], [ 34.442, 65.371 ], [ 34.615, 65.255 ], [ 34.681, 65.114 ], [ 34.816, 65.043 ], [ 34.702, 64.98 ], [ 34.942, 64.858 ], [ 34.798, 64.756 ], [ 34.978, 64.612 ], [ 35.009, 64.494 ], [ 35.28, 64.377 ], [ 35.411, 64.287 ], [ 35.618, 64.34 ], [ 35.566, 64.406 ], [ 35.811, 64.342 ], [ 35.977, 64.199 ], [ 36.235, 64.125 ], [ 36.292, 64.01 ], [ 36.703, 63.925 ], [ 37.169, 63.895 ], [ 37.291, 63.818 ], [ 37.608, 63.816 ], [ 37.614, 63.881 ], [ 38.002, 63.956 ], [ 38.088, 64.035 ], [ 37.914, 64.22 ], [ 38.003, 64.317 ], [ 37.687, 64.431 ], [ 37.339, 64.34 ], [ 37.122, 64.395 ], [ 36.744, 64.681 ], [ 36.56, 64.717 ], [ 36.44, 64.917 ], [ 36.807, 64.959 ], [ 36.82, 65.147 ], [ 37.008, 65.173 ], [ 37.706, 65.017 ], [ 37.795, 64.921 ], [ 38.046, 64.854 ], [ 38.358, 64.852 ], [ 38.426, 64.793 ], [ 38.922, 64.733 ], [ 39.567, 64.545 ], [ 39.736, 64.555 ], [ 39.85, 64.676 ], [ 40.378, 64.923 ], [ 40.114, 65.075 ], [ 39.712, 65.402 ], [ 39.827, 65.607 ], [ 40.28, 65.73 ], [ 40.796, 65.992 ], [ 41.343, 66.063 ], [ 41.858, 66.296 ], [ 42.201, 66.532 ], [ 42.645, 66.453 ], [ 42.549, 66.385 ], [ 43.252, 66.437 ], [ 43.406, 66.332 ], [ 43.655, 66.285 ], [ 43.665, 66.218 ], [ 43.288, 66.09 ], [ 43.836, 66.186 ], [ 44.046, 66.081 ], [ 44.167, 65.885 ], [ 44.124, 66.315 ], [ 44.371, 66.522 ], [ 44.488, 66.676 ], [ 44.364, 66.782 ], [ 44.499, 66.921 ], [ 44.287, 67.088 ], [ 44.04, 67.167 ], [ 43.815, 67.177 ], [ 43.793, 67.343 ], [ 44.003, 67.576 ], [ 44.132, 67.804 ], [ 44.125, 67.934 ], [ 44.244, 68.256 ], [ 44.16, 68.336 ], [ 43.326, 68.614 ], [ 43.477, 68.669 ], [ 43.985, 68.551 ], [ 45.306, 68.545 ], [ 45.944, 68.446 ], [ 46.029, 68.324 ], [ 46.535, 68.133 ], [ 46.722, 67.845 ], [ 46.004, 67.768 ], [ 45.35, 67.73 ], [ 45.315, 67.592 ], [ 45.028, 67.532 ], [ 44.919, 67.441 ], [ 44.952, 67.321 ], [ 45.594, 67.158 ], [ 45.853, 66.887 ], [ 46.042, 66.831 ], [ 46.578, 66.873 ], [ 46.583, 66.815 ], [ 46.927, 66.845 ], [ 47.41, 66.929 ], [ 47.559, 66.905 ], [ 47.726, 67.001 ], [ 47.695, 67.205 ], [ 47.77, 67.338 ], [ 47.948, 67.444 ], [ 47.825, 67.56 ], [ 48.008, 67.651 ], [ 48.071, 67.59 ], [ 48.256, 67.683 ], [ 48.529, 67.668 ], [ 48.778, 67.727 ], [ 48.843, 67.865 ], [ 49.133, 67.863 ], [ 49.655, 67.981 ], [ 50.201, 68.169 ], [ 50.435, 68.221 ], [ 50.796, 68.377 ], [ 50.952, 68.341 ], [ 51.587, 68.448 ], [ 52.806, 68.768 ], [ 53.437, 68.918 ], [ 54.104, 69.001 ], [ 54.527, 69.01 ], [ 54.356, 68.959 ], [ 53.612, 68.913 ], [ 54.026, 68.845 ], [ 53.865, 68.798 ], [ 53.72, 68.657 ], [ 54.185, 68.321 ], [ 54.24, 68.211 ], [ 54.465, 68.304 ], [ 54.65, 68.194 ], [ 54.864, 68.185 ], [ 54.937, 68.398 ], [ 55.393, 68.564 ], [ 55.787, 68.595 ], [ 55.953, 68.654 ], [ 56.202, 68.62 ], [ 56.691, 68.631 ], [ 56.848, 68.572 ], [ 57.33, 68.565 ], [ 57.604, 68.742 ], [ 57.93, 68.751 ], [ 57.978, 68.853 ], [ 58.879, 69.003 ], [ 59.242, 68.989 ], [ 58.892, 68.934 ], [ 59.105, 68.903 ], [ 59.416, 68.767 ], [ 59.056, 68.62 ], [ 59.11, 68.405 ], [ 59.675, 68.336 ], [ 59.964, 68.466 ], [ 59.774, 68.668 ], [ 60.467, 68.722 ], [ 60.907, 68.927 ], [ 60.903, 69.122 ], [ 60.582, 69.15 ], [ 60.519, 69.332 ], [ 60.139, 69.578 ], [ 60.233, 69.665 ], [ 60.654, 69.673 ], [ 60.77, 69.849 ], [ 60.927, 69.867 ], [ 61.409, 69.791 ], [ 62.161, 69.746 ], [ 62.631, 69.742 ], [ 63.41, 69.671 ], [ 64.128, 69.55 ], [ 64.548, 69.452 ], [ 65.068, 69.268 ], [ 65.419, 69.177 ], [ 65.817, 69.143 ], [ 65.716, 69.08 ], [ 66.114, 69.037 ], [ 66.329, 68.964 ], [ 66.787, 69.603 ], [ 66.771, 69.741 ], [ 66.874, 69.996 ], [ 66.608, 70.881 ], [ 66.643, 71.009 ], [ 66.927, 71.298 ], [ 67.309, 71.351 ], [ 67.947, 71.528 ], [ 68.479, 71.836 ], [ 68.644, 72.033 ], [ 68.869, 72.532 ], [ 68.989, 72.706 ], [ 69.465, 72.975 ], [ 69.934246979298777, 73.458475214999027 ], [ 70.899477874477085, 73.560078467123063 ], [ 75.0, 72.674 ], [ 74.748, 72.808 ], [ 74.983, 72.877 ], [ 75.319, 72.819 ], [ 75.702, 72.547 ], [ 75.572, 72.467 ], [ 75.721, 72.25 ], [ 75.518, 72.153 ], [ 75.444, 71.992 ], [ 75.287, 71.96 ], [ 75.263, 71.743 ], [ 75.997, 71.908 ], [ 76.354, 71.999 ], [ 76.946, 72.044 ], [ 77.585, 71.831 ], [ 78.11, 71.88 ], [ 78.204, 72.001 ], [ 77.938, 72.118 ], [ 77.465, 72.068 ], [ 77.507, 72.222 ], [ 77.651, 72.19 ], [ 78.125, 72.385 ], [ 78.498, 72.408 ], [ 79.391, 72.386 ], [ 80.842, 72.922 ], [ 80.75, 73.038 ], [ 80.322, 73.203 ], [ 80.563, 73.222 ], [ 80.273, 73.31 ], [ 80.61, 73.449 ], [ 80.574, 73.584 ], [ 80.832, 73.572 ], [ 81.53, 73.648 ], [ 81.957, 73.663 ], [ 83.484, 73.655 ], [ 83.728, 73.695 ], [ 84.366, 73.71 ], [ 84.793, 73.765 ], [ 86.02, 74.263 ], [ 85.937, 74.368 ], [ 87.025, 75.164 ], [ 87.912, 75.101 ], [ 88.314, 75.181 ], [ 88.612, 75.344 ], [ 89.132, 75.453 ], [ 89.723, 75.451 ], [ 89.636, 75.505 ], [ 90.058, 75.52 ], [ 89.954, 75.578 ], [ 90.599, 75.612 ], [ 90.906, 75.667 ], [ 91.291, 75.629 ], [ 91.621, 75.698 ], [ 92.888, 75.896 ], [ 93.025, 76.075 ], [ 94.329, 76.124 ], [ 94.595, 76.064 ], [ 94.739, 76.116 ], [ 97.251, 76.043 ], [ 98.875, 76.521 ], [ 99.509, 76.469 ], [ 100.851, 76.54 ], [ 101.235, 76.767 ], [ 100.864, 76.838 ], [ 100.919, 76.976 ], [ 101.206, 76.986 ], [ 101.207, 77.099 ], [ 102.158, 77.402 ], [ 102.889, 77.546 ], [ 103.257, 77.664 ], [ 103.593, 77.632 ], [ 104.023, 77.733 ], [ 104.324, 77.669 ], [ 104.752, 77.706 ], [ 104.808, 77.635 ], [ 105.334, 77.541 ], [ 105.874, 77.569 ], [ 105.977, 77.425 ], [ 106.292, 77.37 ], [ 106.292, 77.061 ], [ 106.665, 77.002 ], [ 106.83, 77.055 ], [ 107.238, 77.006 ], [ 107.47, 76.906 ], [ 107.946, 76.737 ], [ 108.286, 76.705 ], [ 109.333, 76.758 ], [ 110.061, 76.692 ], [ 110.359, 76.756 ], [ 111.137, 76.747 ], [ 111.555, 76.684 ], [ 111.489, 76.61 ], [ 111.826, 76.596 ], [ 112.232, 76.451 ], [ 112.671, 76.363 ], [ 112.932, 76.26 ], [ 113.259, 76.266 ], [ 113.46, 76.148 ], [ 113.556, 75.876 ], [ 113.781, 75.939 ], [ 113.89, 75.854 ], [ 113.72, 75.41 ], [ 113.605, 75.285 ], [ 112.88, 74.993 ], [ 112.147, 74.878 ], [ 111.744, 74.663 ], [ 111.466, 74.697 ], [ 110.96, 74.548 ], [ 110.5, 74.478 ], [ 109.951, 74.337 ], [ 109.89, 74.197 ], [ 109.481, 74.077 ], [ 108.996, 74.016 ], [ 108.492, 73.773 ], [ 108.067, 73.635 ], [ 107.147, 73.618 ], [ 106.232, 73.323 ], [ 105.651, 72.911 ], [ 105.118, 72.775 ], [ 105.483, 72.768 ], [ 106.002, 72.947 ], [ 106.36, 73.194 ], [ 107.722, 73.169 ], [ 108.092, 73.246 ], [ 108.375, 73.232 ], [ 108.393, 73.317 ], [ 109.221, 73.387 ], [ 109.194, 73.552 ], [ 109.531, 73.775 ], [ 109.82, 73.877 ], [ 110.021, 74.014 ], [ 110.581, 73.991 ], [ 111.008, 73.913 ], [ 111.436, 73.813 ], [ 111.804, 73.744 ], [ 112.372, 73.705 ], [ 112.821, 73.747 ], [ 112.959, 73.807 ], [ 112.823, 73.998 ], [ 113.112, 73.892 ], [ 113.396, 73.686 ], [ 113.494, 73.511 ], [ 114.109, 73.6 ], [ 115.413, 73.71 ], [ 118.45, 73.589 ], [ 118.998, 73.491 ], [ 118.49, 73.484 ], [ 118.346, 73.403 ], [ 118.462, 73.209 ], [ 118.918, 73.12 ], [ 119.535, 73.055 ], [ 119.783, 73.018 ], [ 120.656, 72.977 ], [ 121.055, 72.932 ], [ 121.388, 72.976 ], [ 121.964, 72.964 ], [ 122.043, 72.892 ], [ 122.614, 73.031 ], [ 123.138, 72.918 ], [ 123.338, 72.981 ], [ 123.401, 73.174 ], [ 123.553, 73.218 ], [ 123.25, 73.393 ], [ 123.417, 73.444 ], [ 123.266, 73.564 ], [ 123.591, 73.717 ], [ 123.691, 73.604 ], [ 123.974, 73.627 ], [ 124.336, 73.805 ], [ 124.726, 73.708 ], [ 125.212, 73.649 ], [ 125.179, 73.559 ], [ 125.652, 73.525 ], [ 125.532, 73.44 ], [ 126.227, 73.555 ], [ 126.389, 73.412 ], [ 126.932, 73.43 ], [ 126.83, 73.519 ], [ 127.05, 73.549 ], [ 127.451, 73.491 ], [ 127.988, 73.471 ], [ 127.96, 73.347 ], [ 128.365, 73.354 ], [ 128.235, 73.265 ], [ 128.893, 73.217 ], [ 128.843, 73.075 ], [ 129.066, 73.128 ], [ 129.444, 73.029 ], [ 129.36, 72.94 ], [ 129.308, 72.717 ], [ 129.522, 72.249 ], [ 129.333, 72.091 ], [ 129.287, 71.883 ], [ 129.305, 71.761 ], [ 129.249, 71.55 ], [ 129.392, 71.347 ], [ 129.653, 71.261 ], [ 129.763, 71.148 ], [ 130.08, 71.083 ], [ 130.301, 70.94 ], [ 130.62, 70.866 ], [ 130.789, 70.971 ], [ 130.879, 70.774 ], [ 131.226, 70.75 ], [ 131.546, 70.887 ], [ 131.851, 71.208 ], [ 131.966, 71.255 ], [ 132.106, 71.518 ], [ 132.539, 71.884 ], [ 132.796, 71.911 ], [ 132.73, 71.769 ], [ 132.985, 71.72 ], [ 133.152, 71.579 ], [ 133.65, 71.437 ], [ 134.168, 71.371 ], [ 134.489, 71.377 ], [ 135.033, 71.539 ], [ 135.622, 71.623 ], [ 135.985, 71.635 ], [ 136.689, 71.532 ], [ 136.889, 71.462 ], [ 137.492, 71.347 ], [ 137.829, 71.394 ], [ 138.039, 71.559 ], [ 138.756, 71.643 ], [ 139.045, 71.569 ], [ 139.192, 71.415 ], [ 139.735, 71.672 ], [ 139.743, 71.845 ], [ 139.574, 71.933 ], [ 139.874, 72.178 ], [ 139.561, 72.232 ], [ 139.192, 72.163 ], [ 139.136, 72.304 ], [ 139.542, 72.498 ], [ 140.073, 72.479 ], [ 140.577, 72.496 ], [ 141.111, 72.587 ], [ 141.013, 72.691 ], [ 140.664, 72.809 ], [ 140.594, 72.893 ], [ 141.273, 72.866 ], [ 141.551, 72.774 ], [ 142.232, 72.702 ], [ 142.543, 72.718 ], [ 143.707, 72.667 ], [ 145.41, 72.556 ], [ 146.125, 72.47 ], [ 146.792, 72.331 ], [ 148.402, 72.311 ], [ 149.611, 72.148 ], [ 150.067, 71.922 ], [ 149.868, 71.462 ], [ 150.635, 71.515 ], [ 150.515, 71.346 ], [ 150.63, 71.285 ], [ 151.033, 71.394 ], [ 151.623, 71.298 ], [ 152.104, 71.05 ], [ 152.211, 70.881 ], [ 152.613, 70.835 ], [ 152.99, 70.835 ], [ 153.348, 70.883 ], [ 153.664, 70.861 ], [ 154.239, 70.965 ], [ 155.936, 71.099 ], [ 157.586, 71.075 ], [ 157.989, 71.048 ], [ 158.524, 70.969 ], [ 159.238, 70.829 ], [ 159.689, 70.671 ], [ 160.025, 70.419 ], [ 160.106, 70.264 ], [ 159.901, 70.127 ], [ 159.689, 69.891 ], [ 159.801, 69.807 ], [ 160.319, 69.654 ], [ 160.516, 69.687 ], [ 161.6, 69.428 ], [ 161.703, 69.496 ], [ 161.946, 69.528 ], [ 162.318, 69.663 ], [ 162.769, 69.654 ], [ 163.165, 69.721 ], [ 163.773, 69.694 ], [ 164.027, 69.774 ], [ 164.439, 69.621 ], [ 164.834, 69.567 ], [ 165.675, 69.596 ], [ 166.075, 69.523 ], [ 166.63, 69.534 ], [ 166.939, 69.502 ], [ 167.802, 69.775 ], [ 168.083, 69.709 ], [ 167.926, 69.654 ], [ 168.241, 69.558 ], [ 168.192, 69.38 ], [ 168.288, 69.243 ], [ 168.851, 69.188 ], [ 169.304, 69.098 ], [ 169.42, 69.024 ], [ 169.454, 68.845 ], [ 169.625, 68.777 ], [ 170.351, 68.828 ], [ 170.894, 68.993 ], [ 170.996, 69.127 ], [ 170.913, 69.304 ], [ 170.749, 69.391 ], [ 170.584, 69.6 ], [ 170.592, 69.765 ], [ 170.523, 69.938 ], [ 170.611, 70.116 ], [ 171.316, 70.073 ], [ 171.994, 69.993 ], [ 172.791, 69.963 ], [ 173.254, 69.919 ], [ 173.461, 69.949 ], [ 173.928, 69.845 ], [ 174.026, 69.884 ], [ 175.088, 69.846 ], [ 175.53, 69.856 ], [ 175.926, 69.776 ], [ 176.143, 69.782 ], [ 176.128, 69.894 ], [ 176.313, 69.777 ], [ 176.735, 69.675 ], [ 177.358, 69.617 ], [ 178.365, 69.487 ], [ 180.0, 68.981 ], [ 180.0, 65.069 ], [ 180.0, 65.066 ], [ 179.78, 65.018 ], [ 179.479, 64.823 ], [ 179.25, 64.811 ], [ 178.912, 64.715 ], [ 178.218, 64.658 ], [ 177.643, 64.748 ], [ 177.492, 64.768 ], [ 177.364, 64.563 ], [ 177.454, 64.421 ], [ 177.67, 64.305 ], [ 178.0, 64.21 ], [ 178.283, 64.354 ], [ 178.589, 64.035 ], [ 178.657, 63.949 ], [ 178.759, 63.623 ], [ 178.711, 63.57 ], [ 178.838, 63.435 ], [ 178.809, 63.35 ], [ 179.3, 63.215 ], [ 179.418, 63.117 ], [ 179.25, 62.985 ], [ 179.346, 62.894 ], [ 179.541, 62.849 ], [ 179.609, 62.706 ], [ 179.433, 62.616 ], [ 179.384, 62.521 ], [ 179.149, 62.496 ], [ 179.09, 62.29 ], [ 178.938, 62.366 ], [ 178.489, 62.437 ], [ 178.061, 62.541 ], [ 177.307, 62.582 ], [ 177.239, 62.57 ], [ 176.709, 62.499 ], [ 176.393, 62.395 ], [ 176.279, 62.317 ], [ 175.299, 62.117 ], [ 175.23, 62.044 ], [ 174.49, 61.815 ], [ 174.34, 61.844 ], [ 174.014, 61.817 ], [ 174.061, 61.77 ], [ 173.805, 61.65 ], [ 173.481, 61.555 ], [ 173.38, 61.561 ], [ 173.128, 61.397 ], [ 172.931, 61.352 ], [ 172.298, 61.104 ], [ 172.007, 60.855 ], [ 171.746, 60.854 ], [ 171.585, 60.8 ], [ 171.633, 60.745 ], [ 171.457, 60.718 ], [ 171.179, 60.559 ], [ 170.811, 60.512 ], [ 170.639, 60.423 ], [ 170.666, 60.341 ], [ 170.502, 60.273 ], [ 170.401, 59.966 ], [ 170.265, 59.92 ], [ 169.956, 60.059 ], [ 169.747, 60.283 ], [ 169.708, 60.399 ], [ 169.248, 60.567 ], [ 168.625, 60.556 ], [ 168.485, 60.599 ], [ 168.096, 60.571 ], [ 167.192, 60.355 ], [ 167.025, 60.428 ], [ 167.048, 60.328 ], [ 166.361, 59.884 ], [ 166.11, 59.827 ], [ 166.175, 60.12 ], [ 166.267, 60.178 ], [ 166.276, 60.331 ], [ 166.393, 60.48 ], [ 166.052, 60.454 ], [ 165.721, 60.27 ], [ 165.13, 60.084 ], [ 165.212, 59.991 ], [ 165.014, 59.848 ], [ 164.807, 59.79 ], [ 164.686, 59.993 ], [ 164.489, 60.111 ], [ 164.321, 60.089 ], [ 164.339, 59.992 ], [ 164.164, 59.963 ], [ 164.017, 60.036 ], [ 163.629, 60.047 ], [ 163.698, 59.904 ], [ 163.504, 59.898 ], [ 163.378, 59.814 ], [ 163.39, 59.632 ], [ 163.169, 59.511 ], [ 163.303, 59.433 ], [ 163.313, 59.288 ], [ 163.081, 59.271 ], [ 163.075, 59.193 ], [ 163.262, 59.081 ], [ 162.947, 59.159 ], [ 162.887, 59.114 ], [ 163.078, 59.008 ], [ 162.405, 58.654 ], [ 162.17, 58.406 ], [ 161.993, 58.087 ], [ 162.026, 57.929 ], [ 162.215, 57.822 ], [ 162.522, 57.754 ], [ 162.53, 57.937 ], [ 162.712, 57.967 ], [ 163.004, 57.838 ], [ 163.219, 57.813 ], [ 163.33, 57.709 ], [ 163.075, 57.461 ], [ 162.833, 57.383 ], [ 162.786, 57.145 ], [ 162.86, 57.051 ], [ 162.79, 56.922 ], [ 162.784, 56.763 ], [ 162.967, 56.704 ], [ 163.228, 56.742 ], [ 163.241, 56.593 ], [ 163.339, 56.355 ], [ 163.366, 56.181 ], [ 163.111, 56.102 ], [ 163.051, 56.005 ], [ 162.822, 56.056 ], [ 162.593, 56.268 ], [ 162.142, 56.129 ], [ 161.777, 55.608 ], [ 161.748, 55.376 ], [ 161.875, 55.079 ], [ 162.153, 54.85 ], [ 162.13, 54.772 ], [ 161.724, 54.509 ], [ 161.312, 54.49 ], [ 161.151, 54.597 ], [ 160.741, 54.535 ], [ 160.42, 54.378 ], [ 160.219, 54.242 ], [ 160.053, 54.176 ], [ 159.902, 53.982 ], [ 159.818, 53.66 ], [ 159.825, 53.536 ], [ 159.969, 53.215 ], [ 160.018, 53.265 ], [ 160.059, 53.097 ], [ 159.632, 53.257 ], [ 159.478, 53.229 ], [ 159.003, 53.077 ], [ 158.709, 52.892 ], [ 158.647, 52.899 ], [ 158.5, 52.779 ], [ 158.598, 52.692 ], [ 158.462, 52.461 ], [ 158.571, 52.392 ], [ 158.548, 52.296 ], [ 158.427, 52.268 ], [ 158.325, 52.138 ], [ 158.287, 51.968 ], [ 157.759, 51.544 ], [ 157.537, 51.486 ], [ 157.447, 51.348 ], [ 157.046, 51.124 ], [ 156.72, 50.886 ], [ 156.762, 50.984 ], [ 156.722, 51.195 ], [ 156.535, 51.289 ], [ 156.483, 51.459 ], [ 156.501, 51.775 ], [ 156.439, 52.216 ], [ 156.373, 52.405 ], [ 156.111, 52.935 ], [ 156.039, 53.371 ], [ 155.936, 53.865 ], [ 155.728, 54.427 ], [ 155.61, 54.895 ], [ 155.551, 55.284 ], [ 155.623, 55.639 ], [ 155.653, 55.921 ], [ 155.924, 56.585 ], [ 156.048, 56.765 ], [ 156.461, 56.948 ], [ 156.573, 57.114 ], [ 156.675, 57.046 ], [ 157.001, 57.426 ], [ 156.931, 57.658 ], [ 156.801, 57.773 ], [ 156.981, 57.857 ], [ 157.242, 57.77 ], [ 157.47, 57.804 ], [ 157.587, 57.951 ], [ 157.723, 58.025 ], [ 158.057, 57.99 ], [ 158.229, 58.039 ], [ 158.655, 58.269 ], [ 159.024, 58.415 ], [ 159.728, 58.883 ], [ 159.73, 59.011 ], [ 159.864, 59.141 ], [ 160.31, 59.346 ], [ 160.497, 59.552 ], [ 160.805, 59.605 ], [ 161.284, 59.871 ], [ 161.533, 60.068 ], [ 161.897, 60.203 ], [ 161.939, 60.417 ], [ 162.206, 60.538 ], [ 162.502, 60.621 ], [ 162.754, 60.646 ], [ 162.889, 60.752 ], [ 163.346, 60.799 ], [ 163.774, 60.919 ], [ 163.487, 61.002 ], [ 163.763, 61.187 ], [ 163.933, 61.235 ], [ 164.029, 61.347 ], [ 163.952, 61.435 ], [ 163.776, 61.413 ], [ 163.866, 61.647 ], [ 164.045, 61.683 ], [ 164.127, 62.262 ], [ 164.418, 62.353 ], [ 164.538, 62.451 ], [ 164.739, 62.46 ], [ 164.766, 62.558 ], [ 164.598, 62.673 ], [ 164.375, 62.691 ], [ 164.055, 62.656 ], [ 163.908, 62.584 ], [ 163.626, 62.589 ], [ 163.267, 62.522 ], [ 163.185, 62.443 ], [ 163.369, 62.328 ], [ 163.091, 62.227 ], [ 163.193, 62.067 ], [ 162.978, 61.81 ], [ 163.343, 61.706 ], [ 163.045, 61.517 ], [ 162.86, 61.617 ], [ 162.804, 61.711 ], [ 162.623, 61.659 ], [ 162.417, 61.676 ], [ 161.986, 61.373 ], [ 161.596, 61.255 ], [ 161.567, 61.184 ], [ 161.184, 60.993 ], [ 160.915, 60.9 ], [ 160.792, 60.718 ], [ 160.661, 60.753 ], [ 160.154, 60.576 ], [ 160.252, 60.772 ], [ 160.17, 60.825 ], [ 160.358, 60.911 ], [ 160.444, 61.036 ], [ 160.202, 61.038 ], [ 159.828, 60.932 ], [ 160.0, 61.106 ], [ 159.908, 61.259 ], [ 159.776, 61.242 ], [ 160.035, 61.459 ], [ 160.285, 61.554 ], [ 160.259, 61.69 ], [ 160.414, 61.765 ], [ 160.346, 61.945 ], [ 160.039, 61.846 ], [ 159.881, 61.705 ], [ 159.519, 61.675 ], [ 159.351, 61.826 ], [ 159.36, 61.893 ], [ 158.921, 61.903 ], [ 158.853, 61.826 ], [ 158.548, 61.83 ], [ 158.485, 61.79 ], [ 158.26, 61.826 ], [ 158.08, 61.734 ], [ 157.794, 61.781 ], [ 157.465, 61.782 ], [ 157.357, 61.715 ], [ 157.028, 61.651 ], [ 156.924, 61.552 ], [ 156.679, 61.524 ], [ 156.62, 61.275 ], [ 156.663, 61.211 ], [ 156.374, 61.149 ], [ 156.091, 61.002 ], [ 155.917, 60.859 ], [ 155.914, 60.704 ], [ 155.83, 60.729 ], [ 155.571, 60.626 ], [ 155.432, 60.515 ], [ 155.34, 60.525 ], [ 155.138, 60.411 ], [ 154.952, 60.367 ], [ 154.564, 60.094 ], [ 154.408, 60.063 ], [ 154.488, 59.896 ], [ 154.221, 59.87 ], [ 154.251, 59.699 ], [ 154.075, 59.509 ], [ 153.369, 59.241 ], [ 153.337, 59.09 ], [ 153.09, 59.083 ], [ 152.943, 59.007 ], [ 152.916, 58.917 ], [ 152.557, 58.95 ], [ 152.339, 59.055 ], [ 152.02, 58.875 ], [ 151.717, 58.849 ], [ 151.359, 58.856 ], [ 151.088, 59.102 ], [ 148.437, 59.262 ], [ 148.394, 59.379 ], [ 148.219, 59.409 ], [ 147.623, 59.306 ], [ 147.271, 59.332 ], [ 146.44, 59.46 ], [ 144.613, 59.395 ], [ 143.16, 59.354 ], [ 142.582, 59.226 ], [ 142.262, 59.125 ], [ 141.947, 58.943 ], [ 141.782, 58.765 ], [ 141.584, 58.618 ], [ 141.186, 58.456 ], [ 140.904, 58.383 ], [ 140.667, 58.191 ], [ 140.496, 57.845 ], [ 139.982, 57.688 ], [ 139.197, 57.273 ], [ 138.922, 57.058 ], [ 138.662, 56.978 ], [ 138.268, 56.627 ], [ 138.115, 56.528 ], [ 137.572, 56.117 ], [ 137.156, 55.888 ], [ 137.057, 55.8 ], [ 136.91, 55.771 ], [ 136.773, 55.661 ], [ 136.566, 55.623 ], [ 136.319, 55.487 ], [ 136.22, 55.355 ], [ 135.869, 55.174 ], [ 135.534, 55.087 ], [ 135.22, 54.894 ], [ 135.173, 54.821 ], [ 134.862826026373142, 54.742645443203621 ], [ 134.168643415870804, 54.232352265946943 ], [ 133.423891211225936, 54.053060068532432 ], [ 132.283776725102911, 53.961115351909605 ], [ 131.506843869640022, 53.827795512806503 ], [ 131.231009719771549, 54.324296982569763 ], [ 130.968967277396501, 54.669089669905354 ], [ 129.438087745626461, 55.138007724681756 ], [ 128.077305939608664, 55.179382847162039 ], [ 126.88662185934308, 55.101229838032637 ], [ 125.81546591068718, 55.225355205473448 ], [ 125.286783790105943, 55.317299922096275 ], [ 124.551226057123316, 55.156396668006337 ], [ 124.017946700710937, 55.018479593072101 ], [ 123.029540997015573, 54.931132112280416 ], [ 122.477872697278642, 54.646103490749667 ], [ 121.360744390311325, 54.122018605999571 ], [ 120.312574620811134, 54.002490474389887 ], [ 119.66896160445134, 53.735850796183705 ], [ 119.618392010308781, 53.510586240457783 ], [ 119.710336726931615, 53.110626723148506 ], [ 119.848253801865852, 52.926737289902853 ], [ 120.197643725032592, 52.687681026683514 ], [ 120.148223439847854, 52.645156595245453 ], [ 120.147074130890061, 52.563555659242695 ], [ 120.284991205824298, 52.561257041327124 ], [ 120.347053889544711, 52.598034927976258 ], [ 120.767700968094076, 52.604930781722935 ], [ 120.924006986352879, 52.47161094261984 ], [ 121.029743410469123, 52.310707688529902 ], [ 120.910215278859454, 51.952123293700886 ], [ 120.326366328304516, 51.71306703048154 ], [ 120.087310065085163, 51.501594182249036 ], [ 119.351752332102564, 50.674091732643618 ], [ 119.319571681284572, 50.531577421878211 ], [ 119.468981845796662, 50.375271403619408 ], [ 119.503461114530225, 50.278729451165447 ], [ 119.466683227881092, 50.122423432906643 ], [ 118.983973465611257, 49.924742292167579 ], [ 118.652972485769084, 49.860380990531596 ], [ 118.377138335900611, 49.782227981402194 ], [ 117.963387111097902, 49.658102613961383 ], [ 117.759, 49.513 ], [ 117.473, 49.614 ], [ 117.253, 49.622 ], [ 117.058, 49.673 ], [ 116.684, 49.823 ], [ 116.575, 49.922 ], [ 116.218, 50.014 ], [ 116.054, 49.998 ], [ 115.751, 49.885 ], [ 115.369, 49.895 ], [ 115.21, 49.972 ], [ 114.997, 50.144 ], [ 114.754, 50.236 ], [ 114.473, 50.234 ], [ 114.286, 50.277 ], [ 113.973, 50.161 ], [ 113.85, 50.081 ], [ 113.58, 50.02 ], [ 113.212, 49.822 ], [ 113.044, 49.589 ], [ 112.734, 49.493 ], [ 112.432, 49.529 ], [ 112.03, 49.412 ], [ 111.661, 49.396 ], [ 111.504, 49.347 ], [ 111.338, 49.365 ], [ 110.966, 49.207 ], [ 110.731, 49.138 ], [ 110.604, 49.145 ], [ 110.371, 49.242 ], [ 110.181, 49.162 ], [ 109.818, 49.228 ], [ 109.729, 49.266 ], [ 109.516, 49.256 ], [ 109.462, 49.3 ], [ 109.161, 49.347 ], [ 108.538, 49.327 ], [ 108.335, 49.436 ], [ 108.251, 49.522 ], [ 108.033, 49.589 ], [ 107.939, 49.663 ], [ 107.947, 49.933 ], [ 107.729, 49.972 ], [ 107.225, 49.997 ], [ 107.048, 50.085 ], [ 106.974, 50.196 ], [ 106.657, 50.327 ], [ 106.245, 50.29 ], [ 106.056, 50.334 ], [ 105.985, 50.4 ], [ 105.639, 50.422 ], [ 105.329, 50.476 ], [ 105.131, 50.398 ], [ 104.934, 50.393 ], [ 104.61, 50.314 ], [ 104.406, 50.301 ], [ 104.198, 50.17 ], [ 103.974, 50.149 ], [ 103.785, 50.186 ], [ 103.668, 50.131 ], [ 103.253, 50.215 ], [ 103.202, 50.297 ], [ 102.974, 50.296 ], [ 102.587, 50.415 ], [ 102.472, 50.525 ], [ 102.328, 50.546 ], [ 102.276, 50.65 ], [ 102.329, 50.719 ], [ 102.217, 50.799 ], [ 102.23, 50.979 ], [ 102.147, 51.098 ], [ 102.184, 51.324 ], [ 102.051, 51.384 ], [ 101.482, 51.473 ], [ 101.388, 51.451 ], [ 100.511, 51.727 ], [ 100.006, 51.732 ], [ 99.679, 51.889 ], [ 99.324, 51.934 ], [ 98.995, 52.058 ], [ 98.886, 52.129 ], [ 98.6237278377575, 52.320890773573701 ], [ 98.621387802099846, 52.41683223553882 ], [ 98.815610761687793, 52.529153947107758 ], [ 98.741899638470684, 52.580634731576851 ], [ 98.899852045364497, 52.655515872622814 ], [ 98.902192081022164, 52.801768101228198 ], [ 98.800400529912807, 52.80059808339935 ], [ 98.801570547741647, 52.863779046156878 ], [ 98.885811831418351, 52.951530383320112 ], [ 98.975903204239273, 52.951530383320119 ], [ 99.108115218898547, 52.873139188787626 ], [ 99.190016466917569, 52.873139188787626 ], [ 99.187676431259874, 52.990140971671941 ], [ 99.023873935221843, 52.987800936014253 ], [ 98.934952580229776, 53.053321934429469 ], [ 99.02855400653722, 53.10714275455625 ], [ 98.951332829833575, 53.149263396394602 ], [ 98.633087980388254, 53.146923360736913 ], [ 98.279742596077639, 53.102462683240873 ], [ 98.239961989896969, 53.242864822702046 ], [ 97.991918210182234, 53.280305393225028 ], [ 97.8772564629556, 53.366886712559413 ], [ 97.741534394809804, 53.387947033478589 ], [ 97.610492397979371, 53.334126213351809 ], [ 97.577731898771773, 53.446447924920747 ], [ 97.413929402733757, 53.448787960578436 ], [ 97.315647905110936, 53.565789743462744 ], [ 97.224386514461173, 53.570469814778114 ], [ 96.936562128565768, 53.715552025554665 ], [ 96.772759632527752, 53.713211989896969 ], [ 96.681498241877989, 53.510798905507109 ], [ 96.438134533478603, 53.514308958993645 ], [ 96.352723231973044, 53.606740367472248 ], [ 96.282522162242458, 53.603230313985719 ], [ 96.254441734350223, 53.509628887678268 ], [ 96.070163926307444, 53.424802595087144 ], [ 95.894661251980978, 53.455223058637067 ], [ 95.768299326465893, 53.509043878763869 ], [ 95.65831765055465, 53.422462559429476 ], [ 95.471114797939762, 53.387362024564176 ], [ 95.388043532091899, 53.315990937004742 ], [ 95.247641392630712, 53.438842809033268 ], [ 95.041718254754329, 53.359281596671941 ], [ 94.978537291996801, 53.403742274167975 ], [ 94.676672692155279, 53.349921454041194 ], [ 94.587751337163198, 53.282060419968296 ], [ 94.746873761885865, 53.282060419968296 ], [ 94.742193690570488, 53.223559528526138 ], [ 94.590091372820893, 53.139318244849434 ], [ 94.590091372820893, 53.076137282091921 ], [ 94.65093229992074, 53.012956319334393 ], [ 94.480109696909636, 52.844473751980978 ], [ 94.402888520205991, 52.893614500792388 ], [ 94.288226772979371, 52.893614500792388 ], [ 94.150164669175879, 52.814053288431062 ], [ 94.145484597860516, 52.706411648177493 ], [ 93.986362173137849, 52.61047018621236 ], [ 93.710237965530879, 52.334345978605391 ], [ 93.696197751584762, 52.212664124405705 ], [ 93.592066164817723, 52.149483161648192 ], [ 93.371517804080838, 52.136612965530901 ], [ 93.16851971077655, 52.031311360935021 ], [ 93.138099247226634, 51.958770255546753 ], [ 93.056197999207612, 51.897929328446907 ], [ 92.957916501584791, 51.900269364104595 ], [ 92.597551010301117, 51.792627723851027 ], [ 91.972761489698897, 51.785607616877968 ], [ 91.867459885103017, 51.858148722266243 ], [ 91.170129259112528, 51.895589292789225 ], [ 91.09524811806655, 51.949410112916006 ], [ 90.947825871632361, 51.949410112915992 ], [ 90.869434677099861, 51.91664961370838 ], [ 90.6752117175119, 52.106192501980964 ], [ 90.548849791996844, 52.122572751584769 ], [ 90.413127723851048, 52.213834142234525 ], [ 90.155723801505559, 52.143633072503945 ], [ 90.03404194730588, 52.010251040015831 ], [ 90.036381982963562, 51.881549078843086 ], [ 90.092542838748031, 51.81602808042787 ], [ 90.090202803090349, 51.722426654120426 ], [ 89.994261341125195, 51.722426654120426 ], [ 89.91704016442155, 51.759867224643401 ], [ 89.70643695522979, 51.549264015451641 ], [ 89.509873959984148, 51.551604051109329 ], [ 89.432652783280503, 51.619465085182227 ], [ 89.364791749207598, 51.626485192155286 ], [ 89.254810073296355, 51.521183587559406 ], [ 89.203329288827248, 51.551604051109329 ], [ 89.170568789619651, 51.645205477416781 ], [ 89.105047791204427, 51.645205477416781 ], [ 89.018466471870042, 51.579684479001564 ], [ 88.805523227020601, 51.572664372028505 ], [ 88.805523227020601, 51.504803337955607 ], [ 88.990386043977807, 51.420562054278903 ], [ 88.945925366481774, 51.366741234152116 ], [ 88.94592536648176, 51.223999059033268 ], [ 89.058247078050698, 51.048496384706802 ], [ 89.161208646988882, 51.00169567155308 ], [ 89.642085974643408, 50.62026985935023 ], [ 89.870239451267807, 50.557088896592688 ], [ 89.870239451267807, 50.423706864104567 ], [ 89.594115243660838, 50.358185865689364 ], [ 89.528594245245614, 50.412006685816145 ], [ 89.362451713549902, 50.220123761885873 ], [ 89.388192105784441, 50.192043333993638 ], [ 89.481793532091899, 50.208423583597444 ], [ 89.570714887083966, 50.126522335578429 ], [ 89.577734994057025, 50.025900802297919 ], [ 89.624, 49.903 ], [ 89.682, 49.708 ], [ 89.442, 49.644 ], [ 89.372, 49.582 ], [ 89.216, 49.634 ], [ 89.161, 49.503 ], [ 88.963, 49.462 ], [ 88.859, 49.527 ], [ 88.871, 49.436 ], [ 88.634, 49.491 ], [ 88.175, 49.444 ], [ 88.144, 49.271 ], [ 87.957, 49.169 ], [ 87.816, 49.166 ], [ 87.324, 49.085 ], [ 87.218, 49.23 ], [ 87.025, 49.249 ], [ 86.829, 49.433 ], [ 86.824, 49.509 ], [ 86.592, 49.587 ], [ 86.776, 49.695 ], [ 86.748, 49.783 ], [ 86.61, 49.796 ], [ 86.392, 49.625 ], [ 86.272, 49.584 ], [ 86.177, 49.463 ], [ 86.112, 49.52 ], [ 85.931, 49.493 ], [ 85.941, 49.56 ], [ 85.809, 49.537 ], [ 85.597, 49.619 ], [ 85.263, 49.582 ], [ 85.033, 49.885 ], [ 84.955, 49.907 ], [ 84.976, 50.075 ], [ 84.695339072155676, 50.251566973012956 ], [ 84.219525163632554, 50.337765144846855 ], [ 83.6006222898652, 50.280874351436466 ], [ 83.111016673848653, 50.177436545235786 ], [ 82.648994472818941, 49.998144347821281 ], [ 82.278121508768137, 50.497516627633345 ], [ 82.199573422861334, 51.090991054484753 ], [ 81.431547693994816, 51.998657824963381 ], [ 80.977714308755495, 52.932507290744269 ], [ 78.865643554372525, 52.871414335038978 ], [ 77.4430504429493, 53.011055376651072 ], [ 76.675024714082767, 52.923779725643513 ], [ 75.645172032193557, 53.386340675983583 ], [ 74.768051739567582, 53.543436847797182 ], [ 73.733835275128001, 53.713624367261929 ], [ 71.831226083163187, 53.914358364579314 ], [ 71.399211610675778, 54.036544275989897 ], [ 70.460998362344498, 54.232914490756905 ], [ 69.439873245556043, 54.472922531027692 ], [ 66.411408155593705, 54.468558748477314 ], [ 65.490650037463936, 54.167457752501242 ], [ 64.30370118376112, 53.787808670618347 ], [ 63.828048885769924, 53.665622759207764 ], [ 62.261450950184226, 53.40379580618508 ], [ 61.475970091116189, 53.329611502828662 ], [ 60.795220013257214, 53.704896802161173 ], [ 59.848279199825186, 53.669986541758142 ], [ 59.459902552841541, 53.757262192765701 ], [ 59.219894512570754, 53.604529803502473 ], [ 59.359535554182848, 53.342702850479796 ], [ 59.054070775656392, 52.958689986046529 ], [ 59.180620469617352, 52.622678729667427 ], [ 59.372626901833982, 52.565949556512507 ], [ 59.141346426663958, 52.339032863892847 ], [ 58.979886472299974, 52.085933475970926 ], [ 58.835881648137502, 51.732467089390305 ], [ 58.975522689749596, 51.405183398111959 ], [ 58.835881648137502, 51.261178573949486 ], [ 58.403867175650078, 51.117173749787007 ], [ 57.880213269604724, 51.186994270593047 ], [ 57.299830190404442, 51.379000702809655 ], [ 56.457620158181484, 51.632100090731576 ], [ 55.885964644081966, 51.81537895784745 ], [ 55.261943739377919, 51.876471913552749 ], [ 54.310639143395512, 51.780468697444434 ], [ 52.124384085656132, 51.49682283166986 ], [ 51.592002614510008, 51.24808722629831 ], [ 51.330175661487331, 50.379694498773091 ], [ 51.539637223905473, 50.231325892060241 ], [ 51.539637223905473, 50.030591894742855 ], [ 52.172385693710282, 49.249474818225181 ], [ 51.770917699075497, 48.337444265196176 ], [ 51.818919307129654, 47.687240665189861 ], [ 52.120020303105733, 47.281408888004705 ], [ 52.006561956795906, 47.041400847733911 ], [ 51.87783037155981, 46.903941697397059 ], [ 51.764, 46.916 ], [ 51.503, 47.061 ], [ 51.213, 47.121 ], [ 50.857, 47.04 ], [ 50.616, 46.936 ], [ 50.607, 46.868 ], [ 50.416, 46.882 ], [ 50.251, 46.742 ], [ 50.169, 46.749 ], [ 50.034, 46.635 ], [ 49.817, 46.54 ], [ 49.623, 46.583 ], [ 49.627, 46.519 ], [ 49.313, 46.562 ], [ 49.394, 46.478 ], [ 49.185, 46.414 ], [ 49.227, 46.328 ], [ 49.142, 46.31 ], [ 49.042, 46.196 ], [ 48.832, 46.142 ], [ 48.826, 46.067 ], [ 48.714, 46.13 ], [ 48.791, 45.841 ], [ 48.695, 45.828 ], [ 48.573, 45.971 ], [ 48.466, 45.94 ], [ 48.399, 45.835 ], [ 48.289, 45.837 ], [ 48.18, 45.74 ], [ 47.765, 45.682 ], [ 47.626, 45.709 ], [ 47.615, 45.57 ], [ 47.503, 45.717 ], [ 47.385, 45.75 ], [ 47.57, 45.574 ], [ 47.297, 45.187 ], [ 47.201, 44.97 ], [ 47.098, 44.947 ], [ 47.078, 44.785 ], [ 47.024, 44.843 ], [ 46.831, 44.696 ], [ 46.722, 44.655 ], [ 46.701, 44.446 ], [ 47.044, 44.346 ], [ 47.167, 44.203 ], [ 47.246, 44.212 ], [ 47.377350606040473, 43.947278054036666 ], [ 46.898224179381941, 43.758931803557132 ], [ 46.528140318790491, 43.758931803557132 ], [ 46.379445910517141, 43.570585553077557 ], [ 46.042405251764208, 43.471455947561985 ], [ 45.526931303083259, 43.50780346958436 ], [ 45.216325205801155, 43.600324434732237 ], [ 44.994935753483055, 43.69614972006395 ], [ 44.439809962595881, 43.699454040247801 ], [ 44.106073624026806, 43.6234546760192 ], [ 44.016856979062794, 43.557368272342153 ], [ 44.06642178182058, 43.481368908113552 ], [ 44.21511619009393, 43.339283140207911 ], [ 44.568678449766118, 43.074937525499728 ], [ 44.638069173627017, 42.972503599800312 ], [ 44.540469913665291, 42.735165709062208 ], [ 44.272, 42.702 ], [ 44.117276120676692, 42.745388308420679 ], [ 43.801, 42.746 ], [ 43.517, 42.86 ], [ 43.194, 42.927 ], [ 42.99, 43.053 ], [ 43.0, 43.099 ], [ 42.752, 43.177 ], [ 42.836526066600989, 43.192434164613964 ], [ 42.902036677194758, 43.161402822753757 ], [ 42.722744479780246, 43.899259173651934 ], [ 42.515868867378884, 44.195780884760552 ], [ 42.405535207431498, 44.519886010856013 ], [ 42.136596911309738, 44.602636255816556 ], [ 41.853866907694545, 44.81640772196463 ], [ 41.49183458599218, 45.019835407492629 ], [ 41.019468604342407, 45.143960774933447 ], [ 40.30919566843108, 45.443930412915414 ], [ 39.736839807453983, 45.71631663591053 ], [ 39.502380780065778, 45.378419802321652 ], [ 39.302401021411129, 45.206023458653853 ], [ 39.130004677743329, 45.081898091213034 ], [ 39.061046140276211, 44.723313696384018 ], [ 38.41283588808529, 44.468167107755676 ], [ 38.178, 44.406 ], [ 38.056, 44.559 ], [ 37.923, 44.614 ], [ 37.875, 44.689 ], [ 37.769, 44.632 ], [ 37.478, 44.677 ], [ 37.386, 44.737 ], [ 37.287, 44.928 ], [ 37.192, 44.991 ], [ 36.84, 45.109 ], [ 36.702, 45.104 ], [ 36.595, 45.205 ], [ 36.707, 45.203 ], [ 36.848, 45.367 ], [ 36.705, 45.391 ], [ 36.833, 45.443 ], [ 37.139, 45.336 ], [ 37.112, 45.239 ], [ 37.381, 45.306 ], [ 37.586, 45.432 ], [ 37.608, 45.663 ], [ 37.829, 45.753 ], [ 37.972, 46.04 ], [ 38.091, 46.06 ], [ 38.167, 46.121 ], [ 38.249, 46.142 ], [ 38.3, 46.219 ], [ 38.123, 46.378 ], [ 37.971, 46.362 ], [ 37.827, 46.477 ], [ 37.738, 46.676 ], [ 37.852, 46.623 ], [ 38.037, 46.629 ], [ 38.272, 46.732 ], [ 38.403, 46.821 ], [ 38.804, 46.894 ], [ 39.075, 47.033 ], [ 39.262, 47.009 ], [ 39.264, 47.261 ], [ 39.088, 47.286 ], [ 38.945, 47.253 ], [ 38.938, 47.19 ], [ 38.517, 47.119 ], [ 38.217, 47.103 ], [ 38.142, 47.038 ], [ 38.072, 47.1 ], [ 37.753, 47.075 ], [ 37.581, 47.09 ], [ 37.335, 46.882 ], [ 37.261, 46.933 ], [ 37.018, 46.871 ], [ 36.803, 46.725 ], [ 36.696, 46.78 ], [ 36.371, 46.708 ], [ 36.278, 46.607 ], [ 36.189, 46.669 ], [ 35.902, 46.653 ], [ 35.38, 46.368 ], [ 35.162, 46.128 ], [ 35.0, 46.074 ], [ 35.044, 46.142 ], [ 35.2, 46.183 ], [ 35.342, 46.336 ], [ 35.285, 46.437 ], [ 35.075, 46.271 ], [ 34.905, 46.256 ], [ 34.811, 46.166 ], [ 34.874, 45.926 ], [ 35.002, 45.729 ], [ 35.332, 45.371 ], [ 35.481, 45.298 ], [ 35.695, 45.33 ], [ 35.858, 45.469 ], [ 35.986, 45.363 ], [ 36.137, 45.462 ], [ 36.583, 45.427 ], [ 36.638, 45.351 ], [ 36.502, 45.347 ], [ 36.418, 45.23 ], [ 36.44, 45.067 ], [ 36.225, 45.008 ], [ 36.048, 45.049 ], [ 35.848, 44.992 ], [ 35.634, 45.115 ], [ 35.47, 45.101 ], [ 35.435, 45.011 ], [ 35.154, 44.901 ], [ 35.081, 44.794 ], [ 35.006, 44.835 ], [ 34.757, 44.821 ], [ 34.469, 44.73 ], [ 34.323, 44.544 ], [ 33.958, 44.383 ], [ 33.721, 44.4 ], [ 33.578, 44.497 ], [ 33.38, 44.565 ], [ 33.572, 44.621 ], [ 33.515, 44.649 ], [ 33.516, 44.785 ], [ 33.62, 44.931 ], [ 33.563, 45.094 ], [ 33.413, 45.185 ], [ 33.26, 45.156 ], [ 32.899, 45.354 ], [ 32.663, 45.32 ], [ 32.513, 45.341 ], [ 32.525, 45.458 ], [ 32.868, 45.63 ], [ 33.374, 45.797 ], [ 33.482, 45.854 ], [ 33.777, 45.93 ], [ 33.647, 45.98 ], [ 33.629, 46.125 ], [ 33.516, 46.046 ], [ 33.293, 46.136 ], [ 33.235, 46.224 ], [ 33.123, 46.136 ], [ 32.79, 46.134 ], [ 32.503, 46.076 ], [ 32.262, 46.128 ], [ 32.269, 46.205 ], [ 32.115, 46.215 ], [ 31.817, 46.348 ], [ 32.062, 46.394 ], [ 32.008, 46.449 ], [ 31.582, 46.545 ], [ 31.338, 46.601 ], [ 31.187, 46.629 ], [ 30.991, 46.601 ], [ 30.755, 46.516 ], [ 30.798, 46.446 ], [ 30.494, 46.08 ], [ 30.295860349055946, 46.298361561750419 ], [ 30.081, 46.374 ], [ 29.995, 46.499 ], [ 29.916, 46.519 ], [ 29.557579099055957, 46.817849477756759 ], [ 29.412496888279414, 46.841249834333624 ], [ 29.386756496044864, 46.967611759848673 ], [ 29.258054534872123, 46.97229183116405 ], [ 29.208913786060712, 47.033132758263889 ], [ 29.30251521236816, 47.075253400102241 ], [ 29.206573750403024, 47.178214969040432 ], [ 29.094252038834089, 47.196935254301927 ], [ 28.951509863715227, 47.632181886631564 ], [ 28.95, 47.935 ], [ 28.776007189388761, 47.936386522130775 ], [ 28.69644597702743, 48.048708233699713 ], [ 28.546683694935513, 48.069768554618889 ], [ 28.516263231385587, 48.127099428232185 ], [ 28.370011002780199, 48.135289553034092 ], [ 28.272899522986222, 48.246441246774182 ], [ 28.079, 48.245 ], [ 28.056, 48.321 ], [ 27.926, 48.339 ], [ 27.752, 48.452 ], [ 27.504, 48.472 ], [ 27.419956525759602, 48.505015186948512 ], [ 27.370815776948191, 48.652437433382744 ], [ 27.239773780117766, 48.591596506282904 ], [ 26.682845293588446, 48.544795793129175 ], [ 26.549463261100332, 48.460554509452471 ], [ 26.392680872035356, 48.554155935759923 ], [ 26.233558447312689, 48.535435650498428 ], [ 26.037453102129941, 48.54291435262639 ], [ 26.001839928476347, 48.606866983416502 ], [ 26.132239652963442, 48.857479051649001 ], [ 26.141035034008425, 49.376406533303019 ], [ 26.185011939233341, 49.464360343752858 ], [ 26.009104318333673, 49.644665655175018 ], [ 25.604516790264437, 49.666654107787473 ], [ 25.446199931454736, 49.904129396002027 ], [ 25.270292310555067, 50.058048564289237 ], [ 25.173543119060252, 50.097627778991658 ], [ 25.076793927565433, 50.260342328323851 ], [ 25.072396237042941, 50.396670734521095 ], [ 25.006430879205567, 50.502215307060894 ], [ 24.702990233153638, 50.423056877656045 ], [ 24.452321873371613, 50.511010688105877 ], [ 24.368765753444269, 50.590169117510733 ], [ 24.065325107392344, 50.678122927960565 ], [ 23.899006428961286, 50.832957961828953 ], [ 23.854823147136845, 51.009691089126733 ], [ 23.728546577852349, 51.087691981972959 ], [ 24.028071142036186, 51.513578471671856 ], [ 23.929789644413368, 51.625900183240795 ], [ 24.145072924920498, 51.700781324286751 ], [ 24.292495171354723, 51.816613089342248 ], [ 24.294835207012408, 51.887984176901675 ], [ 24.587339664223187, 52.084547172147303 ], [ 24.713701589738243, 52.126667813985655 ], [ 24.821343229991808, 52.248349668185334 ], [ 24.966425440768351, 52.575954660261402 ], [ 24.966425440768361, 52.816978333003085 ], [ 24.741782017630484, 53.172663752971388 ], [ 24.521818665807977, 53.425387604001486 ], [ 24.704341447107495, 53.577489921751095 ], [ 25.38763185915187, 53.577489921751095 ], [ 25.640355710181982, 53.806813416204342 ], [ 25.855638990689116, 53.839573915411947 ], [ 26.370446835380079, 54.284180690372331 ], [ 26.431287762479919, 54.597745468502282 ], [ 26.230044695918906, 54.883229818739999 ], [ 26.113042913034594, 54.97683124504745 ], [ 26.225364624603532, 55.037672172147289 ], [ 26.230044695918906, 55.14063374108548 ], [ 26.510848974841249, 55.145313812400858 ], [ 26.777613039817478, 55.243595310023679 ], [ 26.651251114302422, 55.309116308438888 ], [ 26.412567477218431, 55.313796379754265 ], [ 26.506168903525879, 55.407397806061709 ], [ 26.58303739481785, 55.555790721642865 ], [ 26.595, 55.667 ], [ 26.823, 55.706 ], [ 26.981, 55.827 ], [ 27.263, 55.787 ], [ 27.35, 55.831 ], [ 27.593, 55.794 ], [ 27.645, 55.923 ], [ 27.911, 56.1 ], [ 28.149, 56.142 ], [ 28.215, 56.281 ], [ 28.132, 56.536 ], [ 27.997, 56.604 ], [ 27.865, 56.743 ], [ 27.919, 56.806 ], [ 27.786, 56.871 ], [ 28.031287143423189, 56.911455725039467 ], [ 28.175199336370888, 56.99452699088733 ], [ 28.110848355784519, 57.246080824088594 ], [ 27.979806358954093, 57.38180289223439 ], [ 27.755162935816216, 57.468384211568782 ], [ 27.528, 57.528 ], [ 27.701342115689439, 57.618146493660696 ], [ 27.79962361331226, 57.63686677892219 ], [ 28.117868462757581, 57.896610736925354 ], [ 27.867484647385158, 58.055733161648014 ], [ 27.63, 58.088 ], [ 27.495, 58.221 ], [ 27.555, 58.395 ], [ 27.411, 58.755 ], [ 27.478, 58.875 ], [ 27.694, 58.976 ], [ 27.972786251981034, 59.078328744056876 ], [ 27.977466323296404, 59.185970384310437 ], [ 28.169349247226673, 59.256171454041024 ], [ 28.244230388272634, 59.317012381140863 ], [ 28.186, 59.375 ], [ 28.019, 59.482 ], [ 28.073, 59.578 ], [ 27.993, 59.703 ], [ 28.087, 59.799 ], [ 28.224, 59.691 ], [ 28.375, 59.666 ], [ 28.428, 59.813 ], [ 28.517, 59.862 ], [ 28.718, 59.787 ], [ 28.976, 59.831 ], [ 29.014, 59.93 ], [ 29.161, 60.003 ], [ 29.804, 59.94 ], [ 30.193, 59.881 ], [ 30.21, 60.001 ], [ 29.948, 60.03 ], [ 29.849, 60.167 ], [ 29.912675812202906, 60.166445324880904 ], [ 29.907995740887532, 60.267066858161407 ], [ 29.70675267432652, 60.318547642630506 ], [ 29.753553387480242, 60.353648177495799 ], [ 30.081158379556314, 60.409809033280268 ], [ 29.954796454041258, 60.571271493660618 ], [ 30.006277238510354, 60.636792492075834 ], [ 30.085838450871684, 60.671893026941127 ], [ 30.324522087955678, 60.636792492075834 ], [ 30.567885796355046, 60.643812599048893 ], [ 32.243351327258374, 61.172660657685952 ], [ 32.507775356576914, 61.266262083993404 ], [ 32.445764411648234, 61.302532636687538 ], [ 32.446934429477075, 61.34933334984126 ], [ 32.713698494453297, 61.479205328842845 ], [ 32.604886836370895, 61.562276594690708 ], [ 32.445764411648227, 61.648857914025101 ], [ 32.441084340332857, 61.737779269017174 ], [ 32.693808191362969, 61.894561658082154 ], [ 33.175855536846335, 61.889881586766769 ], [ 33.04247350435822, 61.997523227020331 ], [ 32.838890402139519, 62.025603654912565 ], [ 32.838890402139519, 62.133245295166134 ], [ 33.063533825277396, 62.332148326069465 ], [ 32.850590580427948, 62.407029467115422 ], [ 32.588506586767096, 62.463190322899891 ], [ 32.431724197702117, 62.549771642234276 ], [ 32.354503020998472, 62.671453496433962 ], [ 32.045618314183891, 62.73931453050686 ], [ 31.586971325277396, 62.849296206418117 ], [ 31.226, 63.196 ], [ 30.821, 63.376 ], [ 30.489, 63.462 ], [ 29.981, 63.742 ], [ 30.202, 63.793 ], [ 30.509, 63.991 ], [ 30.586, 64.085 ], [ 30.558, 64.22 ], [ 30.032, 64.397 ], [ 29.966, 64.579 ], [ 30.181, 64.643 ], [ 30.063, 64.784 ], [ 29.78, 64.796 ], [ 29.588, 64.991 ], [ 29.82, 65.094 ], [ 29.833, 65.205 ], [ 29.58, 65.235 ], [ 29.72, 65.329 ], [ 29.745, 65.511 ], [ 29.839, 65.565 ], [ 29.845984795958852, 65.615218353803257 ], [ 30.099, 65.656 ], [ 30.421633567749662, 65.870282240491065 ], [ 30.281231428288489, 66.010684379952238 ], [ 30.229750643819393, 66.15810662638647 ], [ 30.101048682646649, 66.27276837361309 ], [ 30.103388718304338, 66.415510548731945 ], [ 30.393553139857428, 66.509111975039389 ], [ 30.466094245245699, 66.628453793581386 ], [ 30.365472711965193, 66.708015005942727 ], [ 30.680207507923971, 66.863627377178815 ], [ 31.068653427099878, 67.137411549128103 ], [ 30.305801802694177, 67.584358359746176 ], [ 30.009, 67.686 ], [ 29.651, 67.824 ], [ 29.439806040439176, 67.954385978707435 ], [ 29.299, 68.082 ], [ 32.294622466956866, 69.88817345536593 ], [ 32.625, 69.783 ], [ 32.92, 69.78 ], [ 33.119, 69.661 ], [ 33.085, 69.476 ], [ 33.329, 69.452 ], [ 33.524, 69.428 ], [ 33.62, 69.328 ], [ 34.421, 69.311 ], [ 34.662, 69.249 ], [ 35.264, 69.215 ], [ 35.33, 69.276 ], [ 36.312, 69.058 ], [ 37.464, 68.742 ] ] ], [ [ [ 180.0, 71.536 ], [ 180.0, 70.992 ], [ 178.832, 70.809 ], [ 178.623, 71.038 ], [ 180.0, 71.536 ] ] ], [ [ [ 142.045, 73.917 ], [ 142.583, 73.825 ], [ 143.407, 73.543 ], [ 143.537, 73.444 ], [ 143.475, 73.321 ], [ 143.565, 73.231 ], [ 143.175, 73.177 ], [ 142.538, 73.214 ], [ 141.512, 73.299 ], [ 140.789, 73.41 ], [ 140.503, 73.405 ], [ 139.965, 73.327 ], [ 139.767, 73.418 ], [ 139.907, 73.471 ], [ 140.493, 73.485 ], [ 140.866, 73.78 ], [ 141.127, 73.882 ], [ 142.045, 73.917 ] ] ], [ [ [ 140.222, 74.22 ], [ 140.891, 74.277 ], [ 141.098, 74.149 ], [ 141.038, 74.004 ], [ 140.438, 73.908 ], [ 140.165, 74.071 ], [ 140.222, 74.22 ] ] ], [ [ [ 111.581, 74.26 ], [ 111.469, 74.345 ], [ 111.903, 74.356 ], [ 112.007, 74.538 ], [ 113.314, 74.48 ], [ 113.406, 74.444 ], [ 113.157, 74.225 ], [ 112.775, 74.088 ], [ 112.163, 74.139 ], [ 111.581, 74.26 ] ] ], [ [ [ 146.285, 75.403 ], [ 146.389, 75.585 ], [ 146.771, 75.507 ], [ 146.797, 75.366 ], [ 147.155, 75.336 ], [ 147.374, 75.44 ], [ 148.408, 75.421 ], [ 148.58, 75.383 ], [ 148.445, 75.287 ], [ 148.61, 75.216 ], [ 149.127, 75.269 ], [ 150.129, 75.226 ], [ 150.633, 75.117 ], [ 150.828, 75.163 ], [ 150.609, 74.894 ], [ 149.209, 74.758 ], [ 148.172, 74.804 ], [ 147.518, 74.971 ], [ 147.088, 75.005 ], [ 146.648, 75.128 ], [ 146.218, 75.176 ], [ 146.072, 75.24 ], [ 146.285, 75.403 ] ] ], [ [ [ 142.199, 75.004 ], [ 141.844, 74.999 ], [ 141.371, 74.92 ], [ 140.069, 74.828 ], [ 139.85, 74.965 ], [ 139.495, 74.947 ], [ 139.562, 74.846 ], [ 139.343, 74.687 ], [ 139.016, 74.658 ], [ 138.816, 74.714 ], [ 138.166, 74.776 ], [ 137.895, 74.846 ], [ 137.794, 74.975 ], [ 137.149, 75.134 ], [ 136.862, 75.362 ], [ 137.376, 75.35 ], [ 137.28, 75.591 ], [ 137.068, 75.726 ], [ 137.198, 75.79 ], [ 137.588, 75.774 ], [ 137.433, 75.953 ], [ 138.028, 76.032 ], [ 138.533, 76.186 ], [ 138.897, 76.219 ], [ 139.11, 76.097 ], [ 139.912, 75.937 ], [ 139.791, 75.894 ], [ 140.546, 75.756 ], [ 140.438, 75.65 ], [ 140.987, 75.621 ], [ 140.864, 75.739 ], [ 140.909, 75.984 ], [ 141.039, 76.053 ], [ 141.585, 76.008 ], [ 141.367, 76.181 ], [ 142.146, 76.012 ], [ 142.547, 75.863 ], [ 143.386, 75.807 ], [ 143.585, 75.87 ], [ 143.947, 75.835 ], [ 145.366, 75.54 ], [ 144.729, 75.432 ], [ 144.667, 75.342 ], [ 144.894, 75.292 ], [ 144.688, 75.16 ], [ 144.331, 75.047 ], [ 143.999, 75.025 ], [ 143.708, 74.947 ], [ 143.465, 74.9 ], [ 142.821, 74.876 ], [ 142.356, 74.825 ], [ 141.974, 74.934 ], [ 142.365, 74.931 ], [ 142.199, 75.004 ] ] ] ] } },
{ "type": "Feature", "properties": { "id": "br_madras", "colorId": "britain", "name": null, "parent": "britain" }, "geometry": { "type": "MultiPolygon", "coordinates": [ [ [ [ 85.45, 19.667 ], [ 85.427, 19.704 ], [ 85.563, 19.757 ], [ 85.57, 19.876 ], [ 85.464, 19.903 ], [ 85.221, 19.736 ], [ 85.103, 19.53 ], [ 85.203, 19.517 ], [ 85.261, 19.656 ], [ 85.391, 19.691 ], [ 85.337, 19.575 ], [ 85.18, 19.475 ], [ 84.872, 19.22 ], [ 84.665, 18.93 ], [ 84.424, 18.636 ], [ 84.144, 18.375 ], [ 84.077, 18.272 ], [ 83.775, 18.14 ], [ 83.614, 18.045 ], [ 83.466, 17.902 ], [ 83.418, 17.806 ], [ 83.239, 17.593 ], [ 83.088, 17.531 ], [ 82.897, 17.409 ], [ 82.719, 17.349 ], [ 82.475, 17.206 ], [ 82.299, 17.03 ], [ 82.268, 16.867 ], [ 82.362, 16.859 ], [ 82.307, 16.58 ], [ 81.993, 16.408 ], [ 81.763, 16.323 ], [ 81.411, 16.383 ], [ 81.249, 16.32 ], [ 81.155, 15.986 ], [ 80.999, 15.847 ], [ 81.005, 15.779 ], [ 80.89, 15.895 ], [ 80.807, 15.716 ], [ 80.776, 15.884 ], [ 80.67, 15.908 ], [ 80.554, 15.881 ], [ 80.36, 15.776 ], [ 80.263, 15.675 ], [ 80.091, 15.305 ], [ 80.055, 15.014 ], [ 80.111, 14.705 ], [ 80.197, 14.565 ], [ 80.175, 14.345 ], [ 80.128, 14.257 ], [ 80.164, 13.988 ], [ 80.237, 13.84 ], [ 80.221, 13.697 ], [ 80.31, 13.479 ], [ 80.142, 13.729 ], [ 80.053, 13.619 ], [ 80.119, 13.501 ], [ 80.22, 13.488 ], [ 80.348, 13.349 ], [ 80.286, 13.068 ], [ 80.229, 12.675 ], [ 80.156, 12.475 ], [ 79.862, 12.022 ], [ 79.786, 11.769 ], [ 79.752, 11.577 ], [ 79.786, 11.426 ], [ 79.696, 11.303 ], [ 79.833, 11.342 ], [ 79.855, 11.16 ], [ 79.841, 10.95 ], [ 79.864, 10.379 ], [ 79.851, 10.282 ], [ 79.633, 10.329 ], [ 79.76, 10.258 ], [ 79.58, 10.296 ], [ 79.587, 10.344 ], [ 79.398, 10.325 ], [ 79.305, 10.268 ], [ 79.236, 10.167 ], [ 79.279, 10.036 ], [ 79.2, 9.97 ], [ 78.981, 9.667 ], [ 78.913, 9.474 ], [ 79.04, 9.315 ], [ 79.252, 9.289 ], [ 79.32, 9.323 ], [ 79.424, 9.159 ], [ 79.293, 9.25 ], [ 78.957, 9.275 ], [ 78.619, 9.141 ], [ 78.45, 9.117 ], [ 78.24, 8.966 ], [ 78.178, 8.861 ], [ 78.169, 8.734 ], [ 78.115, 8.658 ], [ 78.128, 8.488 ], [ 78.063, 8.373 ], [ 77.511, 8.076 ], [ 77.316, 8.128 ], [ 76.996, 8.368 ], [ 76.696, 8.74 ], [ 76.559, 8.891 ], [ 76.363, 9.325 ], [ 76.312, 9.493 ], [ 76.261, 9.885 ], [ 76.346, 9.816 ], [ 76.394, 9.679 ], [ 76.357, 9.521 ], [ 76.503, 9.535 ], [ 76.407, 9.569 ], [ 76.415, 9.683 ], [ 76.359, 9.915 ], [ 76.243, 9.987 ], [ 76.052, 10.514 ], [ 75.922, 10.766 ], [ 75.833, 11.098 ], [ 75.695, 11.42 ], [ 75.617, 11.474 ], [ 75.531, 11.694 ], [ 75.308, 11.932 ], [ 75.4, 11.92 ], [ 75.194, 12.022 ], [ 75.131, 12.208 ], [ 74.955, 12.537 ], [ 74.851, 12.826 ], [ 74.818, 12.862 ], [ 74.677, 13.527 ], [ 74.667018392541749, 13.605091399337379 ], [ 75.072850018188461, 13.732731991274646 ], [ 75.321585530681602, 14.17129197382836 ], [ 75.256128816867616, 14.832404783349634 ], [ 75.485227315216576, 14.832404783349634 ], [ 75.711052977874829, 14.917498511307818 ], [ 76.123430274902944, 15.287328944356849 ], [ 76.450713843972878, 15.323330136954542 ], [ 76.755087563207923, 15.447697893201116 ], [ 76.869636812382396, 15.735707433982661 ], [ 76.722359206300922, 15.761890119508255 ], [ 76.611082792817143, 16.285543830020153 ], [ 76.611082792817143, 16.468822628699318 ], [ 76.777997413042812, 16.940110968160027 ], [ 76.935093526196383, 17.044841710262407 ], [ 77.249285752503525, 17.614315120444093 ], [ 77.442383058254791, 17.650316313041788 ], [ 77.625661856933945, 18.062693610069907 ], [ 77.576569321573459, 18.648531198705093 ], [ 77.632207528315348, 18.841628504456356 ], [ 77.540568128975764, 19.021634467444819 ], [ 77.504566936378055, 19.312916843917062 ], [ 77.691118570747918, 19.856207568573158 ], [ 77.930035576168976, 20.00021233896393 ], [ 78.623876742597233, 20.167126959189595 ], [ 78.869339419399694, 20.114761588138407 ], [ 79.288262387809212, 19.905300103933648 ], [ 79.772642070032717, 19.852934732882456 ], [ 79.916646840423482, 19.771113840614973 ], [ 79.965739375783983, 19.630381905914902 ], [ 80.109744146174762, 19.499468478286925 ], [ 80.33229697314232, 19.362009379277556 ], [ 80.482847414914488, 18.78599029771447 ], [ 80.656307706521545, 18.550346127984117 ], [ 80.957408590065896, 18.039783760235018 ], [ 81.124323210291564, 17.905597496916343 ], [ 81.31742051604283, 17.840140783102356 ], [ 81.350148872949831, 18.046329431616414 ], [ 81.664341099256959, 18.566710306437617 ], [ 81.854165569317516, 18.736897762353983 ], [ 82.122538095954866, 18.86781118998196 ], [ 82.417093308117813, 19.254005801484485 ], [ 82.528369721601592, 19.496195642596238 ], [ 82.698557177517955, 19.561652356410224 ], [ 83.058569103494889, 19.849661897191769 ], [ 83.18293685974146, 20.118034423829116 ], [ 83.850595340644134, 20.864240961308571 ], [ 83.974963096890704, 21.283163929718093 ], [ 84.125513538662872, 21.558082127736839 ], [ 84.836546072552821, 22.0664542738653 ], [ 84.982005490111575, 21.571892254165508 ], [ 84.894729839576314, 21.397340953094993 ], [ 85.124555719319162, 21.152969131596272 ], [ 85.252560006770878, 20.856231919776398 ], [ 85.572570725400155, 20.710772502217637 ], [ 85.706393389554208, 20.815503282859943 ], [ 86.49187424437153, 20.792229776050544 ], [ 86.736246065870247, 20.687498995408234 ], [ 86.952, 20.849 ], [ 86.995, 20.671 ], [ 86.774, 20.512 ], [ 86.717, 20.287 ], [ 86.495, 20.184 ], [ 86.397, 19.983 ], [ 86.275, 20.067 ], [ 86.168, 20.073 ], [ 86.372, 19.965 ], [ 86.269, 19.91 ], [ 85.744, 19.766 ], [ 85.45, 19.667 ] ] ], [ [ [ 80.943, 15.741 ], [ 80.869, 15.812 ], [ 80.968, 15.795 ], [ 80.943, 15.741 ] ] ] ] } },
{ "type": "Feature", "properties": { "id": "kazembe", "colorId": "kazembe", "name": "Казембе", "parent": null }, "geometry": { "type": "MultiPolygon", "coordinates": [ [ [ [ 27.738089209433547, -9.390886679794214 ], [ 27.116172095396891, -9.605730773734148 ], [ 26.788252162541198, -9.961919666318778 ], [ 26.669522531679657, -10.289839599174469 ], [ 26.67517632362544, -10.736489162891703 ], [ 26.567754276655471, -11.194446310500513 ], [ 26.70344528335438, -11.56194278697672 ], [ 26.92959696118589, -11.810709632591383 ], [ 27.336669981282611, -12.025553726531319 ], [ 27.67024370608409, -12.313897115766496 ], [ 28.196046357042356, -12.494818458031705 ], [ 28.987577229452647, -12.438280538573828 ], [ 29.377688873712003, -12.313897115766496 ], [ 29.784761893808724, -12.296935739929133 ], [ 30.231411457525958, -12.178206109067588 ], [ 30.559331390381651, -11.985977182910805 ], [ 30.678061021243195, -11.771133088970869 ], [ 30.949443034641007, -11.505404867518843 ], [ 31.203863672201457, -10.866526377644822 ], [ 31.01728853799046, -9.956265874372988 ], [ 30.581946558164795, -9.385232887848423 ], [ 30.016567363586017, -9.091235706667458 ], [ 29.4681495448446, -8.966852283860126 ], [ 29.083691692531037, -9.046005371101158 ], [ 28.704887632163256, -9.283464632824245 ], [ 27.738089209433547, -9.390886679794214 ] ] ] ] } },
{ "type": "Feature", "properties": { "id": "oman1747", "colorId": "oman", "name": "Оман", "parent": null }, "geometry": { "type": "MultiPolygon", "coordinates": [ [ [ [ 59.498, 21.756 ], [ 59.173494072308578, 22.051719441469757 ], [ 59.083033401175975, 22.221333199843393 ], [ 58.698575548862408, 22.453138669620692 ], [ 58.212349441524651, 22.560560716590661 ], [ 57.313396522144394, 22.656675179669051 ], [ 57.058573333822849, 22.769722600667077 ], [ 56.617980112812496, 22.967633736687382 ], [ 56.160022965203687, 23.244669542030984 ], [ 55.97344783099269, 23.600858434615613 ], [ 55.807, 24.007 ], [ 55.823896069506546, 24.743856178850784 ], [ 55.617707420992488, 25.146414968806809 ], [ 55.291031102311834, 25.267535477118823 ], [ 55.359, 25.349 ], [ 55.473, 25.413 ], [ 55.525, 25.543 ], [ 55.626, 25.536 ], [ 55.657, 25.598 ], [ 55.878, 25.74 ], [ 56.014, 25.879 ], [ 56.077, 26.061 ], [ 56.182, 26.246 ], [ 56.308, 26.222 ], [ 56.364, 26.386 ], [ 56.453, 26.318 ], [ 56.399, 26.269 ], [ 56.487, 26.235 ], [ 56.329, 26.173 ], [ 56.439, 25.926 ], [ 56.302, 25.763 ], [ 56.279, 25.627 ], [ 56.37, 25.526 ], [ 56.382, 25.327 ], [ 56.362, 25.057 ], [ 56.383, 24.978 ], [ 56.494, 24.7 ], [ 56.611, 24.496 ], [ 56.801, 24.303 ], [ 56.939, 24.116 ], [ 57.152, 23.954 ], [ 57.326, 23.884 ], [ 57.645, 23.79 ], [ 57.796, 23.782 ], [ 57.913, 23.718 ], [ 58.043, 23.725 ], [ 58.412, 23.616 ], [ 58.491, 23.657 ], [ 58.786, 23.512 ], [ 58.808, 23.421 ], [ 58.915, 23.336 ], [ 59.084, 23.055 ], [ 59.208, 22.97 ], [ 59.298, 22.793 ], [ 59.535, 22.583 ], [ 59.803, 22.535 ], [ 59.845, 22.445 ], [ 59.792, 22.198 ], [ 59.688, 22.083 ], [ 59.645, 21.926 ], [ 59.498, 21.756 ] ] ] ] } },
{ "type": "Feature", "properties": { "id": "bukhara1709", "colorId": "bukhara", "name": "Бухара", "parent": null }, "geometry": { "type": "MultiPolygon", "coordinates": [ [ [ [ 68.181493312217285, 41.295576919470854 ], [ 68.912453809368756, 41.019742769602381 ], [ 69.305517472931328, 40.668054228520077 ], [ 69.305517472931328, 40.392220078651604 ], [ 69.519288939079416, 40.295678126197643 ], [ 69.56755991530639, 40.088802513796281 ], [ 69.705476990240641, 39.943989585115332 ], [ 70.077853092563075, 39.612988605273159 ], [ 70.457125048632236, 38.978570060575663 ], [ 70.836397004701396, 38.723423471947321 ], [ 71.015689202115908, 38.613089811999927 ], [ 71.05, 38.409 ], [ 70.761, 38.444 ], [ 70.596, 38.338 ], [ 70.483, 38.137 ], [ 70.262, 37.939 ], [ 70.172, 37.946 ], [ 70.283, 37.705 ], [ 70.158, 37.541 ], [ 70.017, 37.546 ], [ 69.895, 37.618 ], [ 69.802, 37.582 ], [ 69.529, 37.586 ], [ 69.378, 37.437 ], [ 69.445, 37.236 ], [ 69.324, 37.121 ], [ 69.246, 37.104 ], [ 69.124, 37.169 ], [ 68.965, 37.329 ], [ 68.814, 37.323 ], [ 68.82, 37.251 ], [ 68.669, 37.278 ], [ 68.627, 37.206 ], [ 68.307, 37.114 ], [ 68.278, 37.01 ], [ 68.186, 37.018 ], [ 68.011, 36.931 ], [ 67.878, 37.064 ], [ 67.785, 37.097 ], [ 67.781, 37.189 ], [ 67.482, 37.277 ], [ 67.237, 37.192 ], [ 66.911595645026338, 37.19495610744589 ], [ 66.241420822554943, 37.162264652691185 ], [ 65.309714362045938, 37.525957086837238 ], [ 65.048182724008328, 37.869217361761613 ], [ 63.912154671282408, 38.408626365214204 ], [ 63.348227076763791, 38.96438109604415 ], [ 62.522767844207529, 39.491530803963748 ], [ 61.975185977066303, 39.732630282779681 ], [ 61.775245181521889, 40.219823734983812 ], [ 61.654, 41.249 ], [ 61.526994446640302, 42.598893277599416 ], [ 61.306327126745515, 43.185040846069931 ], [ 61.002909561890192, 43.660854754593053 ], [ 60.554679068353906, 44.591795010399174 ], [ 61.063137338298887, 46.092555564220334 ], [ 61.244264443025109, 46.288175032090294 ], [ 61.975224940176581, 46.212320640876484 ], [ 62.085558600123974, 46.081299419688953 ], [ 61.954537378936443, 45.943382344754717 ], [ 62.230371528804923, 45.805465269820481 ], [ 62.830310804768864, 45.964069905994855 ], [ 63.457833495719647, 45.681339902379662 ], [ 63.68539666936114, 45.798569416073768 ], [ 64.016397649203313, 45.853736246047461 ], [ 64.126731309150699, 45.605485511165831 ], [ 64.457732288992887, 45.522735266205288 ], [ 64.76114985384821, 45.184838432616402 ], [ 65.567964742213505, 45.081400626415729 ], [ 66.098945480710313, 44.784878915307111 ], [ 66.809218416621647, 44.019439149422091 ], [ 67.602241597493517, 43.957376465701678 ], [ 68.340097948391701, 43.791875975780592 ], [ 69.284829911691233, 43.598792070872662 ], [ 70.595042123566486, 43.412604019711438 ], [ 70.029582116336101, 42.957477672428446 ], [ 69.850289918921604, 42.467872056411899 ], [ 69.312413326678069, 42.329954981477663 ], [ 68.877974540635222, 42.171350345303289 ], [ 68.436639900845648, 41.730015705513722 ], [ 68.181493312217285, 41.295576919470854 ] ] ] ] } },
{ "type": "Feature", "properties": { "id": "bahrain1783", "colorId": "bahrain", "name": "Бахрейн", "parent": null }, "geometry": { "type": "MultiPolygon", "coordinates": [ [ [ [ 50.552, 26.194 ], [ 50.62, 26.185 ], [ 50.604, 25.855 ], [ 50.565, 25.79 ], [ 50.46, 25.985 ], [ 50.481, 26.243 ], [ 50.552, 26.194 ] ] ] ] } },
{ "type": "Feature", "properties": { "id": "fr_rome", "colorId": "france", "name": null, "parent": "france1768" }, "geometry": { "type": "MultiPolygon", "coordinates": [ [ [ [ 13.324, 41.295 ], [ 13.045, 41.228 ], [ 12.894, 41.399 ], [ 12.635, 41.447 ], [ 12.448, 41.631 ], [ 12.239, 41.736 ], [ 12.147, 41.903 ], [ 11.917, 42.038 ], [ 11.827, 42.034 ], [ 11.658, 42.279 ], [ 11.396, 42.4 ], [ 11.588061012432133, 42.598473639582679 ], [ 11.701842599252879, 42.643296688936303 ], [ 11.705290526126236, 42.83638059384424 ], [ 11.782302312632114, 43.014522576036896 ], [ 11.828614442923111, 43.089779787759767 ], [ 11.967550833796102, 43.124513885478009 ], [ 12.166307059628299, 43.371511913696665 ], [ 12.214548862014755, 43.541323058096999 ], [ 12.425443208766218, 43.517367629465035 ], [ 12.624267976976205, 43.440046886272263 ], [ 12.786273343665824, 43.484230168096708 ], [ 12.819410805034154, 43.233858237758206 ], [ 12.88200378761878, 43.053443170308398 ], [ 12.970370351267663, 42.909847504378966 ], [ 13.235470042214311, 42.834367731262233 ], [ 13.152369500407447, 42.769454219913712 ], [ 12.955542946670709, 42.707704712859048 ], [ 12.909230816379711, 42.599643075513384 ], [ 12.909230816379711, 42.37966045663115 ], [ 12.978699011816207, 42.321770293767401 ], [ 13.070669567975198, 42.026117778605588 ], [ 13.408566401564084, 41.915784118658195 ], [ 13.567171037738458, 41.812346312457521 ], [ 13.567171037738458, 41.577887285069309 ], [ 13.408566401564084, 41.543408016335754 ], [ 13.277545180376556, 41.371011672667954 ], [ 13.324, 41.295 ] ] ] ] } },
{ "type": "Feature", "properties": { "id": "ott_mani1517", "colorId": "turkey", "name": null, "parent": "ottoman" }, "geometry": { "type": "MultiPolygon", "coordinates": [ [ [ [ 22.355, 36.512 ], [ 22.359, 36.702 ], [ 22.577, 36.783 ], [ 22.484, 36.607 ], [ 22.511, 36.467 ], [ 22.355, 36.512 ] ] ] ] } },
{ "type": "Feature", "properties": { "id": "ott_serbia", "colorId": "turkey", "name": null, "parent": "ottoman" }, "geometry": { "type": "MultiPolygon", "coordinates": [ [ [ [ 19.040896596025448, 42.272415597155323 ], [ 18.927450072488966, 42.404426097270502 ], [ 18.721183666058998, 42.466306019199493 ], [ 18.55, 42.639 ], [ 18.467, 42.769 ], [ 18.465268708013255, 42.895958590451997 ], [ 18.506387105255026, 43.029006691175866 ], [ 18.632248617800919, 43.024740199225164 ], [ 18.681313275234064, 43.058872134830828 ], [ 18.600249928170609, 43.129269252017515 ], [ 18.659980815480523, 43.21459909103168 ], [ 18.854106199237751, 43.355393325405053 ], [ 19.001300171537189, 43.231665058834515 ], [ 19.067430796773166, 43.235931550785224 ], [ 19.026899123241435, 43.41939070466568 ], [ 18.928769808375147, 43.462055624172763 ], [ 18.945835776177979, 43.538852479285509 ], [ 19.103695978354185, 43.543118971236218 ], [ 19.233823982850797, 43.504720543679852 ], [ 19.35968549539669, 43.564451430989763 ], [ 19.482, 43.561 ], [ 19.538853416230875, 43.600429903120144 ], [ 19.534455725708384, 43.749951380884859 ], [ 19.462, 43.762 ], [ 19.385284447100933, 43.867372359490055 ], [ 19.229557490900081, 43.961235182405638 ], [ 19.218891261023309, 44.035898791543033 ], [ 19.361818741372037, 43.956968690454929 ], [ 19.50687946769612, 43.967634920331697 ], [ 19.619, 44.036 ], [ 19.362, 44.191 ], [ 19.324, 44.264 ], [ 19.177, 44.287 ], [ 19.107, 44.383 ], [ 19.13, 44.518 ], [ 19.328, 44.734 ], [ 19.369, 44.887 ], [ 19.513246666750074, 44.945628224487706 ], [ 19.744265041951639, 44.912625599458906 ], [ 19.707137088794244, 44.821868380629724 ], [ 19.975283417153204, 44.673356568000145 ], [ 20.173299167325972, 44.743487146186332 ], [ 20.239304417383565, 44.883748302558715 ], [ 20.322807220366272, 44.905373470481372 ], [ 20.475494547030298, 44.80533694611529 ], [ 20.638712034153912, 44.763216304276938 ], [ 20.822989842196701, 44.631589298532084 ], [ 21.412, 44.785 ], [ 21.558, 44.782 ], [ 21.656, 44.688 ], [ 21.855, 44.698 ], [ 22.004, 44.652 ], [ 22.104, 44.51 ], [ 22.185, 44.515 ], [ 22.32, 44.685 ], [ 22.426, 44.734 ], [ 22.765, 44.583 ], [ 22.621, 44.569 ], [ 22.484, 44.5 ], [ 22.505, 44.404 ], [ 22.682, 44.305 ], [ 22.692, 44.228 ], [ 22.606, 44.175 ], [ 22.605, 44.079 ], [ 22.4, 43.993 ], [ 22.349, 43.808 ], [ 22.473, 43.636 ], [ 22.519, 43.474 ], [ 22.773935084967487, 43.378562663489262 ], [ 22.875081966984794, 43.321392686696875 ], [ 22.866286585939811, 43.17187120893216 ], [ 22.725560489220079, 43.004758969077479 ], [ 22.505675963095499, 42.923401694411382 ], [ 22.404529081078191, 42.853038646051516 ], [ 22.481, 42.74 ], [ 22.402330235816947, 42.641949500971918 ], [ 22.270399520142199, 42.545200309477103 ], [ 22.270399520142199, 42.435258046414809 ], [ 21.761885975350424, 42.432843069398601 ], [ 21.667335629116856, 42.487814200929741 ], [ 21.662937938594361, 42.610949535559506 ], [ 21.555194520793314, 42.69450565548685 ], [ 21.293531934705062, 42.738482560711766 ], [ 21.26274810104762, 42.830834061684094 ], [ 21.130817385372868, 42.879208657431505 ], [ 21.095635861192935, 42.984753229971304 ], [ 20.959307454995692, 43.125479326691035 ], [ 20.839, 43.17 ], [ 20.699843714168683, 43.187046994005918 ], [ 20.598, 43.185 ], [ 20.669, 43.11 ], [ 20.596, 43.007 ], [ 20.476, 42.966 ], [ 20.476, 42.856 ], [ 20.345, 42.827 ], [ 20.183, 42.743 ], [ 20.311497659634053, 42.687011074079543 ], [ 20.484761441035225, 42.521997948935571 ], [ 20.501, 42.211 ], [ 20.333, 42.318 ], [ 20.23, 42.327 ], [ 20.2, 42.428 ], [ 19.972025932696301, 42.536188796677166 ], [ 19.87087905067899, 42.575768011379587 ], [ 19.822504454931583, 42.663721821829427 ], [ 19.699, 42.655 ], [ 19.422314617384838, 42.593358773469554 ], [ 19.259600068052645, 42.360281175777494 ], [ 19.272, 42.181 ], [ 19.375, 42.095 ], [ 19.365, 41.852 ], [ 19.17, 41.938 ], [ 19.139, 42.042 ], [ 19.040896596025448, 42.272415597155323 ] ] ] ] } },
{ "type": "Feature", "properties": { "id": "sp_falklands", "colorId": "spain", "name": null, "parent": "spain" }, "geometry": { "type": "MultiPolygon", "coordinates": [ [ [ [ -58.547, -52.026 ], [ -58.416, -51.994 ], [ -58.428, -52.101 ], [ -58.547, -52.026 ] ] ], [ [ [ -61.12, -51.893 ], [ -61.122, -51.826 ], [ -60.982, -51.777 ], [ -60.889, -51.819 ], [ -60.948, -51.947 ], [ -61.12, -51.893 ] ] ], [ [ [ -58.359, -51.505 ], [ -58.227, -51.393 ], [ -57.906, -51.377 ], [ -57.803, -51.549 ], [ -58.011, -51.507 ], [ -58.094, -51.576 ], [ -57.781, -51.619 ], [ -57.816, -51.694 ], [ -57.992, -51.751 ], [ -58.261, -51.756 ], [ -58.186, -51.811 ], [ -58.419, -51.892 ], [ -58.758, -51.891 ], [ -58.953, -51.802 ], [ -58.939, -51.875 ], [ -58.784, -51.957 ], [ -58.661, -51.955 ], [ -58.641, -52.108 ], [ -58.795, -52.032 ], [ -58.926, -52.102 ], [ -59.138, -51.983 ], [ -59.2, -52.008 ], [ -59.049, -52.212 ], [ -59.222, -52.207 ], [ -59.386, -52.112 ], [ -59.393, -52.31 ], [ -59.563, -52.238 ], [ -59.714, -52.119 ], [ -59.57, -52.057 ], [ -59.631, -52.007 ], [ -59.488, -51.934 ], [ -59.471, -51.838 ], [ -59.149, -51.694 ], [ -59.051, -51.694 ], [ -58.981, -51.79 ], [ -58.991, -51.647 ], [ -59.168, -51.574 ], [ -59.112, -51.502 ], [ -59.029, -51.584 ], [ -59.084, -51.406 ], [ -58.874, -51.372 ], [ -58.942, -51.279 ], [ -58.611, -51.344 ], [ -58.481, -51.301 ], [ -58.344, -51.368 ], [ -58.357, -51.44 ], [ -58.505, -51.395 ], [ -58.522, -51.491 ], [ -58.29, -51.568 ], [ -58.359, -51.505 ] ] ], [ [ [ -60.017, -51.375 ], [ -59.762, -51.42 ], [ -59.393, -51.433 ], [ -59.42, -51.338 ], [ -59.256, -51.387 ], [ -59.632, -51.741 ], [ -59.872, -51.949 ], [ -59.995, -51.995 ], [ -60.287, -52.013 ], [ -60.36, -52.154 ], [ -60.593, -52.237 ], [ -60.715, -52.132 ], [ -60.797, -52.172 ], [ -61.037, -52.047 ], [ -60.742, -52.009 ], [ -60.845, -51.955 ], [ -60.532, -52.0 ], [ -60.455, -51.8 ], [ -60.38, -51.837 ], [ -60.225, -51.782 ], [ -60.18, -51.707 ], [ -60.364, -51.714 ], [ -60.551, -51.79 ], [ -60.625, -51.67 ], [ -60.49, -51.7 ], [ -60.19, -51.653 ], [ -60.49, -51.526 ], [ -60.423, -51.451 ], [ -60.612, -51.417 ], [ -60.646, -51.351 ], [ -60.153, -51.487 ], [ -60.017, -51.375 ] ] ], [ [ [ -59.744, -51.329 ], [ -59.6, -51.369 ], [ -59.694, -51.408 ], [ -59.744, -51.329 ] ] ], [ [ [ -60.17, -51.393 ], [ -60.291, -51.372 ], [ -60.206, -51.303 ], [ -60.049, -51.346 ], [ -60.17, -51.393 ] ] ], [ [ [ -59.748, -51.283 ], [ -59.502, -51.262 ], [ -59.447, -51.324 ], [ -59.748, -51.283 ] ] ] ] } },
{ "type": "Feature", "properties": { "id": "br_ceylon1796", "colorId": "britain", "name": null, "parent": "britain" }, "geometry": { "type": "MultiPolygon", "coordinates": [ [ [ [ 81.681, 6.462 ], [ 81.362, 6.225 ], [ 81.113, 6.12 ], [ 80.809, 6.035 ], [ 80.714, 5.958 ], [ 80.591, 5.924 ], [ 80.379, 5.965 ], [ 80.185, 6.041 ], [ 80.032, 6.266 ], [ 79.97, 6.535 ], [ 79.863, 6.807 ], [ 79.862, 7.012 ], [ 79.814, 7.181 ], [ 79.834, 7.233 ], [ 79.785, 7.59 ], [ 79.802, 7.659 ], [ 79.697, 8.098 ], [ 79.697, 8.219 ], [ 79.744, 8.281 ], [ 79.732, 8.013 ], [ 79.834, 8.003 ], [ 79.793, 8.073 ], [ 79.874, 8.538 ], [ 79.917, 8.576 ], [ 79.951, 8.74 ], [ 79.916, 8.939 ], [ 80.048, 9.026 ], [ 80.116, 9.234 ], [ 80.053, 9.392 ], [ 80.197, 9.473 ], [ 80.085, 9.595 ], [ 80.272, 9.504 ], [ 80.287, 9.453 ], [ 80.427, 9.5 ], [ 80.615, 9.446 ], [ 80.465, 9.529 ], [ 80.369, 9.53 ], [ 80.174, 9.649 ], [ 80.186, 9.584 ], [ 79.947, 9.693 ], [ 79.91, 9.768 ], [ 79.988, 9.823 ], [ 80.122, 9.819 ], [ 80.339, 9.629 ], [ 80.444, 9.576 ], [ 80.248, 9.755 ], [ 80.137, 9.814 ], [ 80.227, 9.83 ], [ 80.41, 9.617 ], [ 80.744, 9.36 ], [ 80.824, 9.27 ], [ 80.958, 9.018 ], [ 80.875, 9.041 ], [ 80.931, 8.932 ], [ 80.979, 8.98 ], [ 81.232, 8.651 ], [ 81.213, 8.472 ], [ 81.366, 8.482 ], [ 81.448, 8.128 ], [ 81.576, 7.889 ], [ 81.697, 7.753 ], [ 81.636, 7.733 ], [ 81.755, 7.615 ], [ 81.758, 7.505 ], [ 81.826, 7.474 ], [ 81.881, 7.327 ], [ 81.876, 7.092 ], [ 81.89, 7.02 ], [ 81.776, 6.61 ], [ 81.681, 6.462 ] ], [ [ 80.687410363900668, 6.54289987297845 ], [ 80.873348341578534, 6.601810915411038 ], [ 80.969078785531494, 6.719633000276215 ], [ 81.16606258366545, 6.763816282100656 ], [ 81.224973626098034, 7.051007613959525 ], [ 81.16606258366545, 7.146738057912482 ], [ 81.026148857888046, 7.308743424602101 ], [ 80.9985343067478, 7.375018347338762 ], [ 81.000375276823817, 7.767144973530677 ], [ 80.860461551046413, 8.100360557290006 ], [ 80.687410363900682, 8.277093684587772 ], [ 80.554860518427361, 8.277093684587772 ], [ 80.457289104398413, 8.135338988734357 ], [ 80.459130074474388, 7.20564910034507 ], [ 80.30448858808883, 6.992096571526937 ], [ 80.392855151737734, 6.736201730960381 ], [ 80.483062685462627, 6.638630316931406 ], [ 80.687410363900668, 6.54289987297845 ] ] ], [ [ [ 79.886, 8.976 ], [ 79.714, 9.076 ], [ 79.842, 9.077 ], [ 79.886, 8.976 ] ] ], [ [ [ 79.973, 9.634 ], [ 79.896, 9.617 ], [ 79.841, 9.699 ], [ 79.973, 9.634 ] ] ] ] } },
{ "type": "Feature", "properties": { "id": "nl_caribean1810", "colorId": "netherlands", "name": null, "parent": "fr_netherlands" }, "geometry": { "type": "MultiPolygon", "coordinates": [ [ [ [ -68.377, 12.31 ], [ -68.212, 12.228 ], [ -68.205, 12.118 ], [ -68.26, 12.028 ], [ -68.303, 12.203 ], [ -68.417, 12.257 ], [ -68.377, 12.31 ] ] ], [ [ [ -68.781, 12.098 ], [ -68.815, 12.043 ], [ -69.007, 12.148 ], [ -69.16, 12.293 ], [ -69.161, 12.392 ], [ -69.072, 12.341 ], [ -69.041, 12.256 ], [ -68.835, 12.171 ], [ -68.781, 12.098 ] ] ] ] } },
{ "type": "Feature", "properties": { "id": "france1768", "colorId": "france", "name": "Франция", "parent": null }, "geometry": { "type": "MultiPolygon", "coordinates": [ [ [ [ 20.106, 39.365 ], [ 19.866, 39.469 ], [ 19.841, 39.552 ], [ 19.626, 39.748 ], [ 19.852, 39.825 ], [ 19.948, 39.79 ], [ 19.852, 39.711 ], [ 19.928, 39.625 ], [ 19.932, 39.479 ], [ 20.092, 39.434 ], [ 20.106, 39.365 ] ] ], [ [ [ 9.306, 42.839 ], [ 9.342, 42.991 ], [ 9.422, 43.017 ], [ 9.484, 42.832 ], [ 9.457, 42.606 ], [ 9.532, 42.544 ], [ 9.553, 42.113 ], [ 9.403, 41.953 ], [ 9.402, 41.706 ], [ 9.341, 41.569 ], [ 9.265, 41.531 ], [ 9.223, 41.373 ], [ 9.121, 41.435 ], [ 8.792, 41.561 ], [ 8.802, 41.639 ], [ 8.923, 41.695 ], [ 8.696, 41.729 ], [ 8.785, 41.824 ], [ 8.744, 41.933 ], [ 8.614, 41.901 ], [ 8.586, 41.969 ], [ 8.743, 42.044 ], [ 8.586, 42.133 ], [ 8.566, 42.209 ], [ 8.689, 42.281 ], [ 8.56, 42.346 ], [ 8.651, 42.423 ], [ 8.716, 42.562 ], [ 9.018, 42.65 ], [ 9.107, 42.726 ], [ 9.292, 42.675 ], [ 9.343, 42.749 ], [ 9.306, 42.839 ] ] ], [ [ [ 6.214, 46.315 ], [ 6.302, 46.394 ], [ 6.483, 46.449 ], [ 6.763, 46.429 ], [ 6.878600369722801, 46.388360463015687 ], [ 6.933829472003353, 46.27422031830254 ], [ 7.040605736412419, 46.218070730983989 ], [ 7.180519462189819, 46.291709534024726 ], [ 7.281772816370831, 46.383758037825643 ], [ 7.5689641482297, 46.490534302234707 ], [ 7.686786233094877, 46.442669080258234 ], [ 7.885611001304865, 46.542081464363214 ], [ 7.996069205865969, 46.600992506795805 ], [ 8.216985614988177, 46.564173105275437 ], [ 8.375309041525759, 46.519989823450992 ], [ 8.442, 46.435 ], [ 8.427, 46.251 ], [ 8.602, 46.123 ], [ 8.754297906828899, 46.085581990715411 ], [ 8.710040532977931, 45.993080577566154 ], [ 8.563503640860302, 45.913778259478967 ], [ 8.558331750550266, 45.741381915811168 ], [ 8.630738214890743, 45.668975451470693 ], [ 8.62384236114403, 45.525886486226419 ], [ 8.732452057654744, 45.451756058449263 ], [ 8.970359011916305, 45.220744957934414 ], [ 9.204818039304509, 45.134546786100515 ], [ 9.39336825845484, 45.096638767036261 ], [ 9.27372858853643, 44.969280408736019 ], [ 9.300743997872846, 44.876656148154026 ], [ 9.304603342063762, 44.695266971180956 ], [ 9.154088918618021, 44.687548282799121 ], [ 9.11163613251794, 44.633517464126292 ], [ 9.32775940720926, 44.479143696489636 ], [ 9.56703874704608, 44.436690910389551 ], [ 9.65194431924624, 44.374941403334887 ], [ 9.736849891446402, 44.220567635698231 ], [ 10.003144640619636, 44.151099440261738 ], [ 9.99928541420655, 44.054615815859165 ], [ 9.845, 44.109 ], [ 9.82, 44.063 ], [ 9.621, 44.148 ], [ 9.484, 44.244 ], [ 9.231, 44.354 ], [ 8.99939789729599, 44.539106021655272 ], [ 8.822664769998225, 44.550151842111376 ], [ 8.725, 44.424 ], [ 8.466, 44.304 ], [ 8.408, 44.194 ], [ 8.233, 44.104 ], [ 8.168, 43.956 ], [ 7.96, 43.853 ], [ 7.695, 43.791 ], [ 7.502, 43.792 ], [ 7.437, 43.743 ], [ 7.152, 43.655 ], [ 7.139, 43.554 ], [ 6.976, 43.547 ], [ 6.92, 43.449 ], [ 6.731, 43.408 ], [ 6.597, 43.284 ], [ 6.68, 43.202 ], [ 6.027, 43.078 ], [ 5.941, 43.134 ], [ 5.857, 43.045 ], [ 5.634, 43.187 ], [ 5.347, 43.216 ], [ 5.294, 43.355 ], [ 5.065, 43.328 ], [ 5.006, 43.382 ], [ 5.174, 43.428 ], [ 5.029, 43.559 ], [ 5.062, 43.452 ], [ 4.928, 43.44 ], [ 4.82, 43.346 ], [ 4.566, 43.371 ], [ 4.513, 43.456 ], [ 4.206, 43.46 ], [ 4.105, 43.552 ], [ 3.939, 43.533 ], [ 3.622, 43.375 ], [ 3.513, 43.281 ], [ 3.385, 43.284 ], [ 3.244, 43.219 ], [ 3.114, 43.106 ], [ 3.039, 42.943 ], [ 3.052, 42.555 ], [ 3.181, 42.431 ], [ 3.204, 42.34 ], [ 3.318, 42.323 ], [ 3.263, 42.24 ], [ 3.152, 42.257 ], [ 3.122, 42.14 ], [ 3.214, 42.068 ], [ 3.236, 41.966 ], [ 3.15, 41.845 ], [ 2.933, 41.712 ], [ 2.297, 41.465 ], [ 2.06, 41.275 ], [ 1.539, 41.187 ], [ 1.218, 41.105 ], [ 1.184, 41.063 ], [ 0.99, 41.04 ], [ 0.714, 40.815 ], [ 0.874, 40.728 ], [ 0.848, 40.675 ], [ 0.6, 40.614 ], [ 0.525097186278771, 40.51503201959644 ], [ 0.269662588231219, 40.619507071410538 ], [ 0.199705725342521, 40.715237515363498 ], [ 0.254934827623072, 40.814649899468492 ], [ 0.29175422914344, 40.954563625245889 ], [ 0.214433485950668, 41.050294069198848 ], [ 0.225479306406778, 41.116568991935516 ], [ 0.30280004959955, 41.133137722619679 ], [ 0.343301391271955, 41.203094585508381 ], [ 0.354347211728065, 41.457148455998919 ], [ 0.444554745452967, 41.560242780255948 ], [ 0.313845870055661, 41.659655164360927 ], [ 0.479533176897316, 41.794045979910273 ], [ 0.597355261762493, 41.849275082190815 ], [ 0.700449586019523, 42.084919251921171 ], [ 0.763042568604149, 42.408929985300404 ], [ 0.707813466323597, 42.466000057656984 ], [ 0.783293239440351, 42.616959603890493 ], [ 0.644, 42.684 ], [ 0.275, 42.669 ], [ 0.169, 42.726 ], [ -0.039, 42.685 ], [ -0.161, 42.795 ], [ -0.323, 42.843 ], [ -0.424, 42.791 ], [ -0.583, 42.796 ], [ -0.73, 42.878 ], [ -0.76, 42.947 ], [ -0.981, 42.957 ], [ -1.275, 43.047 ], [ -1.383, 43.029 ], [ -1.488, 43.082 ], [ -1.404, 43.243 ], [ -1.747, 43.291 ], [ -1.794, 43.386 ], [ -1.661, 43.4 ], [ -1.477, 43.58 ], [ -1.346, 44.019 ], [ -1.247, 44.505 ], [ -1.26, 44.627 ], [ -1.14, 45.49 ], [ -1.085, 45.569 ], [ -1.23, 45.792 ], [ -1.383399830378558, 45.990984630361247 ], [ -1.495721541947496, 46.243708481391359 ], [ -1.504, 46.419 ], [ -1.805, 46.504 ], [ -1.857, 46.635 ], [ -2.119, 46.82 ], [ -2.102, 46.931 ], [ -1.993, 47.052 ], [ -2.278, 47.246 ], [ -2.556, 47.383 ], [ -2.392, 47.424 ], [ -2.502, 47.527 ], [ -2.817, 47.499 ], [ -2.909, 47.558 ], [ -2.741, 47.551 ], [ -2.775, 47.629 ], [ -3.074, 47.576 ], [ -3.528, 47.78 ], [ -3.852, 47.801 ], [ -3.935, 47.888 ], [ -4.107, 47.88 ], [ -4.225, 47.802 ], [ -4.372, 47.807 ], [ -4.435, 47.976 ], [ -4.684, 48.067 ], [ -4.755, 48.342 ], [ -4.775, 48.491 ], [ -4.722, 48.568 ], [ -4.564, 48.63 ], [ -4.307, 48.642 ], [ -3.974, 48.733 ], [ -3.81, 48.733 ], [ -3.571, 48.688 ], [ -3.515, 48.842 ], [ -3.372, 48.822 ], [ -3.091, 48.871 ], [ -3.042, 48.794 ], [ -2.827, 48.658 ], [ -2.682, 48.509 ], [ -2.577, 48.582 ], [ -2.312, 48.687 ], [ -2.214, 48.582 ], [ -2.145, 48.636 ], [ -1.844, 48.712 ], [ -1.554, 48.747 ], [ -1.546, 49.03 ], [ -1.603, 49.225 ], [ -1.82, 49.397 ], [ -1.885, 49.531 ], [ -1.844, 49.572 ], [ -1.935, 49.724 ], [ -1.597, 49.652 ], [ -1.391, 49.713 ], [ -1.271, 49.698 ], [ -1.228, 49.624 ], [ -1.306, 49.558 ], [ -1.185, 49.43 ], [ -1.182, 49.356 ], [ -1.072, 49.397 ], [ -0.822, 49.363 ], [ -0.411, 49.343 ], [ -0.219, 49.28 ], [ -0.034, 49.32 ], [ 0.08, 49.542 ], [ 0.236, 49.729 ], [ 0.675, 49.876 ], [ 1.173, 49.961 ], [ 1.391, 50.075 ], [ 1.555, 50.218 ], [ 1.583, 50.575 ], [ 1.581, 50.869 ], [ 1.73, 50.944 ], [ 1.973, 51.007 ], [ 2.522, 51.088 ], [ 2.608, 50.961 ], [ 2.59, 50.842 ], [ 2.787, 50.723 ], [ 2.941803574166441, 50.745839573298412 ], [ 3.146, 50.769 ], [ 3.271, 50.527 ], [ 3.463, 50.519 ], [ 3.644, 50.446 ], [ 3.662, 50.319 ], [ 4.023, 50.338 ], [ 4.204, 50.252 ], [ 4.126, 50.128 ], [ 4.21, 50.06 ], [ 4.14, 49.975 ], [ 4.435, 49.932 ], [ 4.657, 49.989 ], [ 4.682, 50.084 ], [ 4.872, 50.14 ], [ 4.788, 49.974 ], [ 4.858, 49.787 ], [ 4.95, 49.796 ], [ 5.298, 49.613 ], [ 5.402, 49.602 ], [ 5.478, 49.495 ], [ 5.791, 49.538 ], [ 5.961, 49.441 ], [ 6.136, 49.495 ], [ 6.345, 49.455 ], [ 6.351, 49.567 ], [ 6.492, 49.701 ], [ 6.5, 49.794 ], [ 6.223, 49.887 ], [ 6.096, 50.049 ], [ 6.117, 50.12 ], [ 5.998, 50.175 ], [ 5.864176691373096, 50.255370733875104 ], [ 5.866516727030783, 50.543195119770509 ], [ 5.995218688203524, 50.655516831339447 ], [ 5.995, 50.75 ], [ 6.064, 50.908 ], [ 5.92, 51.03 ], [ 6.147, 51.152 ], [ 6.065, 51.232 ], [ 6.208, 51.388 ], [ 6.193, 51.509 ], [ 6.099, 51.644 ], [ 5.939, 51.732 ], [ 5.928, 51.807 ], [ 6.127, 51.897 ], [ 6.382, 51.828 ], [ 6.811, 51.961 ], [ 6.675, 52.035 ], [ 7.026, 52.231 ], [ 7.16129069332699, 52.245419563298611 ], [ 7.243623369147003, 52.302023277924867 ], [ 7.41343451302578, 52.345762511954248 ], [ 7.531224261671309, 52.22607657406995 ], [ 7.645364406384449, 52.060389267228295 ], [ 7.877326635962767, 51.99779628464367 ], [ 8.124016626149229, 51.935203302059051 ], [ 7.504530195569058, 51.88825856512053 ], [ 7.305705427359071, 51.752026779495175 ], [ 7.14738200082149, 51.674706036302396 ], [ 6.760778284857627, 51.645250515086119 ], [ 6.628228439384303, 51.538474250677055 ], [ 6.701867242425039, 51.464835447636318 ], [ 6.622705529156251, 51.381991794215516 ], [ 6.700026272349024, 51.234714188134042 ], [ 6.865713579190679, 51.069026881292388 ], [ 6.954080142839562, 50.86283823277833 ], [ 7.303864457283057, 50.479916456966507 ], [ 7.471324675711724, 50.405798837945198 ], [ 7.551084455412362, 50.315747473767054 ], [ 7.679422352790806, 50.091471770926631 ], [ 7.944522043737454, 50.003105207277748 ], [ 8.226190465368269, 50.003105207277748 ], [ 8.299829268409004, 49.877919242108497 ], [ 8.417651353274181, 49.747210366711187 ], [ 8.321920909321225, 49.703027084886756 ], [ 8.382863965676524, 49.517688705885696 ], [ 8.458718356890355, 49.290125532244204 ], [ 8.2, 48.959 ], [ 8.103, 48.821 ], [ 7.97, 48.757 ], [ 7.81, 48.615 ], [ 7.752, 48.355 ], [ 7.573, 48.095 ], [ 7.619, 48.003 ], [ 7.526, 47.783 ], [ 7.586, 47.585 ], [ 7.379, 47.431 ], [ 7.245, 47.418 ], [ 7.181, 47.488 ], [ 7.01, 47.499 ], [ 6.867, 47.354 ], [ 7.044, 47.34 ], [ 6.956, 47.245 ], [ 6.599, 46.987 ], [ 6.443, 46.944 ], [ 6.429, 46.761 ], [ 6.132, 46.596 ], [ 6.054, 46.419 ], [ 6.136, 46.359 ], [ 6.09, 46.246 ], [ 5.959, 46.212 ], [ 5.959, 46.13 ], [ 6.108, 46.139 ], [ 6.281, 46.24 ], [ 6.214, 46.315 ] ] ] ] } },
{ "type": "Feature", "properties": { "id": "prt_st_tome1640", "colorId": "portugal", "name": null, "parent": "portugal" }, "geometry": { "type": "MultiPolygon", "coordinates": [ [ [ [ 6.681, 0.407 ], [ 6.746, 0.338 ], [ 6.74, 0.219 ], [ 6.66, 0.107 ], [ 6.516, 0.034 ], [ 6.462, 0.222 ], [ 6.533, 0.348 ], [ 6.681, 0.407 ] ] ], [ [ [ 7.463, 1.675 ], [ 7.401, 1.531 ], [ 7.333, 1.565 ], [ 7.403, 1.7 ], [ 7.463, 1.675 ] ] ] ] } },
{ "type": "Feature", "properties": { "id": "br_s_georgia", "colorId": "britain", "name": null, "parent": "britain" }, "geometry": { "type": "MultiPolygon", "coordinates": [ [ [ [ -26.26, -58.437 ], [ -26.246, -58.499 ], [ -26.43, -58.452 ], [ -26.431, -58.385 ], [ -26.26, -58.437 ] ] ], [ [ [ -36.692, -54.184 ], [ -36.542, -54.161 ], [ -36.676, -54.249 ], [ -36.469, -54.251 ], [ -36.486, -54.325 ], [ -36.337, -54.351 ], [ -36.394, -54.243 ], [ -36.261, -54.285 ], [ -36.257, -54.37 ], [ -36.016, -54.495 ], [ -36.043, -54.574 ], [ -35.887, -54.551 ], [ -35.909, -54.687 ], [ -35.784, -54.757 ], [ -35.922, -54.852 ], [ -36.102, -54.887 ], [ -36.299, -54.744 ], [ -36.463, -54.538 ], [ -36.641, -54.511 ], [ -36.799, -54.411 ], [ -37.153, -54.258 ], [ -37.368, -54.277 ], [ -37.409, -54.182 ], [ -37.237, -54.148 ], [ -37.553, -54.138 ], [ -37.63, -54.175 ], [ -37.725, -54.092 ], [ -37.615, -54.038 ], [ -38.032, -54.051 ], [ -38.016, -54.004 ], [ -37.382, -53.989 ], [ -37.464, -54.03 ], [ -36.655, -54.106 ], [ -36.692, -54.184 ] ] ] ] } },
{ "type": "Feature", "properties": { "id": "qing1683", "colorId": "china", "name": "Империя Цин", "parent": null }, "geometry": { "type": "MultiPolygon", "coordinates": [ [ [ [ 109.001, 18.367 ], [ 108.796, 18.487 ], [ 108.695, 18.505 ], [ 108.694, 18.72 ], [ 108.627, 18.836 ], [ 108.654, 18.921 ], [ 108.615, 19.102 ], [ 108.663, 19.156 ], [ 108.627, 19.275 ], [ 108.687, 19.378 ], [ 108.771, 19.394 ], [ 108.941, 19.514 ], [ 109.016, 19.601 ], [ 109.157, 19.65 ], [ 109.167, 19.805 ], [ 109.304, 19.922 ], [ 109.527, 19.951 ], [ 109.719, 20.011 ], [ 109.835, 19.931 ], [ 109.943, 19.991 ], [ 109.99, 19.906 ], [ 110.157, 20.067 ], [ 110.261, 20.033 ], [ 110.383, 20.081 ], [ 110.564, 19.985 ], [ 110.593, 20.107 ], [ 110.678, 20.164 ], [ 110.788, 20.01 ], [ 110.935, 19.995 ], [ 111.011, 19.684 ], [ 110.876, 19.54 ], [ 110.67, 19.382 ], [ 110.58, 19.155 ], [ 110.513, 18.906 ], [ 110.431, 18.821 ], [ 110.427, 18.681 ], [ 110.271, 18.668 ], [ 110.103, 18.539 ], [ 110.053, 18.39 ], [ 109.993, 18.443 ], [ 109.835, 18.382 ], [ 109.746, 18.396 ], [ 109.727, 18.304 ], [ 109.561, 18.169 ], [ 109.44, 18.289 ], [ 109.163, 18.288 ], [ 109.092, 18.369 ], [ 109.001, 18.367 ] ] ], [ [ [ 110.548, 21.037 ], [ 110.521, 20.972 ], [ 110.441, 21.006 ], [ 110.267, 20.973 ], [ 110.287, 21.074 ], [ 110.408, 21.048 ], [ 110.507, 21.082 ], [ 110.548, 21.037 ] ] ], [ [ [ 110.617, 21.191 ], [ 110.565, 21.113 ], [ 110.418, 21.178 ], [ 110.617, 21.191 ] ] ], [ [ [ 111.822, 21.562 ], [ 111.835, 21.644 ], [ 111.963, 21.658 ], [ 111.981, 21.612 ], [ 111.822, 21.562 ] ] ], [ [ [ 112.518, 21.617 ], [ 112.645, 21.713 ], [ 112.65, 21.64 ], [ 112.518, 21.617 ] ] ], [ [ [ 112.8, 21.579 ], [ 112.716, 21.68 ], [ 112.778, 21.773 ], [ 112.844, 21.774 ], [ 112.798, 21.706 ], [ 112.8, 21.579 ] ] ], [ [ [ 114.216, 22.286 ], [ 114.208, 22.19 ], [ 114.113, 22.278 ], [ 114.216, 22.286 ] ] ], [ [ [ 113.893, 22.293 ], [ 114.013, 22.311 ], [ 114.019, 22.265 ], [ 113.846, 22.197 ], [ 113.893, 22.293 ] ] ], [ [ [ 108.066, 21.562 ], [ 107.991, 21.486 ], [ 107.783, 21.524 ], [ 107.749, 21.411 ], [ 107.635, 21.383 ], [ 107.562, 21.298 ], [ 107.367, 21.273 ], [ 107.46845787908974, 21.50612910677081 ], [ 107.076160422033297, 21.837130086162176 ], [ 106.659344373910841, 22.086402428666783 ], [ 106.356948417429848, 22.356106930393079 ], [ 106.205750439189345, 22.564514954454307 ], [ 106.011644926583301, 22.79539835365939 ], [ 105.921743426007865, 23.032411400630981 ], [ 105.786891175144717, 23.257165152069561 ], [ 105.116716352673322, 23.163177219649789 ], [ 104.769369645904604, 22.999719945876279 ], [ 104.348467165937819, 22.88529985423482 ], [ 104.025639050235128, 22.72184258046131 ], [ 103.645600888711698, 22.629897863963713 ], [ 103.406544625817943, 22.685064693862266 ], [ 102.865092406443182, 22.654416455029732 ], [ 102.472794949386753, 22.693237557550944 ], [ 102.10501608339635, 22.582903897753823 ], [ 102.027373878353927, 22.501175260867068 ], [ 101.892, 22.43 ], [ 101.751539728861118, 22.147698906331851 ], [ 101.642346607758327, 21.419682524196528 ], [ 101.306552899677698, 21.290531098011673 ], [ 100.625279126552613, 21.645697520020036 ], [ 100.224909705379559, 21.684442947875496 ], [ 99.947234139082113, 21.813594374060351 ], [ 99.514576861362841, 22.16876079606871 ], [ 99.388654220832592, 22.4690378619485 ], [ 99.621126787965338, 22.953355710141714 ], [ 98.663, 23.97 ], [ 98.177859600349535, 24.051142832712998 ], [ 97.89, 24.023 ], [ 97.348061687111823, 24.212582115444071 ], [ 97.528873683770627, 24.580663680070916 ], [ 98.497509380157055, 25.581587233003567 ], [ 98.717066804671319, 25.962583940248898 ], [ 98.607288092414194, 26.440444217132871 ], [ 98.665406234197377, 26.853728780924413 ], [ 98.568542664558734, 27.357419343045358 ], [ 98.407103381827653, 27.748102407254546 ], [ 98.345756454389829, 28.200132398901548 ], [ 98.184317171658748, 28.193674827592307 ], [ 98.119, 28.141 ], [ 98.275647533676761, 28.377060915213875 ], [ 98.280327604992138, 28.863788332012607 ], [ 98.186726178684694, 28.994830328843033 ], [ 98.186726178684694, 29.406676604595809 ], [ 98.345848603407362, 29.72024138272576 ], [ 98.514331170760769, 30.001045661648106 ], [ 98.682813738114149, 30.19994869255143 ], [ 98.987018373613353, 30.274829833597391 ], [ 99.347383864897054, 30.410551901743183 ], [ 99.979193492472334, 30.948760103011015 ], [ 100.681204189778185, 31.510368660855708 ], [ 100.802886043977864, 31.903494651347003 ], [ 100.915207755546803, 32.18897900158472 ], [ 101.088370394215588, 33.022031695721004 ], [ 101.079010251584847, 33.382397187004685 ], [ 100.830966471870113, 33.770843106180585 ], [ 100.81692625792401, 35.259105784469021 ], [ 100.456560766640337, 36.017277337559356 ], [ 100.306798484548423, 36.466564183835104 ], [ 100.311478555863786, 37.103053882725753 ], [ 100.199156844294848, 37.589781299524482 ], [ 100.025994205626063, 38.188830427892157 ], [ 100.110235489302767, 38.399433637083916 ], [ 100.096195275356649, 38.563236133121947 ], [ 99.880911994849527, 38.712998415213868 ], [ 99.604787787242543, 38.853400554675041 ], [ 99.141460727020672, 38.932961767036367 ], [ 98.865336519413702, 39.162285261489622 ], [ 98.266287391046035, 39.405648969888986 ], [ 98.036963896592781, 39.386928684627492 ], [ 97.629797692155392, 39.176325475435739 ], [ 97.049468849049219, 39.049963549920683 ], [ 96.314697652535742, 38.984442551505467 ], [ 95.954332161252069, 38.998482765451584 ], [ 95.710968452852697, 39.152925118858874 ], [ 95.458244601822585, 39.190365689381856 ], [ 95.022997969492948, 39.283967115689308 ], [ 94.545630695324945, 39.522650752773288 ], [ 93.216490441759177, 39.517970681457918 ], [ 92.701682597068213, 39.386928684627485 ], [ 92.299196463946188, 39.312047543581528 ], [ 91.901390402139526, 39.134204833597373 ], [ 91.218099990095155, 39.045283478605299 ], [ 90.782853357765518, 38.900201267828756 ], [ 90.46928857963556, 38.741078843106088 ], [ 90.160403872820979, 38.638117274167904 ], [ 89.762597811014317, 38.525795562598965 ], [ 89.537954387876454, 38.521115491283595 ], [ 89.04186682844697, 38.783199484944447 ], [ 88.424097414817808, 38.787879556259817 ], [ 88.218174276941411, 38.670877773375508 ], [ 88.049691709588018, 38.544515847860453 ], [ 87.885889213549973, 38.488354992075983 ], [ 87.394481725435867, 38.179470285261402 ], [ 86.795432597068199, 37.926746434231291 ], [ 86.252544324485001, 37.734863510301018 ], [ 85.681575624009568, 37.454059231378672 ], [ 85.335250346672012, 37.210695522979307 ], [ 84.581758864897054, 36.906490887480103 ], [ 84.062270948890713, 36.82692967511877 ], [ 82.719090481378828, 36.705247820919098 ], [ 81.909438143819401, 36.429123613312122 ], [ 81.647354150158534, 36.092158478605306 ], [ 81.090425663629219, 35.59607091917583 ], [ 80.790901099445378, 35.263785855784384 ], [ 80.313533825277403, 35.146784072900076 ], [ 80.233972612915977, 35.295376337163141 ], [ 80.065490045562584, 34.993511737321626 ], [ 80.063150009904888, 34.909270453644922 ], [ 79.847866729397765, 34.635486281695634 ], [ 79.67470409072898, 34.574645354595788 ], [ 79.625563341917569, 34.427223108161556 ], [ 79.433680417987304, 34.319581467907994 ], [ 79.487501238114078, 34.247040362519719 ], [ 79.286258171553072, 33.982616333201179 ], [ 78.928232715927081, 33.968576119255061 ], [ 78.928595077978287, 34.192886584634962 ], [ 78.589972907746443, 35.046038545998329 ], [ 78.334906857441922, 35.261525381600421 ], [ 78.123817712362325, 35.477012217202507 ], [ 77.758809398995524, 35.551772956084875 ], [ 77.442175681376128, 35.54957411082362 ], [ 76.980418176514505, 35.413245704626384 ], [ 76.584188545015067, 35.492199945959271 ], [ 75.908394877837296, 35.896756699099704 ], [ 75.729102680422784, 36.25534109392872 ], [ 75.600380077150831, 36.331195485142558 ], [ 75.629015358666152, 36.854647106588374 ], [ 75.008388521462066, 38.564818835772947 ], [ 75.091138766422617, 39.378529577884954 ], [ 74.980805106475231, 40.068114952556144 ], [ 74.862, 40.326 ], [ 74.787, 40.421 ], [ 74.084344119402687, 41.240410089497161 ], [ 74.118823388136235, 41.46107740939194 ], [ 74.022281435682274, 41.778286681740688 ], [ 73.02927849615574, 41.895516195434809 ], [ 73.187883132330114, 42.164454491556576 ], [ 73.394758744731476, 42.460976202665186 ], [ 73.518884112172287, 42.523038886385592 ], [ 73.643009479613099, 42.61958083883956 ], [ 74.063656558162535, 42.709226937546816 ], [ 74.222261194336909, 42.874727427467903 ], [ 74.40155339175142, 43.074707186122545 ], [ 74.525678759192246, 43.447083288444979 ], [ 74.284323878057322, 44.088397686889195 ], [ 74.291219731804077, 45.253796970083471 ], [ 73.994698020695466, 45.750298439846745 ], [ 74.606646076036313, 46.374711996256551 ], [ 75.667165079206839, 46.627679831875213 ], [ 77.321185542867312, 46.559573106900956 ], [ 78.080089049723298, 46.627679831875213 ], [ 78.601128323499026, 46.460571375758079 ], [ 80.145799562762491, 46.957072845521338 ], [ 80.256133222709906, 47.198427726656242 ], [ 80.656092740019204, 47.363928216577321 ], [ 81.083635672315339, 47.8121587101136 ], [ 81.573241288331886, 48.425889693570959 ], [ 81.904242268174059, 49.018933115788187 ], [ 82.414535445430744, 49.515434585551446 ], [ 82.648994472818941, 49.998144347821281 ], [ 83.111016673848653, 50.177436545235786 ], [ 83.6006222898652, 50.280874351436466 ], [ 84.219525163632554, 50.337765144846855 ], [ 84.695339072155676, 50.251566973012956 ], [ 84.976, 50.075 ], [ 84.955, 49.907 ], [ 85.033, 49.885 ], [ 85.263, 49.582 ], [ 85.597, 49.619 ], [ 85.809, 49.537 ], [ 85.941, 49.56 ], [ 85.931, 49.493 ], [ 86.112, 49.52 ], [ 86.177, 49.463 ], [ 86.272, 49.584 ], [ 86.392, 49.625 ], [ 86.61, 49.796 ], [ 86.748, 49.783 ], [ 86.776, 49.695 ], [ 86.592, 49.587 ], [ 86.824, 49.509 ], [ 86.829, 49.433 ], [ 87.025, 49.249 ], [ 87.218, 49.23 ], [ 87.324, 49.085 ], [ 87.816, 49.166 ], [ 87.873, 48.968 ], [ 87.757, 48.92 ], [ 87.806, 48.801 ], [ 87.975, 48.756 ], [ 88.064, 48.683 ], [ 87.943, 48.599 ], [ 88.017, 48.54 ], [ 88.236, 48.493 ], [ 88.565, 48.343 ], [ 88.581, 48.212 ], [ 88.805, 48.106 ], [ 88.932, 48.097 ], [ 89.046, 47.993 ], [ 89.244, 47.98 ], [ 89.334, 48.032 ], [ 89.542, 48.031 ], [ 89.751, 47.824 ], [ 90.045, 47.88 ], [ 90.083, 47.756 ], [ 90.345, 47.659 ], [ 90.441, 47.493 ], [ 90.469, 47.309 ], [ 90.712, 47.015 ], [ 90.828, 46.982 ], [ 91.005, 46.74 ], [ 90.996, 46.595 ], [ 91.047, 46.566 ], [ 90.896, 46.302 ], [ 90.996, 46.114 ], [ 91.002, 46.022 ], [ 90.711, 45.752 ], [ 90.651, 45.493 ], [ 90.738, 45.442 ], [ 90.873, 45.186 ], [ 91.135, 45.198 ], [ 91.249, 45.13 ], [ 91.456, 45.137 ], [ 91.663, 45.06 ], [ 92.009, 45.076 ], [ 92.194, 45.015 ], [ 92.475, 44.997 ], [ 92.753, 45.038 ], [ 92.945, 45.006 ], [ 93.166, 45.008 ], [ 93.525, 44.951 ], [ 93.714, 44.875 ], [ 93.927, 44.673 ], [ 94.195, 44.654 ], [ 94.338, 44.512 ], [ 94.588, 44.436 ], [ 94.698, 44.343 ], [ 95.037, 44.255 ], [ 95.379, 44.287 ], [ 95.321, 44.148 ], [ 95.328, 44.007 ], [ 95.51, 43.979 ], [ 95.589, 43.869 ], [ 95.692, 43.631 ], [ 95.833, 43.409 ], [ 95.908, 43.215 ], [ 96.294, 42.933 ], [ 96.351, 42.741 ], [ 96.475, 42.732 ], [ 97.193, 42.787 ], [ 98.662, 42.644 ], [ 99.474, 42.564 ], [ 100.017, 42.677 ], [ 101.219, 42.53 ], [ 101.411, 42.545 ], [ 101.638, 42.515 ], [ 101.735, 42.461 ], [ 101.886, 42.278 ], [ 102.034, 42.185 ], [ 103.073, 42.005 ], [ 103.721, 41.756 ], [ 104.501, 41.871 ], [ 104.498, 41.666 ], [ 104.892, 41.645 ], [ 105.015, 41.596 ], [ 105.201, 41.743 ], [ 105.274, 41.755 ], [ 105.869, 41.993 ], [ 106.768, 42.287 ], [ 108.177, 42.454 ], [ 108.536, 42.435 ], [ 108.797, 42.398 ], [ 108.994, 42.45 ], [ 109.253, 42.426 ], [ 109.485, 42.449 ], [ 109.667, 42.549 ], [ 109.913, 42.629 ], [ 110.075, 42.644 ], [ 110.407, 42.769 ], [ 110.608, 42.945 ], [ 110.68, 43.058 ], [ 110.934, 43.288 ], [ 111.096, 43.367 ], [ 111.597, 43.523 ], [ 111.754, 43.663 ], [ 111.933, 43.697 ], [ 111.944, 43.786 ], [ 111.839, 43.939 ], [ 111.634, 44.066 ], [ 111.396, 44.347 ], [ 111.406, 44.416 ], [ 111.544, 44.601 ], [ 111.551, 44.693 ], [ 111.739, 44.966 ], [ 112.011, 45.087 ], [ 112.441, 45.052 ], [ 112.614, 44.909 ], [ 113.105, 44.794 ], [ 113.635, 44.746 ], [ 113.889, 44.908 ], [ 114.055, 44.941 ], [ 114.164, 45.04 ], [ 114.419, 45.201 ], [ 114.534, 45.385 ], [ 114.737, 45.425 ], [ 114.939, 45.374 ], [ 115.337, 45.395 ], [ 115.638, 45.444 ], [ 116.012, 45.679 ], [ 116.17, 45.709 ], [ 116.252, 45.803 ], [ 116.213, 45.908 ], [ 116.357, 46.106 ], [ 116.604, 46.309 ], [ 116.805, 46.383 ], [ 117.302, 46.35 ], [ 117.353, 46.379 ], [ 117.394, 46.571 ], [ 117.556, 46.602 ], [ 117.696, 46.512 ], [ 117.878, 46.596 ], [ 118.238, 46.715 ], [ 118.72, 46.677 ], [ 118.816, 46.758 ], [ 118.967, 46.74 ], [ 119.062, 46.661 ], [ 119.317, 46.612 ], [ 119.453, 46.627 ], [ 119.68, 46.592 ], [ 119.904, 46.709 ], [ 119.893, 46.906 ], [ 119.77, 46.993 ], [ 119.7, 47.16 ], [ 119.282, 47.415 ], [ 119.31, 47.476 ], [ 119.158, 47.518 ], [ 119.083, 47.662 ], [ 118.767, 47.756 ], [ 118.542, 47.966 ], [ 118.182, 48.028 ], [ 117.742, 47.978 ], [ 117.361, 47.651 ], [ 117.07, 47.81 ], [ 116.853, 47.872 ], [ 116.5, 47.836 ], [ 116.244, 47.863 ], [ 116.084, 47.807 ], [ 115.973, 47.709 ], [ 115.853, 47.706 ], [ 115.562, 47.933 ], [ 115.515, 48.122 ], [ 115.771, 48.224 ], [ 115.809, 48.274 ], [ 115.8, 48.53 ], [ 116.028, 48.767 ], [ 116.038, 48.87 ], [ 116.684, 49.823 ], [ 117.058, 49.673 ], [ 117.253, 49.622 ], [ 117.473, 49.614 ], [ 117.759, 49.513 ], [ 117.963387111097902, 49.658102613961383 ], [ 118.377138335900611, 49.782227981402194 ], [ 118.652972485769084, 49.860380990531596 ], [ 118.983973465611257, 49.924742292167579 ], [ 119.466683227881092, 50.122423432906643 ], [ 119.503461114530225, 50.278729451165447 ], [ 119.468981845796662, 50.375271403619408 ], [ 119.319571681284572, 50.531577421878211 ], [ 119.351752332102564, 50.674091732643618 ], [ 120.087310065085163, 51.501594182249036 ], [ 120.326366328304516, 51.71306703048154 ], [ 120.910215278859454, 51.952123293700886 ], [ 121.029743410469123, 52.310707688529902 ], [ 120.924006986352879, 52.47161094261984 ], [ 120.767700968094076, 52.604930781722935 ], [ 120.347053889544711, 52.598034927976258 ], [ 120.284991205824298, 52.561257041327124 ], [ 120.147074130890061, 52.563555659242695 ], [ 120.148223439847854, 52.645156595245453 ], [ 120.197643725032592, 52.687681026683514 ], [ 119.848253801865852, 52.926737289902853 ], [ 119.710336726931615, 53.110626723148506 ], [ 119.618392010308781, 53.510586240457783 ], [ 119.66896160445134, 53.735850796183705 ], [ 120.312574620811134, 54.002490474389887 ], [ 121.360744390311325, 54.122018605999571 ], [ 122.477872697278642, 54.646103490749667 ], [ 123.029540997015573, 54.931132112280416 ], [ 124.017946700710937, 55.018479593072101 ], [ 124.551226057123316, 55.156396668006337 ], [ 125.286783790105943, 55.317299922096275 ], [ 125.81546591068718, 55.225355205473448 ], [ 126.88662185934308, 55.101229838032637 ], [ 128.077305939608664, 55.179382847162039 ], [ 129.438087745626461, 55.138007724681756 ], [ 130.968967277396501, 54.669089669905354 ], [ 131.231009719771549, 54.324296982569763 ], [ 131.506843869640022, 53.827795512806503 ], [ 132.283776725102911, 53.961115351909605 ], [ 133.423891211225936, 54.053060068532432 ], [ 134.168643415870804, 54.232352265946943 ], [ 134.862826026373142, 54.742645443203621 ], [ 135.173, 54.821 ], [ 135.265, 54.722 ], [ 135.654, 54.666 ], [ 135.75, 54.571 ], [ 136.249, 54.62 ], [ 136.535, 54.596 ], [ 136.662, 54.685 ], [ 136.883, 54.591 ], [ 136.821, 54.316 ], [ 137.061, 54.146 ], [ 137.451, 54.318 ], [ 137.685, 54.277 ], [ 137.447, 54.095 ], [ 137.546, 53.972 ], [ 137.771, 53.944 ], [ 138.396, 53.928 ], [ 138.739, 54.316 ], [ 139.162, 54.205 ], [ 139.372, 54.196 ], [ 139.797, 54.297 ], [ 139.795, 54.239 ], [ 140.002, 54.123 ], [ 140.241, 54.057 ], [ 140.331, 53.97 ], [ 140.252, 53.891 ], [ 140.357, 53.79 ], [ 140.511, 53.734 ], [ 140.581, 53.639 ], [ 140.934, 53.477 ], [ 141.251, 53.311 ], [ 141.412, 53.294 ], [ 141.433, 53.149 ], [ 141.198, 52.849 ], [ 141.282, 52.721 ], [ 141.281, 52.579 ], [ 141.118, 52.449 ], [ 141.167, 52.365 ], [ 141.414, 52.222 ], [ 141.545, 52.218 ], [ 141.343, 52.094 ], [ 141.314, 52.004 ], [ 141.43, 51.942 ], [ 141.2, 51.824 ], [ 141.109, 51.679 ], [ 140.906, 51.615 ], [ 140.896, 51.429 ], [ 140.83, 51.343 ], [ 140.706, 51.335 ], [ 140.659, 51.224 ], [ 140.708, 51.074 ], [ 140.657, 50.938 ], [ 140.542, 50.877 ], [ 140.466, 50.69 ], [ 140.515, 50.617 ], [ 140.443, 50.544 ], [ 140.545, 50.344 ], [ 140.523, 50.151 ], [ 140.661, 50.058 ], [ 140.495, 49.984 ], [ 140.416, 49.863 ], [ 140.542, 49.757 ], [ 140.561, 49.575 ], [ 140.454, 49.421 ], [ 140.436, 49.294 ], [ 140.351, 49.295 ], [ 140.377, 49.144 ], [ 140.295, 49.082 ], [ 140.398, 48.993 ], [ 140.267, 48.862 ], [ 140.186, 48.65 ], [ 140.165, 48.449 ], [ 140.043, 48.336 ], [ 139.734, 48.163 ], [ 139.684, 48.096 ], [ 139.39, 47.904 ], [ 139.262, 47.788 ], [ 139.206, 47.664 ], [ 138.959, 47.313 ], [ 138.891, 47.305 ], [ 138.535, 46.987 ], [ 138.349, 46.664 ], [ 138.345, 46.549 ], [ 138.202, 46.454 ], [ 138.1, 46.228 ], [ 137.782, 45.946 ], [ 137.671, 45.795 ], [ 137.397, 45.624 ], [ 137.145, 45.375 ], [ 136.826, 45.204 ], [ 136.761, 45.088 ], [ 136.657, 45.033 ], [ 136.553, 44.895 ], [ 136.365, 44.793 ], [ 136.123, 44.476 ], [ 135.889, 44.402 ], [ 135.786, 44.258 ], [ 135.656, 44.169 ], [ 135.624, 44.038 ], [ 135.464, 43.95 ], [ 135.488, 43.833 ], [ 135.355, 43.719 ], [ 135.227, 43.682 ], [ 135.14, 43.508 ], [ 134.975, 43.46 ], [ 134.587, 43.229 ], [ 134.194, 43.08 ], [ 133.927, 42.883 ], [ 133.524, 42.826 ], [ 133.299, 42.763 ], [ 133.158, 42.688 ], [ 132.996, 42.723 ], [ 133.079, 42.75 ], [ 132.99, 42.827 ], [ 132.816, 42.756 ], [ 132.74, 42.907 ], [ 132.578, 42.84 ], [ 132.503, 42.924 ], [ 132.397, 42.939 ], [ 132.289, 42.883 ], [ 132.329, 43.175 ], [ 132.305, 43.319 ], [ 132.227, 43.23 ], [ 131.952, 43.072 ], [ 131.847, 43.09 ], [ 131.997, 43.239 ], [ 131.957, 43.306 ], [ 131.764, 43.292 ], [ 131.731, 43.174 ], [ 131.386, 42.914 ], [ 131.472, 42.873 ], [ 131.273, 42.777 ], [ 131.201, 42.614 ], [ 131.12, 42.667 ], [ 130.89, 42.6 ], [ 130.95, 42.653 ], [ 130.837, 42.692 ], [ 130.657, 42.664 ], [ 130.87, 42.535 ], [ 130.787, 42.462 ], [ 130.7, 42.295 ], [ 130.598, 42.263 ], [ 130.51, 42.336 ], [ 130.407, 42.325 ], [ 130.25984365044269, 42.388723455969249 ], [ 130.052968038041342, 42.526640530903485 ], [ 129.42314672917496, 42.853044274914517 ], [ 129.168000140546638, 42.662258987922158 ], [ 129.112833310572938, 42.528939148819063 ], [ 128.846193632366749, 42.404813781378245 ], [ 128.772637859068482, 42.276091178106292 ], [ 128.211775087669253, 41.871534424965859 ], [ 127.719870853737149, 41.793381415836464 ], [ 127.676197113341303, 41.634776779662083 ], [ 127.76124597621741, 41.510651412221272 ], [ 127.662405405847863, 41.427901167260714 ], [ 127.225668001889446, 41.432498403091856 ], [ 126.931444908696406, 41.570415478026099 ], [ 126.724569296295044, 41.648568487155501 ], [ 126.471721325582266, 41.643971251324359 ], [ 126.085553515766406, 41.469276289740989 ], [ 125.929247497507603, 41.239414498183926 ], [ 125.349995782783793, 40.848649452536918 ], [ 124.471923739035816, 40.462481642721045 ], [ 124.265048126634454, 40.296981152799958 ], [ 124.058172514233092, 40.021147002931485 ], [ 123.986, 39.81 ], [ 123.72, 39.831 ], [ 123.631, 39.904 ], [ 123.591, 39.784 ], [ 123.41, 39.735 ], [ 123.387, 39.79 ], [ 123.206, 39.735 ], [ 123.174, 39.666 ], [ 123.009, 39.68 ], [ 122.964, 39.612 ], [ 122.849, 39.618 ], [ 122.588, 39.467 ], [ 122.396, 39.411 ], [ 122.115, 39.201 ], [ 122.127, 39.142 ], [ 121.86, 38.945 ], [ 121.772, 39.022 ], [ 121.592, 38.949 ], [ 121.705, 38.873 ], [ 121.485, 38.81 ], [ 121.345, 38.815 ], [ 121.153, 38.728 ], [ 121.118, 38.943 ], [ 121.334, 38.969 ], [ 121.674, 39.088 ], [ 121.593, 39.192 ], [ 121.78, 39.371 ], [ 121.549, 39.362 ], [ 121.436, 39.509 ], [ 121.223, 39.529 ], [ 121.306, 39.598 ], [ 121.547, 39.673 ], [ 121.457, 39.748 ], [ 121.536, 39.862 ], [ 121.874, 39.991 ], [ 121.991, 40.187 ], [ 122.092, 40.227 ], [ 122.106, 40.31 ], [ 122.302, 40.502 ], [ 122.138, 40.624 ], [ 122.049, 40.746 ], [ 121.851, 40.832 ], [ 121.826, 40.948 ], [ 121.74, 40.849 ], [ 121.575, 40.841 ], [ 121.361, 40.94 ], [ 121.176, 40.922 ], [ 121.05, 40.797 ], [ 120.991, 40.831 ], [ 120.94, 40.741 ], [ 121.021, 40.719 ], [ 120.825, 40.674 ], [ 120.798, 40.6 ], [ 120.546, 40.402 ], [ 120.505, 40.249 ], [ 120.436, 40.194 ], [ 119.95, 40.057 ], [ 119.912, 39.998 ], [ 119.536, 39.891 ], [ 119.34, 39.716 ], [ 119.256, 39.493 ], [ 119.305, 39.433 ], [ 119.016, 39.19 ], [ 118.859, 39.208 ], [ 118.796, 39.152 ], [ 118.619, 39.161 ], [ 118.344, 39.031 ], [ 118.235, 39.053 ], [ 118.141, 39.173 ], [ 118.045, 39.219 ], [ 117.886, 39.201 ], [ 117.757, 39.114 ], [ 117.775, 38.981 ], [ 117.709, 38.981 ], [ 117.584, 38.812 ], [ 117.544, 38.621 ], [ 117.716, 38.379 ], [ 117.837, 38.271 ], [ 118.085, 38.139 ], [ 118.216, 38.145 ], [ 118.543, 38.068 ], [ 118.655, 38.146 ], [ 118.84, 38.153 ], [ 119.117, 37.853 ], [ 119.243, 37.769 ], [ 119.256, 37.672 ], [ 119.12, 37.738 ], [ 119.037, 37.722 ], [ 118.977, 37.611 ], [ 118.945, 37.378 ], [ 118.972, 37.281 ], [ 119.146, 37.179 ], [ 119.441, 37.121 ], [ 119.771, 37.152 ], [ 119.897, 37.249 ], [ 119.859, 37.36 ], [ 120.06, 37.44 ], [ 120.298, 37.598 ], [ 120.306, 37.665 ], [ 120.738, 37.834 ], [ 120.926, 37.819 ], [ 121.033, 37.71 ], [ 121.138, 37.701 ], [ 121.191, 37.575 ], [ 121.375, 37.611 ], [ 121.477, 37.468 ], [ 121.592, 37.424 ], [ 121.732, 37.462 ], [ 121.938, 37.464 ], [ 122.122, 37.563 ], [ 122.183, 37.418 ], [ 122.688, 37.41 ], [ 122.571, 37.345 ], [ 122.629, 37.193 ], [ 122.51, 37.155 ], [ 122.409, 37.006 ], [ 122.54, 37.028 ], [ 122.525, 36.944 ], [ 122.32, 36.823 ], [ 122.185, 36.85 ], [ 122.266, 36.898 ], [ 122.04, 36.985 ], [ 121.637, 36.831 ], [ 121.634, 36.747 ], [ 121.453, 36.757 ], [ 121.158, 36.669 ], [ 121.032, 36.59 ], [ 120.95, 36.459 ], [ 120.867, 36.377 ], [ 120.751, 36.459 ], [ 120.644, 36.322 ], [ 120.697, 36.144 ], [ 120.354, 36.041 ], [ 120.189, 35.945 ], [ 120.039, 35.843 ], [ 120.003, 35.728 ], [ 119.938, 35.761 ], [ 119.905, 35.625 ], [ 119.812, 35.648 ], [ 119.648, 35.584 ], [ 119.552, 35.38 ], [ 119.429, 35.321 ], [ 119.358, 35.097 ], [ 119.207, 35.048 ], [ 119.192, 34.718 ], [ 119.347, 34.781 ], [ 119.641, 34.551 ], [ 119.826, 34.47 ], [ 119.94, 34.458 ], [ 120.257, 34.312 ], [ 120.371, 34.036 ], [ 120.407, 33.86 ], [ 120.498, 33.753 ], [ 120.484, 33.65 ], [ 120.628, 33.478 ], [ 120.662, 33.338 ], [ 120.75, 33.27 ], [ 120.834, 33.026 ], [ 120.896, 33.014 ], [ 120.908, 32.844 ], [ 120.864, 32.671 ], [ 121.12, 32.507 ], [ 121.389, 32.385 ], [ 121.419, 32.25 ], [ 121.367, 32.239 ], [ 121.443, 32.114 ], [ 121.655, 32.063 ], [ 121.822, 31.952 ], [ 121.922, 31.754 ], [ 121.817, 31.691 ], [ 121.725, 31.282 ], [ 121.877, 31.099 ], [ 121.977, 30.915 ], [ 121.907, 30.857 ], [ 121.631, 30.837 ], [ 121.411, 30.767 ], [ 120.978, 30.543 ], [ 120.94, 30.422 ], [ 120.893, 30.17 ], [ 121.15, 30.326 ], [ 121.377, 30.325 ], [ 121.507, 30.22 ], [ 121.678, 30.001 ], [ 121.936, 29.887 ], [ 122.136, 29.885 ], [ 121.983, 29.823 ], [ 121.916, 29.641 ], [ 121.91, 29.525 ], [ 121.971, 29.449 ], [ 121.916, 29.391 ], [ 121.943, 29.196 ], [ 121.785, 29.168 ], [ 121.746, 29.202 ], [ 121.652, 29.183 ], [ 121.621, 29.113 ], [ 121.69, 29.017 ], [ 121.684, 28.915 ], [ 121.67, 28.825 ], [ 121.606, 28.725 ], [ 121.51, 28.657 ], [ 121.584, 28.443 ], [ 121.656, 28.339 ], [ 121.581, 28.301 ], [ 121.473, 28.331 ], [ 121.396, 28.284 ], [ 121.368, 28.162 ], [ 121.262, 28.226 ], [ 121.119, 28.219 ], [ 121.009, 28.103 ], [ 120.965, 27.987 ], [ 120.835, 27.956 ], [ 120.807, 27.835 ], [ 120.597, 27.57 ], [ 120.677, 27.495 ], [ 120.635, 27.38 ], [ 120.546, 27.403 ], [ 120.518, 27.202 ], [ 120.358, 27.098 ], [ 120.244, 27.133 ], [ 120.237, 26.927 ], [ 120.126, 26.927 ], [ 120.025, 26.86 ], [ 120.128, 26.797 ], [ 120.121, 26.646 ], [ 119.96, 26.611 ], [ 119.884, 26.523 ], [ 119.877, 26.313 ], [ 119.674, 26.281 ], [ 119.566, 26.05 ], [ 119.702, 25.985 ], [ 119.583, 25.82 ], [ 119.58, 25.68 ], [ 119.558, 25.564 ], [ 119.576, 25.463 ], [ 119.289, 25.189 ], [ 119.102, 25.197 ], [ 119.134, 25.125 ], [ 118.947, 25.113 ], [ 118.858, 25.098 ], [ 118.997, 24.953 ], [ 118.716, 24.844 ], [ 118.764, 24.752 ], [ 118.647, 24.568 ], [ 118.428, 24.631 ], [ 118.284, 24.598 ], [ 118.219, 24.541 ], [ 118.047, 24.399 ], [ 118.126, 24.262 ], [ 117.968, 24.16 ], [ 117.894, 24.028 ], [ 117.791, 24.002 ], [ 117.649, 23.909 ], [ 117.582, 23.889 ], [ 117.463, 23.788 ], [ 117.293, 23.789 ], [ 117.264, 23.655 ], [ 117.084, 23.551 ], [ 117.068, 23.651 ], [ 116.951, 23.611 ], [ 116.909, 23.655 ], [ 116.867, 23.45 ], [ 116.749, 23.326 ], [ 116.784, 23.212 ], [ 116.715, 23.244 ], [ 116.647, 23.163 ], [ 116.612, 23.239 ], [ 116.534, 23.109 ], [ 116.563, 23.019 ], [ 116.495, 22.939 ], [ 116.298, 22.963 ], [ 116.096, 22.826 ], [ 116.124, 22.895 ], [ 115.826, 22.747 ], [ 115.81, 22.808 ], [ 115.682, 22.888 ], [ 115.591, 22.847 ], [ 115.524, 22.742 ], [ 115.575, 22.668 ], [ 115.374, 22.694 ], [ 115.424, 22.762 ], [ 115.233, 22.788 ], [ 115.303, 22.839 ], [ 115.065, 22.796 ], [ 114.88, 22.559 ], [ 114.754, 22.59 ], [ 114.785, 22.816 ], [ 114.563, 22.733 ], [ 114.5, 22.653 ], [ 114.583, 22.655 ], [ 114.543, 22.569 ], [ 114.618, 22.514 ], [ 114.516, 22.453 ], [ 114.396, 22.614 ], [ 114.23, 22.556 ], [ 114.335, 22.506 ], [ 114.39, 22.366 ], [ 114.256, 22.356 ], [ 114.239, 22.282 ], [ 114.111, 22.366 ], [ 113.914, 22.376 ], [ 114.082, 22.529 ], [ 113.964, 22.538 ], [ 113.89, 22.453 ], [ 113.61, 22.37 ], [ 113.588, 22.238 ], [ 113.484, 22.155 ], [ 113.303, 22.183 ], [ 113.231, 22.043 ], [ 113.157, 22.025 ], [ 113.029, 21.961 ], [ 112.957, 21.876 ], [ 112.879, 21.875 ], [ 112.826, 21.966 ], [ 112.645, 21.849 ], [ 112.608, 21.775 ], [ 112.443, 21.828 ], [ 112.404, 21.812 ], [ 112.363, 21.733 ], [ 112.245, 21.707 ], [ 112.173, 21.814 ], [ 112.0, 21.774 ], [ 111.884, 21.683 ], [ 111.78, 21.675 ], [ 111.63, 21.53 ], [ 111.438, 21.534 ], [ 111.292, 21.451 ], [ 111.301, 21.499 ], [ 111.088, 21.473 ], [ 110.869, 21.385 ], [ 110.791, 21.404 ], [ 110.705, 21.349 ], [ 110.636, 21.23 ], [ 110.424, 21.191 ], [ 110.394, 21.163 ], [ 110.205, 21.082 ], [ 110.157, 20.986 ], [ 110.157, 20.849 ], [ 110.369, 20.849 ], [ 110.301, 20.657 ], [ 110.479, 20.568 ], [ 110.534, 20.478 ], [ 110.4, 20.301 ], [ 110.28, 20.253 ], [ 110.128, 20.248 ], [ 110.027, 20.301 ], [ 109.915, 20.248 ], [ 109.931, 20.318 ], [ 109.863, 20.406 ], [ 109.975, 20.355 ], [ 110.015, 20.418 ], [ 109.931, 20.506 ], [ 109.835, 20.506 ], [ 109.773, 20.822 ], [ 109.689, 20.835 ], [ 109.661, 20.928 ], [ 109.696, 21.17 ], [ 109.773, 21.215 ], [ 109.766, 21.356 ], [ 109.924, 21.363 ], [ 109.944, 21.493 ], [ 109.803, 21.473 ], [ 109.741, 21.474 ], [ 109.65, 21.52 ], [ 109.531, 21.492 ], [ 109.316, 21.459 ], [ 109.139, 21.402 ], [ 109.04, 21.45 ], [ 109.143, 21.51 ], [ 109.136, 21.603 ], [ 108.97, 21.606 ], [ 108.855, 21.685 ], [ 108.752, 21.65 ], [ 108.519, 21.596 ], [ 108.42, 21.557 ], [ 108.284, 21.545 ], [ 108.253, 21.595 ], [ 108.066, 21.562 ] ] ], [ [ [ 121.462, 23.343 ], [ 121.4, 23.145 ], [ 121.3, 22.959 ], [ 121.141, 22.742 ], [ 121.021, 22.648 ], [ 120.948, 22.527 ], [ 120.875, 22.289 ], [ 120.879, 22.056 ], [ 120.84, 21.905 ], [ 120.7, 21.948 ], [ 120.697, 22.113 ], [ 120.621, 22.295 ], [ 120.512, 22.425 ], [ 120.331, 22.52 ], [ 120.24, 22.659 ], [ 120.201, 22.844 ], [ 120.059, 23.151 ], [ 120.13, 23.361 ], [ 120.125, 23.49 ], [ 120.189, 23.775 ], [ 120.34, 24.022 ], [ 120.493, 24.231 ], [ 120.571, 24.405 ], [ 120.702, 24.607 ], [ 120.827, 24.666 ], [ 120.926, 24.885 ], [ 121.059, 25.05 ], [ 121.379, 25.158 ], [ 121.436, 25.241 ], [ 121.598, 25.271 ], [ 121.719, 25.152 ], [ 121.893, 25.114 ], [ 121.909, 25.036 ], [ 122.005, 25.002 ], [ 121.906, 24.95 ], [ 121.809, 24.805 ], [ 121.84, 24.481 ], [ 121.78, 24.433 ], [ 121.773, 24.309 ], [ 121.663, 24.193 ], [ 121.521, 23.659 ], [ 121.462, 23.343 ] ] ], [ [ [ 118.282, 24.477 ], [ 118.394, 24.523 ], [ 118.449, 24.416 ], [ 118.284, 24.401 ], [ 118.282, 24.477 ] ] ], [ [ [ 119.782, 25.659 ], [ 119.847, 25.536 ], [ 119.757, 25.405 ], [ 119.668, 25.488 ], [ 119.699, 25.613 ], [ 119.782, 25.659 ] ] ], [ [ [ 121.256, 28.14 ], [ 121.285, 28.102 ], [ 121.152, 28.041 ], [ 121.12, 28.136 ], [ 121.231, 28.22 ], [ 121.256, 28.14 ] ] ], [ [ [ 122.011, 30.0 ], [ 121.975, 30.148 ], [ 122.087, 30.148 ], [ 122.327, 30.024 ], [ 122.294, 29.934 ], [ 122.185, 29.994 ], [ 122.011, 30.0 ] ] ], [ [ [ 122.074, 30.291 ], [ 122.239, 30.313 ], [ 122.202, 30.242 ], [ 122.074, 30.291 ] ] ], [ [ [ 122.277, 30.48 ], [ 122.399, 30.456 ], [ 122.285, 30.422 ], [ 122.277, 30.48 ] ] ], [ [ [ 118.633, 39.075 ], [ 118.514, 38.919 ], [ 118.488, 39.05 ], [ 118.56, 39.003 ], [ 118.633, 39.075 ] ] ], [ [ [ 121.434, 39.386 ], [ 121.266, 39.434 ], [ 121.423, 39.475 ], [ 121.434, 39.386 ] ] ] ] } },
{ "type": "Feature", "properties": { "id": "rh_mecklenburg", "colorId": "mecklenburg", "name": "Мекленбург", "parent": "rhine_conf" }, "geometry": { "type": "MultiPolygon", "coordinates": [ [ [ [ 11.416860874773933, 53.120204243886292 ], [ 11.235471698357943, 53.115058451647492 ], [ 11.202024048806063, 53.19996402358688 ], [ 11.109399788508547, 53.215401400303129 ], [ 10.976895638360714, 53.310598556720024 ], [ 10.862401761048508, 53.323463037316898 ], [ 10.723465370602236, 53.423805985972542 ], [ 10.621835973886936, 53.434097570450128 ], [ 10.670721000155069, 53.482982596718259 ], [ 10.786501325526963, 53.480409700598884 ], [ 10.87140689746635, 53.549877895822021 ], [ 10.942161540749145, 53.576893305075359 ], [ 10.947307332987897, 53.697819422686003 ], [ 11.02449421656916, 53.78787078686414 ], [ 11.086243723434169, 53.970546411339797 ], [ 11.175, 54.018 ], [ 11.243, 53.945 ], [ 11.458, 53.906 ], [ 11.492, 54.002 ], [ 11.658, 54.142 ], [ 12.051, 54.18 ], [ 12.342, 54.304 ], [ 12.529638446403791, 54.212398646561148 ], [ 12.766344889386328, 53.978265099697985 ], [ 12.887271006996972, 53.960254826862361 ], [ 12.825521500131963, 53.852193189848592 ], [ 12.93358313714573, 53.821318436416085 ], [ 13.028780293562619, 53.713256799402316 ], [ 13.291215697738911, 53.67209046149231 ], [ 13.404423126991428, 53.713256799402316 ], [ 13.483310638698295, 53.737973249000213 ], [ 13.602536128183335, 53.695246526566692 ], [ 13.733753830271482, 53.66179887701481 ], [ 13.800649129375241, 53.589757785672298 ], [ 13.758196343405546, 53.542159207463854 ], [ 13.611541264601147, 53.531867622986354 ], [ 13.560083342213638, 53.472691012240723 ], [ 13.333668483708601, 53.405795713136961 ], [ 13.107253625203565, 53.251421945974435 ], [ 13.148419963113573, 53.184526646870673 ], [ 13.264200288485466, 53.125350036125042 ], [ 13.169003132068577, 53.084183698215035 ], [ 12.958025650279794, 53.145933205080041 ], [ 12.759912649087891, 53.277150907168199 ], [ 12.582382816850988, 53.318317245078198 ], [ 12.327666101032822, 53.279723803287567 ], [ 12.06008490461778, 53.318317245078198 ], [ 11.7024523440246, 53.261713530451935 ], [ 11.499193550593942, 53.202536919706304 ], [ 11.416860874773933, 53.120204243886292 ] ] ] ] } },
{ "type": "Feature", "properties": { "id": "japan", "colorId": "japan", "name": "Япония", "parent": null }, "geometry": { "type": "MultiPolygon", "coordinates": [ [ [ [ 123.934, 24.367 ], [ 123.873, 24.258 ], [ 123.683, 24.285 ], [ 123.815, 24.392 ], [ 123.934, 24.367 ] ] ], [ [ [ 124.242, 24.364 ], [ 124.14, 24.342 ], [ 124.116, 24.467 ], [ 124.212, 24.447 ], [ 124.329, 24.584 ], [ 124.242, 24.364 ] ] ], [ [ [ 125.259, 24.733 ], [ 125.285, 24.877 ], [ 125.387, 24.782 ], [ 125.453, 24.745 ], [ 125.259, 24.733 ] ] ], [ [ [ 127.742, 26.321 ], [ 127.731, 26.44 ], [ 127.938, 26.532 ], [ 127.885, 26.696 ], [ 128.015, 26.635 ], [ 128.226, 26.801 ], [ 128.255, 26.886 ], [ 128.338, 26.797 ], [ 128.243, 26.633 ], [ 128.142, 26.557 ], [ 128.056, 26.55 ], [ 127.94, 26.448 ], [ 127.839, 26.425 ], [ 127.92, 26.31 ], [ 127.841, 26.324 ], [ 127.778, 26.233 ], [ 127.824, 26.187 ], [ 127.725, 26.09 ], [ 127.652, 26.084 ], [ 127.638, 26.215 ], [ 127.742, 26.321 ] ] ], [ [ [ 128.534, 27.415 ], [ 128.701, 27.455 ], [ 128.631, 27.376 ], [ 128.534, 27.415 ] ] ], [ [ [ 128.947, 27.914 ], [ 128.989, 27.811 ], [ 129.024, 27.757 ], [ 128.961, 27.686 ], [ 128.895, 27.728 ], [ 128.895, 27.891 ], [ 128.947, 27.914 ] ] ], [ [ [ 129.218, 28.106 ], [ 129.181, 28.19 ], [ 129.297, 28.12 ], [ 129.218, 28.106 ] ] ], [ [ [ 129.708, 28.462 ], [ 129.42, 28.25 ], [ 129.468, 28.216 ], [ 129.366, 28.123 ], [ 129.146, 28.256 ], [ 129.271, 28.255 ], [ 129.228, 28.305 ], [ 129.688, 28.509 ], [ 129.708, 28.462 ] ] ], [ [ [ 129.914, 28.297 ], [ 130.03, 28.373 ], [ 129.995, 28.291 ], [ 129.914, 28.297 ] ] ], [ [ [ 129.783, 31.8 ], [ 129.729, 31.644 ], [ 129.659, 31.642 ], [ 129.783, 31.8 ] ] ], [ [ [ 129.975, 32.355 ], [ 130.033, 32.522 ], [ 130.16, 32.546 ], [ 130.203, 32.339 ], [ 129.995, 32.191 ], [ 129.975, 32.355 ] ] ], [ [ [ 130.393, 32.397 ], [ 130.242, 32.395 ], [ 130.219, 32.456 ], [ 130.41, 32.512 ], [ 130.393, 32.397 ] ] ], [ [ [ 128.878, 32.674 ], [ 128.899, 32.643 ], [ 128.653, 32.591 ], [ 128.642, 32.761 ], [ 128.808, 32.8 ], [ 128.878, 32.674 ] ] ], [ [ [ 129.093, 32.907 ], [ 128.979, 32.948 ], [ 129.124, 33.109 ], [ 129.098, 32.988 ], [ 129.176, 32.967 ], [ 129.093, 32.907 ] ] ], [ [ [ 129.447, 33.199 ], [ 129.376, 33.17 ], [ 129.443, 33.348 ], [ 129.556, 33.411 ], [ 129.447, 33.199 ] ] ], [ [ [ 129.657, 33.743 ], [ 129.689, 33.871 ], [ 129.776, 33.773 ], [ 129.721, 33.698 ], [ 129.657, 33.743 ] ] ], [ [ [ 129.277, 34.129 ], [ 129.172, 34.107 ], [ 129.199, 34.316 ], [ 129.313, 34.28 ], [ 129.277, 34.129 ] ] ], [ [ [ 129.323, 34.648 ], [ 129.423, 34.695 ], [ 129.453, 34.619 ], [ 129.388, 34.367 ], [ 129.272, 34.356 ], [ 129.323, 34.648 ] ] ], [ [ [ 130.499, 30.468 ], [ 130.675, 30.375 ], [ 130.577, 30.236 ], [ 130.438, 30.239 ], [ 130.376, 30.394 ], [ 130.499, 30.468 ] ] ], [ [ [ 130.939, 30.672 ], [ 131.052, 30.84 ], [ 131.088, 30.783 ], [ 131.036, 30.557 ], [ 130.962, 30.373 ], [ 130.87, 30.344 ], [ 130.851, 30.47 ], [ 130.93, 30.541 ], [ 130.939, 30.672 ] ] ], [ [ [ 131.447, 31.877 ], [ 131.475, 31.762 ], [ 131.338, 31.373 ], [ 131.213, 31.455 ], [ 131.072, 31.45 ], [ 131.014, 31.363 ], [ 131.132, 31.28 ], [ 131.008, 31.221 ], [ 130.924, 31.113 ], [ 130.658, 31.003 ], [ 130.743, 31.121 ], [ 130.795, 31.344 ], [ 130.703, 31.459 ], [ 130.696, 31.546 ], [ 130.591, 31.586 ], [ 130.712, 31.614 ], [ 130.759, 31.564 ], [ 130.805, 31.687 ], [ 130.686, 31.726 ], [ 130.613, 31.682 ], [ 130.529, 31.513 ], [ 130.573, 31.315 ], [ 130.66, 31.271 ], [ 130.64, 31.186 ], [ 130.522, 31.169 ], [ 130.451, 31.249 ], [ 130.222, 31.246 ], [ 130.197, 31.354 ], [ 130.293, 31.445 ], [ 130.336, 31.626 ], [ 130.171, 31.79 ], [ 130.22, 31.93 ], [ 130.18, 32.093 ], [ 130.279, 32.101 ], [ 130.431, 32.257 ], [ 130.599, 32.505 ], [ 130.57, 32.555 ], [ 130.668, 32.649 ], [ 130.448, 32.621 ], [ 130.626, 32.704 ], [ 130.593, 32.816 ], [ 130.433, 32.942 ], [ 130.422, 33.083 ], [ 130.241, 33.188 ], [ 130.132, 33.102 ], [ 130.222, 32.975 ], [ 130.105, 32.876 ], [ 130.339, 32.857 ], [ 130.361, 32.688 ], [ 130.166, 32.593 ], [ 130.128, 32.684 ], [ 130.21, 32.733 ], [ 130.178, 32.793 ], [ 129.955, 32.745 ], [ 129.786, 32.583 ], [ 129.834, 32.694 ], [ 129.733, 32.806 ], [ 129.632, 32.979 ], [ 129.682, 33.094 ], [ 129.823, 32.98 ], [ 129.794, 32.875 ], [ 130.003, 32.845 ], [ 129.931, 32.929 ], [ 129.946, 33.016 ], [ 129.746, 33.066 ], [ 129.646, 33.197 ], [ 129.564, 33.211 ], [ 129.592, 33.381 ], [ 129.807, 33.348 ], [ 129.852, 33.28 ], [ 129.869, 33.397 ], [ 129.787, 33.455 ], [ 129.853, 33.553 ], [ 130.017, 33.446 ], [ 130.156, 33.525 ], [ 130.092, 33.566 ], [ 130.16, 33.63 ], [ 130.391, 33.605 ], [ 130.489, 33.855 ], [ 130.684, 33.934 ], [ 130.828, 33.94 ], [ 130.914, 33.891 ], [ 131.007, 33.966 ], [ 131.01, 33.746 ], [ 131.064, 33.653 ], [ 131.284, 33.582 ], [ 131.418, 33.582 ], [ 131.521, 33.676 ], [ 131.667, 33.667 ], [ 131.73, 33.58 ], [ 131.697, 33.406 ], [ 131.498, 33.341 ], [ 131.51, 33.273 ], [ 131.903, 33.266 ], [ 131.81, 33.128 ], [ 131.93, 33.047 ], [ 131.903, 32.983 ], [ 132.025, 32.924 ], [ 131.882, 32.783 ], [ 131.66, 32.477 ], [ 131.447, 31.877 ] ] ], [ [ [ 139.788, 33.058 ], [ 139.791, 33.135 ], [ 139.877, 33.088 ], [ 139.788, 33.058 ] ] ], [ [ [ 132.011, 33.349 ], [ 132.155, 33.437 ], [ 132.412, 33.535 ], [ 132.501, 33.625 ], [ 132.677, 33.716 ], [ 132.712, 33.905 ], [ 132.77, 33.996 ], [ 132.919, 34.068 ], [ 132.942, 34.141 ], [ 133.087, 33.949 ], [ 133.147, 33.932 ], [ 133.323, 33.991 ], [ 133.511, 33.965 ], [ 133.621, 34.046 ], [ 133.641, 34.185 ], [ 133.558, 34.259 ], [ 133.701, 34.231 ], [ 133.947, 34.376 ], [ 134.081, 34.348 ], [ 134.153, 34.386 ], [ 134.258, 34.294 ], [ 134.44, 34.208 ], [ 134.647, 34.239 ], [ 134.595, 34.046 ], [ 134.696, 33.952 ], [ 134.69, 33.828 ], [ 134.376, 33.636 ], [ 134.273, 33.508 ], [ 134.19, 33.248 ], [ 133.925, 33.494 ], [ 133.739, 33.538 ], [ 133.608, 33.516 ], [ 133.455, 33.415 ], [ 133.269, 33.347 ], [ 133.253, 33.219 ], [ 133.097, 33.048 ], [ 133.018, 33.024 ], [ 133.002, 32.869 ], [ 132.955, 32.815 ], [ 133.028, 32.721 ], [ 132.915, 32.778 ], [ 132.812, 32.74 ], [ 132.623, 32.799 ], [ 132.709, 32.909 ], [ 132.472, 32.934 ], [ 132.501, 32.993 ], [ 132.424, 33.199 ], [ 132.548, 33.227 ], [ 132.42, 33.304 ], [ 132.381, 33.466 ], [ 132.308, 33.464 ], [ 132.011, 33.349 ] ] ], [ [ [ 132.254, 33.95 ], [ 132.381, 33.886 ], [ 132.236, 33.869 ], [ 132.254, 33.95 ] ] ], [ [ [ 132.555, 34.071 ], [ 132.455, 34.088 ], [ 132.519, 34.174 ], [ 132.555, 34.071 ] ] ], [ [ [ 134.903, 34.419 ], [ 134.958, 34.27 ], [ 134.729, 34.191 ], [ 134.657, 34.288 ], [ 134.799, 34.447 ], [ 135.003, 34.608 ], [ 135.03, 34.579 ], [ 134.903, 34.419 ] ] ], [ [ [ 134.347, 34.431 ], [ 134.262, 34.421 ], [ 134.175, 34.52 ], [ 134.367, 34.554 ], [ 134.347, 34.431 ] ] ], [ [ [ 139.359, 34.702 ], [ 139.418, 34.781 ], [ 139.454, 34.679 ], [ 139.359, 34.702 ] ] ], [ [ [ 133.326, 36.158 ], [ 133.188, 36.216 ], [ 133.292, 36.342 ], [ 133.367, 36.274 ], [ 133.326, 36.158 ] ] ], [ [ [ 137.048, 37.152 ], [ 136.944, 37.097 ], [ 136.905, 37.144 ], [ 137.048, 37.152 ] ] ], [ [ [ 131.79, 34.686 ], [ 132.236, 35.035 ], [ 132.317, 35.062 ], [ 132.408, 35.175 ], [ 132.639, 35.295 ], [ 132.635, 35.441 ], [ 132.97, 35.517 ], [ 133.091, 35.601 ], [ 133.156, 35.563 ], [ 133.326, 35.569 ], [ 133.265, 35.496 ], [ 133.417, 35.457 ], [ 133.58, 35.534 ], [ 133.731, 35.503 ], [ 134.238, 35.547 ], [ 134.537, 35.672 ], [ 134.927, 35.641 ], [ 135.084, 35.739 ], [ 135.227, 35.772 ], [ 135.304, 35.689 ], [ 135.188, 35.565 ], [ 135.335, 35.508 ], [ 135.452, 35.572 ], [ 135.558, 35.492 ], [ 135.649, 35.543 ], [ 135.724, 35.491 ], [ 135.81, 35.527 ], [ 135.816, 35.631 ], [ 135.981, 35.63 ], [ 135.956, 35.728 ], [ 136.02, 35.765 ], [ 136.069, 35.662 ], [ 136.099, 35.776 ], [ 135.957, 35.973 ], [ 136.135, 36.225 ], [ 136.43, 36.433 ], [ 136.64, 36.663 ], [ 136.761, 36.871 ], [ 136.768, 36.981 ], [ 136.674, 37.175 ], [ 136.749, 37.358 ], [ 136.935, 37.399 ], [ 137.114, 37.488 ], [ 137.296, 37.531 ], [ 137.351, 37.446 ], [ 137.254, 37.429 ], [ 137.23, 37.292 ], [ 137.109, 37.283 ], [ 137.014, 37.185 ], [ 136.93, 37.222 ], [ 136.875, 37.07 ], [ 137.054, 37.08 ], [ 137.054, 36.967 ], [ 136.988, 36.871 ], [ 137.157, 36.761 ], [ 137.333, 36.763 ], [ 137.427, 36.922 ], [ 137.897, 37.058 ], [ 138.098, 37.171 ], [ 138.245, 37.184 ], [ 138.551, 37.378 ], [ 138.766, 37.635 ], [ 138.858, 37.828 ], [ 139.06, 37.946 ], [ 139.305, 38.042 ], [ 139.432, 38.169 ], [ 139.462, 38.375 ], [ 139.599, 38.648 ], [ 139.774, 38.817 ], [ 139.932, 39.287 ], [ 139.995, 39.327 ], [ 140.049, 39.505 ], [ 140.059, 39.727 ], [ 140.028, 39.825 ], [ 139.877, 39.893 ], [ 139.76, 39.858 ], [ 139.701, 40.006 ], [ 139.822, 39.961 ], [ 139.978, 40.125 ], [ 140.024, 40.355 ], [ 139.946, 40.419 ], [ 139.943, 40.545 ], [ 139.857, 40.59 ], [ 140.046, 40.768 ], [ 140.241, 40.784 ], [ 140.297, 40.874 ], [ 140.3, 41.111 ], [ 140.342, 41.266 ], [ 140.484, 41.183 ], [ 140.594, 41.22 ], [ 140.673, 40.896 ], [ 140.799, 40.839 ], [ 140.882, 41.008 ], [ 141.111, 40.873 ], [ 141.185, 40.911 ], [ 141.278, 41.155 ], [ 141.161, 41.278 ], [ 141.058, 41.183 ], [ 140.978, 41.196 ], [ 140.815, 41.128 ], [ 140.766, 41.196 ], [ 140.837, 41.418 ], [ 140.914, 41.547 ], [ 141.108, 41.464 ], [ 141.276, 41.353 ], [ 141.461, 41.43 ], [ 141.391, 41.161 ], [ 141.406, 40.817 ], [ 141.437, 40.67 ], [ 141.52, 40.538 ], [ 141.576, 40.542 ], [ 141.744, 40.384 ], [ 141.877, 40.139 ], [ 141.855, 40.055 ], [ 141.95, 39.997 ], [ 142.009, 39.753 ], [ 141.966, 39.598 ], [ 142.036, 39.639 ], [ 142.069, 39.54 ], [ 141.905, 39.33 ], [ 141.981, 39.351 ], [ 141.844, 39.152 ], [ 141.847, 39.022 ], [ 141.638, 38.985 ], [ 141.674, 38.852 ], [ 141.589, 38.882 ], [ 141.522, 38.768 ], [ 141.573, 38.719 ], [ 141.463, 38.661 ], [ 141.467, 38.57 ], [ 141.548, 38.519 ], [ 141.471, 38.436 ], [ 141.525, 38.268 ], [ 141.333, 38.409 ], [ 141.098, 38.372 ], [ 140.967, 38.17 ], [ 140.926, 38.049 ], [ 140.933, 37.889 ], [ 141.022, 37.727 ], [ 141.042, 37.377 ], [ 140.96, 36.966 ], [ 140.804, 36.886 ], [ 140.624, 36.506 ], [ 140.617, 36.338 ], [ 140.564, 36.283 ], [ 140.646, 36.013 ], [ 140.879, 35.721 ], [ 140.661, 35.689 ], [ 140.483, 35.566 ], [ 140.386, 35.381 ], [ 140.394, 35.197 ], [ 140.237, 35.112 ], [ 140.135, 35.123 ], [ 139.991, 35.021 ], [ 139.926, 34.907 ], [ 139.843, 34.9 ], [ 139.753, 34.976 ], [ 139.859, 34.987 ], [ 139.825, 35.199 ], [ 139.849, 35.294 ], [ 139.782, 35.314 ], [ 140.006, 35.473 ], [ 140.08, 35.604 ], [ 139.95, 35.673 ], [ 139.897, 35.614 ], [ 139.758, 35.632 ], [ 139.799, 35.54 ], [ 139.681, 35.438 ], [ 139.648, 35.298 ], [ 139.728, 35.207 ], [ 139.611, 35.142 ], [ 139.624, 35.212 ], [ 139.544, 35.308 ], [ 139.415, 35.319 ], [ 139.146, 35.235 ], [ 139.076, 35.053 ], [ 139.141, 34.871 ], [ 138.941, 34.661 ], [ 138.835, 34.596 ], [ 138.771, 34.647 ], [ 138.754, 34.879 ], [ 138.786, 35.026 ], [ 138.908, 35.031 ], [ 138.803, 35.122 ], [ 138.696, 35.139 ], [ 138.554, 35.096 ], [ 138.514, 34.98 ], [ 138.367, 34.917 ], [ 138.341, 34.826 ], [ 138.216, 34.712 ], [ 138.233, 34.595 ], [ 138.047, 34.655 ], [ 137.792, 34.639 ], [ 137.684, 34.671 ], [ 137.428, 34.668 ], [ 137.141, 34.589 ], [ 137.016, 34.579 ], [ 137.324, 34.767 ], [ 137.223, 34.816 ], [ 136.916, 34.776 ], [ 136.971, 34.696 ], [ 136.856, 34.74 ], [ 136.823, 34.955 ], [ 136.88, 35.044 ], [ 136.659, 34.984 ], [ 136.616, 34.854 ], [ 136.535, 34.766 ], [ 136.54, 34.616 ], [ 136.633, 34.591 ], [ 136.916, 34.434 ], [ 136.9, 34.283 ], [ 136.703, 34.295 ], [ 136.472, 34.239 ], [ 136.299, 34.154 ], [ 136.219, 34.068 ], [ 136.28, 34.017 ], [ 136.199, 33.921 ], [ 136.069, 33.847 ], [ 135.96, 33.593 ], [ 135.766, 33.482 ], [ 135.445, 33.551 ], [ 135.328, 33.671 ], [ 135.402, 33.701 ], [ 135.233, 33.782 ], [ 135.153, 33.876 ], [ 135.065, 33.886 ], [ 135.076, 33.977 ], [ 135.163, 34.04 ], [ 135.094, 34.068 ], [ 135.187, 34.136 ], [ 135.061, 34.267 ], [ 135.32, 34.429 ], [ 135.414, 34.558 ], [ 135.341, 34.709 ], [ 135.242, 34.651 ], [ 134.96, 34.644 ], [ 134.744, 34.767 ], [ 134.381, 34.74 ], [ 134.155, 34.637 ], [ 133.983, 34.529 ], [ 133.936, 34.451 ], [ 133.7, 34.526 ], [ 133.47, 34.424 ], [ 133.422, 34.445 ], [ 133.341, 34.348 ], [ 133.247, 34.426 ], [ 133.203, 34.289 ], [ 133.093, 34.253 ], [ 133.079, 34.382 ], [ 133.018, 34.323 ], [ 132.836, 34.311 ], [ 132.771, 34.235 ], [ 132.566, 34.192 ], [ 132.497, 34.362 ], [ 132.383, 34.366 ], [ 132.223, 34.239 ], [ 132.213, 33.99 ], [ 132.143, 33.946 ], [ 132.15, 33.83 ], [ 132.041, 33.776 ], [ 132.099, 33.872 ], [ 131.972, 33.917 ], [ 131.741, 34.056 ], [ 131.39, 34.04 ], [ 131.272, 33.927 ], [ 131.178, 33.93 ], [ 131.036, 34.048 ], [ 130.932, 33.945 ], [ 130.862, 34.113 ], [ 130.923, 34.184 ], [ 130.872, 34.279 ], [ 130.955, 34.403 ], [ 131.253, 34.437 ], [ 131.209, 34.369 ], [ 131.414, 34.424 ], [ 131.455, 34.519 ], [ 131.597, 34.66 ], [ 131.79, 34.686 ] ] ], [ [ [ 138.575, 38.074 ], [ 138.487, 37.892 ], [ 138.265, 37.798 ], [ 138.343, 37.967 ], [ 138.248, 37.979 ], [ 138.31, 38.168 ], [ 138.514, 38.323 ], [ 138.459, 38.07 ], [ 138.575, 38.074 ] ] ], [ [ [ 139.509, 42.101 ], [ 139.435, 42.063 ], [ 139.414, 42.173 ], [ 139.549, 42.243 ], [ 139.509, 42.101 ] ] ], [ [ [ 139.984, 41.56 ], [ 140.02, 41.697 ], [ 140.13, 41.823 ], [ 140.145, 41.983 ], [ 140.028, 42.106 ], [ 139.787, 42.247 ], [ 139.768, 42.311 ], [ 139.85, 42.469 ], [ 139.877, 42.663 ], [ 140.054, 42.694 ], [ 140.183, 42.81 ], [ 140.261, 42.761 ], [ 140.527, 43.015 ], [ 140.338, 43.211 ], [ 140.36, 43.325 ], [ 140.487, 43.372 ], [ 140.81, 43.192 ], [ 141.022, 43.224 ], [ 141.169, 43.141 ], [ 141.371, 43.251 ], [ 141.44, 43.362 ], [ 141.371, 43.497 ], [ 141.337, 43.713 ], [ 141.385, 43.791 ], [ 141.528, 43.841 ], [ 141.641, 43.938 ], [ 141.67, 44.067 ], [ 141.655, 44.277 ], [ 141.747, 44.424 ], [ 141.792, 44.597 ], [ 141.783, 44.765 ], [ 141.722, 44.955 ], [ 141.586, 45.164 ], [ 141.584, 45.251 ], [ 141.692, 45.402 ], [ 141.96, 45.51 ], [ 142.057, 45.402 ], [ 142.221, 45.3 ], [ 142.539, 45.018 ], [ 142.631, 44.884 ], [ 142.981, 44.586 ], [ 143.351, 44.381 ], [ 143.405, 44.317 ], [ 143.777, 44.189 ], [ 143.728, 44.113 ], [ 143.93, 44.099 ], [ 143.999, 44.134 ], [ 144.215, 44.111 ], [ 144.319, 43.991 ], [ 144.43, 43.943 ], [ 144.74, 43.915 ], [ 144.831, 43.942 ], [ 145.049, 44.122 ], [ 145.202, 44.206 ], [ 145.341, 44.346 ], [ 145.35, 44.212 ], [ 145.106, 43.881 ], [ 145.075, 43.754 ], [ 145.195, 43.621 ], [ 145.362, 43.301 ], [ 145.468, 43.253 ], [ 145.676, 43.382 ], [ 145.767, 43.387 ], [ 145.629, 43.31 ], [ 145.519, 43.166 ], [ 145.303, 43.173 ], [ 145.125, 43.12 ], [ 145.168, 43.079 ], [ 145.0, 42.986 ], [ 144.758, 43.019 ], [ 144.742, 42.924 ], [ 144.496, 42.933 ], [ 144.358, 42.999 ], [ 144.183, 42.976 ], [ 143.886, 42.844 ], [ 143.639, 42.661 ], [ 143.349, 42.319 ], [ 143.292, 42.005 ], [ 143.226, 41.932 ], [ 142.96, 42.105 ], [ 142.758, 42.158 ], [ 142.46, 42.271 ], [ 142.168, 42.46 ], [ 142.063, 42.471 ], [ 141.926, 42.559 ], [ 141.726, 42.617 ], [ 141.428, 42.564 ], [ 140.987, 42.34 ], [ 140.734, 42.564 ], [ 140.526, 42.581 ], [ 140.381, 42.505 ], [ 140.289, 42.35 ], [ 140.292, 42.26 ], [ 140.549, 42.106 ], [ 140.714, 42.133 ], [ 140.974, 41.914 ], [ 141.19, 41.791 ], [ 141.006, 41.712 ], [ 140.775, 41.77 ], [ 140.709, 41.824 ], [ 140.604, 41.736 ], [ 140.453, 41.681 ], [ 140.401, 41.513 ], [ 140.275, 41.482 ], [ 140.209, 41.401 ], [ 140.038, 41.443 ], [ 139.984, 41.56 ] ] ], [ [ [ 141.235, 45.102 ], [ 141.132, 45.21 ], [ 141.203, 45.249 ], [ 141.327, 45.172 ], [ 141.235, 45.102 ] ] ], [ [ [ 141.053, 45.45 ], [ 141.036, 45.292 ], [ 140.994, 45.371 ], [ 141.053, 45.45 ] ] ] ] } },
{ "type": "Feature", "properties": { "id": "den_greenland1721", "colorId": "denmark", "name": null, "parent": "denmark849" }, "geometry": { "type": "MultiPolygon", "coordinates": [ [ [ [ -40.604, 64.683 ], [ -43.138, 60.081 ], [ -44.975, 60.04 ], [ -48.195, 60.814 ], [ -50.308, 62.491 ], [ -52.161, 64.256 ], [ -53.65, 66.124 ], [ -50.614257397883136, 65.016711912512648 ], [ -47.462516627739646, 62.365715003046162 ], [ -45.282808057733874, 62.012248748450631 ], [ -43.412382460499188, 62.895914384939452 ], [ -41.512501342048203, 64.928345348863758 ], [ -40.604, 64.683 ] ] ] ] } },
{ "type": "Feature", "properties": { "id": "br_malta", "colorId": "britain", "name": null, "parent": "britain" }, "geometry": { "type": "MultiPolygon", "coordinates": [ [ [ [ 14.548, 35.89 ], [ 14.528, 35.801 ], [ 14.343, 35.881 ], [ 14.322, 35.973 ], [ 14.428, 35.966 ], [ 14.548, 35.89 ] ] ] ] } },
{ "type": "Feature", "properties": { "id": "ott_bulgaria1517", "colorId": "turkey", "name": null, "parent": "ottoman" }, "geometry": { "type": "MultiPolygon", "coordinates": [ [ [ [ 27.800018686566148, 42.792629164963159 ], [ 26.702231563994861, 42.902407877220298 ], [ 26.34060757067726, 42.818459450200145 ], [ 26.075847146998299, 42.779714022344685 ], [ 25.539868728331143, 42.585986883067399 ], [ 25.359056731672343, 42.624732310922859 ], [ 25.213761377214379, 42.579529311758144 ], [ 25.071694808411035, 42.621503525268224 ], [ 24.56154667498085, 42.618274739613604 ], [ 24.367819535703561, 42.556927812175793 ], [ 23.909331972747317, 42.553699026521173 ], [ 23.621970049486009, 42.411632457717829 ], [ 23.465991052815962, 42.186572400139063 ], [ 23.327463801357474, 42.109612815995462 ], [ 23.035017381611777, 42.120607042301714 ], [ 22.90473579988295, 42.083226672860533 ], [ 22.561715939128597, 42.157987411742887 ], [ 22.469364438156273, 42.193168935922827 ], [ 22.345, 42.313 ], [ 22.270399520142199, 42.435258046414809 ], [ 22.270399520142199, 42.545200309477103 ], [ 22.402330235816947, 42.641949500971918 ], [ 22.481, 42.74 ], [ 22.404529081078191, 42.853038646051516 ], [ 22.505675963095499, 42.923401694411382 ], [ 22.725560489220079, 43.004758969077479 ], [ 22.866286585939811, 43.17187120893216 ], [ 22.875081966984794, 43.321392686696875 ], [ 22.773935084967487, 43.378562663489262 ], [ 22.519, 43.474 ], [ 22.473, 43.636 ], [ 22.349, 43.808 ], [ 22.4, 43.993 ], [ 22.605, 44.079 ], [ 22.606, 44.175 ], [ 22.692, 44.228 ], [ 23.031, 44.093 ], [ 23.023, 44.032 ], [ 22.886, 43.995 ], [ 22.851, 43.897 ], [ 22.92, 43.834 ], [ 23.325, 43.887 ], [ 24.159, 43.753 ], [ 24.5, 43.799 ], [ 24.706, 43.744 ], [ 24.964, 43.75 ], [ 25.252, 43.705 ], [ 25.36, 43.654 ], [ 25.557, 43.67 ], [ 25.781, 43.732 ], [ 25.934, 43.87 ], [ 26.151, 44.012 ], [ 26.634625758224125, 44.086713845074009 ], [ 26.810533379123793, 44.086713845074009 ], [ 26.898487189573625, 44.152679202911379 ], [ 27.232711669282995, 44.148281512388891 ], [ 27.430607742795122, 44.020748487236631 ], [ 27.662585917856557, 44.020198775921315 ], [ 27.725253007802067, 43.954783129399253 ], [ 27.929745617097925, 44.002058302516041 ], [ 27.956131760232875, 43.895414307345611 ], [ 28.150729565853133, 43.783273199022076 ], [ 28.578, 43.741 ], [ 28.604, 43.538 ], [ 28.473, 43.367 ], [ 28.322, 43.428 ], [ 28.157, 43.408 ], [ 28.031, 43.249 ], [ 27.904, 43.202 ], [ 27.944, 43.157 ], [ 27.885, 43.009 ], [ 27.892, 42.711 ], [ 27.800018686566148, 42.792629164963159 ] ] ] ] } },
{ "type": "Feature", "properties": { "id": "nl_malacca1810", "colorId": "netherlands", "name": null, "parent": "fr_netherlands" }, "geometry": { "type": "MultiPolygon", "coordinates": [ [ [ [ 102.056459014156403, 2.319821617124922 ], [ 102.15359358070485, 2.397399973103782 ], [ 102.333316772055881, 2.397399973103782 ], [ 102.472957812817825, 2.186645439361209 ], [ 102.489, 2.093 ], [ 102.188, 2.216 ], [ 102.056459014156403, 2.319821617124922 ] ] ] ] } },
{ "type": "Feature", "properties": { "id": "br_jamaica1707", "colorId": "britain", "name": null, "parent": "britain" }, "geometry": { "type": "MultiPolygon", "coordinates": [ [ [ [ -76.264, 18.012 ], [ -76.188, 17.915 ], [ -76.307, 17.87 ], [ -76.524, 17.86 ], [ -76.85, 17.992 ], [ -76.913, 17.861 ], [ -77.038, 17.847 ], [ -77.142, 17.881 ], [ -77.216, 17.717 ], [ -77.321, 17.812 ], [ -77.441, 17.865 ], [ -77.724, 17.854 ], [ -77.84, 17.95 ], [ -77.846, 18.017 ], [ -77.956, 18.032 ], [ -78.075, 18.198 ], [ -78.227, 18.192 ], [ -78.375, 18.266 ], [ -78.332, 18.367 ], [ -78.195, 18.455 ], [ -77.981, 18.441 ], [ -77.902, 18.519 ], [ -77.325, 18.465 ], [ -77.137, 18.409 ], [ -76.895, 18.409 ], [ -76.783, 18.278 ], [ -76.351, 18.156 ], [ -76.264, 18.012 ] ] ] ] } },
{ "type": "Feature", "properties": { "id": "denmark849", "colorId": "denmark", "name": "Дания", "parent": null }, "geometry": { "type": "MultiPolygon", "coordinates": [ [ [ [ 8.566, 54.688 ], [ 8.395, 54.715 ], [ 8.498, 54.756 ], [ 8.566, 54.688 ] ] ], [ [ [ 8.446, 54.866 ], [ 8.289, 54.891 ], [ 8.36, 54.948 ], [ 8.446, 54.866 ] ] ], [ [ [ 9.628, 55.058 ], [ 9.793, 55.081 ], [ 10.011, 54.976 ], [ 10.065, 54.891 ], [ 9.815, 54.901 ], [ 9.799, 55.017 ], [ 9.628, 55.058 ] ] ], [ [ [ 10.22, 56.148 ], [ 10.245, 55.915 ], [ 9.893, 55.836 ], [ 10.046, 55.814 ], [ 10.06, 55.749 ], [ 9.792, 55.674 ], [ 9.854, 55.627 ], [ 9.707, 55.537 ], [ 9.498, 55.489 ], [ 9.71, 55.249 ], [ 9.494, 55.161 ], [ 9.58, 55.051 ], [ 9.739, 54.981 ], [ 9.746, 54.836 ], [ 9.587, 54.928 ], [ 9.438, 54.81 ], [ 9.58, 54.866 ], [ 9.824, 54.757 ], [ 9.915, 54.791 ], [ 10.034, 54.673 ], [ 10.02, 54.546 ], [ 10.125, 54.496 ], [ 10.217, 54.405 ], [ 10.307, 54.441 ], [ 10.777, 54.315 ], [ 10.935, 54.38 ], [ 11.077, 54.342 ], [ 11.067, 54.184 ], [ 10.753, 54.044 ], [ 10.77620974104946, 53.984697339996451 ], [ 10.642419142841938, 53.916515592833015 ], [ 10.571586342215683, 53.836925390586018 ], [ 10.387489334613845, 53.807469869369719 ], [ 10.253911828816253, 53.66823111731329 ], [ 10.089246477176228, 53.729980624178296 ], [ 9.924581125536202, 53.637356363880784 ], [ 9.821665280761184, 53.539586311344515 ], [ 9.677583098076163, 53.534440519105765 ], [ 9.523209330913637, 53.591044233732028 ], [ 9.430585070616123, 53.729980624178296 ], [ 9.353398187034861, 53.853479637908315 ], [ 9.008, 53.892 ], [ 8.833, 54.036 ], [ 8.997, 54.03 ], [ 8.977, 54.146 ], [ 8.861, 54.125 ], [ 8.84, 54.256 ], [ 8.963, 54.318 ], [ 8.652, 54.275 ], [ 8.629, 54.388 ], [ 8.861, 54.414 ], [ 9.012, 54.506 ], [ 8.805, 54.688 ], [ 8.689, 54.735 ], [ 8.661, 54.896 ], [ 8.682, 55.133 ], [ 8.484, 55.068 ], [ 8.689, 55.142 ], [ 8.618, 55.438 ], [ 8.442, 55.464 ], [ 8.31, 55.563 ], [ 8.244, 55.517 ], [ 8.094, 55.564 ], [ 8.194, 55.812 ], [ 8.388, 55.893 ], [ 8.282, 56.076 ], [ 8.106, 56.119 ], [ 8.134, 56.205 ], [ 8.122, 56.552 ], [ 8.27, 56.843 ], [ 8.618, 57.123 ], [ 9.412, 57.165 ], [ 9.573, 57.243 ], [ 9.788, 57.459 ], [ 9.967, 57.591 ], [ 10.198, 57.601 ], [ 10.596, 57.751 ], [ 10.43, 57.571 ], [ 10.547, 57.435 ], [ 10.539, 57.237 ], [ 10.447, 57.185 ], [ 10.266, 56.908 ], [ 10.361, 56.562 ], [ 10.552, 56.516 ], [ 10.789, 56.536 ], [ 10.964, 56.448 ], [ 10.912, 56.334 ], [ 10.75, 56.216 ], [ 10.629, 56.238 ], [ 10.531, 56.1 ], [ 10.505, 56.278 ], [ 10.403, 56.298 ], [ 10.22, 56.148 ] ] ], [ [ [ -6.963, 61.629 ], [ -6.737, 61.579 ], [ -6.655, 61.396 ], [ -6.87, 61.502 ], [ -6.963, 61.629 ] ] ], [ [ [ -6.668, 61.749 ], [ -6.907, 61.91 ], [ -6.613, 61.821 ], [ -6.668, 61.749 ] ] ], [ [ [ -7.185, 62.027 ], [ -7.384, 62.095 ], [ -7.286, 62.155 ], [ -7.038, 62.089 ], [ -7.185, 62.027 ] ] ], [ [ [ -6.716, 62.034 ], [ -6.734, 61.938 ], [ -7.031, 62.117 ], [ -7.223, 62.171 ], [ -7.19, 62.31 ], [ -6.716, 62.034 ] ] ], [ [ [ -6.691, 62.073 ], [ -6.958, 62.19 ], [ -7.055, 62.29 ], [ -6.941, 62.337 ], [ -6.737, 62.262 ], [ -6.722, 62.184 ], [ -6.564, 62.136 ], [ -6.691, 62.073 ] ] ], [ [ [ -6.572, 62.347 ], [ -6.387, 62.26 ], [ -6.537, 62.191 ], [ -6.572, 62.347 ] ] ], [ [ [ 11.314, 54.414 ], [ 11.113, 54.415 ], [ 11.006, 54.468 ], [ 11.121, 54.536 ], [ 11.256, 54.479 ], [ 11.314, 54.414 ] ] ], [ [ [ 11.232, 54.961 ], [ 11.595, 54.811 ], [ 11.649, 54.914 ], [ 11.845, 54.732 ], [ 11.811, 54.655 ], [ 11.611, 54.666 ], [ 11.474, 54.626 ], [ 10.999, 54.787 ], [ 11.108, 54.832 ], [ 11.074, 54.948 ], [ 11.232, 54.961 ] ] ], [ [ [ 10.383, 54.831 ], [ 10.211, 54.939 ], [ 10.45, 54.9 ], [ 10.383, 54.831 ] ] ], [ [ [ 10.909, 55.03 ], [ 10.731, 54.74 ], [ 10.641, 54.843 ], [ 10.855, 55.044 ], [ 10.909, 55.03 ] ] ], [ [ [ 12.417, 55.03 ], [ 12.503, 54.948 ], [ 12.314, 54.951 ], [ 12.227, 54.893 ], [ 12.129, 54.954 ], [ 12.287, 54.989 ], [ 12.28, 55.064 ], [ 12.417, 55.03 ] ] ], [ [ [ 15.073, 54.992 ], [ 14.684, 55.101 ], [ 14.761, 55.309 ], [ 15.151, 55.133 ], [ 15.073, 54.992 ] ] ], [ [ [ 10.666, 55.064 ], [ 10.538, 55.03 ], [ 10.205, 55.094 ], [ 9.884, 55.253 ], [ 9.885, 55.349 ], [ 9.676, 55.496 ], [ 9.888, 55.509 ], [ 10.294, 55.616 ], [ 10.489, 55.545 ], [ 10.472, 55.443 ], [ 10.605, 55.489 ], [ 10.609, 55.613 ], [ 10.738, 55.509 ], [ 10.657, 55.46 ], [ 10.797, 55.359 ], [ 10.815, 55.214 ], [ 10.666, 55.064 ] ] ], [ [ [ 12.392, 55.255 ], [ 12.183, 55.227 ], [ 12.149, 54.994 ], [ 11.91, 55.01 ], [ 12.04, 54.893 ], [ 12.17, 54.838 ], [ 11.961, 54.694 ], [ 11.969, 54.57 ], [ 11.869, 54.66 ], [ 11.91, 54.722 ], [ 11.75, 54.873 ], [ 11.75, 54.966 ], [ 11.883, 54.976 ], [ 11.649, 55.181 ], [ 11.423, 55.222 ], [ 11.261, 55.201 ], [ 11.242, 55.279 ], [ 11.088, 55.366 ], [ 11.204, 55.392 ], [ 11.148, 55.557 ], [ 10.96, 55.724 ], [ 11.252, 55.729 ], [ 11.478, 55.842 ], [ 11.477, 55.941 ], [ 11.768, 55.971 ], [ 11.663, 55.907 ], [ 11.811, 55.679 ], [ 11.869, 55.805 ], [ 11.998, 55.903 ], [ 12.06, 55.654 ], [ 12.095, 55.729 ], [ 12.026, 55.941 ], [ 11.866, 55.973 ], [ 12.245, 56.129 ], [ 12.622, 56.044 ], [ 12.513, 55.921 ], [ 12.602, 55.709 ], [ 12.465, 55.606 ], [ 12.248, 55.546 ], [ 12.225, 55.435 ], [ 12.445, 55.349 ], [ 12.392, 55.255 ] ] ], [ [ [ 12.616, 55.688 ], [ 12.674, 55.606 ], [ 12.556, 55.55 ], [ 12.616, 55.688 ] ] ], [ [ [ 11.142, 57.332 ], [ 11.029, 57.202 ], [ 10.855, 57.265 ], [ 11.142, 57.332 ] ] ] ] } },
{ "type": "Feature", "properties": { "id": "portugal", "colorId": "portugal", "name": "Португалия", "parent": null }, "geometry": { "type": "MultiPolygon", "coordinates": [ [ [ [ -16.789, 32.687 ], [ -16.977, 32.647 ], [ -17.143, 32.706 ], [ -17.252, 32.815 ], [ -17.2, 32.868 ], [ -17.068, 32.814 ], [ -16.92, 32.841 ], [ -16.69, 32.755 ], [ -16.789, 32.687 ] ] ], [ [ [ -25.067, 37.021 ], [ -25.027, 36.934 ], [ -25.169, 36.946 ], [ -25.17, 37.016 ], [ -25.067, 37.021 ] ] ], [ [ [ -25.506, 37.707 ], [ -25.704, 37.744 ], [ -25.859, 37.854 ], [ -25.765, 37.912 ], [ -25.681, 37.843 ], [ -25.458, 37.83 ], [ -25.198, 37.864 ], [ -25.132, 37.786 ], [ -25.195, 37.741 ], [ -25.506, 37.707 ] ] ], [ [ [ -28.109, 38.447 ], [ -28.054, 38.399 ], [ -28.242, 38.378 ], [ -28.46, 38.406 ], [ -28.549, 38.484 ], [ -28.485, 38.558 ], [ -28.375, 38.55 ], [ -28.109, 38.447 ] ] ], [ [ [ -28.636, 38.516 ], [ -28.727, 38.515 ], [ -28.842, 38.599 ], [ -28.72, 38.645 ], [ -28.61, 38.597 ], [ -28.636, 38.516 ] ] ], [ [ [ -27.891, 38.604 ], [ -27.836, 38.543 ], [ -28.178, 38.645 ], [ -28.316, 38.755 ], [ -27.891, 38.604 ] ] ], [ [ [ -27.02, 38.694 ], [ -27.06, 38.641 ], [ -27.328, 38.666 ], [ -27.392, 38.759 ], [ -27.298, 38.804 ], [ -27.144, 38.796 ], [ -27.02, 38.694 ] ] ], [ [ [ -31.132, 39.423 ], [ -31.269, 39.365 ], [ -31.208, 39.509 ], [ -31.132, 39.423 ] ] ], [ [ [ -7.024, 38.023 ], [ -7.123, 38.04 ], [ -7.273, 37.977 ], [ -7.334, 37.812 ], [ -7.426, 37.751 ], [ -7.53, 37.567 ], [ -7.476, 37.494 ], [ -7.414, 37.193 ], [ -7.512, 37.172 ], [ -7.82, 36.999 ], [ -7.958, 37.003 ], [ -8.179, 37.088 ], [ -8.439, 37.083 ], [ -8.627, 37.121 ], [ -8.686, 37.083 ], [ -8.998, 37.021 ], [ -8.881, 37.232 ], [ -8.798, 37.49 ], [ -8.821, 37.927 ], [ -8.895, 37.953 ], [ -8.774, 38.187 ], [ -8.795, 38.359 ], [ -8.943, 38.481 ], [ -9.049, 38.441 ], [ -9.2, 38.412 ], [ -9.184, 38.552 ], [ -9.253, 38.665 ], [ -9.492, 38.708 ], [ -9.492, 38.819 ], [ -9.423, 38.931 ], [ -9.437, 39.029 ], [ -9.341, 39.267 ], [ -9.398, 39.378 ], [ -9.24, 39.42 ], [ -9.09, 39.579 ], [ -9.072, 39.68 ], [ -8.868, 40.125 ], [ -8.865, 40.275 ], [ -8.753, 40.641 ], [ -8.701, 40.778 ], [ -8.655, 40.994 ], [ -8.666, 41.133 ], [ -8.737, 41.25 ], [ -8.775, 41.468 ], [ -8.88, 41.737 ], [ -8.868, 41.859 ], [ -8.751, 41.969 ], [ -8.627, 42.051 ], [ -8.347, 42.102 ], [ -8.222, 42.154 ], [ -8.191, 42.062 ], [ -8.095, 42.041 ], [ -8.232, 41.886 ], [ -8.18, 41.811 ], [ -8.049, 41.816 ], [ -7.722, 41.899 ], [ -7.622, 41.832 ], [ -7.251, 41.864 ], [ -7.145, 41.987 ], [ -6.568, 41.926 ], [ -6.524, 41.867 ], [ -6.577, 41.74 ], [ -6.272, 41.628 ], [ -6.206, 41.57 ], [ -6.321, 41.42 ], [ -6.496, 41.295 ], [ -6.647, 41.268 ], [ -6.818, 41.054 ], [ -6.942, 41.016 ], [ -6.837, 40.84 ], [ -6.814, 40.647 ], [ -6.857, 40.442 ], [ -6.794, 40.356 ], [ -6.896, 40.255 ], [ -7.043, 40.181 ], [ -6.88, 40.009 ], [ -6.924, 39.872 ], [ -7.036, 39.689 ], [ -7.557, 39.68 ], [ -7.516, 39.594 ], [ -7.314, 39.457 ], [ -7.327, 39.341 ], [ -7.167, 39.113 ], [ -7.039, 39.109 ], [ -6.973, 39.014 ], [ -7.056, 38.855 ], [ -7.27, 38.738 ], [ -7.359, 38.446 ], [ -7.167, 38.272 ], [ -7.104, 38.174 ], [ -6.948, 38.197 ], [ -7.024, 38.023 ] ] ] ] } },
{ "type": "Feature", "properties": { "id": "aceh", "colorId": "aceh", "name": "Ачех", "parent": null }, "geometry": { "type": "MultiPolygon", "coordinates": [ [ [ [ 95.792, 2.943 ], [ 95.912, 2.906 ], [ 95.982, 2.79 ], [ 96.091, 2.758 ], [ 96.246, 2.6 ], [ 96.396, 2.525 ], [ 96.48, 2.415 ], [ 96.481, 2.364 ], [ 96.335, 2.355 ], [ 96.328, 2.395 ], [ 96.066, 2.579 ], [ 95.931, 2.596 ], [ 95.698, 2.779 ], [ 95.769, 2.841 ], [ 95.792, 2.943 ] ] ], [ [ [ 95.199, 5.293 ], [ 95.252, 5.396 ], [ 95.197, 5.546 ], [ 95.413, 5.65 ], [ 95.511, 5.603 ], [ 95.612, 5.627 ], [ 95.888, 5.512 ], [ 95.93, 5.414 ], [ 96.126, 5.282 ], [ 96.362, 5.225 ], [ 96.651, 5.216 ], [ 96.828, 5.28 ], [ 96.973, 5.273 ], [ 97.268, 5.155 ], [ 97.497, 5.252 ], [ 97.664, 5.073 ], [ 97.909, 4.89 ], [ 98.007, 4.634 ], [ 97.997, 4.546 ], [ 98.206, 4.498 ], [ 98.276, 4.425 ], [ 98.263, 4.177 ], [ 98.306, 4.08 ], [ 98.477, 4.046 ], [ 98.677, 3.915 ], [ 98.403191629851364, 3.866535823477841 ], [ 98.203211871196714, 3.618285088596212 ], [ 98.148045041223014, 3.411409476194855 ], [ 97.996336258795353, 3.273492401260616 ], [ 97.98944040504864, 3.10799191133953 ], [ 97.858419183861116, 2.92869971392502 ], [ 97.603, 2.866 ], [ 97.422, 2.928 ], [ 97.332, 3.031 ], [ 97.271, 3.214 ], [ 97.183, 3.246 ], [ 97.019, 3.523 ], [ 96.884, 3.682 ], [ 96.761, 3.749 ], [ 96.56, 3.747 ], [ 96.43, 3.825 ], [ 96.191, 4.126 ], [ 96.01, 4.226 ], [ 95.617, 4.628 ], [ 95.565, 4.638 ], [ 95.426, 4.827 ], [ 95.291, 5.192 ], [ 95.199, 5.293 ] ] ], [ [ [ 95.058, 5.757 ], [ 95.115, 5.711 ], [ 95.061, 5.656 ], [ 95.058, 5.757 ] ] ], [ [ [ 95.273, 5.807 ], [ 95.342, 5.896 ], [ 95.338, 5.779 ], [ 95.273, 5.807 ] ] ] ] } },
{ "type": "Feature", "properties": { "id": "br_bengal1803", "colorId": "britain", "name": null, "parent": "britain" }, "geometry": { "type": "MultiPolygon", "coordinates": [ [ [ [ 88.147, 21.87 ], [ 88.163, 21.705 ], [ 88.13, 21.626 ], [ 88.051, 21.705 ], [ 88.147, 21.87 ] ] ], [ [ [ 89.052, 21.793 ], [ 89.072, 21.89 ], [ 89.116, 21.781 ], [ 89.052, 21.793 ] ] ], [ [ [ 88.586, 21.843 ], [ 88.636, 21.921 ], [ 88.646, 21.788 ], [ 88.586, 21.843 ] ] ], [ [ [ 90.435, 22.041 ], [ 90.486, 21.977 ], [ 90.402, 21.907 ], [ 90.435, 22.041 ] ] ], [ [ [ 91.059, 22.192 ], [ 91.075, 22.389 ], [ 91.149, 22.357 ], [ 91.187, 22.228 ], [ 91.063, 22.09 ], [ 91.005, 22.117 ], [ 91.059, 22.192 ] ] ], [ [ [ 90.608, 22.072 ], [ 90.688, 22.378 ], [ 90.647, 22.548 ], [ 90.559, 22.603 ], [ 90.579, 22.757 ], [ 90.651, 22.787 ], [ 90.791, 22.495 ], [ 90.855, 22.435 ], [ 90.836, 22.178 ], [ 90.692, 22.007 ], [ 90.608, 22.072 ] ] ], [ [ [ 91.555, 22.402 ], [ 91.447, 22.453 ], [ 91.468, 22.586 ], [ 91.556, 22.478 ], [ 91.555, 22.402 ] ] ], [ [ [ 90.521, 22.712 ], [ 90.456, 22.767 ], [ 90.487, 22.87 ], [ 90.645, 22.849 ], [ 90.521, 22.712 ] ] ], [ [ [ 90.524, 22.953 ], [ 90.586, 23.035 ], [ 90.667, 22.953 ], [ 90.524, 22.953 ] ] ], [ [ [ 81.2291525170955, 25.540025165168544 ], [ 80.926596928573275, 25.74948672645316 ], [ 80.705498613883961, 25.784396986667264 ], [ 80.519310559408737, 25.982221794547179 ], [ 80.018930163006601, 26.098589328594194 ], [ 79.600007040437362, 26.354597903497616 ], [ 79.233449308189279, 26.54078595797283 ], [ 79.041442877011718, 26.726974012448046 ], [ 78.727250535084792, 26.930617197030315 ], [ 78.279235529003799, 27.058621484482028 ], [ 77.767218379196947, 26.825886416388009 ], [ 77.645298871078126, 26.807710575618611 ], [ 77.223103066977899, 26.899349974958191 ], [ 76.84345412685677, 27.239724886790928 ], [ 76.542353243312434, 27.645556512437647 ], [ 76.431076829828655, 27.887746353549399 ], [ 75.913968790698164, 28.470311106493888 ], [ 75.121942553548905, 28.993964817005786 ], [ 75.095759868023308, 29.18378928706635 ], [ 74.6048345144184, 29.75326269724804 ], [ 74.193363104657337, 30.468641687609928 ], [ 74.501377905343816, 30.836420554101231 ], [ 74.938115309302233, 30.965143157373188 ], [ 75.430019543234351, 30.896184619906066 ], [ 75.724242636427405, 31.006518279853456 ], [ 75.954104427984461, 31.070879581489432 ], [ 76.340272237800335, 31.015712751515736 ], [ 76.593120208513113, 31.107657468138562 ], [ 76.427619718592013, 31.286949665553074 ], [ 76.427619718592013, 31.383491618007039 ], [ 76.519564435214846, 31.470839098798724 ], [ 76.609210533922109, 31.436359830065165 ], [ 76.666675981811366, 31.346713731357909 ], [ 76.737933137194062, 31.37659576426033 ], [ 76.781606877589908, 31.473137716714298 ], [ 76.988619866288005, 31.572995513343301 ], [ 77.76919117851979, 30.843971363240023 ], [ 78.071110270986807, 30.659874355638181 ], [ 78.792770540785995, 30.151766614657109 ], [ 79.77953050153188, 29.378559182729379 ], [ 81.318581485083257, 28.759993237187199 ], [ 82.364252488261698, 28.20770221438168 ], [ 83.733934224819379, 27.802688797657634 ], [ 84.028489436982312, 27.662775071880237 ], [ 84.337772409753413, 27.618591790055795 ], [ 85.103615961377059, 27.375583740021369 ], [ 85.427626694756299, 27.338764338501001 ], [ 85.869459513000706, 27.13257568998694 ], [ 86.1492869645555, 27.066300767250279 ], [ 86.561664261583616, 26.911659280864733 ], [ 87.15813856621358, 26.874839879344364 ], [ 87.7104295890191, 26.74229003387104 ], [ 88.169, 26.744 ], [ 88.303221953496987, 26.872998909268343 ], [ 88.472591200490683, 26.902454430484639 ], [ 88.734008951285333, 27.018435545273796 ], [ 88.886, 26.979 ], [ 89.097, 26.821 ], [ 89.342, 26.854 ], [ 89.443, 26.797 ], [ 89.611, 26.766 ], [ 89.598, 26.721 ], [ 89.817, 26.696 ], [ 90.089, 26.742 ], [ 90.50281348993451, 26.479959911795763 ], [ 90.975179471584283, 26.062760760119687 ], [ 91.061377643418183, 25.945531246425581 ], [ 91.154471668998823, 25.6869367309239 ], [ 91.259633438636129, 25.314560628601452 ], [ 91.538915515377965, 24.945632453152367 ], [ 91.663040882818777, 24.72841306013094 ], [ 91.897499910206975, 24.431891349022326 ], [ 91.897499910206975, 24.131921711040356 ], [ 92.042312838887923, 23.638868168150456 ], [ 91.983698082040874, 23.400961213888891 ], [ 92.131958937595186, 22.811365718545023 ], [ 92.297459427516273, 22.494156446196275 ], [ 92.297459427516273, 22.325208029401832 ], [ 92.381933635913498, 22.061441623590099 ], [ 92.152646498835324, 21.928696438965893 ], [ 91.916, 21.862 ], [ 91.855, 22.109 ], [ 91.772, 22.26 ], [ 91.744, 22.411 ], [ 91.676, 22.535 ], [ 91.456, 22.785 ], [ 91.182, 22.726 ], [ 91.253, 22.661 ], [ 91.242, 22.575 ], [ 91.127, 22.527 ], [ 91.04, 22.608 ], [ 90.955, 22.576 ], [ 90.774, 22.778 ], [ 90.717, 22.941 ], [ 90.627, 23.087 ], [ 90.667, 23.268 ], [ 90.599, 23.391 ], [ 90.612, 23.606 ], [ 90.498, 23.557 ], [ 90.577, 23.539 ], [ 90.552, 23.385 ], [ 90.259, 23.445 ], [ 90.428, 23.326 ], [ 90.607, 23.247 ], [ 90.566, 23.076 ], [ 90.454, 23.072 ], [ 90.54, 22.897 ], [ 90.476, 22.884 ], [ 90.406, 22.763 ], [ 90.49, 22.72 ], [ 90.513, 22.611 ], [ 90.607, 22.466 ], [ 90.613, 22.315 ], [ 90.558, 22.203 ], [ 90.439, 22.076 ], [ 90.387, 22.103 ], [ 90.309, 21.984 ], [ 90.273, 21.857 ], [ 90.185, 21.801 ], [ 90.093, 21.83 ], [ 90.126, 21.901 ], [ 90.024, 21.862 ], [ 90.086, 22.0 ], [ 89.996, 22.0 ], [ 90.035, 22.105 ], [ 89.934, 21.998 ], [ 89.88, 22.288 ], [ 89.839, 22.268 ], [ 89.874, 22.109 ], [ 89.836, 22.049 ], [ 89.887, 21.9 ], [ 89.814, 21.841 ], [ 89.661, 21.849 ], [ 89.701, 21.785 ], [ 89.537, 21.754 ], [ 89.568, 21.901 ], [ 89.467, 22.229 ], [ 89.522, 21.962 ], [ 89.466, 21.781 ], [ 89.37, 21.743 ], [ 89.383, 21.921 ], [ 89.296, 21.809 ], [ 89.229, 21.644 ], [ 89.174, 21.81 ], [ 89.105, 21.816 ], [ 89.06, 22.13 ], [ 89.061, 21.938 ], [ 89.01, 21.905 ], [ 89.085, 21.675 ], [ 89.0, 21.603 ], [ 88.882, 21.672 ], [ 88.762, 21.556 ], [ 88.685, 21.697 ], [ 88.731, 22.037 ], [ 88.69, 21.946 ], [ 88.626, 21.956 ], [ 88.639, 22.11 ], [ 88.567, 21.851 ], [ 88.624, 21.778 ], [ 88.572, 21.558 ], [ 88.494, 21.535 ], [ 88.53, 21.658 ], [ 88.531, 21.824 ], [ 88.458, 21.759 ], [ 88.456, 21.624 ], [ 88.393, 21.6 ], [ 88.356, 21.685 ], [ 88.306, 21.572 ], [ 88.249, 21.558 ], [ 88.181, 21.685 ], [ 88.204, 21.805 ], [ 88.147, 21.959 ], [ 88.222, 22.078 ], [ 88.198, 22.168 ], [ 88.009, 22.24 ], [ 87.94, 22.413 ], [ 87.948, 22.278 ], [ 88.008, 22.205 ], [ 88.161, 22.157 ], [ 88.141, 22.06 ], [ 88.051, 21.985 ], [ 87.97, 21.836 ], [ 87.704, 21.656 ], [ 87.621, 21.651 ], [ 87.342, 21.562 ], [ 87.201, 21.552 ], [ 87.064, 21.475 ], [ 86.918, 21.327 ], [ 86.837, 21.175 ], [ 86.844, 21.082 ], [ 86.952, 20.849 ], [ 86.736246065870247, 20.687498995408234 ], [ 86.49187424437153, 20.792229776050544 ], [ 85.706393389554208, 20.815503282859943 ], [ 85.572570725400155, 20.710772502217637 ], [ 85.252560006770878, 20.856231919776398 ], [ 85.124555719319162, 21.152969131596272 ], [ 84.894729839576314, 21.397340953094993 ], [ 84.982005490111575, 21.571892254165508 ], [ 84.836546072552821, 22.0664542738653 ], [ 85.150738414479747, 22.380646615792223 ], [ 85.453294003001972, 22.723930841230903 ], [ 85.651118810881883, 23.154490717204837 ], [ 85.895490632380614, 23.381407408596509 ], [ 85.965311152808809, 23.596687346583476 ], [ 85.895490632380614, 23.841059168082197 ], [ 85.965311152808809, 24.009792092450361 ], [ 85.802396605143002, 24.155251510009123 ], [ 85.499841016620778, 24.283255797460836 ], [ 84.958731983302172, 24.24252716054438 ], [ 84.469988340304738, 24.364713071293735 ], [ 84.341984052853022, 24.61490326949481 ], [ 83.859058786557938, 24.707997296732415 ], [ 83.166671958978228, 24.643995153006561 ], [ 82.805932603432481, 24.719634050137124 ], [ 82.503377014910257, 24.719634050137124 ], [ 82.142637659364524, 24.923277234719393 ], [ 81.717896160092948, 25.30147172037217 ], [ 81.2291525170955, 25.540025165168544 ] ] ] ] } },
{ "type": "Feature", "properties": { "id": "sp_florida1783", "colorId": "spain", "name": null, "parent": "spain" }, "geometry": { "type": "MultiPolygon", "coordinates": [ [ [ [ -82.727, 28.959 ], [ -82.801, 29.175 ], [ -83.024, 29.175 ], [ -83.405, 29.532 ], [ -83.409, 29.667 ], [ -83.528, 29.716 ], [ -84.024, 30.107 ], [ -84.261, 30.1 ], [ -84.887, 29.73 ], [ -85.346, 29.678 ], [ -85.302, 29.798 ], [ -85.486, 30.058 ], [ -86.68, 30.422 ], [ -87.447, 30.313 ], [ -87.655, 30.252 ], [ -88.859, 30.408 ], [ -89.33, 30.303 ], [ -89.457, 29.829 ], [ -90.545122616402367, 29.994284314682279 ], [ -90.876770090231091, 29.972465401930389 ], [ -91.243327824462838, 30.216837224751558 ], [ -91.256419172113979, 30.448117699921593 ], [ -91.400423996276444, 30.644487914688604 ], [ -91.522609907687027, 30.65321547978936 ], [ -91.522609907687027, 30.771037608649564 ], [ -91.65788716674875, 30.840858129455611 ], [ -91.65788716674875, 30.932497563013552 ], [ -86.90136418683673, 30.954316475765442 ], [ -86.272979499582291, 30.910678650261662 ], [ -85.029301472724555, 30.984862953618087 ], [ -84.942025821716996, 30.709944652944273 ], [ -82.275754683436048, 30.583394958983305 ], [ -82.205934162630001, 30.413207439518565 ], [ -82.075020686118663, 30.40447987441781 ], [ -82.005200165312615, 30.583394958983305 ], [ -82.057565555917151, 30.731763565696159 ], [ -81.95283477470808, 30.845221912005986 ], [ -81.44, 30.701 ], [ -81.438, 30.524 ], [ -81.395, 30.299 ], [ -81.239, 29.737 ], [ -81.178, 29.586 ], [ -80.922, 29.068 ], [ -80.528, 28.473 ], [ -80.345, 27.515 ], [ -80.198, 27.196 ], [ -80.076, 26.973 ], [ -80.038, 26.811 ], [ -80.054, 26.557 ], [ -80.141, 25.901 ], [ -80.196, 25.754 ], [ -80.252, 25.721 ], [ -80.342, 25.494 ], [ -80.314, 25.371 ], [ -80.506, 25.201 ], [ -80.91, 25.145 ], [ -81.087, 25.121 ], [ -81.177, 25.228 ], [ -81.149, 25.395 ], [ -81.322, 25.783 ], [ -81.801, 26.099 ], [ -81.844, 26.414 ], [ -82.039, 26.528 ], [ -82.15, 26.803 ], [ -82.314, 26.849 ], [ -82.562, 27.276 ], [ -82.574, 27.395 ], [ -82.698, 27.455 ], [ -82.829, 27.805 ], [ -82.836, 27.886 ], [ -82.767, 28.106 ], [ -82.788, 28.161 ], [ -82.664, 28.448 ], [ -82.631, 28.873 ], [ -82.727, 28.959 ] ] ] ] } },
{ "type": "Feature", "properties": { "id": "br_gambia1783", "colorId": "britain", "name": null, "parent": "britain" }, "geometry": { "type": "MultiPolygon", "coordinates": [ [ [ [ -16.780845588318709, 13.161768105383416 ], [ -16.83, 13.339 ], [ -16.679, 13.496 ], [ -16.585, 13.443 ], [ -16.546, 13.29 ], [ -16.375, 13.264 ], [ -16.228, 13.342 ], [ -16.161, 13.429 ], [ -15.995, 13.413 ], [ -15.635, 13.455 ], [ -15.555, 13.509 ], [ -15.77, 13.465 ], [ -16.09, 13.44 ], [ -16.142, 13.455 ], [ -16.281, 13.36 ], [ -16.522, 13.359 ], [ -16.561, 13.587 ], [ -16.636, 13.678 ], [ -15.556306279936866, 13.624344009279179 ], [ -15.347898255892888, 13.581436474917183 ], [ -15.289666602115894, 13.409806337469201 ], [ -15.442907796265878, 13.311731973213211 ], [ -15.90263137871583, 13.330120916511209 ], [ -16.012965038503818, 13.287213382149215 ], [ -16.270410244675791, 13.164620426829227 ], [ -16.780845588318709, 13.161768105383416 ] ] ] ] } },
{ "type": "Feature", "properties": { "id": "br_canada1791", "colorId": "britain", "name": null, "parent": "britain" }, "geometry": { "type": "MultiPolygon", "coordinates": [ [ [ [ -66.754, 44.657 ], [ -66.906, 44.606 ], [ -66.861, 44.727 ], [ -66.761, 44.755 ], [ -66.754, 44.657 ] ] ], [ [ [ -60.284, 46.328 ], [ -59.811, 46.17 ], [ -59.921, 45.995 ], [ -59.862, 45.936 ], [ -59.976, 45.875 ], [ -60.127, 45.869 ], [ -60.081, 45.792 ], [ -60.395, 45.643 ], [ -60.727, 45.566 ], [ -61.01, 45.608 ], [ -61.131, 45.56 ], [ -61.335, 45.566 ], [ -61.455, 45.71 ], [ -61.541, 46.04 ], [ -61.289, 46.243 ], [ -60.869, 46.8 ], [ -60.77, 46.844 ], [ -60.603, 47.034 ], [ -60.383, 47.017 ], [ -60.309, 46.803 ], [ -60.35, 46.616 ], [ -60.578, 46.264 ], [ -60.284, 46.328 ] ] ], [ [ [ -62.47, 45.614 ], [ -61.924, 45.889 ], [ -61.894, 45.704 ], [ -61.62, 45.614 ], [ -61.471, 45.683 ], [ -61.267, 45.443 ], [ -61.483, 45.375 ], [ -60.999, 45.333 ], [ -60.969, 45.272 ], [ -61.12, 45.213 ], [ -62.058, 44.975 ], [ -62.234, 44.959 ], [ -62.467, 44.841 ], [ -63.549, 44.473 ], [ -63.793, 44.468 ], [ -63.929, 44.511 ], [ -64.041, 44.523 ], [ -64.306, 44.566 ], [ -64.354, 44.456 ], [ -64.275, 44.415 ], [ -64.333, 44.299 ], [ -64.561, 44.08 ], [ -64.839, 43.83 ], [ -65.129, 43.675 ], [ -65.719, 43.509 ], [ -66.028, 43.702 ], [ -66.122, 43.744 ], [ -66.21, 44.086 ], [ -66.033, 44.437 ], [ -65.786, 44.696 ], [ -64.929, 45.326 ], [ -64.902, 45.43 ], [ -64.994, 45.559 ], [ -65.315, 45.459 ], [ -65.545, 45.33 ], [ -65.909, 45.21 ], [ -66.202, 45.159 ], [ -66.249, 45.185 ], [ -66.429, 45.084 ], [ -66.491, 45.156 ], [ -66.66, 45.085 ], [ -66.889, 45.061 ], [ -66.848, 45.128 ], [ -66.943, 45.19 ], [ -67.04, 45.076 ], [ -67.176, 45.179 ], [ -67.356, 45.166 ], [ -67.475, 45.282 ], [ -67.429, 45.387 ], [ -67.493, 45.493 ], [ -67.45, 45.611 ], [ -67.66, 45.637 ], [ -67.8, 45.7 ], [ -67.785, 45.96 ], [ -67.805, 47.036 ], [ -67.962, 47.198 ], [ -68.197, 47.341 ], [ -68.348, 47.359 ], [ -68.386, 47.302 ], [ -68.54, 47.3 ], [ -68.644, 47.245 ], [ -68.906, 47.19 ], [ -69.04, 47.249 ], [ -69.07, 47.432 ], [ -69.268, 47.44 ], [ -70.008, 46.704 ], [ -70.074, 46.42 ], [ -70.188, 46.358 ], [ -70.281, 46.212 ], [ -70.311, 46.072 ], [ -70.263, 45.957 ], [ -70.417, 45.794 ], [ -70.407, 45.732 ], [ -70.687, 45.573 ], [ -70.723, 45.471 ], [ -70.834, 45.393 ], [ -70.907, 45.246 ], [ -71.017, 45.343 ], [ -71.142, 45.252 ], [ -71.334, 45.289 ], [ -71.504, 45.014 ], [ -74.713, 44.999 ], [ -73.687, 45.431 ], [ -73.259, 45.854 ], [ -72.921719844991159, 46.138040896114603 ], [ -72.274, 46.421 ], [ -71.158, 46.841 ], [ -70.535, 47.011 ], [ -70.388, 47.116 ], [ -70.031, 47.47 ], [ -69.802, 47.622 ], [ -69.445, 47.992 ], [ -69.054, 48.232 ], [ -68.806, 48.372 ], [ -68.206, 48.642 ], [ -67.547, 48.862 ], [ -66.622, 49.123 ], [ -66.219, 49.208 ], [ -65.566, 49.266 ], [ -64.963, 49.219 ], [ -64.553, 49.097 ], [ -64.221, 48.894 ], [ -64.169, 48.762 ], [ -64.162, 48.63 ], [ -64.279, 48.561 ], [ -64.189, 48.527 ], [ -64.36, 48.413 ], [ -64.723, 48.335 ], [ -64.779, 48.204 ], [ -64.826, 47.815 ], [ -64.786, 47.739 ], [ -64.892, 47.562 ], [ -64.868, 47.486 ], [ -64.96, 47.345 ], [ -65.123, 47.203 ], [ -65.368, 47.088 ], [ -64.825, 47.089 ], [ -64.806, 46.985 ], [ -64.906, 46.887 ], [ -64.751, 46.67 ], [ -64.717, 46.556 ], [ -64.514, 46.239 ], [ -64.093, 46.033 ], [ -63.806, 45.889 ], [ -63.492, 45.883 ], [ -63.288, 45.724 ], [ -63.065, 45.759 ], [ -63.101, 45.811 ], [ -62.777, 45.765 ], [ -62.47, 45.614 ] ] ], [ [ [ -62.228, 46.346 ], [ -62.36, 46.361 ], [ -62.476, 46.121 ], [ -62.456, 46.025 ], [ -62.545, 45.972 ], [ -62.846, 45.978 ], [ -62.997, 46.062 ], [ -62.866, 46.136 ], [ -63.134, 46.238 ], [ -63.284, 46.147 ], [ -63.481, 46.22 ], [ -63.628, 46.224 ], [ -63.785, 46.32 ], [ -64.125, 46.41 ], [ -64.383, 46.628 ], [ -64.417, 46.683 ], [ -64.231, 46.903 ], [ -63.997, 47.067 ], [ -63.975, 46.894 ], [ -64.093, 46.78 ], [ -63.834, 46.612 ], [ -63.332, 46.499 ], [ -63.238, 46.407 ], [ -62.953, 46.424 ], [ -62.517, 46.476 ], [ -62.185, 46.487 ], [ -62.004, 46.464 ], [ -62.031, 46.415 ], [ -62.228, 46.346 ] ] ], [ [ [ -55.409, 51.579 ], [ -55.516, 51.369 ], [ -56.739, 50.027 ], [ -56.838, 49.556 ], [ -56.149, 50.156 ], [ -56.01, 50.031 ], [ -55.767, 49.939 ], [ -55.493, 50.014 ], [ -55.495, 49.919 ], [ -55.836, 49.692 ], [ -55.952, 49.5 ], [ -55.445, 49.494 ], [ -54.817, 49.276 ], [ -54.545, 49.529 ], [ -54.373, 49.422 ], [ -54.219, 49.417 ], [ -54.041, 49.481 ], [ -53.664, 49.359 ], [ -53.454, 49.242 ], [ -53.085, 48.7 ], [ -52.983, 48.604 ], [ -53.058, 48.436 ], [ -52.798, 47.788 ], [ -52.704, 47.756 ], [ -52.629, 47.527 ], [ -52.657, 47.437 ], [ -52.814, 47.273 ], [ -52.941, 46.791 ], [ -53.067, 46.666 ], [ -53.211, 46.635 ], [ -53.266, 46.739 ], [ -53.555, 46.618 ], [ -53.623, 46.656 ], [ -53.645, 46.801 ], [ -53.883, 46.909 ], [ -54.05, 46.808 ], [ -54.189, 46.828 ], [ -54.198, 46.886 ], [ -53.989, 47.263 ], [ -53.893, 47.393 ], [ -53.886, 47.527 ], [ -54.013, 47.807 ], [ -54.179, 47.879 ], [ -54.249, 47.73 ], [ -54.506, 47.403 ], [ -54.606, 47.352 ], [ -54.76, 47.363 ], [ -54.838, 47.419 ], [ -55.097, 47.172 ], [ -55.075, 47.081 ], [ -55.251, 46.919 ], [ -55.418, 46.867 ], [ -55.466, 46.931 ], [ -55.739, 46.854 ], [ -55.95, 46.904 ], [ -55.98, 46.97 ], [ -55.87, 47.075 ], [ -55.487, 47.14 ], [ -55.301, 47.268 ], [ -55.255, 47.411 ], [ -56.106, 47.467 ], [ -56.39, 47.606 ], [ -56.851, 47.532 ], [ -56.984, 47.587 ], [ -57.315, 47.584 ], [ -57.376, 47.63 ], [ -57.768, 47.616 ], [ -58.042, 47.699 ], [ -58.57, 47.643 ], [ -58.703, 47.602 ], [ -58.922, 47.602 ], [ -59.112, 47.561 ], [ -59.301, 47.614 ], [ -59.283, 47.759 ], [ -59.399, 47.88 ], [ -58.723, 48.306 ], [ -58.674, 48.373 ], [ -58.667, 48.726 ], [ -57.329, 50.713 ], [ -57.069, 50.802 ], [ -56.926, 50.918 ], [ -56.98, 50.988 ], [ -56.795, 51.138 ], [ -56.72, 51.319 ], [ -55.823, 51.624 ], [ -55.409, 51.579 ] ] ], [ [ [ -61.707, 49.098 ], [ -62.248, 49.068 ], [ -62.506, 49.139 ], [ -62.682, 49.149 ], [ -63.093, 49.233 ], [ -63.278, 49.315 ], [ -63.587, 49.39 ], [ -63.641, 49.513 ], [ -63.925, 49.675 ], [ -64.319, 49.791 ], [ -64.511, 49.868 ], [ -64.451, 49.909 ], [ -64.133, 49.95 ], [ -63.945, 49.896 ], [ -63.375, 49.829 ], [ -62.962, 49.741 ], [ -62.893, 49.697 ], [ -62.534, 49.605 ], [ -62.386, 49.49 ], [ -62.204, 49.414 ], [ -61.883, 49.354 ], [ -61.661, 49.151 ], [ -61.707, 49.098 ] ] ], [ [ [ -92.013848457644627, 66.182176310942708 ], [ -90.917407723181867, 66.761428019715495 ], [ -89.979571623264036, 66.878657532205224 ], [ -88.655567717497661, 66.630406799874024 ], [ -86.961, 67.255 ], [ -85.734, 68.639 ], [ -85.514, 69.77 ], [ -85.32, 69.847 ], [ -84.34, 69.86 ], [ -82.616, 69.647 ], [ -81.753, 69.268 ], [ -81.345, 69.195 ], [ -81.273, 69.092 ], [ -81.238, 67.461 ], [ -81.447, 67.066 ], [ -81.527, 66.996 ], [ -82.373, 66.728 ], [ -83.691, 66.199 ], [ -84.984, 66.254 ], [ -86.412, 65.904 ], [ -87.31, 64.799 ], [ -89.969, 63.822 ], [ -92.459, 62.547 ], [ -93.985, 61.458 ], [ -94.712, 60.266 ], [ -94.807, 59.018 ], [ -94.437, 58.724 ], [ -93.156, 58.744 ], [ -92.224, 57.021 ], [ -91.031, 57.265 ], [ -89.394, 56.928 ], [ -85.696, 55.604 ], [ -82.395434299475298, 55.142864087572001 ], [ -82.201, 54.834 ], [ -82.421, 54.384 ], [ -82.301, 52.968 ], [ -81.564, 52.456 ], [ -81.391, 52.128 ], [ -80.979, 52.002 ], [ -80.595, 51.711 ], [ -80.43, 51.357 ], [ -80.108, 51.296 ], [ -79.701, 51.385 ], [ -78.841, 51.842 ], [ -78.586, 52.542 ], [ -78.984, 53.028 ], [ -79.635, 54.578 ], [ -79.628, 54.715 ], [ -78.392, 55.028 ], [ -77.636, 55.377 ], [ -76.659, 56.073 ], [ -76.504, 56.784 ], [ -76.589, 57.271 ], [ -77.079, 57.961 ], [ -78.372, 58.542 ], [ -78.573, 58.675 ], [ -78.545, 58.902 ], [ -78.107, 59.21 ], [ -77.742, 60.426 ], [ -77.919, 60.835 ], [ -77.752, 61.232 ], [ -77.785, 61.455 ], [ -78.085, 61.888 ], [ -78.165, 62.167 ], [ -78.024, 62.392 ], [ -77.491, 62.588 ], [ -76.97, 62.543 ], [ -75.592, 62.267 ], [ -74.705, 62.253 ], [ -73.982, 62.377 ], [ -71.652, 61.65 ], [ -71.371, 61.15 ], [ -70.458, 61.03 ], [ -69.939, 60.84 ], [ -69.627, 59.307 ], [ -68.787, 58.922 ], [ -68.362, 58.784 ], [ -68.291, 58.534 ], [ -67.465, 58.285 ], [ -66.554, 58.71 ], [ -65.743, 59.268 ], [ -64.957, 60.259 ], [ -64.628, 60.347 ], [ -64.381, 60.17 ], [ -61.382, 57.121 ], [ -61.348, 56.103 ], [ -61.139, 55.972 ], [ -60.254, 55.505 ], [ -60.14, 55.284 ], [ -58.516, 54.804 ], [ -57.668, 54.633 ], [ -57.45, 54.649 ], [ -57.353, 54.567 ], [ -57.453, 54.468 ], [ -57.213, 53.879 ], [ -56.983, 53.727 ], [ -56.48, 53.79 ], [ -55.812, 53.33 ], [ -55.685, 52.112 ], [ -56.825, 51.49 ], [ -56.967, 51.425 ], [ -57.19, 51.419 ], [ -57.25, 51.508 ], [ -57.603, 51.433 ], [ -57.686, 51.48 ], [ -57.978, 51.33 ], [ -58.234, 51.277 ], [ -58.626, 51.151 ], [ -58.964, 51.008 ], [ -58.954, 50.829 ], [ -59.008, 50.761 ], [ -59.098, 50.812 ], [ -59.468, 50.592 ], [ -59.582, 50.484 ], [ -59.803, 50.446 ], [ -59.827, 50.328 ], [ -60.135, 50.213 ], [ -60.54, 50.226 ], [ -60.836, 50.256 ], [ -60.931, 50.203 ], [ -61.311, 50.199 ], [ -61.718, 50.1 ], [ -61.863, 50.23 ], [ -62.435, 50.268 ], [ -63.177, 50.29 ], [ -63.162, 50.261 ], [ -63.442, 50.223 ], [ -63.722, 50.304 ], [ -63.989, 50.307 ], [ -64.247, 50.271 ], [ -64.47, 50.322 ], [ -64.629, 50.284 ], [ -64.888, 50.274 ], [ -65.258, 50.322 ], [ -66.088, 50.192 ], [ -66.357, 50.201 ], [ -66.951, 49.986 ], [ -67.231, 49.612 ], [ -67.245, 49.459 ], [ -67.376, 49.339 ], [ -68.055, 49.294 ], [ -69.07, 48.756 ], [ -69.655, 48.163 ], [ -69.932, 47.773 ], [ -70.237, 47.496 ], [ -70.715, 47.118 ], [ -71.881, 46.691 ], [ -72.228, 46.553 ], [ -72.462, 46.402 ], [ -72.994, 46.211 ], [ -73.159, 46.075 ], [ -73.29, 45.875 ], [ -74.2, 45.272 ], [ -74.713, 44.999 ], [ -74.868, 45.01 ], [ -75.27, 44.864 ], [ -75.7, 44.582 ], [ -75.87, 44.409 ], [ -76.067, 44.348 ], [ -76.169, 44.242 ], [ -76.455, 44.084 ], [ -76.797, 43.645 ], [ -76.842, 43.626 ], [ -78.688, 43.632 ], [ -79.174, 43.465 ], [ -79.054, 43.26 ], [ -79.032, 43.013 ], [ -78.915, 42.948 ], [ -79.019, 42.803 ], [ -82.425, 41.677 ], [ -82.711, 41.68 ], [ -83.068, 41.848 ], [ -83.157, 42.0 ], [ -83.129, 42.24 ], [ -83.04, 42.332 ], [ -82.8, 42.418 ], [ -82.511, 42.647 ], [ -82.411, 43.051 ], [ -82.154, 43.55 ], [ -82.148, 43.611 ], [ -82.532, 45.294 ], [ -83.484, 45.772 ], [ -83.637, 45.774 ], [ -83.466, 45.993 ], [ -83.614, 46.116 ], [ -83.839, 46.119 ], [ -83.965, 46.063 ], [ -84.087, 46.201 ], [ -84.159, 46.433 ], [ -84.11, 46.526 ], [ -84.423, 46.512 ], [ -84.589, 46.475 ], [ -84.773, 46.633 ], [ -84.879, 46.898 ], [ -88.347, 48.299 ], [ -88.643, 48.257 ], [ -89.34, 47.984 ], [ -89.98, 48.01 ], [ -90.073, 48.101 ], [ -90.179, 48.116 ], [ -90.532, 48.085 ], [ -90.786, 48.1 ], [ -90.841, 48.22 ], [ -90.923, 48.227 ], [ -91.276, 48.065 ], [ -91.428, 48.036 ], [ -91.693, 48.098 ], [ -91.765, 48.187 ], [ -91.957, 48.228 ], [ -92.043, 48.335 ], [ -92.303, 48.311 ], [ -92.385, 48.232 ], [ -92.527, 48.446 ], [ -92.704, 48.445 ], [ -92.649, 48.536 ], [ -92.98, 48.618 ], [ -93.258, 48.63 ], [ -93.451, 48.597 ], [ -93.492, 48.542 ], [ -93.757, 48.517 ], [ -93.875, 48.636 ], [ -94.232, 48.652 ], [ -94.312, 48.714 ], [ -94.593, 48.726 ], [ -94.711, 48.808 ], [ -94.711, 48.915 ], [ -94.811, 49.167 ], [ -94.827, 49.293 ], [ -94.983, 49.356 ], [ -95.161, 49.369 ], [ -95.177, 48.993 ], [ -95.142261072937274, 47.595475857935853 ], [ -95.375258874086228, 47.390437792924779 ], [ -95.449818170453881, 47.101520519500085 ], [ -95.454478126476857, 46.868522718351144 ], [ -95.617576587281121, 46.39320720400729 ], [ -96.120851837762856, 45.997110942054078 ], [ -96.260650518452223, 45.601014680100867 ], [ -96.680046560520339, 45.498495647595327 ], [ -97.104102558611416, 45.624314460215764 ], [ -97.40233974408207, 46.006430854100039 ], [ -97.854355478311021, 46.39320720400729 ], [ -98.078033367414008, 46.821923158121358 ], [ -98.078033367414037, 47.218019420074569 ], [ -98.220162026114906, 47.597805835947362 ], [ -98.427530069137475, 47.723624648567792 ], [ -98.846926111205576, 47.821483725050349 ], [ -99.40379085595157, 47.858763373234183 ], [ -99.874446414272441, 47.786534054877997 ], [ -100.237922984064795, 47.700324868452888 ], [ -100.603729531868652, 47.877403197326089 ], [ -100.920606541431212, 48.143020690635886 ], [ -101.360972385602722, 48.287479327348244 ], [ -101.68017937317677, 48.473877568267405 ], [ -102.304613480255952, 48.576396600772945 ], [ -102.721679544312579, 48.804734445898902 ], [ -103.243594618886235, 48.855993962151679 ], [ -103.933268110287145, 49.224130487967017 ], [ -104.310724548148428, 49.520037695426176 ], [ -104.802349908572708, 49.589937035770859 ], [ -105.184466302456983, 49.433828509001081 ], [ -105.568912674352745, 49.568967233667458 ], [ -106.479934076845126, 49.722745782425761 ], [ -107.27678655677451, 49.571297211678953 ], [ -107.819671433451575, 49.417518662920656 ], [ -108.299646903818427, 49.368589124679367 ], [ -108.76797248412781, 49.727405738448759 ], [ -109.012620175334206, 49.843904639023236 ], [ -109.466965887574617, 49.89982411129899 ], [ -109.774522985091252, 50.013993033861972 ], [ -110.117029752780212, 50.102532198298576 ], [ -110.471186410526613, 50.10020222028708 ], [ -110.841652914353404, 50.007003099827507 ], [ -111.186489660053851, 49.778665254701536 ], [ -111.384537791030482, 49.478098091219387 ], [ -112.246629655281595, 49.42217861894364 ], [ -112.666025697349696, 49.608576859862801 ], [ -113.104061563509717, 49.510717783380244 ], [ -113.383658924888451, 49.2544202021164 ], [ -113.548321059024659, 48.996619297929271 ], [ -113.874150148556794, 49.428472138817142 ], [ -114.639589914441814, 49.562941286878022 ], [ -115.040411413469442, 49.588800738428191 ], [ -115.777405782649282, 49.588800738428198 ], [ -116.242875910552343, 49.718097996179047 ], [ -117.546192268680898, 50.085302208191457 ], [ -118.234053679915405, 50.31286538183295 ], [ -119.035696677970648, 50.328381052763056 ], [ -119.630464063624544, 50.416303188033623 ], [ -120.328669255479127, 50.276662149662705 ], [ -120.582091880670802, 50.374928065553355 ], [ -120.861373957412624, 50.478365871754029 ], [ -121.456141343066534, 50.535256665164404 ], [ -121.849205006629106, 50.649038251985154 ], [ -122.030221167480292, 50.685241484155398 ], [ -122.175034096161241, 50.79385118066611 ], [ -122.31984702484219, 50.840398193456416 ], [ -122.650848004684363, 51.057617586477839 ], [ -122.754285810885051, 51.104164599268145 ], [ -122.919786300806138, 51.212774295778857 ], [ -123.121490022897461, 51.52825960469093 ], [ -123.224927829098149, 51.683416313991941 ], [ -123.612819602350683, 51.973042171353839 ], [ -124.078289730253744, 52.541950105457573 ], [ -124.466181503506292, 52.945357549640228 ], [ -124.833385715518702, 53.250499077932218 ], [ -125.185074256601013, 53.441859019403481 ], [ -125.865594152473136, 53.859285792169331 ], [ -126.513804398004595, 54.631621403866369 ], [ -126.720680008280596, 55.266039942046085 ], [ -126.527596105356324, 55.762541406708472 ], [ -125.272550736348592, 56.659002384571124 ], [ -124.900174637851805, 57.693380435951099 ], [ -125.010508296665662, 58.245048730020414 ], [ -126.520700251680452, 60.810306297442736 ], [ -126.741367569308181, 60.893056541553129 ], [ -126.968930740611768, 61.175786542263644 ], [ -127.265452448674012, 61.672288006926024 ], [ -128.630831476495587, 62.444623618623069 ], [ -129.33420855143396, 63.437626547947843 ], [ -129.996210504317133, 64.209962159644888 ], [ -130.506503676331249, 65.271923625728334 ], [ -130.75475440866245, 66.623510946198152 ], [ -129.872085138151533, 68.016473388723185 ], [ -128.589456354440358, 68.168182169592242 ], [ -126.134532445831937, 68.140598754888771 ], [ -125.307030004727949, 67.768222656391984 ], [ -123.70719195192693, 67.36826314319174 ], [ -122.383188046160569, 66.871761678529353 ], [ -121.059184140394208, 67.36826314319174 ], [ -119.997222674310777, 67.588930460819455 ], [ -118.659427061192673, 67.437221679950397 ], [ -117.307839740722841, 66.802803141770696 ], [ -116.425170470211938, 65.69946655363205 ], [ -115.81833534673568, 65.506382650707792 ], [ -115.377000711480235, 65.271923625728334 ], [ -114.328830952748532, 65.202965088969663 ], [ -113.004827046982172, 64.830588990472876 ], [ -112.370408508802456, 64.306504111107017 ], [ -110.936070944222237, 64.251337281700089 ], [ -109.763775819324934, 63.878961183203295 ], [ -108.550105572372445, 63.644502158223837 ], [ -107.874311912137529, 63.14800069356145 ], [ -106.784767031350597, 62.748041180361206 ], [ -105.943472882894895, 62.058455812774554 ], [ -104.895303124163192, 61.396453859891373 ], [ -102.343837264092599, 61.161994834911916 ], [ -101.199125553898767, 61.120619712856708 ], [ -98.882118718807632, 60.84478556582205 ], [ -97.751198715965529, 61.120619712856708 ], [ -97.02023822632367, 61.686079714277767 ], [ -96.137568955812768, 61.851580202498567 ], [ -94.648064561825606, 64.27892069640356 ], [ -93.889520657480304, 65.009881186045405 ], [ -92.786184069341672, 65.465007528652592 ], [ -92.013848457644627, 66.182176310942708 ] ], [ [ -57.457235538827284, 52.032481378763883 ], [ -57.461915610142661, 51.52235360538829 ], [ -57.453547846579966, 52.305089871013813 ], [ -57.457235538827284, 52.032481378763883 ] ] ] ] } },
{ "type": "Feature", "properties": { "id": "sp_guam1589", "colorId": "spain", "name": null, "parent": "spain" }, "geometry": { "type": "MultiPolygon", "coordinates": [ [ [ [ 144.681, 13.247 ], [ 144.626, 13.345 ], [ 144.654, 13.439 ], [ 144.783, 13.517 ], [ 144.886, 13.64 ], [ 144.952, 13.587 ], [ 144.808, 13.446 ], [ 144.76, 13.286 ], [ 144.681, 13.247 ] ] ], [ [ [ 145.126, 14.123 ], [ 145.206, 14.181 ], [ 145.21, 14.111 ], [ 145.126, 14.123 ] ] ] ] } },
{ "type": "Feature", "properties": { "id": "switzerland", "colorId": "switzerland", "name": "Швейцария", "parent": null }, "geometry": { "type": "MultiPolygon", "coordinates": [ [ [ [ 10.454, 46.864 ], [ 10.369, 46.672 ], [ 10.467, 46.604 ], [ 10.426, 46.535 ], [ 10.295, 46.551 ], [ 10.192, 46.627 ], [ 10.088, 46.604 ], [ 10.042, 46.433 ], [ 10.133, 46.414 ], [ 10.092, 46.329 ], [ 10.159, 46.262 ], [ 10.043, 46.22 ], [ 9.964, 46.356 ], [ 9.709, 46.342 ], [ 9.56, 46.293 ], [ 9.452, 46.37 ], [ 9.438, 46.492 ], [ 9.263, 46.485 ], [ 9.269, 46.309 ], [ 9.072, 46.119 ], [ 8.983, 45.972 ], [ 9.059, 45.882 ], [ 8.9, 45.826 ], [ 8.871, 45.947 ], [ 8.768, 45.983 ], [ 8.834, 46.066 ], [ 8.602, 46.123 ], [ 8.427, 46.251 ], [ 8.442, 46.435 ], [ 8.375309041525759, 46.519989823450992 ], [ 8.216985614988177, 46.564173105275437 ], [ 7.996069205865969, 46.600992506795805 ], [ 7.885611001304865, 46.542081464363214 ], [ 7.686786233094877, 46.442669080258234 ], [ 7.5689641482297, 46.490534302234707 ], [ 7.281772816370831, 46.383758037825643 ], [ 7.180519462189819, 46.291709534024726 ], [ 7.040605736412419, 46.218070730983989 ], [ 6.933829472003353, 46.27422031830254 ], [ 6.878600369722801, 46.388360463015687 ], [ 6.763, 46.429 ], [ 6.483, 46.449 ], [ 6.302, 46.394 ], [ 6.214, 46.315 ], [ 6.281, 46.24 ], [ 6.108, 46.139 ], [ 5.959, 46.13 ], [ 5.959, 46.212 ], [ 6.09, 46.246 ], [ 6.136, 46.359 ], [ 6.054, 46.419 ], [ 6.132, 46.596 ], [ 6.429, 46.761 ], [ 6.443, 46.944 ], [ 6.599, 46.987 ], [ 6.956, 47.245 ], [ 7.044, 47.34 ], [ 6.867, 47.354 ], [ 7.01, 47.499 ], [ 7.181, 47.488 ], [ 7.245, 47.418 ], [ 7.379, 47.431 ], [ 7.586, 47.585 ], [ 7.683, 47.544 ], [ 7.82, 47.595 ], [ 8.087, 47.567 ], [ 8.179, 47.616 ], [ 8.449, 47.584 ], [ 8.568, 47.663 ], [ 8.391, 47.665 ], [ 8.464, 47.764 ], [ 8.602, 47.795 ], [ 8.906, 47.652 ], [ 9.017, 47.679 ], [ 9.273, 47.65 ], [ 9.547, 47.535 ], [ 9.65, 47.41 ], [ 9.521, 47.263 ], [ 9.477, 47.064 ], [ 9.581, 47.057 ], [ 9.858, 47.015 ], [ 9.862, 46.94 ], [ 10.111, 46.847 ], [ 10.368, 46.996 ], [ 10.454, 46.864 ] ] ] ] } },
{ "type": "Feature", "properties": { "id": "br_cayman", "colorId": "britain", "name": null, "parent": "britain" }, "geometry": { "type": "MultiPolygon", "coordinates": [ [ [ [ -81.286, 19.368 ], [ -81.398, 19.274 ], [ -81.266, 19.266 ], [ -81.087, 19.31 ], [ -81.136, 19.355 ], [ -81.286, 19.368 ] ] ] ] } },
{ "type": "Feature", "properties": { "id": "rwanda1349", "colorId": "rwanda", "name": "Руанда", "parent": null }, "geometry": { "type": "MultiPolygon", "coordinates": [ [ [ [ 29.96, -1.465 ], [ 30.078031134667786, -1.441359757697544 ], [ 30.328059658669623, -1.444336287745185 ], [ 30.643571843719563, -1.712223992032868 ], [ 30.575111652623821, -1.926534155463015 ], [ 30.387590259622442, -2.194421859750698 ], [ 29.976829113047998, -2.274788171037003 ], [ 29.88753321161877, -2.316459591703981 ], [ 29.697035288569761, -2.319436121751621 ], [ 29.673223048188632, -2.438497323657258 ], [ 29.554161846282994, -2.57541770584874 ], [ 29.286274141995314, -2.634948306801559 ], [ 29.125541519422704, -2.584347295991663 ], [ 29.018386437707633, -2.587323826039304 ], [ 29.015, -2.721 ], [ 28.891, -2.653 ], [ 28.859, -2.418 ], [ 28.983, -2.287 ], [ 29.11, -2.237 ], [ 29.151, -2.15 ], [ 29.128, -1.916 ], [ 29.149, -1.799 ], [ 29.245, -1.641 ], [ 29.358, -1.51 ], [ 29.435, -1.507 ], [ 29.578, -1.388 ], [ 29.836, -1.329 ], [ 29.898, -1.47 ], [ 29.96, -1.465 ] ] ] ] } },
{ "type": "Feature", "properties": { "id": "burma1784", "colorId": "burma", "name": "Бирма", "parent": null }, "geometry": { "type": "MultiPolygon", "coordinates": [ [ [ [ 98.073, 12.29 ], [ 98.096, 12.187 ], [ 98.034, 12.221 ], [ 98.073, 12.29 ] ] ], [ [ [ 98.007, 12.402 ], [ 98.065, 12.365 ], [ 97.946, 12.31 ], [ 98.007, 12.402 ] ] ], [ [ [ 102.093794970490649, 19.29664814069805 ], [ 102.12666445595157, 18.935131962965333 ], [ 101.959851118346819, 18.716224781408066 ], [ 101.84576010399951, 18.537991327446896 ], [ 101.590686037284414, 18.228027904603238 ], [ 101.340732868437485, 18.21914426345203 ], [ 101.170943902183623, 18.360408116442713 ], [ 101.09022426081809, 18.363636902097337 ], [ 101.09022426081809, 18.486330756972944 ], [ 101.277493828786135, 18.683286681904853 ], [ 101.271036257476894, 18.938360748619946 ], [ 101.361442255806296, 19.019080389985483 ], [ 101.274265043131507, 19.193434815335038 ], [ 101.225833258312193, 19.451737667704755 ], [ 101.332383184914704, 19.574431522580369 ], [ 101.254892329203784, 19.632549664363555 ], [ 100.944928906360133, 19.629320878708938 ], [ 100.777032052319811, 19.532457309070292 ], [ 100.664024554408059, 19.577660308234993 ], [ 100.602677626970248, 19.48079673859635 ], [ 100.384, 19.764 ], [ 100.474, 19.865 ], [ 100.549, 20.158 ], [ 100.461, 20.191 ], [ 100.364, 20.369 ], [ 100.307, 20.4 ], [ 100.103, 20.264 ], [ 100.099, 20.318 ], [ 99.942, 20.444 ], [ 99.838, 20.417 ], [ 99.77, 20.328 ], [ 99.652, 20.307 ], [ 99.421, 20.376 ], [ 99.526, 20.196 ], [ 99.441, 20.102 ], [ 99.296, 20.062 ], [ 99.117, 20.118 ], [ 99.017, 20.041 ], [ 99.009, 19.846 ], [ 98.884, 19.745 ], [ 98.808, 19.807 ], [ 98.533, 19.676 ], [ 98.307, 19.69 ], [ 98.025, 19.803 ], [ 98.008, 19.639 ], [ 97.84, 19.555 ], [ 97.849, 19.494 ], [ 97.767, 19.398 ], [ 97.811, 19.112 ], [ 97.658, 18.926 ], [ 97.719, 18.865 ], [ 97.746, 18.571 ], [ 97.618, 18.553 ], [ 97.51, 18.491 ], [ 97.379, 18.521 ], [ 97.453, 18.334 ], [ 97.528, 18.265 ], [ 97.561, 18.328 ], [ 97.754, 17.969 ], [ 97.676, 17.83 ], [ 97.769, 17.679 ], [ 97.983, 17.505 ], [ 98.101, 17.303 ], [ 98.279, 17.137 ], [ 98.313, 17.052 ], [ 98.436, 17.012 ], [ 98.521, 16.814 ], [ 98.457, 16.723 ], [ 98.632, 16.463 ], [ 98.682, 16.273 ], [ 98.81, 16.44 ], [ 98.903, 16.363 ], [ 98.835, 16.145 ], [ 98.783, 16.102 ], [ 98.659, 16.116 ], [ 98.584, 15.977 ], [ 98.543, 15.735 ], [ 98.567, 15.453 ], [ 98.534, 15.326 ], [ 98.475, 15.383 ], [ 98.397, 15.356 ], [ 98.392, 15.258 ], [ 98.283, 15.29 ], [ 98.165, 15.126 ], [ 98.243, 14.805 ], [ 98.418, 14.608 ], [ 98.548, 14.378 ], [ 98.754, 14.2 ], [ 98.945, 14.069 ], [ 99.092, 13.864 ], [ 99.153, 13.715 ], [ 99.188, 13.427 ], [ 99.19, 13.23 ], [ 99.102, 13.171 ], [ 99.093, 13.038 ], [ 99.151, 12.995 ], [ 99.214, 12.735 ], [ 99.394, 12.59 ], [ 99.387, 12.466 ], [ 99.457, 12.256 ], [ 99.466, 12.126 ], [ 99.546, 12.132 ], [ 99.518, 12.026 ], [ 99.574, 11.976 ], [ 99.554, 11.895 ], [ 99.63, 11.816 ], [ 99.531, 11.631 ], [ 99.441, 11.597 ], [ 99.428, 11.497 ], [ 99.243, 11.198 ], [ 99.213, 11.108 ], [ 99.002, 10.958 ], [ 98.974, 10.824 ], [ 98.905, 10.814 ], [ 98.767, 10.689 ], [ 98.791, 10.52 ], [ 98.747, 10.351 ], [ 98.696, 10.224 ], [ 98.543, 9.987 ], [ 98.491, 10.204 ], [ 98.528, 10.364 ], [ 98.459, 10.715 ], [ 98.563, 10.727 ], [ 98.631, 10.851 ], [ 98.582, 10.882 ], [ 98.712, 10.924 ], [ 98.722, 11.045 ], [ 98.658, 11.132 ], [ 98.724, 11.156 ], [ 98.759, 11.269 ], [ 98.698, 11.388 ], [ 98.775, 11.454 ], [ 98.718, 11.532 ], [ 98.752, 11.682 ], [ 98.877, 11.723 ], [ 98.768, 11.762 ], [ 98.684, 11.683 ], [ 98.603, 11.754 ], [ 98.694, 11.893 ], [ 98.549, 11.879 ], [ 98.72, 11.964 ], [ 98.713, 12.064 ], [ 98.634, 12.09 ], [ 98.696, 12.242 ], [ 98.597, 12.194 ], [ 98.552, 12.28 ], [ 98.7, 12.364 ], [ 98.605, 12.429 ], [ 98.71, 12.512 ], [ 98.623, 12.558 ], [ 98.689, 12.728 ], [ 98.628, 12.756 ], [ 98.634, 12.879 ], [ 98.59, 12.92 ], [ 98.578, 13.187 ], [ 98.48, 13.284 ], [ 98.432, 13.479 ], [ 98.245, 13.714 ], [ 98.234, 14.003 ], [ 98.186, 14.065 ], [ 98.199, 13.869 ], [ 98.171, 13.538 ], [ 98.13, 13.582 ], [ 98.16, 13.69 ], [ 98.103, 13.701 ], [ 98.111, 13.902 ], [ 98.062, 14.01 ], [ 98.109, 14.133 ], [ 97.994, 14.331 ], [ 97.976, 14.444 ], [ 97.886, 14.656 ], [ 97.943, 14.72 ], [ 98.028, 14.648 ], [ 97.95, 14.799 ], [ 97.843, 14.736 ], [ 97.795, 14.88 ], [ 97.807, 15.175 ], [ 97.726, 15.34 ], [ 97.795, 15.408 ], [ 97.761, 15.491 ], [ 97.712, 15.888 ], [ 97.582, 16.009 ], [ 97.37, 16.484 ], [ 97.33, 16.68 ], [ 97.255, 16.698 ], [ 97.199, 16.997 ], [ 97.131, 17.079 ], [ 97.069, 17.251 ], [ 96.905, 17.375 ], [ 96.849, 17.213 ], [ 96.91, 17.067 ], [ 96.801, 16.737 ], [ 96.616, 16.518 ], [ 96.436, 16.478 ], [ 96.336, 16.439 ], [ 96.285, 16.366 ], [ 96.068, 16.31 ], [ 95.98, 16.223 ], [ 95.89, 16.244 ], [ 95.732, 16.127 ], [ 95.665, 15.949 ], [ 95.432, 15.734 ], [ 95.294, 15.728 ], [ 95.224, 15.81 ], [ 95.055, 15.846 ], [ 94.976, 15.764 ], [ 94.847, 15.791 ], [ 94.721, 15.857 ], [ 94.601, 15.921 ], [ 94.562, 15.962 ], [ 94.215, 16.015 ], [ 94.215, 16.158 ], [ 94.273, 16.538 ], [ 94.403, 16.788 ], [ 94.379, 16.887 ], [ 94.465, 16.95 ], [ 94.457, 17.051 ], [ 94.511, 17.169 ], [ 94.512, 17.275 ], [ 94.594, 17.292 ], [ 94.554, 17.544 ], [ 94.615, 17.546 ], [ 94.544, 17.748 ], [ 94.502, 17.787 ], [ 94.447, 17.973 ], [ 94.492, 18.026 ], [ 94.423, 18.242 ], [ 94.328, 18.295 ], [ 94.417, 18.314 ], [ 94.245, 18.539 ], [ 94.249, 18.639 ], [ 94.149, 18.731 ], [ 94.212, 18.742 ], [ 94.153, 18.821 ], [ 94.038, 18.859 ], [ 93.93, 18.859 ], [ 93.679, 19.02 ], [ 93.642, 19.134 ], [ 93.498, 19.314 ], [ 93.484, 19.393 ], [ 93.553, 19.431 ], [ 93.731, 19.633 ], [ 93.761, 19.675 ], [ 93.601, 19.783 ], [ 93.745, 19.917 ], [ 93.611, 19.91 ], [ 93.447, 19.951 ], [ 93.375, 20.089 ], [ 93.272, 20.048 ], [ 93.13, 20.075 ], [ 93.135, 19.834 ], [ 92.97, 20.129 ], [ 92.772, 20.201 ], [ 92.731, 20.259 ], [ 92.653, 20.418 ], [ 92.54, 20.528 ], [ 92.454, 20.669 ], [ 92.381, 20.7 ], [ 92.265, 21.061 ], [ 92.301, 20.762 ], [ 92.193, 20.996 ], [ 92.053, 21.155 ], [ 92.045, 21.3 ], [ 91.96, 21.424 ], [ 92.005, 21.504 ], [ 92.001, 21.65 ], [ 91.95, 21.716 ], [ 91.99, 21.795 ], [ 91.899, 21.789 ], [ 91.916, 21.862 ], [ 92.152646498835324, 21.928696438965893 ], [ 92.381933635913498, 22.061441623590099 ], [ 92.6974189448256, 22.099368819197011 ], [ 93.428379441977057, 22.009722720489755 ], [ 93.621463346884994, 22.061441623590095 ], [ 93.680078103732043, 22.175223210410842 ], [ 93.780067983059368, 22.275213089738166 ], [ 93.849026520526508, 22.409682237799053 ], [ 93.744736896554187, 22.730569499972816 ], [ 93.754208531509221, 22.963074500972681 ], [ 93.8236523838263, 23.326887676738526 ], [ 94.035128875592846, 23.915056669464231 ], [ 95.215232113810671, 24.455388554433632 ], [ 96.099625371969694, 24.434700992839272 ], [ 96.67370520621327, 24.310575623273092 ], [ 97.348061687111823, 24.212582115444071 ], [ 97.89, 24.023 ], [ 98.177859600349535, 24.051142832712998 ], [ 98.663, 23.97 ], [ 99.621126787965338, 22.953355710141714 ], [ 99.388654220832592, 22.4690378619485 ], [ 99.514576861362841, 22.16876079606871 ], [ 99.947234139082113, 21.813594374060351 ], [ 100.224909705379559, 21.684442947875496 ], [ 100.625279126552613, 21.645697520020036 ], [ 101.306552899677698, 21.290531098011673 ], [ 101.642346607758327, 21.419682524196528 ], [ 101.718, 21.134 ], [ 101.932937316674298, 20.530152076348319 ], [ 102.029800886312927, 20.39777186450884 ], [ 102.14926595553392, 20.278306795287847 ], [ 102.14926595553392, 20.174985654339963 ], [ 102.107291742023833, 20.123325083866018 ], [ 102.081461456786869, 19.787531375785392 ], [ 102.093794970490649, 19.29664814069805 ] ] ], [ [ [ 93.645, 18.679 ], [ 93.484, 18.875 ], [ 93.622, 18.91 ], [ 93.742, 18.872 ], [ 93.745, 18.8 ], [ 93.747, 18.709 ], [ 93.645, 18.679 ] ] ], [ [ [ 93.441, 19.811 ], [ 93.403, 19.953 ], [ 93.505, 19.872 ], [ 93.505, 19.807 ], [ 93.441, 19.811 ] ] ], [ [ [ 92.964, 20.037 ], [ 93.009, 19.89 ], [ 92.909, 20.065 ], [ 92.964, 20.037 ] ] ], [ [ [ 91.877, 21.481 ], [ 91.848, 21.689 ], [ 91.936, 21.76 ], [ 91.984, 21.609 ], [ 91.961, 21.506 ], [ 91.877, 21.481 ] ] ], [ [ [ 91.833, 21.877 ], [ 91.888, 21.866 ], [ 91.841, 21.735 ], [ 91.833, 21.877 ] ] ], [ [ [ 98.296, 10.049 ], [ 98.133, 9.846 ], [ 98.127, 9.96 ], [ 98.254, 10.063 ], [ 98.296, 10.049 ] ] ], [ [ [ 98.268, 10.837 ], [ 98.296, 10.735 ], [ 98.237, 10.697 ], [ 98.24, 10.831 ], [ 98.165, 10.919 ], [ 98.191, 10.971 ], [ 98.268, 10.837 ] ] ], [ [ [ 98.532, 11.084 ], [ 98.528, 10.974 ], [ 98.477, 10.974 ], [ 98.532, 11.084 ] ] ], [ [ [ 98.278, 11.8 ], [ 98.302, 11.714 ], [ 98.284, 11.509 ], [ 98.187, 11.446 ], [ 98.203, 11.589 ], [ 98.278, 11.8 ] ] ], [ [ [ 98.535, 11.804 ], [ 98.535, 11.529 ], [ 98.391, 11.663 ], [ 98.394, 11.794 ], [ 98.535, 11.804 ] ] ], [ [ [ 98.658, 11.94 ], [ 98.478, 11.891 ], [ 98.431, 12.101 ], [ 98.604, 11.967 ], [ 98.658, 11.94 ] ] ], [ [ [ 98.465, 12.481 ], [ 98.391, 12.362 ], [ 98.302, 12.338 ], [ 98.334, 12.512 ], [ 98.316, 12.687 ], [ 98.406, 12.639 ], [ 98.425, 12.53 ], [ 98.466, 12.584 ], [ 98.465, 12.481 ] ] ], [ [ [ 98.245, 13.119 ], [ 98.296, 13.085 ], [ 98.302, 12.913 ], [ 98.245, 13.119 ] ] ] ] } },
{ "type": "Feature", "properties": { "id": "fr_hanover", "colorId": "france1768", "name": null, "parent": "france1768" }, "geometry": { "type": "MultiPolygon", "coordinates": [ [ [ [ 9.008, 53.892 ], [ 9.353398187034861, 53.853479637908315 ], [ 9.430585070616123, 53.729980624178296 ], [ 9.523209330913637, 53.591044233732028 ], [ 9.677583098076163, 53.534440519105765 ], [ 9.821665280761184, 53.539586311344515 ], [ 9.924581125536202, 53.637356363880784 ], [ 10.089246477176228, 53.729980624178296 ], [ 10.253911828816253, 53.66823111731329 ], [ 10.387489334613845, 53.807469869369719 ], [ 10.571586342215683, 53.836925390586018 ], [ 10.642419142841938, 53.916515592833015 ], [ 10.77620974104946, 53.984697339996451 ], [ 10.753, 54.044 ], [ 10.887, 53.964 ], [ 11.175, 54.018 ], [ 11.086243723434169, 53.970546411339797 ], [ 11.02449421656916, 53.78787078686414 ], [ 10.947307332987897, 53.697819422686003 ], [ 10.942161540749145, 53.576893305075359 ], [ 10.87140689746635, 53.549877895822021 ], [ 10.786501325526963, 53.480409700598884 ], [ 10.670721000155069, 53.482982596718259 ], [ 10.621835973886936, 53.434097570450128 ], [ 10.366318178739631, 53.176017133295439 ], [ 10.193266991593902, 53.124469971166924 ], [ 10.079126846880762, 53.028739527213972 ], [ 9.791935515021892, 52.988238185541569 ], [ 9.320647175561184, 52.664227452162329 ], [ 9.037137783854352, 52.550087307449189 ], [ 8.922997639141212, 52.406491641519757 ], [ 8.687353469410857, 52.21871269376588 ], [ 8.45539123983254, 52.141391950573109 ], [ 8.124016626149229, 51.935203302059051 ], [ 7.877326635962767, 51.99779628464367 ], [ 7.645364406384449, 52.060389267228295 ], [ 7.531224261671309, 52.22607657406995 ], [ 7.41343451302578, 52.345762511954248 ], [ 7.243623369147003, 52.302023277924867 ], [ 7.16129069332699, 52.245419563298611 ], [ 7.026, 52.231 ], [ 7.048, 52.365 ], [ 6.973, 52.451 ], [ 6.695, 52.476 ], [ 6.771, 52.641 ], [ 7.037, 52.647 ], [ 7.08, 52.854 ], [ 7.184, 52.966 ], [ 7.195, 53.245 ], [ 7.303, 53.333 ], [ 7.024, 53.376 ], [ 7.087, 53.587 ], [ 7.226, 53.666 ], [ 7.951, 53.722 ], [ 8.168, 53.553 ], [ 8.059, 53.502 ], [ 8.205, 53.411 ], [ 8.32, 53.509 ], [ 8.257, 53.604 ], [ 8.566, 53.547 ], [ 8.484, 53.684 ], [ 8.573, 53.858 ], [ 8.685, 53.888 ], [ 8.861, 53.831 ], [ 9.008, 53.892 ] ] ] ] } },
{ "type": "Feature", "properties": { "id": "fr_netherlands", "colorId": "france", "name": null, "parent": "france1768" }, "geometry": { "type": "MultiPolygon", "coordinates": [ [ [ [ 3.541, 51.417 ], [ 3.858, 51.345 ], [ 3.984, 51.41 ], [ 4.221, 51.368 ], [ 4.119, 51.272 ], [ 3.809, 51.205 ], [ 3.635, 51.288 ], [ 3.392, 51.247 ], [ 3.349, 51.375 ], [ 3.541, 51.417 ] ] ], [ [ [ 3.978, 51.623 ], [ 3.689, 51.725 ], [ 3.94, 51.741 ], [ 4.037, 51.686 ], [ 3.978, 51.623 ] ] ], [ [ [ 5.981, 53.406 ], [ 6.346, 53.413 ], [ 6.73, 53.461 ], [ 6.867, 53.434 ], [ 6.901, 53.352 ], [ 7.195, 53.245 ], [ 7.184, 52.966 ], [ 7.08, 52.854 ], [ 7.037, 52.647 ], [ 6.771, 52.641 ], [ 6.695, 52.476 ], [ 6.973, 52.451 ], [ 7.048, 52.365 ], [ 7.026, 52.231 ], [ 6.675, 52.035 ], [ 6.811, 51.961 ], [ 6.382, 51.828 ], [ 6.127, 51.897 ], [ 5.928, 51.807 ], [ 5.939, 51.732 ], [ 6.099, 51.644 ], [ 6.193, 51.509 ], [ 6.208, 51.388 ], [ 6.00360370542088, 51.387707611254626 ], [ 5.620660279253316, 51.301545340366928 ], [ 5.598321912726875, 51.224956655133411 ], [ 5.472, 51.288 ], [ 5.215, 51.259 ], [ 5.012, 51.474 ], [ 4.91, 51.392 ], [ 4.764, 51.496 ], [ 4.63, 51.418 ], [ 4.483, 51.474 ], [ 4.377, 51.443 ], [ 4.392, 51.35 ], [ 4.261, 51.369 ], [ 3.943, 51.45 ], [ 3.827, 51.391 ], [ 3.69, 51.454 ], [ 3.535, 51.459 ], [ 3.458, 51.555 ], [ 3.56, 51.595 ], [ 3.829, 51.613 ], [ 4.129, 51.441 ], [ 4.283, 51.448 ], [ 4.24, 51.519 ], [ 3.988, 51.59 ], [ 4.177, 51.686 ], [ 4.072, 51.717 ], [ 3.963, 51.847 ], [ 4.078, 51.844 ], [ 4.01, 51.98 ], [ 4.142, 52.006 ], [ 4.508, 52.336 ], [ 4.597, 52.507 ], [ 4.669, 52.797 ], [ 4.745, 52.968 ], [ 4.913, 52.906 ], [ 5.078, 52.954 ], [ 5.379, 53.097 ], [ 5.447, 53.221 ], [ 5.592, 53.303 ], [ 5.981, 53.406 ] ] ], [ [ [ 4.714, 53.055 ], [ 4.854, 53.188 ], [ 4.893, 53.111 ], [ 4.796, 53.0 ], [ 4.714, 53.055 ] ] ], [ [ [ 5.179, 53.385 ], [ 5.424, 53.43 ], [ 5.208, 53.353 ], [ 5.179, 53.385 ] ] ], [ [ [ 5.679, 53.43 ], [ 5.674, 53.468 ], [ 5.955, 53.461 ], [ 5.679, 53.43 ] ] ] ] } },
{ "type": "Feature", "properties": { "id": "burundi1529", "colorId": "burundi", "name": "Бурунди", "parent": null }, "geometry": { "type": "MultiPolygon", "coordinates": [ [ [ [ 29.015, -2.721 ], [ 29.018386437707633, -2.587323826039304 ], [ 29.125541519422704, -2.584347295991663 ], [ 29.286274141995314, -2.634948306801559 ], [ 29.327945562662279, -2.804610519517092 ], [ 29.554161846282987, -2.807587049564733 ], [ 29.598809796997603, -2.756986038754837 ], [ 29.711917938807957, -2.822469699802937 ], [ 29.88753321161877, -2.688525847659096 ], [ 29.88753321161877, -2.316459591703981 ], [ 29.976829113047998, -2.274788171037003 ], [ 30.033383183953177, -2.375990192656794 ], [ 30.125655615430045, -2.414685083276126 ], [ 30.238763757240402, -2.596253416182223 ], [ 30.241740287288046, -2.742103388516628 ], [ 30.339965778860197, -2.94153090170857 ], [ 30.473909631004041, -3.090357404090617 ], [ 30.334012718764917, -3.346338988187736 ], [ 30.113749495239489, -3.709475653999929 ], [ 30.107796435144206, -3.80770114557208 ], [ 29.955993402714512, -4.016058248906944 ], [ 29.705964878712674, -4.173814341431913 ], [ 29.417241464091504, -4.167861281336631 ], [ 29.339, -4.093 ], [ 29.215, -3.9 ], [ 29.225, -3.589 ], [ 29.207, -3.335 ], [ 29.235, -3.047 ], [ 28.995, -2.814 ], [ 29.015, -2.721 ] ] ] ] } },
{ "type": "Feature", "properties": { "id": "kutai", "colorId": "kutai", "name": "Кутай", "parent": null }, "geometry": { "type": "MultiPolygon", "coordinates": [ [ [ [ 117.914, 0.84 ], [ 117.811, 0.812 ], [ 117.62, 0.502 ], [ 117.47, 0.109 ], [ 117.53, -0.032 ], [ 117.434, -0.264 ], [ 117.489, -0.387 ], [ 117.441, -0.525 ], [ 117.596, -0.423 ], [ 117.599, -0.521 ], [ 117.539, -0.695 ], [ 117.615, -0.786 ], [ 117.379, -0.839 ], [ 117.339, -0.901 ], [ 117.282, -0.809 ], [ 117.25, -0.909 ], [ 117.164, -0.982 ], [ 117.024, -1.203 ], [ 116.82, -1.261 ], [ 116.787, -1.159 ], [ 116.715, -1.125 ], [ 116.791, -1.244 ], [ 116.762, -1.365 ], [ 116.61, -1.421 ], [ 116.539, -1.481 ], [ 116.458491652223557, -1.372206940533247 ], [ 116.327652648282992, -1.078616980471449 ], [ 116.276593524793995, -0.504201841220103 ], [ 116.327652648283006, -0.118067219834476 ], [ 116.499977190058402, 0.23615544937052 ], [ 116.876538225789844, 0.644628437282588 ], [ 117.291393604138037, 0.842482540802496 ], [ 117.840279181644888, 0.963747959088892 ], [ 118.03, 0.859 ], [ 117.994, 0.788 ], [ 117.914, 0.84 ] ] ] ] } },
{ "type": "Feature", "properties": { "id": "johor", "colorId": "johor", "name": "Джохор", "parent": null }, "geometry": { "type": "MultiPolygon", "coordinates": [ [ [ [ 103.844, 1.269 ], [ 103.648, 1.308 ], [ 103.684, 1.41 ], [ 103.805, 1.449 ], [ 103.961, 1.391 ], [ 103.954, 1.318 ], [ 103.844, 1.269 ] ] ], [ [ [ 104.223, 2.786 ], [ 104.157, 2.713 ], [ 104.132, 2.791 ], [ 104.186, 2.885 ], [ 104.223, 2.786 ] ] ], [ [ [ 100.663534699370331, 6.014092447212903 ], [ 100.716306985640188, 5.91294556519566 ], [ 100.975770726467033, 5.68866334854873 ], [ 101.195655252591465, 5.521551108694155 ], [ 101.635424304840356, 5.297268892047225 ], [ 101.727775805812612, 5.196122010029983 ], [ 101.762957329992531, 5.072986675400296 ], [ 101.96525109402701, 4.923465197635676 ], [ 102.158749477016528, 4.822318315618433 ], [ 102.580927767175453, 4.734364505168656 ], [ 102.800812293299884, 4.558456884269104 ], [ 102.866777651137227, 4.38694695389204 ], [ 103.117446010919082, 4.325379286577197 ], [ 103.368114370700951, 4.378151572847063 ], [ 103.494, 4.337 ], [ 103.455, 4.183 ], [ 103.395, 4.116 ], [ 103.438, 3.975 ], [ 103.339, 3.758 ], [ 103.405, 3.6 ], [ 103.482, 3.512 ], [ 103.428, 3.367 ], [ 103.456, 3.204 ], [ 103.435, 2.962 ], [ 103.474, 2.851 ], [ 103.638, 2.672 ], [ 103.767, 2.624 ], [ 103.838, 2.464 ], [ 103.949, 2.34 ], [ 103.969, 2.213 ], [ 104.121, 1.954 ], [ 104.135, 1.849 ], [ 104.195, 1.799 ], [ 104.295, 1.447 ], [ 104.277, 1.367 ], [ 104.106, 1.375 ], [ 104.008, 1.549 ], [ 103.974, 1.42 ], [ 103.84, 1.477 ], [ 103.681, 1.442 ], [ 103.516, 1.27 ], [ 103.446, 1.359 ], [ 103.367, 1.538 ], [ 103.037, 1.716 ], [ 102.935, 1.748 ], [ 102.804, 1.86 ], [ 102.722, 1.847 ], [ 102.489, 2.093 ], [ 102.472957812817825, 2.186645439361209 ], [ 102.333316772055881, 2.397399973103782 ], [ 102.15359358070485, 2.397399973103782 ], [ 102.056459014156403, 2.319821617124922 ], [ 101.927, 2.422 ], [ 101.865, 2.395 ], [ 101.783, 2.576 ], [ 101.542, 2.661 ], [ 101.399, 2.819 ], [ 101.286, 2.85 ], [ 101.283, 2.911 ], [ 101.373, 3.002 ], [ 101.298, 3.275 ], [ 101.108, 3.474 ], [ 101.041, 3.622 ], [ 100.812, 3.787 ], [ 100.845, 3.851 ], [ 100.721, 3.868 ], [ 100.719, 3.991 ], [ 100.802, 3.991 ], [ 100.776, 4.086 ], [ 100.633, 4.155 ], [ 100.565, 4.319 ], [ 100.633, 4.533 ], [ 100.597, 4.572 ], [ 100.577, 4.854 ], [ 100.454, 4.909 ], [ 100.365, 5.084 ], [ 100.409, 5.127 ], [ 100.43, 5.303 ], [ 100.385, 5.377 ], [ 100.344, 5.669 ], [ 100.376, 5.811 ], [ 100.349, 6.013 ], [ 100.663534699370331, 6.014092447212903 ] ] ], [ [ [ 100.192, 5.463 ], [ 100.31, 5.451 ], [ 100.343, 5.418 ], [ 100.289, 5.263 ], [ 100.196, 5.3 ], [ 100.192, 5.463 ] ] ] ] } },
{ "type": "Feature", "properties": { "id": "genoa1805", "colorId": "genoa", "name": "Генуя", "parent": null }, "geometry": { "type": "MultiPolygon", "coordinates": [ [ [ [ 8.725, 44.424 ], [ 8.822664769998225, 44.550151842111376 ], [ 8.99939789729599, 44.539106021655272 ], [ 9.231, 44.354 ], [ 8.827, 44.428 ], [ 8.725, 44.424 ] ] ] ] } },
{ "type": "Feature", "properties": { "id": "ru_moldavia", "colorId": "russia", "name": null, "parent": "russia1783" }, "geometry": { "type": "MultiPolygon", "coordinates": [ [ [ [ 26.618, 48.259 ], [ 26.313119659674019, 48.26633154986451 ], [ 26.268658982177982, 48.310792227360551 ], [ 26.152962289730738, 48.316021305553448 ], [ 26.037453102129941, 48.54291435262639 ], [ 26.233558447312689, 48.535435650498428 ], [ 26.392680872035356, 48.554155935759923 ], [ 26.549463261100332, 48.460554509452471 ], [ 26.682845293588446, 48.544795793129175 ], [ 27.239773780117766, 48.591596506282904 ], [ 27.370815776948191, 48.652437433382744 ], [ 27.419956525759602, 48.505015186948512 ], [ 27.504, 48.472 ], [ 27.752, 48.452 ], [ 27.926, 48.339 ], [ 28.056, 48.321 ], [ 28.079, 48.245 ], [ 28.272899522986222, 48.246441246774182 ], [ 28.370011002780199, 48.135289553034092 ], [ 28.516263231385587, 48.127099428232185 ], [ 28.546683694935513, 48.069768554618889 ], [ 28.69644597702743, 48.048708233699713 ], [ 28.776007189388761, 47.936386522130775 ], [ 28.95, 47.935 ], [ 28.951509863715227, 47.632181886631564 ], [ 29.094252038834089, 47.196935254301927 ], [ 29.206573750403024, 47.178214969040432 ], [ 29.30251521236816, 47.075253400102241 ], [ 29.208913786060712, 47.033132758263889 ], [ 29.258054534872123, 46.97229183116405 ], [ 29.386756496044864, 46.967611759848673 ], [ 29.412496888279414, 46.841249834333624 ], [ 29.557579099055957, 46.817849477756759 ], [ 29.916, 46.519 ], [ 29.995, 46.499 ], [ 30.081, 46.374 ], [ 30.295860349055946, 46.298361561750419 ], [ 30.494, 46.08 ], [ 30.138, 45.82 ], [ 29.991, 45.847 ], [ 29.932, 45.724 ], [ 29.802, 45.737 ], [ 29.865, 45.672 ], [ 29.734, 45.614 ], [ 29.643, 45.827 ], [ 29.59, 45.559 ], [ 29.695, 45.562 ], [ 29.605, 45.487 ], [ 29.732, 45.476 ], [ 29.756, 45.321 ], [ 29.659, 45.216 ], [ 29.65, 45.346 ], [ 29.57, 45.395 ], [ 29.322, 45.444 ], [ 28.966, 45.32 ], [ 28.79, 45.321 ], [ 28.779, 45.231 ], [ 28.577, 45.248 ], [ 28.33, 45.323 ], [ 28.199, 45.462 ], [ 28.062, 45.594 ], [ 28.168, 45.632 ], [ 28.086, 46.001 ], [ 28.246, 46.428 ], [ 28.234, 46.662 ], [ 28.028, 47.033 ], [ 27.807, 47.145 ], [ 27.723, 47.283 ], [ 27.572, 47.375 ], [ 27.563, 47.468 ], [ 27.304, 47.667 ], [ 27.17, 47.974 ], [ 26.998, 48.167 ], [ 26.805, 48.258 ], [ 26.618, 48.259 ] ] ] ] } },
{ "type": "Feature", "properties": { "id": "bornu", "colorId": "bornu", "name": "Борну", "parent": null }, "geometry": { "type": "MultiPolygon", "coordinates": [ [ [ [ 11.351658951471897, 11.460372103839461 ], [ 11.244503869756825, 12.460486199846816 ], [ 10.542042778513562, 13.127228930518388 ], [ 10.646904882149283, 14.058297613347243 ], [ 11.020055150571276, 14.465370633443962 ], [ 11.472358506234299, 15.369977344770009 ], [ 12.13385216389147, 16.223699928583962 ], [ 12.625732063175008, 16.376352311120232 ], [ 13.36072501612742, 16.382006103066018 ], [ 14.774173002574368, 15.827934492378816 ], [ 15.283014277695266, 15.426515264227881 ], [ 15.531781123309925, 14.996827076348014 ], [ 16.402465082961243, 13.933914190539909 ], [ 16.662539512467482, 13.515533586551614 ], [ 17.126150452022081, 12.701387546358172 ], [ 17.318379378178868, 11.955087009514184 ], [ 17.380571089582531, 10.485101103609356 ], [ 17.290110418449942, 9.936683284867946 ], [ 17.47103176071515, 9.523956472825438 ], [ 16.973498069485824, 8.777655935981452 ], [ 16.023661022593473, 8.172700197782156 ], [ 15.237783942128971, 8.025701607191674 ], [ 14.270985519399259, 8.579773217878877 ], [ 13.796066995953082, 9.614417143958043 ], [ 13.485108438934754, 10.151527378807883 ], [ 12.73880790209077, 10.428563184151487 ], [ 11.811586022981572, 10.909135499543449 ], [ 11.51193504985482, 11.186171304887051 ], [ 11.351658951471897, 11.460372103839461 ] ] ] ] } },
{ "type": "Feature", "properties": { "id": "prussia", "colorId": "prussia", "name": "Пруссия", "parent": null }, "geometry": { "type": "MultiPolygon", "coordinates": [ [ [ [ 11.719431184613153, 52.130346130117005 ], [ 11.741522825525374, 52.192939112701637 ], [ 11.664202082332601, 52.229758514222006 ], [ 11.969803114951654, 52.388081940759591 ], [ 12.24963056650645, 52.575860888513468 ], [ 12.34167907030737, 52.656863571858274 ], [ 12.312223549091076, 52.748912075659192 ], [ 12.039759977840353, 52.874098040828443 ], [ 11.748886705829447, 52.969828484781402 ], [ 11.416860874773933, 53.120204243886292 ], [ 11.499193550593942, 53.202536919706304 ], [ 11.7024523440246, 53.261713530451935 ], [ 12.06008490461778, 53.318317245078198 ], [ 12.327666101032822, 53.279723803287567 ], [ 12.582382816850988, 53.318317245078198 ], [ 12.759912649087891, 53.277150907168199 ], [ 12.958025650279794, 53.145933205080041 ], [ 13.169003132068577, 53.084183698215035 ], [ 13.264200288485466, 53.125350036125042 ], [ 13.148419963113573, 53.184526646870673 ], [ 13.107253625203565, 53.251421945974435 ], [ 13.333668483708601, 53.405795713136961 ], [ 13.560083342213638, 53.472691012240723 ], [ 13.611541264601147, 53.531867622986354 ], [ 13.758196343405546, 53.542159207463854 ], [ 13.800649129375241, 53.589757785672298 ], [ 13.733753830271482, 53.66179887701481 ], [ 13.602536128183335, 53.695246526566692 ], [ 13.483310638698295, 53.737973249000213 ], [ 13.51828907014265, 53.83186272287714 ], [ 13.819, 53.878 ], [ 13.984, 53.774 ], [ 14.227, 53.759 ], [ 14.264, 53.7 ], [ 14.294, 53.749 ], [ 14.512, 53.666 ], [ 14.631, 53.852 ], [ 14.201, 53.878 ], [ 13.875, 53.844 ], [ 13.932, 53.899 ], [ 13.904, 53.995 ], [ 14.048, 53.941 ], [ 13.946, 54.067 ], [ 13.774, 54.023 ], [ 13.809, 54.075 ], [ 13.815, 54.101 ], [ 13.806, 54.117 ], [ 13.753, 54.153 ], [ 13.815, 54.174 ], [ 14.21, 53.938 ], [ 14.367, 53.917 ], [ 14.782, 54.035 ], [ 15.288, 54.139 ], [ 16.138, 54.29 ], [ 16.337, 54.359 ], [ 16.324, 54.401 ], [ 16.57, 54.557 ], [ 16.94, 54.606 ], [ 17.036, 54.667 ], [ 17.337, 54.749 ], [ 17.885, 54.824 ], [ 18.317, 54.838 ], [ 18.448, 54.79 ], [ 18.413, 54.732 ], [ 18.571, 54.55 ], [ 18.588, 54.434 ], [ 18.717, 54.382 ], [ 19.002, 54.345 ], [ 19.377, 54.378 ], [ 19.61, 54.457 ], [ 19.832, 54.598 ], [ 19.962, 54.773 ], [ 19.921, 54.89 ], [ 20.034, 54.948 ], [ 20.366, 54.946 ], [ 20.634, 55.049 ], [ 20.925, 55.283 ], [ 21.082, 55.498 ], [ 21.085, 55.723 ], [ 21.132, 55.656 ], [ 21.106, 55.421 ], [ 20.989, 55.273 ], [ 20.531, 54.965 ], [ 21.079, 54.9 ], [ 21.23, 54.939 ], [ 21.181, 55.193 ], [ 21.268, 55.249 ], [ 21.223, 55.52 ], [ 21.074, 55.745 ], [ 21.11762647535592, 55.764126167376112 ], [ 21.306433894810382, 55.58019405687471 ], [ 21.382665998439883, 55.402910094945639 ], [ 21.553610552113845, 55.263252449767208 ], [ 21.67143263697902, 55.204341407334617 ], [ 21.807664422604383, 55.171203945966283 ], [ 21.881303225645119, 55.119656783837769 ], [ 22.022137436460525, 55.170283460928282 ], [ 22.128913700869592, 55.143589394826016 ], [ 22.251, 55.071 ], [ 22.286316642369165, 55.0009142139346 ], [ 22.446481038982764, 54.983424998212413 ], [ 22.542211482935723, 54.854557092891127 ], [ 22.674761328409048, 54.832465451978905 ], [ 22.674761328409048, 54.729371127721876 ], [ 22.571667004152015, 54.626276803464847 ], [ 22.571667004152015, 54.501090838295596 ], [ 22.612168345824422, 54.383268753430421 ], [ 22.698, 54.343 ], [ 22.474624401446743, 54.204913722209803 ], [ 22.474624401446743, 54.043585316854347 ], [ 22.515399712690428, 53.990400128275624 ], [ 22.456896005253835, 53.857437156828823 ], [ 22.247700930177526, 53.699654430711945 ], [ 22.151967590735829, 53.678380355280453 ], [ 22.040278694720509, 53.573782817742298 ], [ 21.862994732791435, 53.515279110305706 ], [ 21.721167563248176, 53.554281581930098 ], [ 21.382555195963644, 53.552508742310813 ], [ 21.139676168120815, 53.502869232970667 ], [ 20.854248989415005, 53.346859346473096 ], [ 20.758515649973305, 53.274172922082172 ], [ 20.529819339084799, 53.371679101143165 ], [ 20.366718094110048, 53.323812431422311 ], [ 20.322397103627779, 53.21389637502628 ], [ 20.145113141698708, 53.173121063782595 ], [ 19.822456330987791, 53.240488969315642 ], [ 19.643611870722864, 53.167600621085491 ], [ 19.372460238888472, 53.251841904762195 ], [ 19.222405452339345, 53.21498634315364 ], [ 19.053922884985933, 53.125479979247146 ], [ 18.55282003744901, 53.184806525780843 ], [ 18.451673155431699, 53.039682738538616 ], [ 18.328537820801934, 53.008898904881178 ], [ 18.143834818857279, 52.894558951296389 ], [ 18.025097174750005, 52.780218997711607 ], [ 17.558941979365883, 52.876968189206423 ], [ 17.220319809134025, 52.868172808161439 ], [ 16.974049139874488, 52.934138165998817 ], [ 16.415542443518042, 52.850582046071473 ], [ 16.041738749106248, 52.885763570251406 ], [ 15.806462306152936, 52.828593593459004 ], [ 15.357897872858784, 52.736242092486684 ], [ 15.234762538229015, 52.617504448379407 ], [ 15.296330205543899, 52.507562185317113 ], [ 15.621759304208284, 52.358040707552398 ], [ 15.656940828388219, 52.278882278147542 ], [ 15.788871544062969, 52.102974657247877 ], [ 16.030744522800017, 51.891885512168272 ], [ 16.532081242364068, 51.80393170171844 ], [ 16.624432743336396, 51.698387129178634 ], [ 16.853112650505963, 51.610433318728802 ], [ 17.015827199838157, 51.672000986043685 ], [ 17.345653989025035, 51.672000986043685 ], [ 17.917353756948955, 51.232231933794516 ], [ 18.153594165691164, 51.227418556406434 ], [ 18.31154657258498, 51.074731229742405 ], [ 18.41684817718086, 51.03787566813385 ], [ 18.822259354874998, 50.790416897333529 ], [ 18.967049061194331, 50.645627191014206 ], [ 18.86437999671335, 50.511367645154458 ], [ 18.988109382113507, 50.282336655158424 ], [ 19.138164168662637, 50.263908874354144 ], [ 19.133938899741203, 50.190032986969634 ], [ 19.177652270386091, 50.132281868609297 ], [ 19.067085585560417, 50.042775504702796 ], [ 18.52214978177674, 49.926943739647328 ], [ 18.253630690057246, 49.953269140796301 ], [ 18.048292561095284, 50.079631066311357 ], [ 17.839, 49.974 ], [ 17.732, 50.095 ], [ 17.589, 50.163 ], [ 17.738, 50.202 ], [ 17.685, 50.312 ], [ 17.606, 50.258 ], [ 17.335, 50.27 ], [ 17.176, 50.381 ], [ 16.866, 50.422 ], [ 16.96, 50.232 ], [ 16.701, 50.095 ], [ 16.334, 50.372 ], [ 16.19, 50.424 ], [ 16.383, 50.514 ], [ 16.332, 50.644 ], [ 16.086, 50.647 ], [ 15.982, 50.604 ], [ 15.941, 50.688 ], [ 15.442, 50.8 ], [ 15.35, 50.784 ], [ 15.27, 50.953 ], [ 15.347983204445407, 51.069947366330389 ], [ 15.344301264293371, 51.438141381534066 ], [ 15.112339034715053, 51.526507945182949 ], [ 15.156522316539494, 51.780561815673487 ], [ 15.038700231674317, 51.920475541450884 ], [ 14.876694864984698, 51.832108977802001 ], [ 14.81778382255211, 52.056707327076246 ], [ 14.670506216470635, 52.097208668748657 ], [ 14.537956370997311, 52.281305676350499 ], [ 14.213945637618075, 52.159801651333282 ], [ 13.867843263326616, 52.13034613011699 ], [ 13.40760074432202, 52.141391950573095 ], [ 13.264005078392584, 52.086162848292545 ], [ 13.271368958696659, 51.960976883123294 ], [ 13.12040941246315, 51.876292259626446 ], [ 13.13145523291926, 51.983068524035517 ], [ 13.00626926775001, 52.086162848292545 ], [ 12.858991661668536, 52.100890608900677 ], [ 12.708032115435028, 52.270259855894373 ], [ 12.582846150265778, 52.281305676350485 ], [ 12.505525407073005, 52.347580599087145 ], [ 12.428204663880233, 52.192939112701602 ], [ 12.214652135062099, 52.126664189964934 ], [ 12.071056469132666, 52.16532456156132 ], [ 11.9145740126711, 52.165324561561327 ], [ 11.719431184613153, 52.130346130117005 ] ] ] ] } },
{ "type": "Feature", "properties": { "id": "fr_wallis_futuna1837", "colorId": "france", "name": null, "parent": "france1768" }, "geometry": { "type": "MultiPolygon", "coordinates": [ [ [ [ 22.807388945013702, 15.139244695629261 ], [ 22.651, 14.816 ], [ 22.465, 14.629 ], [ 22.364, 14.544 ], [ 22.248882248657278, 14.347660401580773 ], [ 22.103758461415055, 13.995845159781446 ], [ 21.95423698365034, 13.727586037909456 ], [ 21.949839293127852, 13.37577079611013 ], [ 21.795920124840645, 13.023955554310801 ], [ 21.809, 12.794 ], [ 21.936, 12.64 ], [ 22.059, 12.637 ], [ 22.205, 12.743 ], [ 22.446, 12.611 ], [ 22.393761332037013, 12.474441271505036 ], [ 22.483057233466241, 12.129163785978688 ], [ 22.625930675753008, 12.00414952397777 ], [ 22.560447014704906, 11.932712802834386 ], [ 22.518775594037933, 11.65887203845142 ], [ 22.625930675753008, 11.551716956736348 ], [ 22.250887889750249, 11.414796574544864 ], [ 21.310304394695713, 11.254063951972254 ], [ 20.875731007740136, 11.337406793306201 ], [ 20.334002539069488, 11.182627230828871 ], [ 19.780367950208273, 11.379078213973173 ], [ 19.505876059124603, 11.480159439023202 ], [ 19.961002406407594, 12.583496038497124 ], [ 20.126502896328684, 13.335144096888733 ], [ 20.126502896328684, 13.997146056573087 ], [ 19.809293623979933, 14.941878019872631 ], [ 20.54235964240435, 15.242614215811097 ], [ 21.578192098983397, 15.552173340765755 ], [ 22.256840949845529, 15.552173340765755 ], [ 22.830567116528318, 15.271635383775601 ], [ 22.807388945013702, 15.139244695629261 ] ] ] ] } },
{ "type": "Feature", "properties": { "id": "qing_mongolia1755", "colorId": "china", "name": null, "parent": "qing1683" }, "geometry": { "type": "MultiPolygon", "coordinates": [ [ [ [ 116.038, 48.87 ], [ 116.028, 48.767 ], [ 115.8, 48.53 ], [ 115.809, 48.274 ], [ 115.771, 48.224 ], [ 115.515, 48.122 ], [ 115.562, 47.933 ], [ 115.853, 47.706 ], [ 115.973, 47.709 ], [ 116.084, 47.807 ], [ 116.244, 47.863 ], [ 116.5, 47.836 ], [ 116.853, 47.872 ], [ 117.07, 47.81 ], [ 117.361, 47.651 ], [ 117.742, 47.978 ], [ 118.182, 48.028 ], [ 118.542, 47.966 ], [ 118.767, 47.756 ], [ 119.083, 47.662 ], [ 119.158, 47.518 ], [ 119.31, 47.476 ], [ 119.282, 47.415 ], [ 119.7, 47.16 ], [ 119.77, 46.993 ], [ 119.893, 46.906 ], [ 119.904, 46.709 ], [ 119.68, 46.592 ], [ 119.453, 46.627 ], [ 119.317, 46.612 ], [ 119.062, 46.661 ], [ 118.967, 46.74 ], [ 118.816, 46.758 ], [ 118.72, 46.677 ], [ 118.238, 46.715 ], [ 117.878, 46.596 ], [ 117.696, 46.512 ], [ 117.556, 46.602 ], [ 117.394, 46.571 ], [ 117.353, 46.379 ], [ 117.302, 46.35 ], [ 116.805, 46.383 ], [ 116.604, 46.309 ], [ 116.357, 46.106 ], [ 116.213, 45.908 ], [ 116.252, 45.803 ], [ 116.17, 45.709 ], [ 116.012, 45.679 ], [ 115.638, 45.444 ], [ 115.337, 45.395 ], [ 114.939, 45.374 ], [ 114.737, 45.425 ], [ 114.534, 45.385 ], [ 114.419, 45.201 ], [ 114.164, 45.04 ], [ 114.055, 44.941 ], [ 113.889, 44.908 ], [ 113.635, 44.746 ], [ 113.105, 44.794 ], [ 112.614, 44.909 ], [ 112.441, 45.052 ], [ 112.011, 45.087 ], [ 111.739, 44.966 ], [ 111.551, 44.693 ], [ 111.544, 44.601 ], [ 111.406, 44.416 ], [ 111.396, 44.347 ], [ 111.634, 44.066 ], [ 111.839, 43.939 ], [ 111.944, 43.786 ], [ 111.933, 43.697 ], [ 111.754, 43.663 ], [ 111.597, 43.523 ], [ 111.096, 43.367 ], [ 110.934, 43.288 ], [ 110.68, 43.058 ], [ 110.608, 42.945 ], [ 110.407, 42.769 ], [ 110.075, 42.644 ], [ 109.913, 42.629 ], [ 109.667, 42.549 ], [ 109.485, 42.449 ], [ 109.253, 42.426 ], [ 108.994, 42.45 ], [ 108.797, 42.398 ], [ 108.536, 42.435 ], [ 108.177, 42.454 ], [ 106.768, 42.287 ], [ 105.869, 41.993 ], [ 105.274, 41.755 ], [ 105.201, 41.743 ], [ 105.015, 41.596 ], [ 104.892, 41.645 ], [ 104.498, 41.666 ], [ 104.501, 41.871 ], [ 103.721, 41.756 ], [ 103.073, 42.005 ], [ 102.034, 42.185 ], [ 101.886, 42.278 ], [ 101.735, 42.461 ], [ 101.638, 42.515 ], [ 101.411, 42.545 ], [ 101.219, 42.53 ], [ 100.017, 42.677 ], [ 99.474, 42.564 ], [ 98.662, 42.644 ], [ 97.193, 42.787 ], [ 96.475, 42.732 ], [ 96.351, 42.741 ], [ 96.294, 42.933 ], [ 95.908, 43.215 ], [ 95.833, 43.409 ], [ 95.692, 43.631 ], [ 95.589, 43.869 ], [ 95.51, 43.979 ], [ 95.328, 44.007 ], [ 95.321, 44.148 ], [ 95.379, 44.287 ], [ 95.037, 44.255 ], [ 94.698, 44.343 ], [ 94.588, 44.436 ], [ 94.338, 44.512 ], [ 94.195, 44.654 ], [ 93.927, 44.673 ], [ 93.714, 44.875 ], [ 93.525, 44.951 ], [ 93.166, 45.008 ], [ 92.945, 45.006 ], [ 92.753, 45.038 ], [ 92.475, 44.997 ], [ 92.194, 45.015 ], [ 92.009, 45.076 ], [ 91.663, 45.06 ], [ 91.456, 45.137 ], [ 91.249, 45.13 ], [ 91.135, 45.198 ], [ 90.873, 45.186 ], [ 90.738, 45.442 ], [ 90.651, 45.493 ], [ 90.711, 45.752 ], [ 91.002, 46.022 ], [ 90.996, 46.114 ], [ 90.896, 46.302 ], [ 91.047, 46.566 ], [ 90.996, 46.595 ], [ 91.005, 46.74 ], [ 90.828, 46.982 ], [ 90.712, 47.015 ], [ 90.469, 47.309 ], [ 90.441, 47.493 ], [ 90.345, 47.659 ], [ 90.083, 47.756 ], [ 90.045, 47.88 ], [ 89.751, 47.824 ], [ 89.542, 48.031 ], [ 89.334, 48.032 ], [ 89.244, 47.98 ], [ 89.046, 47.993 ], [ 88.932, 48.097 ], [ 88.805, 48.106 ], [ 88.581, 48.212 ], [ 88.565, 48.343 ], [ 88.236, 48.493 ], [ 88.017, 48.54 ], [ 87.943, 48.599 ], [ 88.064, 48.683 ], [ 87.975, 48.756 ], [ 87.806, 48.801 ], [ 87.757, 48.92 ], [ 87.873, 48.968 ], [ 87.816, 49.166 ], [ 87.957, 49.169 ], [ 88.144, 49.271 ], [ 88.175, 49.444 ], [ 88.634, 49.491 ], [ 88.871, 49.436 ], [ 88.859, 49.527 ], [ 88.963, 49.462 ], [ 89.161, 49.503 ], [ 89.216, 49.634 ], [ 89.372, 49.582 ], [ 89.442, 49.644 ], [ 89.682, 49.708 ], [ 89.624, 49.903 ], [ 89.577734994057025, 50.025900802297919 ], [ 89.570714887083966, 50.126522335578429 ], [ 89.481793532091899, 50.208423583597444 ], [ 89.388192105784441, 50.192043333993638 ], [ 89.362451713549902, 50.220123761885873 ], [ 89.528594245245614, 50.412006685816145 ], [ 89.594115243660838, 50.358185865689364 ], [ 89.870239451267807, 50.423706864104567 ], [ 89.870239451267807, 50.557088896592688 ], [ 89.642085974643408, 50.62026985935023 ], [ 89.161208646988882, 51.00169567155308 ], [ 89.058247078050698, 51.048496384706802 ], [ 88.94592536648176, 51.223999059033268 ], [ 88.945925366481774, 51.366741234152116 ], [ 88.990386043977807, 51.420562054278903 ], [ 88.805523227020601, 51.504803337955607 ], [ 88.805523227020601, 51.572664372028505 ], [ 89.018466471870042, 51.579684479001564 ], [ 89.105047791204427, 51.645205477416781 ], [ 89.170568789619651, 51.645205477416781 ], [ 89.203329288827248, 51.551604051109329 ], [ 89.254810073296355, 51.521183587559406 ], [ 89.364791749207598, 51.626485192155286 ], [ 89.432652783280503, 51.619465085182227 ], [ 89.509873959984148, 51.551604051109329 ], [ 89.70643695522979, 51.549264015451641 ], [ 89.91704016442155, 51.759867224643401 ], [ 89.994261341125195, 51.722426654120426 ], [ 90.090202803090349, 51.722426654120426 ], [ 90.092542838748031, 51.81602808042787 ], [ 90.036381982963562, 51.881549078843086 ], [ 90.03404194730588, 52.010251040015831 ], [ 90.155723801505559, 52.143633072503945 ], [ 90.413127723851048, 52.213834142234525 ], [ 90.548849791996844, 52.122572751584769 ], [ 90.6752117175119, 52.106192501980964 ], [ 90.869434677099861, 51.91664961370838 ], [ 90.947825871632361, 51.949410112915992 ], [ 91.09524811806655, 51.949410112916006 ], [ 91.170129259112528, 51.895589292789225 ], [ 91.867459885103017, 51.858148722266243 ], [ 91.972761489698897, 51.785607616877968 ], [ 92.597551010301117, 51.792627723851027 ], [ 92.957916501584791, 51.900269364104595 ], [ 93.056197999207612, 51.897929328446907 ], [ 93.138099247226634, 51.958770255546753 ], [ 93.16851971077655, 52.031311360935021 ], [ 93.371517804080838, 52.136612965530901 ], [ 93.592066164817723, 52.149483161648192 ], [ 93.696197751584762, 52.212664124405705 ], [ 93.710237965530879, 52.334345978605391 ], [ 93.986362173137849, 52.61047018621236 ], [ 94.145484597860516, 52.706411648177493 ], [ 94.150164669175879, 52.814053288431062 ], [ 94.288226772979371, 52.893614500792388 ], [ 94.402888520205991, 52.893614500792388 ], [ 94.480109696909636, 52.844473751980978 ], [ 94.65093229992074, 53.012956319334393 ], [ 94.590091372820893, 53.076137282091921 ], [ 94.590091372820893, 53.139318244849434 ], [ 94.742193690570488, 53.223559528526138 ], [ 94.746873761885865, 53.282060419968296 ], [ 94.587751337163198, 53.282060419968296 ], [ 94.676672692155279, 53.349921454041194 ], [ 94.978537291996801, 53.403742274167975 ], [ 95.041718254754329, 53.359281596671941 ], [ 95.247641392630712, 53.438842809033268 ], [ 95.388043532091899, 53.315990937004742 ], [ 95.471114797939762, 53.387362024564176 ], [ 95.65831765055465, 53.422462559429476 ], [ 95.768299326465893, 53.509043878763869 ], [ 95.894661251980978, 53.455223058637067 ], [ 96.070163926307444, 53.424802595087144 ], [ 96.254441734350223, 53.509628887678268 ], [ 96.282522162242458, 53.603230313985719 ], [ 96.352723231973044, 53.606740367472248 ], [ 96.438134533478603, 53.514308958993645 ], [ 96.681498241877989, 53.510798905507109 ], [ 96.772759632527752, 53.713211989896969 ], [ 96.936562128565768, 53.715552025554665 ], [ 97.224386514461173, 53.570469814778114 ], [ 97.315647905110936, 53.565789743462744 ], [ 97.413929402733757, 53.448787960578436 ], [ 97.577731898771773, 53.446447924920747 ], [ 97.610492397979371, 53.334126213351809 ], [ 97.741534394809804, 53.387947033478589 ], [ 97.8772564629556, 53.366886712559413 ], [ 97.991918210182234, 53.280305393225028 ], [ 98.239961989896969, 53.242864822702046 ], [ 98.279742596077639, 53.102462683240873 ], [ 98.633087980388254, 53.146923360736913 ], [ 98.951332829833575, 53.149263396394602 ], [ 99.02855400653722, 53.10714275455625 ], [ 98.934952580229776, 53.053321934429469 ], [ 99.023873935221843, 52.987800936014253 ], [ 99.187676431259874, 52.990140971671941 ], [ 99.190016466917569, 52.873139188787626 ], [ 99.108115218898547, 52.873139188787626 ], [ 98.975903204239273, 52.951530383320119 ], [ 98.885811831418351, 52.951530383320112 ], [ 98.801570547741647, 52.863779046156878 ], [ 98.800400529912807, 52.80059808339935 ], [ 98.902192081022164, 52.801768101228198 ], [ 98.899852045364497, 52.655515872622814 ], [ 98.741899638470684, 52.580634731576851 ], [ 98.815610761687793, 52.529153947107758 ], [ 98.621387802099846, 52.41683223553882 ], [ 98.6237278377575, 52.320890773573701 ], [ 98.886, 52.129 ], [ 98.995, 52.058 ], [ 99.324, 51.934 ], [ 99.679, 51.889 ], [ 100.006, 51.732 ], [ 100.511, 51.727 ], [ 101.388, 51.451 ], [ 101.482, 51.473 ], [ 102.051, 51.384 ], [ 102.184, 51.324 ], [ 102.147, 51.098 ], [ 102.23, 50.979 ], [ 102.217, 50.799 ], [ 102.329, 50.719 ], [ 102.276, 50.65 ], [ 102.328, 50.546 ], [ 102.472, 50.525 ], [ 102.587, 50.415 ], [ 102.974, 50.296 ], [ 103.202, 50.297 ], [ 103.253, 50.215 ], [ 103.668, 50.131 ], [ 103.785, 50.186 ], [ 103.974, 50.149 ], [ 104.198, 50.17 ], [ 104.406, 50.301 ], [ 104.61, 50.314 ], [ 104.934, 50.393 ], [ 105.131, 50.398 ], [ 105.329, 50.476 ], [ 105.639, 50.422 ], [ 105.985, 50.4 ], [ 106.056, 50.334 ], [ 106.245, 50.29 ], [ 106.657, 50.327 ], [ 106.974, 50.196 ], [ 107.048, 50.085 ], [ 107.225, 49.997 ], [ 107.729, 49.972 ], [ 107.947, 49.933 ], [ 107.939, 49.663 ], [ 108.033, 49.589 ], [ 108.251, 49.522 ], [ 108.335, 49.436 ], [ 108.538, 49.327 ], [ 109.161, 49.347 ], [ 109.462, 49.3 ], [ 109.516, 49.256 ], [ 109.729, 49.266 ], [ 109.818, 49.228 ], [ 110.181, 49.162 ], [ 110.371, 49.242 ], [ 110.604, 49.145 ], [ 110.731, 49.138 ], [ 110.966, 49.207 ], [ 111.338, 49.365 ], [ 111.504, 49.347 ], [ 111.661, 49.396 ], [ 112.03, 49.412 ], [ 112.432, 49.529 ], [ 112.734, 49.493 ], [ 113.044, 49.589 ], [ 113.212, 49.822 ], [ 113.58, 50.02 ], [ 113.85, 50.081 ], [ 113.973, 50.161 ], [ 114.286, 50.277 ], [ 114.473, 50.234 ], [ 114.754, 50.236 ], [ 114.997, 50.144 ], [ 115.21, 49.972 ], [ 115.369, 49.895 ], [ 115.751, 49.885 ], [ 116.054, 49.998 ], [ 116.218, 50.014 ], [ 116.575, 49.922 ], [ 116.684, 49.823 ], [ 116.038, 48.87 ] ] ] ] } },
{ "type": "Feature", "properties": { "id": "prt_brazil1654", "colorId": "portugal", "name": null, "parent": "portugal" }, "geometry": { "type": "MultiPolygon", "coordinates": [ [ [ [ -72.973, -5.466 ], [ -72.897, -5.272 ], [ -72.918, -5.132 ], [ -72.627, -5.022 ], [ -72.404, -4.86 ], [ -72.397, -4.806 ], [ -72.251, -4.759 ], [ -72.071, -4.605 ], [ -71.774, -4.482 ], [ -71.665, -4.508 ], [ -71.506, -4.449 ], [ -71.363, -4.459 ], [ -71.288, -4.381 ], [ -71.17, -4.363 ], [ -70.969, -4.385 ], [ -70.843, -4.238 ], [ -70.832, -4.179 ], [ -70.712, -4.172 ], [ -70.631, -4.119 ], [ -70.585, -4.195 ], [ -70.43, -4.134 ], [ -70.311, -4.171 ], [ -70.307, -4.26 ], [ -70.206, -4.343 ], [ -70.157, -4.27 ], [ -70.063, -4.328 ], [ -69.989, -4.315 ], [ -69.965, -4.236 ], [ -69.695620211321497, -2.820731948292444 ], [ -68.702291864554326, -2.979323662759697 ], [ -68.596747292014598, -2.816609113427611 ], [ -68.10420595349585, -2.85618832813001 ], [ -67.686425353859406, -3.11565206895685 ], [ -67.123520966980834, -2.513168467375882 ], [ -66.481458150697478, -2.658292254618013 ], [ -66.353925125545302, -2.425214656926105 ], [ -66.151631361510809, -2.214125511846642 ], [ -65.940542216431353, -1.73917493541785 ], [ -65.988916812178729, -1.391757384141233 ], [ -65.99331450270121, -0.877227593010042 ], [ -66.142835980465833, -0.340709349266407 ], [ -66.085666003673481, 0.00231051148772 ], [ -65.914156073296411, 0.279365014404516 ], [ -65.56, 0.656 ], [ -65.451, 0.69 ], [ -65.327, 0.91 ], [ -65.203, 0.924 ], [ -65.137, 1.127 ], [ -65.022, 1.14 ], [ -64.839, 1.271 ], [ -64.731, 1.248 ], [ -64.604, 1.331 ], [ -64.551, 1.42 ], [ -64.409, 1.508 ], [ -64.395, 1.392 ], [ -64.13, 1.578 ], [ -64.081, 1.647 ], [ -64.054, 1.894 ], [ -63.995, 1.958 ], [ -63.763, 1.986 ], [ -63.618, 2.101 ], [ -63.412, 2.149 ], [ -63.373, 2.267 ], [ -63.385, 2.421 ], [ -63.831, 2.429 ], [ -64.048, 2.471 ], [ -63.998, 2.706 ], [ -64.106, 2.947 ], [ -64.223, 3.124 ], [ -64.246, 3.419 ], [ -64.203, 3.595 ], [ -64.324, 3.724 ], [ -64.531, 3.854 ], [ -64.663, 3.997 ], [ -64.813, 4.253 ], [ -64.746, 4.288 ], [ -64.59, 4.119 ], [ -64.365, 4.152 ], [ -64.241, 4.142 ], [ -64.125, 4.088 ], [ -64.064, 3.912 ], [ -63.996, 3.881 ], [ -63.875, 3.95 ], [ -63.623, 3.935 ], [ -63.511, 3.855 ], [ -63.425, 3.968 ], [ -63.286, 3.921 ], [ -62.997, 3.599 ], [ -62.931, 3.564 ], [ -62.796, 3.597 ], [ -62.75, 3.66 ], [ -62.789, 3.899 ], [ -62.766, 4.021 ], [ -62.561, 4.038 ], [ -62.537, 4.125 ], [ -62.384, 4.173 ], [ -62.193, 4.095 ], [ -62.035, 4.16 ], [ -61.931, 4.146 ], [ -61.719, 4.255 ], [ -61.567, 4.249 ], [ -61.458, 4.419 ], [ -61.293, 4.448 ], [ -61.297, 4.524 ], [ -61.151, 4.492 ], [ -61.012, 4.518 ], [ -60.948, 4.574 ], [ -60.903, 4.7 ], [ -60.764, 4.755 ], [ -60.613, 4.901 ], [ -60.599, 4.997 ], [ -60.664, 5.17 ], [ -60.74, 5.202 ], [ -60.456, 5.175 ], [ -60.333, 5.194 ], [ -60.213, 5.267 ], [ -60.132, 5.243 ], [ -60.091, 5.158 ], [ -59.983, 5.086 ], [ -60.032, 4.725 ], [ -60.149, 4.513 ], [ -59.943, 4.504 ], [ -59.687, 4.381 ], [ -59.738, 4.287 ], [ -59.727, 4.176 ], [ -59.529, 3.932 ], [ -59.68, 3.702 ], [ -59.838, 3.609 ], [ -59.821, 3.363 ], [ -59.959, 3.066 ], [ -60.0, 2.694 ], [ -59.907, 2.459 ], [ -59.903, 2.36 ], [ -59.742, 2.264 ], [ -59.765, 1.921 ], [ -59.75, 1.851 ], [ -59.646, 1.84 ], [ -59.682, 1.766 ], [ -59.573, 1.727 ], [ -59.242, 1.378 ], [ -59.011, 1.328 ], [ -58.898, 1.218 ], [ -58.772, 1.201 ], [ -58.683, 1.282 ], [ -58.519, 1.267 ], [ -58.481, 1.334 ], [ -58.514, 1.439 ], [ -58.386, 1.49 ], [ -58.332, 1.593 ], [ -58.149, 1.519 ], [ -58.027, 1.517 ], [ -57.985, 1.658 ], [ -57.905, 1.649 ], [ -57.791, 1.705 ], [ -57.561, 1.709 ], [ -57.429, 1.9 ], [ -57.341, 1.969 ], [ -57.238, 1.949 ], [ -57.104, 2.021 ], [ -57.011, 1.919 ], [ -56.806, 1.874 ], [ -56.64, 1.937 ], [ -56.482, 1.942 ], [ -56.367, 1.929 ], [ -56.02, 1.834 ], [ -55.922, 1.886 ], [ -55.915, 2.038 ], [ -56.073, 2.242 ], [ -56.135, 2.249 ], [ -56.117, 2.333 ], [ -56.013, 2.399 ], [ -55.989, 2.521 ], [ -55.925, 2.516 ], [ -55.724, 2.397 ], [ -55.608, 2.434 ], [ -55.4, 2.43 ], [ -55.303, 2.52 ], [ -55.172, 2.559 ], [ -55.112, 2.528 ], [ -54.954, 2.599 ], [ -54.979, 2.543 ], [ -54.842, 2.433 ], [ -54.703, 2.446 ], [ -54.704, 2.325 ], [ -54.615, 2.326 ], [ -54.477, 2.214 ], [ -54.135, 2.111 ], [ -53.831, 2.31 ], [ -53.532, 2.247 ], [ -53.344, 2.35 ], [ -53.234, 2.251 ], [ -53.253, 2.197 ], [ -53.132, 2.219 ], [ -52.96, 2.175 ], [ -52.88, 2.26 ], [ -52.708, 2.359 ], [ -52.553, 2.573 ], [ -52.572, 2.639 ], [ -52.353, 3.058 ], [ -52.362, 3.132 ], [ -52.228, 3.26 ], [ -52.013, 3.619 ], [ -51.988, 3.705 ], [ -51.835, 3.868 ], [ -51.783, 3.981 ], [ -51.683, 4.039 ], [ -51.632, 4.068 ], [ -51.597, 4.216 ], [ -51.498, 4.105 ], [ -51.561, 4.357 ], [ -51.516, 4.441 ], [ -51.389, 4.359 ], [ -51.224, 4.165 ], [ -51.179, 4.025 ], [ -51.116, 3.906 ], [ -51.08, 3.882 ], [ -51.093, 3.376 ], [ -50.945, 2.822 ], [ -50.903, 2.794 ], [ -50.742, 2.378 ], [ -50.679, 2.172 ], [ -50.702, 2.13 ], [ -50.594, 2.029 ], [ -50.467, 1.815 ], [ -50.183, 1.819 ], [ -50.004, 1.752 ], [ -49.91, 1.664 ], [ -49.873, 1.36 ], [ -49.913, 1.272 ], [ -49.922, 1.218 ], [ -49.89, 1.165 ], [ -50.098554656547115, 0.755170322714672 ], [ -50.038883747276117, 0.50946657865762 ], [ -49.645757756784832, 0.397144867088682 ], [ -49.558006419621591, 0.383104653142565 ], [ -49.491315403377541, 0.102300374220219 ], [ -49.382503745295132, 0.042629464949221 ], [ -49.217531231428254, -0.139893316350304 ], [ -48.880566096721438, -0.15744358378295 ], [ -48.620822138718268, -0.224134600027007 ], [ -48.431279250445684, -0.26625524186536 ], [ -48.378628448147744, -0.375066899947768 ], [ -48.118884490144573, -0.533019306841588 ], [ -47.809, -0.565 ], [ -47.585, -0.578 ], [ -47.462, -0.593 ], [ -47.198, -0.652 ], [ -46.957, -0.71 ], [ -46.893, -0.785 ], [ -45.964, -1.064 ], [ -45.324, -1.745 ], [ -45.228, -1.683 ], [ -44.522, -1.847 ], [ -44.497, -2.148 ], [ -44.399, -2.197 ], [ -44.362, -2.31 ], [ -44.395, -2.402 ], [ -44.368, -2.55 ], [ -44.073, -2.4 ], [ -44.049, -2.553 ], [ -43.923, -2.547 ], [ -43.885, -2.584 ], [ -43.668, -2.483 ], [ -43.558, -2.531 ], [ -43.412, -2.457 ], [ -43.487, -2.395 ], [ -43.454, -2.341 ], [ -43.312, -2.346 ], [ -42.71, -2.56 ], [ -42.63, -2.642 ], [ -42.453, -2.752 ], [ -42.264, -2.759 ], [ -41.996, -2.721 ], [ -41.821, -2.734 ], [ -41.675, -2.88 ], [ -41.273, -2.879 ], [ -41.138, -2.886 ], [ -40.582, -2.827 ], [ -40.5, -2.786 ], [ -39.986, -2.848 ], [ -39.705, -3.04 ], [ -39.619, -3.04 ], [ -39.485, -3.146 ], [ -39.358, -3.184 ], [ -39.081, -3.377 ], [ -38.985, -3.396 ], [ -38.916, -3.505 ], [ -38.807, -3.547 ], [ -38.66, -3.676 ], [ -38.477, -3.697 ], [ -38.378, -3.87 ], [ -38.251, -3.962 ], [ -38.107, -4.158 ], [ -37.854, -4.376 ], [ -37.769, -4.396 ], [ -37.711, -4.515 ], [ -37.607, -4.608 ], [ -37.325, -4.696 ], [ -37.183, -4.911 ], [ -36.899, -4.938 ], [ -36.791, -5.051 ], [ -36.561, -5.123 ], [ -36.422, -5.081 ], [ -36.131, -5.096 ], [ -35.997, -5.048 ], [ -35.511, -5.144 ], [ -35.421, -5.212 ], [ -35.262, -5.483 ], [ -35.196, -5.69 ], [ -35.147, -5.921 ], [ -35.105, -5.996 ], [ -35.093, -6.186 ], [ -35.038, -6.237 ], [ -34.959, -6.537 ], [ -34.97, -6.617 ], [ -34.904, -6.887 ], [ -34.86, -6.915 ], [ -34.797, -7.158 ], [ -34.816, -7.543 ], [ -34.805, -7.623 ], [ -34.894, -7.805 ], [ -34.812, -7.906 ], [ -34.851, -8.069 ], [ -34.932, -8.242 ], [ -34.94, -8.351 ], [ -35.127, -8.806 ], [ -35.147, -8.912 ], [ -35.305, -9.193 ], [ -35.462, -9.347 ], [ -35.583, -9.533 ], [ -35.658, -9.577 ], [ -35.696, -9.673 ], [ -35.8, -9.585 ], [ -35.806, -9.731 ], [ -35.949, -9.913 ], [ -36.036, -10.064 ], [ -36.251, -10.248 ], [ -36.292, -10.352 ], [ -36.408, -10.502 ], [ -36.577, -10.55 ], [ -36.903, -10.773 ], [ -37.04, -10.949 ], [ -37.155, -11.187 ], [ -37.265, -11.277 ], [ -37.316, -11.406 ], [ -37.43, -11.405 ], [ -37.368, -11.474 ], [ -37.435, -11.569 ], [ -37.655, -12.05 ], [ -37.787, -12.265 ], [ -38.051, -12.641 ], [ -38.32, -12.935 ], [ -38.51, -13.021 ], [ -38.807, -13.144 ], [ -38.932, -13.233 ], [ -38.955, -13.372 ], [ -38.98, -13.836 ], [ -38.93, -13.898 ], [ -38.924, -14.004 ], [ -38.989, -14.212 ], [ -38.985, -14.313 ], [ -39.067, -14.675 ], [ -39.023, -14.816 ], [ -39.002, -15.232 ], [ -38.924, -15.716 ], [ -38.864, -15.843 ], [ -39.054, -16.436 ], [ -39.136, -16.8 ], [ -39.124, -16.898 ], [ -39.209, -17.162 ], [ -39.217, -17.295 ], [ -39.184, -17.601 ], [ -39.137, -17.68 ], [ -39.275, -17.867 ], [ -39.382, -17.903 ], [ -39.499, -18.006 ], [ -39.625, -18.193 ], [ -39.725, -18.519 ], [ -39.741, -18.902 ], [ -39.698, -19.24 ], [ -39.71, -19.416 ], [ -39.835, -19.657 ], [ -40.027, -19.764 ], [ -40.179, -20.043 ], [ -40.191, -20.19 ], [ -40.244, -20.278 ], [ -40.26, -20.321 ], [ -40.349, -20.5 ], [ -40.628, -20.839 ], [ -40.732, -20.844 ], [ -40.801, -20.931 ], [ -40.815, -21.037 ], [ -40.965, -21.274 ], [ -40.964, -21.365 ], [ -41.072, -21.523 ], [ -41.019, -21.608 ], [ -41.025, -21.719 ], [ -40.967, -21.948 ], [ -40.995, -22.014 ], [ -41.244, -22.145 ], [ -41.466, -22.203 ], [ -41.666, -22.282 ], [ -41.966, -22.535 ], [ -41.993, -22.7 ], [ -41.891, -22.782 ], [ -41.99, -22.826 ], [ -42.058, -22.954 ], [ -42.624, -22.94 ], [ -42.696, -22.967 ], [ -43.031, -22.974 ], [ -43.22, -22.995 ], [ -43.448, -23.018 ], [ -43.56, -23.067 ], [ -43.621, -23.043 ], [ -44.004, -23.091 ], [ -44.289416136340762, -23.14346759700625 ], [ -44.511, -23.273 ], [ -44.584, -23.353 ], [ -44.674, -23.338 ], [ -44.844, -23.385 ], [ -45.07, -23.515 ], [ -45.148, -23.487 ], [ -45.201, -23.572 ], [ -45.302, -23.574 ], [ -45.434, -23.665 ], [ -45.407, -23.82 ], [ -45.864, -23.756 ], [ -46.027, -23.829 ], [ -46.146, -23.844 ], [ -46.166, -23.982 ], [ -46.317, -24.016 ], [ -46.407, -24.009 ], [ -46.593, -24.09 ], [ -46.966, -24.299 ], [ -47.0, -24.41 ], [ -47.442, -24.68 ], [ -47.541, -24.703 ], [ -47.826, -24.894 ], [ -47.887, -25.057 ], [ -47.952, -25.201 ], [ -48.168, -25.369 ], [ -48.361, -25.571 ], [ -48.433, -25.622 ], [ -48.535, -25.839 ], [ -48.579, -25.873 ], [ -48.613, -26.041 ], [ -48.583, -26.157 ], [ -48.608, -26.437 ], [ -48.664, -26.556 ], [ -48.682, -26.719 ], [ -48.578, -26.777 ], [ -48.62, -26.837 ], [ -48.607, -27.104 ], [ -48.606, -27.223 ], [ -48.555, -27.342 ], [ -48.566, -27.86 ], [ -48.655, -28.213 ], [ -48.815, -28.61 ], [ -48.941, -28.645 ], [ -49.343, -28.924 ], [ -49.552, -29.127 ], [ -49.811, -29.443 ], [ -50.045, -29.815 ], [ -50.316, -30.462 ], [ -50.721, -31.045 ], [ -51.152, -31.482 ], [ -51.563, -31.777 ], [ -51.864, -31.932 ], [ -52.253, -32.282 ], [ -52.375, -32.499 ], [ -52.471, -32.801 ], [ -52.622, -33.102 ], [ -52.819, -33.323 ], [ -53.266, -33.677 ], [ -53.379, -33.741 ], [ -53.54, -33.649 ], [ -53.514, -33.395 ], [ -53.537, -33.171 ], [ -53.512, -33.099 ], [ -53.327, -32.974 ], [ -53.299, -32.889 ], [ -53.111, -32.722 ], [ -53.186, -32.647 ], [ -53.416, -32.564 ], [ -53.649, -32.339 ], [ -53.671, -32.226 ], [ -53.772, -32.047 ], [ -54.069, -31.88 ], [ -54.135, -31.909 ], [ -54.464, -31.672 ], [ -54.483, -31.584 ], [ -54.544706874340029, -31.509703739758436 ], [ -54.374609148587808, -31.39937007981105 ], [ -54.23209483782243, -31.293633655694801 ], [ -54.186122479511013, -31.206286174903116 ], [ -53.983844102940793, -31.04078568498203 ], [ -53.910288329642533, -30.60864551685475 ], [ -53.703412717241179, -30.194894292052034 ], [ -53.703412717241179, -29.886879491365569 ], [ -53.57928734980036, -29.661614935639644 ], [ -53.386203444892423, -29.385780785771161 ], [ -53.30345319993188, -28.967432325137306 ], [ -53.34942555824329, -28.824918014371924 ], [ -53.47814816151525, -28.797334599385078 ], [ -53.611468000618345, -28.27784695046611 ], [ -53.478148161515243, -28.070971338064751 ], [ -53.308050435763015, -27.891679140650243 ], [ -53.243689134127038, -27.707789707404594 ], [ -53.317244907425298, -27.514705802496657 ], [ -53.625259708111763, -27.248066124290464 ], [ -53.685023773916605, -27.031996040226822 ], [ -53.598444455235779, -26.87552889510334 ], [ -53.074359570485669, -26.827257918876356 ], [ -52.757150298136921, -26.87552889510334 ], [ -52.260648828373661, -26.668653282701982 ], [ -52.164106875919693, -26.13077669045845 ], [ -52.308919804600649, -25.80667156436299 ], [ -52.605441515709259, -25.496358145760954 ], [ -53.074359570485669, -25.434295462040545 ], [ -53.50190250278181, -25.427399608293836 ], [ -53.936341288824657, -25.344649363333293 ], [ -54.212175438693137, -25.186044727158919 ], [ -54.43, -25.131 ], [ -54.462, -25.037 ], [ -54.407, -24.821 ], [ -54.321, -24.628 ], [ -54.335, -24.527 ], [ -54.261, -24.329 ], [ -54.335, -24.149 ], [ -54.270790195540187, -23.972374467737623 ], [ -54.005299826291775, -23.965478613990911 ], [ -53.905309946964458, -23.820665685309958 ], [ -53.746705310790084, -23.282789093066427 ], [ -53.53293384464201, -23.165559579372324 ], [ -53.339849939734073, -22.738016647076186 ], [ -53.346745793480785, -22.310473714780045 ], [ -53.698434334563096, -21.689846877575974 ], [ -55.539627284935179, -21.04163662538506 ], [ -57.456674626521092, -21.000261502904788 ], [ -57.858, -20.74 ], [ -57.981, -20.693 ], [ -58.009, -20.526 ], [ -57.989, -20.433 ], [ -58.083, -20.376 ], [ -58.159, -20.165 ], [ -57.86, -19.98 ], [ -57.145674914341896, -19.440612114738787 ], [ -57.176549667774403, -19.039240320116221 ], [ -57.475005617621946, -18.946616059818709 ], [ -57.166258083296896, -18.421745251466124 ], [ -57.351506603891927, -17.629293246698499 ], [ -57.258882343594415, -17.444044726103471 ], [ -57.372089772846934, -17.166171945210927 ], [ -57.372089772846934, -16.929465502228389 ], [ -57.763169982991997, -16.723633812678358 ], [ -57.763169982991997, -16.49721895417332 ], [ -57.927835334632022, -16.17817983537077 ], [ -58.535038818804615, -15.725350118360698 ], [ -59.193700225364708, -15.344561492693138 ], [ -59.852361631924808, -15.015230789413085 ], [ -59.99129802237109, -14.778524346430547 ], [ -59.92440272326732, -14.624150579268024 ], [ -60.191983919682372, -14.109571355392941 ], [ -60.388, -13.989 ], [ -60.473, -13.798 ], [ -60.566, -13.77 ], [ -60.897, -13.553 ], [ -61.022, -13.535 ], [ -61.047, -13.465 ], [ -61.149, -13.52 ], [ -61.348, -13.494 ], [ -61.459, -13.544 ], [ -61.588, -13.508 ], [ -61.848, -13.531 ], [ -61.869, -13.464 ], [ -62.003, -13.36 ], [ -62.172, -13.118 ], [ -62.427, -13.125 ], [ -62.458, -13.078 ], [ -62.642, -13.03 ], [ -62.687, -12.965 ], [ -62.807, -12.989 ], [ -62.929, -12.846 ], [ -62.975, -12.853 ], [ -63.075, -12.653 ], [ -63.137, -12.634 ], [ -63.236, -12.699 ], [ -63.393, -12.665 ], [ -63.496, -12.553 ], [ -63.658, -12.475 ], [ -63.801, -12.455 ], [ -63.921, -12.544 ], [ -64.145, -12.52 ], [ -64.215, -12.474 ], [ -64.396, -12.457 ], [ -64.49, -12.374 ], [ -64.469, -12.261 ], [ -64.716, -12.147 ], [ -64.793, -12.033 ], [ -64.997, -11.996 ], [ -65.066, -11.753 ], [ -65.196, -11.742 ], [ -65.223, -11.517 ], [ -65.292, -11.505 ], [ -65.353, -11.391 ], [ -65.326, -11.328 ], [ -65.389, -11.253 ], [ -65.395, -11.153 ], [ -65.303, -10.991 ], [ -65.319, -10.865 ], [ -65.4, -10.812 ], [ -65.381, -10.698 ], [ -65.436, -10.626 ], [ -65.45, -10.468 ], [ -65.411, -10.449 ], [ -65.288, -10.216 ], [ -65.333, -9.927 ], [ -65.304, -9.826 ], [ -65.085632338734342, -9.689335822305992 ], [ -65.276026651568131, -9.591565769769728 ], [ -65.255443482613117, -9.478358340517209 ], [ -64.69455212858928, -9.380588287980943 ], [ -64.288034541727967, -8.989508077835882 ], [ -63.459561991289064, -8.366867216947032 ], [ -63.053044404427744, -8.161035527396999 ], [ -62.842066922638956, -7.836850616355701 ], [ -62.914108013981476, -7.157606040840593 ], [ -73.812, -7.103 ], [ -73.765, -6.904 ], [ -73.685, -6.812 ], [ -73.371, -6.584 ], [ -73.199, -6.546 ], [ -73.132, -6.435 ], [ -73.178, -6.202 ], [ -73.235, -6.078 ], [ -73.14, -5.879 ], [ -73.001, -5.709 ], [ -72.96, -5.559 ], [ -72.973, -5.466 ] ] ], [ [ [ -43.737, -2.334 ], [ -43.627, -2.252 ], [ -43.635, -2.4 ], [ -43.743, -2.412 ], [ -43.737, -2.334 ] ] ], [ [ [ -50.4, 2.115 ], [ -50.312, 1.947 ], [ -50.377, 1.878 ], [ -50.459, 1.881 ], [ -50.524, 2.001 ], [ -50.454, 2.111 ], [ -50.4, 2.115 ] ] ], [ [ [ -50.463, 2.187 ], [ -50.415, 2.127 ], [ -50.544, 2.146 ], [ -50.463, 2.187 ] ] ] ] } },
{ "type": "Feature", "properties": { "id": "lunda", "colorId": "lunda", "name": "Лунда", "parent": null }, "geometry": { "type": "MultiPolygon", "coordinates": [ [ [ [ 25.256074545232707, -8.831161277161222 ], [ 26.019336457914058, -9.164735001962701 ], [ 26.384327682712307, -9.691495438155789 ], [ 26.429558018278609, -10.200336713276688 ], [ 25.751102984784076, -11.85124396144672 ], [ 24.982187280156939, -12.665390001640159 ], [ 24.767343186217005, -12.857618927796944 ], [ 24.309386038608196, -13.027232686170576 ], [ 23.6591999648426, -13.089424397574241 ], [ 23.031629058860158, -12.925464431146395 ], [ 22.56801811930556, -12.750196880826975 ], [ 22.127022347534108, -12.410969364079707 ], [ 21.833025166353146, -11.969973592308262 ], [ 21.539027985172183, -11.398940605783697 ], [ 21.301568723449098, -10.443449766945562 ], [ 21.499451441551667, -9.827186444854695 ], [ 21.793448622732633, -9.346614129462735 ], [ 22.155291307263049, -9.018694196607044 ], [ 22.652824998492374, -8.74731218320923 ], [ 23.082513186372246, -8.589006008727171 ], [ 24.004081273535654, -8.577698424835596 ], [ 25.256074545232707, -8.831161277161222 ] ] ] ] } },
{ "type": "Feature", "properties": { "id": "dendi", "colorId": "dendi", "name": "Денди", "parent": null }, "geometry": { "type": "MultiPolygon", "coordinates": [ [ [ [ 1.812383291518945, 15.650191918989824 ], [ 2.27076891885576, 15.316820553653958 ], [ 2.371970940475577, 14.840575746031293 ], [ 2.145754656854811, 14.120255474502011 ], [ 1.734993510280262, 13.792837169261428 ], [ 1.276607882943446, 13.554714765450097 ], [ 0.687254933510398, 13.685682087546329 ], [ 0.389601928746232, 13.828555529833128 ], [ 0.032418323029233, 14.197645255740694 ], [ -0.062830638495301, 14.578641101838826 ], [ 0.056230563410366, 15.090604270033191 ], [ 0.282446847031132, 15.364445034416224 ], [ 0.770597774844364, 15.602567438227558 ], [ 1.127781380561363, 15.656144979085107 ], [ 1.812383291518945, 15.650191918989824 ] ] ] ] } },
{ "type": "Feature", "properties": { "id": "bunyoro1519", "colorId": "bunyoro", "name": "Буньоро", "parent": null }, "geometry": { "type": "MultiPolygon", "coordinates": [ [ [ [ 32.508488981595704, 1.470500959563264 ], [ 32.191012436639284, 1.122497823745647 ], [ 31.94679970974973, 1.030918051162064 ], [ 31.734201534394806, 0.851892159802786 ], [ 31.561805190727007, 0.638120693654716 ], [ 31.361825432072362, 0.638120693654716 ], [ 31.122581756497482, 0.515018665607877 ], [ 30.902790302296882, 0.295227211407277 ], [ 30.731841393474191, 0.075435757206677 ], [ 30.670788211751805, -0.016144015376907 ], [ 30.458468591253098, -0.110079437863527 ], [ 30.089540415804009, -0.103183584116815 ], [ 29.903352364642789, -0.03077711977634 ], [ 29.686132971621362, 0.058868978930915 ], [ 29.775779070328618, 0.193338126991797 ], [ 29.824050046555602, 0.382974105026375 ], [ 29.961967121489838, 0.510547399340546 ], [ 29.899904437769433, 0.776037768588955 ], [ 29.958519194616485, 0.862235940422854 ], [ 30.113675903917503, 0.896715209156414 ], [ 30.224009563864893, 1.034632284090652 ], [ 30.244697125105027, 1.210476554631806 ], [ 30.410197615026114, 1.217372408378518 ], [ 30.969948802191507, 1.65976582290267 ], [ 31.189740256392106, 2.093243413131631 ], [ 31.562164664898678, 2.355772094537904 ], [ 31.751429528238084, 2.43514123077701 ], [ 32.068906073194505, 2.43514123077701 ], [ 32.239854982017192, 2.337456140021188 ], [ 32.39859325449541, 2.123770003992826 ], [ 32.508488981595704, 1.470500959563264 ] ] ] ] } },
{ "type": "Feature", "properties": { "id": "buganda", "colorId": "buganda", "name": "Буганда", "parent": null }, "geometry": { "type": "MultiPolygon", "coordinates": [ [ [ [ 32.508488981595704, 1.470500959563264 ], [ 32.606174072351529, 1.458290323218786 ], [ 32.63059534504049, 1.32702598251565 ], [ 32.874808071930048, 1.211024937243111 ], [ 33.143442071508559, 0.740915437980716 ], [ 33.137336753336321, 0.435649529368771 ], [ 33.271653753125577, 0.148699575273543 ], [ 32.465751754390041, -0.33362056033333 ], [ 31.91627311888854, -0.938047059384981 ], [ 31.702586982860176, -0.938047059384981 ], [ 31.476690210487337, -0.834256650456919 ], [ 31.34847852887032, -0.687729014323186 ], [ 31.18974025639211, -0.614465196256319 ], [ 30.976054120363749, -0.260356742266463 ], [ 30.780683938852103, -0.193198242371835 ], [ 30.670788211751805, -0.016144015376907 ], [ 30.731841393474191, 0.075435757206677 ], [ 30.902790302296882, 0.295227211407277 ], [ 31.122581756497482, 0.515018665607877 ], [ 31.361825432072362, 0.638120693654716 ], [ 31.561805190727007, 0.638120693654716 ], [ 31.734201534394806, 0.851892159802786 ], [ 31.94679970974973, 1.030918051162064 ], [ 32.191012436639284, 1.122497823745647 ], [ 32.508488981595704, 1.470500959563264 ] ] ] ] } },
{ "type": "Feature", "properties": { "id": "sp_s_domingo1808", "colorId": "spain", "name": null, "parent": "spain" }, "geometry": { "type": "MultiPolygon", "coordinates": [ [ [ [ -68.664, 18.169 ], [ -68.572, 18.108 ], [ -68.702, 18.115 ], [ -68.787, 18.197 ], [ -68.664, 18.169 ] ] ], [ [ [ -68.76, 18.21 ], [ -68.85, 18.375 ], [ -68.923, 18.412 ], [ -69.085, 18.396 ], [ -69.236, 18.451 ], [ -69.525, 18.408 ], [ -69.617, 18.457 ], [ -69.884, 18.471 ], [ -70.017, 18.411 ], [ -70.172, 18.231 ], [ -70.398, 18.238 ], [ -70.553, 18.204 ], [ -70.601, 18.412 ], [ -70.704, 18.43 ], [ -70.761, 18.347 ], [ -70.846, 18.342 ], [ -70.932, 18.262 ], [ -71.048, 18.31 ], [ -71.101, 18.242 ], [ -71.061, 18.142 ], [ -71.204, 17.911 ], [ -71.282, 17.854 ], [ -71.417, 17.605 ], [ -71.515, 17.738 ], [ -71.679, 17.765 ], [ -71.631, 17.817 ], [ -71.659, 17.953 ], [ -71.776, 18.039 ], [ -71.766, 18.22 ], [ -71.709, 18.313 ], [ -71.912, 18.431 ], [ -71.911, 18.494 ], [ -72.01, 18.599 ], [ -71.842, 18.618 ], [ -71.719, 18.784 ], [ -71.784, 18.996 ], [ -71.661, 19.118 ], [ -71.639, 19.212 ], [ -71.777, 19.328 ], [ -71.704, 19.415 ], [ -71.757, 19.71 ], [ -71.744, 19.817 ], [ -71.667, 19.886 ], [ -71.505, 19.91 ], [ -71.357, 19.851 ], [ -71.172, 19.834 ], [ -71.018, 19.935 ], [ -70.831, 19.903 ], [ -70.624, 19.767 ], [ -70.434, 19.775 ], [ -70.301, 19.658 ], [ -70.131, 19.622 ], [ -70.042, 19.678 ], [ -69.898, 19.636 ], [ -69.868, 19.425 ], [ -69.733, 19.287 ], [ -69.539, 19.339 ], [ -69.336, 19.293 ], [ -69.231, 19.363 ], [ -69.164, 19.307 ], [ -69.254, 19.184 ], [ -69.603, 19.229 ], [ -69.608, 19.093 ], [ -69.387, 19.096 ], [ -69.356, 19.053 ], [ -69.173, 19.011 ], [ -69.14, 19.051 ], [ -69.054, 18.977 ], [ -68.979, 19.033 ], [ -68.74, 18.964 ], [ -68.581, 18.813 ], [ -68.356, 18.657 ], [ -68.334, 18.577 ], [ -68.456, 18.358 ], [ -68.589, 18.382 ], [ -68.658, 18.211 ], [ -68.76, 18.21 ] ] ] ] } },
{ "type": "Feature", "properties": { "id": "fr_lukka", "colorId": "france", "name": null, "parent": "france1768" }, "geometry": { "type": "MultiPolygon", "coordinates": [ [ [ [ 10.70353209942281, 44.093073207189775 ], [ 10.663634846016619, 43.909494255656917 ], [ 10.470332988034688, 43.800877021171836 ], [ 10.354351873245529, 43.834014482540162 ], [ 10.264, 43.809 ], [ 10.158882150479718, 43.947382963982619 ], [ 10.344613089667581, 44.008167634989611 ], [ 10.402503252531329, 44.06026878156699 ], [ 10.352331778049415, 44.108510583953439 ], [ 10.390925219958579, 44.150963370053525 ], [ 10.70353209942281, 44.093073207189775 ] ] ] ] } },
{ "type": "Feature", "properties": { "id": "ladakh", "colorId": "ladakh", "name": "Ладакх", "parent": null }, "geometry": { "type": "MultiPolygon", "coordinates": [ [ [ [ 79.117336591489206, 33.058977083820864 ], [ 78.331209264364048, 32.977950802296995 ], [ 78.100198163849186, 33.09862824286445 ], [ 77.700238646539901, 33.246889098418755 ], [ 77.314070836724028, 33.295160074645743 ], [ 77.062372174969042, 33.415837515213198 ], [ 76.69689192639332, 33.457212637693473 ], [ 76.431401557144909, 33.398597880846424 ], [ 76.317619970324159, 33.339983123999367 ], [ 76.127983992289586, 33.48824397955368 ], [ 76.007306551722124, 33.691671665081678 ], [ 75.924556306761588, 33.767526056295509 ], [ 75.772847524333926, 33.857172155002765 ], [ 75.593555326919414, 33.998537156810357 ], [ 75.452190325111815, 34.239892037945275 ], [ 75.669409718133252, 34.553653383420667 ], [ 76.141775699783011, 34.698466312101615 ], [ 76.317619970324159, 34.936373266363177 ], [ 76.452089118385047, 35.194967781864875 ], [ 76.610693754559421, 35.239790831218507 ], [ 76.980418176514505, 35.413245704626384 ], [ 77.442175681376128, 35.54957411082362 ], [ 77.758809398995524, 35.551772956084875 ], [ 78.123817712362325, 35.477012217202507 ], [ 78.334906857441922, 35.261525381600421 ], [ 78.589972907746443, 35.046038545998329 ], [ 78.928595077978287, 34.192886584634962 ], [ 78.928232715927081, 33.968576119255061 ], [ 78.911852466323282, 33.823493908478511 ], [ 78.956313143819315, 33.800093551901654 ], [ 78.958653179476997, 33.711172196909573 ], [ 79.024242565908594, 33.286540257462356 ], [ 79.117336591489206, 33.058977083820864 ] ] ] ] } },
{ "type": "Feature", "properties": { "id": "turkmens", "colorId": null, "name": "туркмены", "parent": null }, "geometry": { "type": "MultiPolygon", "coordinates": [ [ [ [ 54.243656927579082, 42.924133553207511 ], [ 52.71, 42.585 ], [ 52.599, 42.345 ], [ 52.402, 42.093 ], [ 52.485, 41.942 ], [ 52.438, 41.749 ], [ 52.595, 41.634 ], [ 52.562, 41.519 ], [ 52.761, 41.378 ], [ 52.882, 41.05 ], [ 52.828, 40.711 ], [ 52.737, 40.485 ], [ 52.699, 40.274 ], [ 52.768, 40.154 ], [ 52.738, 40.054 ], [ 52.884, 39.945 ], [ 52.914, 40.022 ], [ 53.054, 39.968 ], [ 53.172, 39.997 ], [ 53.29, 39.942 ], [ 53.437, 40.003 ], [ 53.567, 39.95 ], [ 53.415, 39.782 ], [ 53.471, 39.696 ], [ 53.712, 39.543 ], [ 53.577, 39.468 ], [ 53.581, 39.33 ], [ 53.684, 39.083 ], [ 53.871, 39.028 ], [ 53.978, 38.902 ], [ 53.863, 38.679 ], [ 53.827, 38.525 ], [ 54.069983574194815, 38.59864544597594 ], [ 55.001690034703834, 38.606818309664611 ], [ 55.851667858326095, 38.480138922490134 ], [ 58.12372396377792, 39.256560972914322 ], [ 59.088121879041651, 39.34850568941193 ], [ 60.06273587391621, 39.528308690562788 ], [ 59.784858508501216, 39.84705037442113 ], [ 59.180066595539223, 40.280212149920935 ], [ 58.771423411105438, 40.525398060581203 ], [ 58.076729997568016, 41.326338702071418 ], [ 57.932011966504213, 42.188762702934667 ], [ 58.020027819129751, 43.079923210768285 ], [ 57.156372265241629, 43.619020308099735 ], [ 55.15401161801055, 43.321966805488522 ], [ 54.243656927579082, 42.924133553207511 ] ] ] ] } },
{ "type": "Feature", "properties": { "id": "prt_angola1665", "colorId": "portugal", "name": null, "parent": "portugal" }, "geometry": { "type": "MultiPolygon", "coordinates": [ [ [ [ 12.502, -13.855 ], [ 12.513, -13.442 ], [ 12.634, -13.343 ], [ 12.657, -13.256 ], [ 12.761, -13.193 ], [ 12.945, -12.982 ], [ 12.939, -12.817 ], [ 13.179, -12.602 ], [ 13.364, -12.593 ], [ 13.46, -12.507 ], [ 13.506, -12.371 ], [ 13.64, -12.249 ], [ 13.766, -11.921 ], [ 13.795, -11.77 ], [ 13.778, -11.589 ], [ 13.794, -11.341 ], [ 13.847, -11.114 ], [ 13.829, -10.914 ], [ 13.739, -10.783 ], [ 13.753, -10.646 ], [ 13.523, -10.388 ], [ 13.509, -10.277 ], [ 13.317, -9.976 ], [ 13.327, -9.886 ], [ 13.199, -9.709 ], [ 13.224, -9.614 ], [ 13.171, -9.403 ], [ 12.996, -9.094 ], [ 13.198, -8.823 ], [ 13.294, -8.755 ], [ 13.38, -8.755 ], [ 13.406, -8.637 ], [ 13.342, -8.467 ], [ 13.369, -8.324 ], [ 13.277, -8.179 ], [ 13.123, -7.857 ], [ 12.939, -7.436 ], [ 12.85, -7.266 ], [ 12.829, -6.905 ], [ 12.78, -6.915 ], [ 12.62, -6.735 ], [ 12.458, -6.466 ], [ 12.275, -6.115 ], [ 12.497, -6.095 ], [ 12.646, -6.029 ], [ 12.743, -6.049 ], [ 12.928, -5.981 ], [ 12.986, -5.901 ], [ 13.184, -5.856 ], [ 13.036, -5.857 ], [ 12.924, -5.815 ], [ 12.822, -5.83 ], [ 12.718, -5.931 ], [ 12.723, -5.979 ], [ 12.449, -6.052 ], [ 12.211, -5.763 ], [ 12.147, -5.618 ], [ 12.232, -5.48 ], [ 12.125, -5.185 ], [ 12.023, -5.046 ], [ 12.117, -5.07 ], [ 12.132, -5.006 ], [ 12.01, -5.02 ], [ 11.901610948010584, -4.885940895005056 ], [ 12.38754318903111, -4.492029045141241 ], [ 12.762, -4.391 ], [ 12.854, -4.403 ], [ 12.902, -4.48 ], [ 13.018128141075781, -4.564109950669618 ], [ 13.140821995951397, -4.786896160838497 ], [ 13.247371922553905, -5.154977725465341 ], [ 13.944, -5.842 ], [ 14.145139293974218, -5.996234592143141 ], [ 14.922469440324328, -7.558159652566265 ], [ 15.213060149240256, -8.546168062880424 ], [ 14.944263743493021, -9.229056228832858 ], [ 14.849821763095346, -9.614088918146466 ], [ 14.769909318143464, -10.384154296773678 ], [ 14.842556995372444, -11.887961215413613 ], [ 14.98785234983041, -12.469142633245472 ], [ 15.09682386567388, -12.672556129486622 ], [ 14.944263743493018, -13.144766031475006 ], [ 14.472053841504632, -13.638770236632087 ], [ 14.304964183877972, -13.929360945548016 ], [ 14.145139293974212, -14.299864099415826 ], [ 14.087021152191026, -14.619513879223348 ], [ 13.607546482479743, -14.837456910910296 ], [ 13.465883511883224, -15.004546568536954 ], [ 13.364176763762648, -15.30966681289868 ], [ 13.603914098618286, -15.618419441121855 ], [ 13.596649330895389, -15.87995107914619 ], [ 13.560325492280899, -15.974393059543866 ], [ 13.197087106135987, -16.26861615232125 ], [ 11.802251721814798, -16.30493999093574 ], [ 11.779, -16.1 ], [ 11.807, -16.019 ], [ 11.737, -15.9 ], [ 11.752, -15.799 ], [ 11.844, -15.794 ], [ 11.91, -15.676 ], [ 11.992, -15.617 ], [ 12.04, -15.463 ], [ 12.056, -15.233 ], [ 12.145, -15.169 ], [ 12.112, -15.115 ], [ 12.208, -14.833 ], [ 12.273, -14.751 ], [ 12.299, -14.508 ], [ 12.331, -14.434 ], [ 12.329, -14.092 ], [ 12.407, -13.891 ], [ 12.502, -13.855 ] ] ], [ [ [ 12.995, -5.868 ], [ 12.807, -5.954 ], [ 12.745, -5.94 ], [ 12.905, -5.869 ], [ 12.995, -5.868 ] ] ] ] } },
{ "type": "Feature", "properties": { "id": "saudi1804", "colorId": "saudi_arabia", "name": "саудиты", "parent": null }, "geometry": { "type": "MultiPolygon", "coordinates": [ [ [ [ 41.778, 16.813 ], [ 41.757, 16.896 ], [ 41.905, 16.748 ], [ 42.011, 16.739 ], [ 42.048, 16.812 ], [ 42.186, 16.706 ], [ 42.156, 16.585 ], [ 42.086, 16.694 ], [ 41.976, 16.664 ], [ 41.778, 16.813 ] ] ], [ [ [ 41.919, 16.791 ], [ 41.835, 16.892 ], [ 41.928, 16.955 ], [ 41.919, 16.791 ] ] ], [ [ [ 53.723, 24.23 ], [ 53.84, 24.264 ], [ 53.965, 24.173 ], [ 53.92, 24.14 ], [ 53.657, 24.158 ], [ 53.723, 24.23 ] ] ], [ [ [ 52.649, 24.31 ], [ 52.592, 24.253 ], [ 52.574, 24.344 ], [ 52.649, 24.31 ] ] ], [ [ [ 53.362, 24.351 ], [ 53.428, 24.329 ], [ 53.323, 24.263 ], [ 53.187, 24.276 ], [ 53.362, 24.351 ] ] ], [ [ [ 35.492, 27.632 ], [ 35.255, 27.953 ], [ 35.164, 28.009 ], [ 35.216, 28.054 ], [ 35.052, 28.12 ], [ 34.928, 28.079 ], [ 34.866, 28.113 ], [ 34.647, 28.099 ], [ 34.675, 28.277 ], [ 34.804, 28.527 ], [ 34.778, 28.665 ], [ 34.836, 28.816 ], [ 34.853, 29.045 ], [ 34.997, 29.534 ], [ 35.880769322271057, 29.535751494909288 ], [ 36.347148408195721, 29.737030889887297 ], [ 36.744797944615684, 30.355596835429481 ], [ 37.049044963643212, 30.807933998575866 ], [ 37.520333303103918, 31.089397867976011 ], [ 37.899982243225047, 31.246493981129582 ], [ 38.672371466230096, 31.580323221580915 ], [ 39.392395318183972, 32.405077815637171 ], [ 39.621493816532926, 32.961459883056058 ], [ 40.210604240858814, 33.203649724167811 ], [ 40.910991078668474, 33.360745837321382 ], [ 41.388825089510583, 33.360745837321382 ], [ 42.423041167771579, 32.968005554437461 ], [ 43.876786784438288, 31.829398962187735 ], [ 44.805816726417468, 30.995477392579723 ], [ 45.498072793916769, 30.431689498423733 ], [ 46.308335609155414, 29.980011078014108 ], [ 47.087567082533859, 29.645562171298579 ], [ 47.705, 29.364 ], [ 47.837, 29.388 ], [ 47.899, 29.335 ], [ 47.986, 29.394 ], [ 48.1, 29.35 ], [ 48.092, 29.287 ], [ 48.158, 29.017 ], [ 48.329, 28.76 ], [ 48.394, 28.743 ], [ 48.433, 28.54 ], [ 48.535, 28.408 ], [ 48.535, 28.299 ], [ 48.618, 28.217 ], [ 48.606, 28.126 ], [ 48.878, 27.837 ], [ 48.804, 27.815 ], [ 48.78, 27.714 ], [ 48.873, 27.612 ], [ 48.969, 27.62 ], [ 49.078, 27.547 ], [ 49.24, 27.545 ], [ 49.323, 27.206 ], [ 49.375, 27.149 ], [ 49.524, 27.133 ], [ 49.699, 26.958 ], [ 49.872, 26.862 ], [ 49.942, 26.858 ], [ 50.142, 26.681 ], [ 49.984, 26.708 ], [ 50.031, 26.495 ], [ 50.192, 26.404 ], [ 50.202, 26.171 ], [ 50.155, 26.166 ], [ 50.141, 26.036 ], [ 50.066, 26.174 ], [ 49.976, 26.14 ], [ 50.101, 25.989 ], [ 50.118, 25.868 ], [ 50.247, 25.679 ], [ 50.145, 25.733 ], [ 50.348, 25.482 ], [ 50.463, 25.447 ], [ 50.525, 25.293 ], [ 50.545, 25.119 ], [ 50.726, 24.882 ], [ 50.737, 24.782 ], [ 50.808, 24.747 ], [ 50.851, 24.891 ], [ 50.776, 25.092 ], [ 50.751, 25.495 ], [ 50.847, 25.467 ], [ 50.857, 25.651 ], [ 50.899, 25.532 ], [ 50.902, 25.79 ], [ 50.984, 25.981 ], [ 51.047, 26.053 ], [ 51.251, 26.16 ], [ 51.347, 26.105 ], [ 51.404, 25.954 ], [ 51.512, 25.946 ], [ 51.577, 25.881 ], [ 51.592, 25.747 ], [ 51.505, 25.687 ], [ 51.472, 25.521 ], [ 51.519, 25.426 ], [ 51.519, 25.297 ], [ 51.59, 25.284 ], [ 51.617, 25.137 ], [ 51.587, 24.953 ], [ 51.5, 24.855 ], [ 51.444, 24.68 ], [ 51.341, 24.57 ], [ 51.339, 24.646 ], [ 51.215, 24.626 ], [ 51.302, 24.517 ], [ 51.396, 24.608 ], [ 51.444, 24.555 ], [ 51.306, 24.406 ], [ 51.282, 24.303 ], [ 51.413, 24.323 ], [ 51.569, 24.256 ], [ 51.574, 24.364 ], [ 51.634, 24.227 ], [ 51.718, 24.223 ], [ 51.759, 24.291 ], [ 51.809, 24.001 ], [ 52.067, 23.963 ], [ 52.341, 24.008 ], [ 52.575, 24.152 ], [ 52.947, 24.138 ], [ 53.0, 24.166 ], [ 53.254, 24.099 ], [ 53.437, 24.12 ], [ 53.581, 24.049 ], [ 53.854, 24.062 ], [ 54.123, 24.145 ], [ 54.323, 24.271 ], [ 54.383, 24.255 ], [ 54.486, 24.388 ], [ 54.499, 24.488 ], [ 54.417, 24.535 ], [ 54.486, 24.57 ], [ 54.582, 24.508 ], [ 54.671, 24.666 ], [ 54.64, 24.733 ], [ 54.707, 24.804 ], [ 55.082, 25.017 ], [ 55.291031102311834, 25.267535477118823 ], [ 55.617707420992488, 25.146414968806809 ], [ 55.823896069506546, 24.743856178850784 ], [ 55.807, 24.007 ], [ 55.97344783099269, 23.600858434615613 ], [ 56.160022965203687, 23.244669542030984 ], [ 56.617980112812496, 22.967633736687382 ], [ 57.058573333822849, 22.769722600667077 ], [ 56.586671337670154, 22.266524113222044 ], [ 56.292116125507206, 21.746143238400844 ], [ 55.977923899200071, 21.333765941372725 ], [ 55.388813474874183, 20.793748052407331 ], [ 54.52478485252955, 20.21445613515354 ], [ 54.102589048429344, 19.64989197850791 ], [ 53.572389666536047, 19.217877667335593 ], [ 52.796727607840296, 19.060781554182025 ], [ 51.834513914774682, 18.982233497605236 ], [ 51.225766476304599, 19.031326032965726 ], [ 50.617019037834517, 18.864411412740058 ], [ 49.821719964994571, 18.393123073279348 ], [ 49.448616696254845, 18.128023382332696 ], [ 48.800595229496373, 17.80401264895346 ], [ 48.044570184944817, 17.578186986295204 ], [ 46.99398992823032, 17.460364901430026 ], [ 46.56197561705801, 17.322905802420653 ], [ 45.796132065434357, 17.450546394357929 ], [ 45.295388204757352, 17.450546394357929 ], [ 45.003287619362439, 17.180537449875231 ], [ 44.806935586340181, 17.308906989773032 ], [ 44.661711996535779, 17.362277254748772 ], [ 44.528563894776198, 17.373911814122209 ], [ 44.404, 17.419 ], [ 44.104, 17.352 ], [ 43.751, 17.346 ], [ 43.62, 17.459 ], [ 43.503, 17.513 ], [ 43.391, 17.512 ], [ 43.165, 17.326 ], [ 43.249, 17.252 ], [ 43.156, 17.21 ], [ 43.109, 16.927 ], [ 43.209, 16.773 ], [ 43.163, 16.662 ], [ 43.085, 16.673 ], [ 43.036, 16.536 ], [ 42.907, 16.479 ], [ 42.789, 16.371 ], [ 42.788, 16.472 ], [ 42.725, 16.566 ], [ 42.737, 16.671 ], [ 42.636, 16.815 ], [ 42.542, 16.878 ], [ 42.544, 17.004 ], [ 42.46, 17.038 ], [ 42.402, 17.164 ], [ 42.339, 17.174 ], [ 42.302, 17.454 ], [ 41.869, 17.821 ], [ 41.719, 17.909 ], [ 41.674, 18.009 ], [ 41.472, 18.279 ], [ 41.438, 18.464 ], [ 41.21, 18.698 ], [ 41.249, 18.834 ], [ 41.137, 18.958 ], [ 41.177, 19.067 ], [ 41.069, 19.125 ], [ 41.036, 19.265 ], [ 40.956, 19.343 ], [ 40.945, 19.506 ], [ 40.785, 19.596 ], [ 40.791, 19.714 ], [ 40.725, 19.789 ], [ 40.629, 19.792 ], [ 40.523, 19.972 ], [ 40.268, 20.125 ], [ 40.068, 20.287 ], [ 39.923, 20.264 ], [ 39.76, 20.351 ], [ 39.646, 20.462 ], [ 39.493, 20.706 ], [ 39.506, 20.746 ], [ 39.297, 20.924 ], [ 39.17, 21.191 ], [ 39.081, 21.315 ], [ 39.171, 21.404 ], [ 39.159, 21.508 ], [ 39.092, 21.577 ], [ 39.079, 21.706 ], [ 38.95, 21.922 ], [ 38.933, 22.025 ], [ 39.006, 22.002 ], [ 39.04, 22.236 ], [ 39.143, 22.391 ], [ 39.07, 22.366 ], [ 39.082, 22.547 ], [ 38.913, 22.862 ], [ 38.894, 22.965 ], [ 38.814, 22.983 ], [ 38.806, 23.093 ], [ 38.711, 23.236 ], [ 38.6, 23.568 ], [ 38.54, 23.543 ], [ 38.453, 23.784 ], [ 38.365, 23.87 ], [ 38.185, 23.976 ], [ 38.079, 24.07 ], [ 37.866, 24.15 ], [ 37.676, 24.291 ], [ 37.523, 24.268 ], [ 37.429, 24.367 ], [ 37.457, 24.441 ], [ 37.149, 24.851 ], [ 37.257, 24.871 ], [ 37.28, 24.964 ], [ 37.23, 25.194 ], [ 37.105, 25.322 ], [ 36.936, 25.646 ], [ 36.817, 25.758 ], [ 36.725, 25.754 ], [ 36.663, 25.856 ], [ 36.696, 26.022 ], [ 36.537, 26.082 ], [ 36.383, 26.335 ], [ 36.23, 26.626 ], [ 36.098, 26.754 ], [ 36.032, 26.907 ], [ 35.832, 27.093 ], [ 35.813, 27.191 ], [ 35.56, 27.456 ], [ 35.492, 27.632 ] ] ], [ [ [ 36.776, 25.489 ], [ 36.942, 25.418 ], [ 36.9, 25.361 ], [ 36.776, 25.489 ] ] ], [ [ [ 36.523, 25.662 ], [ 36.683, 25.572 ], [ 36.498, 25.624 ], [ 36.523, 25.662 ] ] ] ] } },
{ "type": "Feature", "properties": { "id": "ru_junior_juz1783", "colorId": "russia", "name": null, "parent": "russia1783" }, "geometry": { "type": "MultiPolygon", "coordinates": [ [ [ [ 60.554679068353906, 44.591795010399174 ], [ 59.642820101913173, 44.631202613293453 ], [ 58.795667520392342, 44.653206576449847 ], [ 58.080538717809816, 44.466172889620573 ], [ 57.266392081023554, 43.839059939663585 ], [ 57.156372265241629, 43.619020308099735 ], [ 55.15401161801055, 43.321966805488522 ], [ 54.243656927579082, 42.924133553207511 ], [ 52.71, 42.585 ], [ 52.713, 42.731 ], [ 52.471, 42.826 ], [ 52.273, 42.799 ], [ 52.169, 42.887 ], [ 51.933, 42.835 ], [ 51.854, 42.894 ], [ 51.651, 43.191 ], [ 51.276, 43.154 ], [ 51.32, 43.443 ], [ 51.273, 43.559 ], [ 51.142, 43.634 ], [ 51.023, 43.801 ], [ 50.983, 43.919 ], [ 50.853, 44.039 ], [ 50.847, 44.189 ], [ 50.696, 44.264 ], [ 50.345, 44.311 ], [ 50.23, 44.391 ], [ 50.238, 44.586 ], [ 50.299, 44.655 ], [ 50.498, 44.626 ], [ 50.895, 44.621 ], [ 51.143, 44.485 ], [ 51.299, 44.554 ], [ 51.201, 44.741 ], [ 50.971, 44.847 ], [ 50.959, 44.979 ], [ 51.197, 45.066 ], [ 51.275, 45.057 ], [ 51.244, 45.162 ], [ 51.397, 45.333 ], [ 51.792, 45.405 ], [ 51.958, 45.372 ], [ 52.403, 45.409 ], [ 52.567, 45.401 ], [ 52.738, 45.526 ], [ 52.746, 45.639 ], [ 52.92, 45.796 ], [ 53.087, 46.02 ], [ 53.157, 46.272 ], [ 53.072, 46.545 ], [ 53.188, 46.718 ], [ 53.106, 46.737 ], [ 53.052, 46.898 ], [ 52.92, 46.957 ], [ 52.615, 46.95 ], [ 52.456, 47.001 ], [ 52.357, 46.894 ], [ 52.202, 46.885 ], [ 52.239, 46.807 ], [ 52.113, 46.813 ], [ 52.0, 46.891 ], [ 51.87783037155981, 46.903941697397059 ], [ 52.006561956795906, 47.041400847733911 ], [ 52.120020303105733, 47.281408888004705 ], [ 51.818919307129654, 47.687240665189861 ], [ 51.770917699075497, 48.337444265196176 ], [ 52.172385693710282, 49.249474818225181 ], [ 51.539637223905473, 50.030591894742855 ], [ 51.539637223905473, 50.231325892060241 ], [ 51.330175661487331, 50.379694498773091 ], [ 51.592002614510008, 51.24808722629831 ], [ 52.124384085656132, 51.49682283166986 ], [ 54.310639143395512, 51.780468697444434 ], [ 55.261943739377919, 51.876471913552749 ], [ 55.885964644081966, 51.81537895784745 ], [ 56.457620158181484, 51.632100090731576 ], [ 57.299830190404442, 51.379000702809655 ], [ 57.880213269604724, 51.186994270593047 ], [ 58.403867175650078, 51.117173749787007 ], [ 58.059128354170213, 50.763707363206322 ], [ 58.320955307192897, 50.589156061191204 ], [ 59.394445814585879, 50.283691282664741 ], [ 60.049013197142585, 49.576758509503506 ], [ 60.179926673653924, 48.712729564528658 ], [ 60.127561283049388, 47.953431400762888 ], [ 59.883189460228223, 47.464687755120551 ], [ 59.874461895127453, 46.932306283974441 ], [ 59.778458679019138, 46.530838289339663 ], [ 59.970465111235775, 45.640626649062554 ], [ 60.554679068353906, 44.591795010399174 ] ] ] ] } },
{ "type": "Feature", "properties": { "id": "fr_parma", "colorId": "france", "name": null, "parent": "france1768" }, "geometry": { "type": "MultiPolygon", "coordinates": [ [ [ [ 9.65194431924624, 44.374941403334887 ], [ 9.914880853919509, 44.360173996212104 ], [ 10.093839229106173, 44.27459845437108 ], [ 10.228916275788247, 44.394238124289487 ], [ 10.267509717697411, 44.459846975535065 ], [ 10.398727420188571, 44.602642710598978 ], [ 10.394868075997655, 44.865078115581291 ], [ 10.434014557172546, 44.928102999795023 ], [ 10.207689882738208, 45.073482701890761 ], [ 10.068753491865216, 45.042607948363433 ], [ 10.003144640619636, 45.119794832181761 ], [ 9.864208249746644, 45.16610696247276 ], [ 9.713693826300904, 45.058045325127097 ], [ 9.54388268190058, 45.135232208945425 ], [ 9.39336825845484, 45.096638767036261 ], [ 9.27372858853643, 44.969280408736019 ], [ 9.300743997872846, 44.876656148154026 ], [ 9.304603342063762, 44.695266971180956 ], [ 9.154088918618021, 44.687548282799121 ], [ 9.11163613251794, 44.633517464126292 ], [ 9.32775940720926, 44.479143696489636 ], [ 9.56703874704608, 44.436690910389551 ], [ 9.65194431924624, 44.374941403334887 ] ] ] ] } },
{ "type": "Feature", "properties": { "id": "haiti", "colorId": "haiti", "name": "Гаити", "parent": null }, "geometry": { "type": "MultiPolygon", "coordinates": [ [ [ [ -72.809, 18.72 ], [ -73.037, 18.76 ], [ -73.259, 18.878 ], [ -73.3, 18.926 ], [ -73.201, 18.969 ], [ -72.846, 18.827 ], [ -72.809, 18.72 ] ] ], [ [ [ -72.325, 18.671 ], [ -72.55, 18.786 ], [ -72.818, 19.079 ], [ -72.716, 19.104 ], [ -72.803, 19.232 ], [ -72.699, 19.446 ], [ -73.019, 19.601 ], [ -73.221, 19.65 ], [ -73.409, 19.636 ], [ -73.468, 19.725 ], [ -73.432, 19.779 ], [ -73.167, 19.938 ], [ -73.074, 19.912 ], [ -72.776, 19.944 ], [ -72.385, 19.81 ], [ -72.33, 19.752 ], [ -72.238, 19.786 ], [ -72.028, 19.7 ], [ -71.969, 19.732 ], [ -71.821, 19.657 ], [ -71.757, 19.71 ], [ -71.704, 19.415 ], [ -71.777, 19.328 ], [ -71.639, 19.212 ], [ -71.661, 19.118 ], [ -71.784, 18.996 ], [ -71.719, 18.784 ], [ -71.842, 18.618 ], [ -72.01, 18.599 ], [ -71.911, 18.494 ], [ -71.912, 18.431 ], [ -71.709, 18.313 ], [ -71.766, 18.22 ], [ -71.776, 18.039 ], [ -71.928, 18.184 ], [ -72.072, 18.238 ], [ -72.556, 18.221 ], [ -72.55, 18.182 ], [ -72.755, 18.176 ], [ -72.886, 18.141 ], [ -73.126, 18.19 ], [ -73.31, 18.251 ], [ -73.646, 18.259 ], [ -73.845, 18.115 ], [ -73.807, 18.026 ], [ -73.873, 18.026 ], [ -73.968, 18.141 ], [ -74.183, 18.293 ], [ -74.331, 18.286 ], [ -74.446, 18.346 ], [ -74.489, 18.429 ], [ -74.426, 18.608 ], [ -74.279, 18.667 ], [ -74.16, 18.659 ], [ -73.81, 18.543 ], [ -73.605, 18.498 ], [ -73.527, 18.524 ], [ -72.986, 18.47 ], [ -72.755, 18.429 ], [ -72.628, 18.554 ], [ -72.371, 18.526 ], [ -72.325, 18.671 ] ] ], [ [ [ -72.851, 20.089 ], [ -72.628, 20.008 ], [ -72.639, 19.985 ], [ -72.96, 20.061 ], [ -72.851, 20.089 ] ] ] ] } },
{ "type": "Feature", "properties": { "id": "ru_lithuania", "colorId": "russia", "name": null, "parent": "russia1783" }, "geometry": { "type": "MultiPolygon", "coordinates": [ [ [ [ 25.640355710181982, 53.806813416204342 ], [ 25.38763185915187, 53.577489921751095 ], [ 24.704341447107495, 53.577489921751095 ], [ 24.521818665807977, 53.425387604001486 ], [ 24.390776668977551, 53.528349172939691 ], [ 24.250374529516378, 53.579829957408791 ], [ 24.049131462955362, 53.518989030308944 ], [ 23.679405829040942, 53.518989030308944 ], [ 23.576444260102747, 53.64067088450863 ], [ 23.576444260102747, 53.776392952654426 ], [ 23.825367625920538, 53.934992539919932 ], [ 23.961599411545897, 54.148545068738066 ], [ 23.95791747139387, 54.297663644895536 ], [ 23.9910549327622, 54.448623191129045 ], [ 23.935825830481647, 54.555399455538108 ], [ 23.9910549327622, 54.73949646313995 ], [ 23.878755758125074, 54.848113697625038 ], [ 22.829402814794591, 55.03957458553095 ], [ 22.446481038982764, 54.983424998212413 ], [ 22.286316642369165, 55.0009142139346 ], [ 22.251, 55.071 ], [ 22.128913700869592, 55.143589394826016 ], [ 22.022137436460525, 55.170283460928282 ], [ 21.881303225645119, 55.119656783837769 ], [ 21.807664422604383, 55.171203945966283 ], [ 21.67143263697902, 55.204341407334617 ], [ 21.553610552113845, 55.263252449767208 ], [ 21.382665998439883, 55.402910094945639 ], [ 21.306433894810382, 55.58019405687471 ], [ 21.11762647535592, 55.764126167376112 ], [ 21.074, 55.745 ], [ 21.053, 56.073 ], [ 21.193121640656582, 56.077370575221103 ], [ 21.282042995648656, 56.264573427835998 ], [ 21.539446917994141, 56.264573427835998 ], [ 21.815571125601114, 56.30201399835898 ], [ 22.049574691369735, 56.414335709927919 ], [ 22.419300325284155, 56.409655638612541 ], [ 22.615863320529797, 56.348814711512702 ], [ 22.759608370247737, 56.38816571336644 ], [ 22.889, 56.408 ], [ 23.113, 56.311 ], [ 23.288, 56.373 ], [ 23.482, 56.33 ], [ 23.707, 56.354 ], [ 24.109, 56.261 ], [ 24.288, 56.296 ], [ 24.447, 56.261 ], [ 24.639, 56.36 ], [ 24.892, 56.439 ], [ 25.109, 56.183 ], [ 25.223919887122879, 56.16639900258415 ], [ 25.662, 56.141 ], [ 25.709, 56.081 ], [ 26.179, 55.85 ], [ 26.28, 55.743 ], [ 26.595, 55.667 ], [ 26.58303739481785, 55.555790721642865 ], [ 26.506168903525879, 55.407397806061709 ], [ 26.412567477218431, 55.313796379754265 ], [ 26.651251114302422, 55.309116308438888 ], [ 26.777613039817478, 55.243595310023679 ], [ 26.510848974841249, 55.145313812400858 ], [ 26.230044695918906, 55.14063374108548 ], [ 26.225364624603532, 55.037672172147289 ], [ 26.113042913034594, 54.97683124504745 ], [ 26.230044695918906, 54.883229818739999 ], [ 26.431287762479919, 54.597745468502282 ], [ 26.370446835380079, 54.284180690372331 ], [ 25.855638990689116, 53.839573915411947 ], [ 25.640355710181982, 53.806813416204342 ] ] ] ] } },
{ "type": "Feature", "properties": { "id": "br_south_africa1805", "colorId": "britain", "name": null, "parent": "britain" }, "geometry": { "type": "MultiPolygon", "coordinates": [ [ [ [ 16.934, -29.358 ], [ 17.603735225663623, -29.418319843107568 ], [ 17.989903035479493, -29.563132771788517 ], [ 18.238153770361119, -29.687258139229332 ], [ 18.403654260282206, -29.818279360416859 ], [ 18.762238655111226, -29.976883996591233 ], [ 19.024281097486277, -30.038946680311657 ], [ 19.458719883529128, -30.349260098913692 ], [ 19.762137448384454, -30.521656442581484 ], [ 20.272430625641135, -30.694052786249284 ], [ 20.568952336749749, -30.935407667384201 ], [ 20.906849170338631, -31.342263038440201 ], [ 21.127516490233415, -31.30088791595993 ], [ 21.486100885062434, -31.418117429654032 ], [ 21.679184789970368, -31.562930358334981 ], [ 22.037769184799387, -31.680159872029087 ], [ 22.451520409602104, -31.811181093216611 ], [ 22.734250413217293, -31.714639140762646 ], [ 22.885959195644954, -31.452596698387588 ], [ 23.189376760500281, -31.245721085986233 ], [ 23.575544570316147, -31.114699864798705 ], [ 23.76862847522408, -30.921615959890772 ], [ 24.15479628503995, -30.652677663769005 ], [ 24.540964094855816, -30.487177173847918 ], [ 24.747839707257175, -30.542344003821615 ], [ 24.927131904671686, -30.818178153690091 ], [ 25.292612153247418, -31.066428888571721 ], [ 25.561550449369182, -31.156074987278977 ], [ 25.858072160477796, -31.314679623453351 ], [ 26.306302654014068, -31.514659382107997 ], [ 26.402844606468037, -31.900827191923863 ], [ 26.720053878816785, -32.438703784167394 ], [ 26.720053878816785, -32.666266957808887 ], [ 26.913137783724721, -33.004163791397772 ], [ 27.143, -33.479 ], [ 26.515, -33.755 ], [ 26.287, -33.766 ], [ 25.955, -33.711 ], [ 25.679, -33.795 ], [ 25.619, -33.946 ], [ 25.704, -34.021 ], [ 25.598, -34.049 ], [ 25.41, -34.033 ], [ 25.278, -33.981 ], [ 25.101, -33.961 ], [ 24.953, -33.985 ], [ 24.841, -34.133 ], [ 24.858, -34.187 ], [ 24.479, -34.158 ], [ 24.163, -34.055 ], [ 23.636, -33.98 ], [ 23.428, -34.012 ], [ 23.408, -34.11 ], [ 22.936, -34.083 ], [ 22.785, -34.028 ], [ 22.564, -33.997 ], [ 22.41, -34.066 ], [ 22.153, -34.094 ], [ 22.148, -34.178 ], [ 21.922, -34.247 ], [ 21.895, -34.336 ], [ 21.703, -34.391 ], [ 21.516, -34.352 ], [ 21.349, -34.419 ], [ 21.098, -34.371 ], [ 20.913, -34.36 ], [ 20.805, -34.398 ], [ 20.841, -34.465 ], [ 20.664, -34.438 ], [ 20.524, -34.454 ], [ 20.375, -34.57 ], [ 19.953, -34.809 ], [ 19.858, -34.75 ], [ 19.642, -34.772 ], [ 19.399, -34.602 ], [ 19.301, -34.607 ], [ 19.36, -34.5 ], [ 19.278, -34.407 ], [ 19.146, -34.415 ], [ 19.088, -34.343 ], [ 18.808, -34.365 ], [ 18.858, -34.15 ], [ 18.741, -34.077 ], [ 18.555, -34.074 ], [ 18.442, -34.144 ], [ 18.47, -34.347 ], [ 18.316, -34.157 ], [ 18.315, -34.029 ], [ 18.372, -33.925 ], [ 18.489, -33.863 ], [ 18.432, -33.697 ], [ 18.32, -33.567 ], [ 18.307, -33.479 ], [ 18.146, -33.356 ], [ 18.099, -33.201 ], [ 18.023, -33.014 ], [ 17.913, -33.047 ], [ 17.844, -32.815 ], [ 17.967, -32.704 ], [ 18.081, -32.781 ], [ 18.273, -32.648 ], [ 18.334, -32.491 ], [ 18.315, -32.344 ], [ 18.349, -32.26 ], [ 18.277, -31.893 ], [ 18.173, -31.663 ], [ 17.894, -31.345 ], [ 17.562, -30.838 ], [ 17.536, -30.752 ], [ 17.282, -30.348 ], [ 17.166, -30.013 ], [ 17.104, -29.885 ], [ 17.056, -29.676 ], [ 16.934, -29.358 ] ] ] ] } },
{ "type": "Feature", "properties": { "id": "cambodia1431", "colorId": "cambodia", "name": "Камбоджа", "parent": null }, "geometry": { "type": "MultiPolygon", "coordinates": [ [ [ [ 104.011, 10.03 ], [ 103.937, 10.266 ], [ 103.846, 10.371 ], [ 103.934, 10.366 ], [ 104.005, 10.451 ], [ 104.082, 10.371 ], [ 104.085, 10.248 ], [ 104.011, 10.03 ] ] ], [ [ [ 104.324017175795106, 12.854561063461292 ], [ 104.504784309079824, 12.739352445745059 ], [ 104.778625073462777, 12.742328975792702 ], [ 105.308447421942873, 12.944733019032286 ], [ 105.457273924324923, 13.105465641604896 ], [ 105.552522885849427, 13.420977826654836 ], [ 105.763856519231936, 13.626358399942056 ], [ 105.787, 14.01 ], [ 106.036163517649314, 14.062693502309489 ], [ 106.318127314908637, 14.05860707046515 ], [ 106.6286961350783, 14.164854298417932 ], [ 107.351994571526092, 13.956446274356704 ], [ 107.707514141983481, 14.123989979974555 ], [ 107.768740284332949, 13.368923925596675 ], [ 108.001666899454946, 12.743699853427104 ], [ 107.989407603922217, 12.473995351706897 ], [ 107.842296057529367, 12.424958169575953 ], [ 107.618563914056921, 12.158318491738928 ], [ 107.491978653252971, 11.757815756133775 ], [ 106.959389156542258, 11.539119585986864 ], [ 106.830744350573497, 11.410474780018093 ], [ 106.712391129082235, 11.374454234346841 ], [ 106.645495829978472, 11.112018830170552 ], [ 106.192666112968411, 10.659189113160481 ], [ 105.863335409688361, 10.576856437340469 ], [ 105.400214108200785, 10.582002229579219 ], [ 105.26642350999326, 10.674626489876733 ], [ 104.715823740446922, 10.669480697637983 ], [ 104.451, 10.42 ], [ 104.306, 10.479 ], [ 104.25, 10.57 ], [ 104.072, 10.556 ], [ 103.946, 10.588 ], [ 103.859, 10.68 ], [ 103.808, 10.538 ], [ 103.624, 10.501 ], [ 103.507, 10.635 ], [ 103.567, 10.727 ], [ 103.689, 10.741 ], [ 103.722, 10.895 ], [ 103.675, 11.064 ], [ 103.533, 11.163 ], [ 103.501649048089689, 11.236210951185408 ], [ 103.879850433023734, 11.900262220081219 ], [ 103.923827338248614, 12.203702866132947 ], [ 104.324017175795106, 12.854561063461292 ] ] ] ] } },
{ "type": "Feature", "properties": { "id": "ott_greece1517", "colorId": "turkey", "name": null, "parent": "ottoman" }, "geometry": { "type": "MultiPolygon", "coordinates": [ [ [ [ 24.474, 36.747 ], [ 24.546, 36.689 ], [ 24.327, 36.651 ], [ 24.354, 36.754 ], [ 24.474, 36.747 ] ] ], [ [ [ 24.436, 37.487 ], [ 24.483, 37.412 ], [ 24.368, 37.31 ], [ 24.368, 37.412 ], [ 24.436, 37.487 ] ] ], [ [ [ 24.275, 37.532 ], [ 24.278, 37.623 ], [ 24.375, 37.686 ], [ 24.396, 37.625 ], [ 24.275, 37.532 ] ] ], [ [ [ 23.484, 37.679 ], [ 23.426, 37.768 ], [ 23.546, 37.774 ], [ 23.484, 37.679 ] ] ], [ [ [ 22.402, 38.453 ], [ 22.382, 38.343 ], [ 22.148, 38.364 ], [ 21.988, 38.411 ], [ 21.831, 38.397 ], [ 21.763, 38.328 ], [ 21.6, 38.351 ], [ 21.524, 38.296 ], [ 21.37, 38.408 ], [ 21.156, 38.304 ], [ 21.087, 38.536 ], [ 20.907, 38.699 ], [ 20.86, 38.804 ], [ 20.729, 38.804 ], [ 20.817, 38.921 ], [ 21.027, 38.933 ], [ 21.085, 38.864 ], [ 21.16, 38.998 ], [ 21.287474029543798, 39.177313133789028 ], [ 21.480557934172776, 39.284581969694017 ], [ 21.639928776088759, 39.284581969694017 ], [ 21.805429265770744, 39.14360007107603 ], [ 21.900438806143733, 39.12521112777803 ], [ 21.983189050984723, 39.017942291873041 ], [ 22.265152848220694, 38.981164405277049 ], [ 22.482755343913674, 39.079238769533035 ], [ 22.645191009712654, 39.079238769533035 ], [ 22.755524669500645, 39.008747820224045 ], [ 22.95960933987757, 39.102578495844192 ], [ 23.073, 39.042 ], [ 22.985, 38.954 ], [ 22.792, 38.878 ], [ 22.622, 38.914 ], [ 22.563, 38.836 ], [ 22.703, 38.851 ], [ 22.77, 38.785 ], [ 23.059, 38.728 ], [ 23.091, 38.649 ], [ 23.205, 38.683 ], [ 23.321, 38.643 ], [ 23.351, 38.502 ], [ 23.519, 38.491 ], [ 23.673, 38.356 ], [ 23.951, 38.291 ], [ 24.081, 38.166 ], [ 23.989, 38.123 ], [ 24.033, 38.008 ], [ 24.012, 37.892 ], [ 24.082, 37.753 ], [ 24.033, 37.652 ], [ 23.95, 37.677 ], [ 23.903, 37.782 ], [ 23.764, 37.816 ], [ 23.68, 37.946 ], [ 23.553, 37.98 ], [ 23.581, 38.046 ], [ 23.395, 37.988 ], [ 23.227, 37.974 ], [ 23.013, 37.848 ], [ 23.182, 37.809 ], [ 23.169, 37.614 ], [ 23.323, 37.537 ], [ 23.312, 37.617 ], [ 23.409, 37.626 ], [ 23.395, 37.515 ], [ 23.526, 37.439 ], [ 23.23, 37.385 ], [ 23.204, 37.303 ], [ 23.073, 37.355 ], [ 23.132, 37.449 ], [ 23.005, 37.46 ], [ 22.964, 37.522 ], [ 22.723, 37.542 ], [ 22.758, 37.398 ], [ 22.956, 37.124 ], [ 22.991, 36.987 ], [ 23.114, 36.781 ], [ 23.026, 36.716 ], [ 23.081, 36.579 ], [ 23.196, 36.433 ], [ 23.095, 36.443 ], [ 23.036, 36.528 ], [ 22.819, 36.665 ], [ 22.765, 36.804 ], [ 22.577, 36.783 ], [ 22.359, 36.702 ], [ 22.222, 36.898 ], [ 22.138, 36.917 ], [ 22.153, 37.021 ], [ 22.048, 37.035 ], [ 21.937, 36.98 ], [ 21.929, 36.822 ], [ 21.874, 36.727 ], [ 21.823, 36.809 ], [ 21.707, 36.818 ], [ 21.703, 36.957 ], [ 21.599, 37.046 ], [ 21.568, 37.156 ], [ 21.682, 37.284 ], [ 21.675, 37.396 ], [ 21.55, 37.561 ], [ 21.343, 37.669 ], [ 21.295, 37.772 ], [ 21.122, 37.837 ], [ 21.134, 37.946 ], [ 21.208, 37.946 ], [ 21.367, 38.121 ], [ 21.374, 38.221 ], [ 21.603, 38.152 ], [ 21.764, 38.296 ], [ 21.956, 38.337 ], [ 22.227, 38.186 ], [ 22.331, 38.179 ], [ 22.68, 38.067 ], [ 22.867, 37.94 ], [ 22.975, 37.979 ], [ 22.854, 38.035 ], [ 22.943, 38.083 ], [ 23.069, 38.059 ], [ 23.217, 38.103 ], [ 23.128, 38.172 ], [ 22.691, 38.322 ], [ 22.646, 38.39 ], [ 22.546, 38.303 ], [ 22.402, 38.453 ] ] ], [ [ [ 23.543, 37.929 ], [ 23.408, 37.899 ], [ 23.537, 37.988 ], [ 23.543, 37.929 ] ] ], [ [ [ 24.231, 38.522 ], [ 24.185, 38.408 ], [ 24.245, 38.241 ], [ 24.344, 38.159 ], [ 24.588, 38.159 ], [ 24.552, 37.978 ], [ 24.43, 38.021 ], [ 24.372, 37.972 ], [ 24.209, 38.179 ], [ 24.025, 38.331 ], [ 24.039, 38.395 ], [ 23.639, 38.416 ], [ 23.636, 38.529 ], [ 23.202, 38.83 ], [ 22.969, 38.889 ], [ 23.138, 39.009 ], [ 23.299, 39.042 ], [ 23.426, 38.954 ], [ 23.451, 38.875 ], [ 23.591, 38.774 ], [ 23.703, 38.765 ], [ 23.858, 38.683 ], [ 24.073, 38.679 ], [ 24.231, 38.522 ] ] ], [ [ [ 24.677, 38.81 ], [ 24.532, 38.796 ], [ 24.455, 38.885 ], [ 24.491, 38.981 ], [ 24.677, 38.81 ] ] ], [ [ [ 23.587, 39.208 ], [ 23.793, 39.118 ], [ 23.67, 39.118 ], [ 23.587, 39.208 ] ] ], [ [ [ 25.479, 36.424 ], [ 25.447, 36.336 ], [ 25.382, 36.48 ], [ 25.479, 36.424 ] ] ], [ [ [ 25.307, 36.795 ], [ 25.409, 36.712 ], [ 25.373, 36.654 ], [ 25.273, 36.72 ], [ 25.307, 36.795 ] ] ], [ [ [ 26.006, 36.939 ], [ 25.88, 36.795 ], [ 25.857, 36.851 ], [ 26.006, 36.939 ] ] ], [ [ [ 24.642, 37.028 ], [ 24.704, 37.035 ], [ 24.765, 36.957 ], [ 24.711, 36.904 ], [ 24.642, 37.028 ] ] ], [ [ [ 25.15, 37.111 ], [ 25.259, 37.124 ], [ 25.28, 37.049 ], [ 25.204, 36.989 ], [ 25.103, 37.013 ], [ 25.15, 37.111 ] ] ], [ [ [ 25.526, 37.196 ], [ 25.595, 37.1 ], [ 25.553, 36.969 ], [ 25.45, 36.918 ], [ 25.342, 37.077 ], [ 25.526, 37.196 ] ] ], [ [ [ 25.307, 37.412 ], [ 25.348, 37.508 ], [ 25.463, 37.47 ], [ 25.395, 37.418 ], [ 25.307, 37.412 ] ] ], [ [ [ 25.216, 37.533 ], [ 25.091, 37.583 ], [ 24.998, 37.638 ], [ 25.053, 37.679 ], [ 25.246, 37.624 ], [ 25.216, 37.533 ] ] ], [ [ [ 24.916, 37.72 ], [ 24.684, 37.933 ], [ 24.757, 37.997 ], [ 24.841, 37.919 ], [ 24.954, 37.906 ], [ 24.992, 37.768 ], [ 24.916, 37.72 ] ] ] ] } },
{ "type": "Feature", "properties": { "id": "ottoman", "colorId": "turkey", "name": "Османская империя", "parent": null }, "geometry": { "type": "MultiPolygon", "coordinates": [ [ [ [ 24.273, 35.365 ], [ 24.34, 35.348 ], [ 24.721, 35.427 ], [ 24.971, 35.425 ], [ 25.055, 35.355 ], [ 25.376, 35.343 ], [ 25.482, 35.297 ], [ 25.639, 35.346 ], [ 25.766, 35.336 ], [ 25.713, 35.183 ], [ 25.818, 35.116 ], [ 25.897, 35.185 ], [ 26.067, 35.233 ], [ 26.155, 35.198 ], [ 26.321, 35.315 ], [ 26.266, 35.26 ], [ 26.294, 35.136 ], [ 26.241, 35.039 ], [ 26.147, 35.002 ], [ 25.985, 35.039 ], [ 25.808, 35.006 ], [ 25.601, 35.014 ], [ 25.304, 34.985 ], [ 25.097, 34.938 ], [ 24.739, 34.932 ], [ 24.759, 35.041 ], [ 24.708, 35.096 ], [ 24.565, 35.106 ], [ 24.402, 35.191 ], [ 24.031, 35.198 ], [ 23.827, 35.253 ], [ 23.587, 35.239 ], [ 23.518, 35.294 ], [ 23.605, 35.613 ], [ 23.642, 35.507 ], [ 23.718, 35.513 ], [ 23.742, 35.687 ], [ 23.817, 35.535 ], [ 24.0, 35.52 ], [ 24.183, 35.586 ], [ 24.273, 35.365 ] ] ], [ [ [ 26.301, 36.513 ], [ 26.266, 36.596 ], [ 26.362, 36.638 ], [ 26.459, 36.597 ], [ 26.301, 36.513 ] ] ], [ [ [ 26.058, 37.519 ], [ 25.98, 37.549 ], [ 26.074, 37.638 ], [ 26.197, 37.632 ], [ 26.362, 37.686 ], [ 26.231, 37.571 ], [ 26.058, 37.519 ] ] ], [ [ [ 25.868, 38.26 ], [ 25.992, 38.344 ], [ 25.849, 38.58 ], [ 25.995, 38.604 ], [ 26.164, 38.543 ], [ 26.164, 38.303 ], [ 26.01, 38.157 ], [ 25.868, 38.26 ] ] ], [ [ [ 26.109, 39.093 ], [ 26.293, 39.177 ], [ 26.173, 39.195 ], [ 26.043, 39.093 ], [ 25.835, 39.18 ], [ 25.859, 39.259 ], [ 26.163, 39.324 ], [ 26.164, 39.379 ], [ 26.343, 39.383 ], [ 26.38, 39.283 ], [ 26.471, 39.225 ], [ 26.612, 39.049 ], [ 26.424, 38.967 ], [ 26.166, 39.022 ], [ 26.109, 39.093 ] ] ], [ [ [ 25.197, 39.893 ], [ 25.047, 39.838 ], [ 25.033, 39.995 ], [ 25.225, 40.009 ], [ 25.287, 39.961 ], [ 25.45, 40.036 ], [ 25.348, 39.906 ], [ 25.349, 39.788 ], [ 25.197, 39.893 ] ] ], [ [ [ 25.766, 40.097 ], [ 25.663, 40.126 ], [ 25.759, 40.207 ], [ 25.913, 40.241 ], [ 26.012, 40.167 ], [ 25.766, 40.097 ] ] ], [ [ [ 25.462, 40.482 ], [ 25.576, 40.515 ], [ 25.691, 40.448 ], [ 25.589, 40.398 ], [ 25.462, 40.482 ] ] ], [ [ [ 24.786, 40.735 ], [ 24.782, 40.62 ], [ 24.642, 40.571 ], [ 24.517, 40.639 ], [ 24.533, 40.718 ], [ 24.642, 40.804 ], [ 24.786, 40.735 ] ] ], [ [ [ 21.085, 39.063 ], [ 21.003, 39.015 ], [ 20.834, 39.108 ], [ 20.735, 38.95 ], [ 20.687, 39.072 ], [ 20.366, 39.288 ], [ 20.134, 39.53 ], [ 20.182, 39.624 ], [ 20.0, 39.694 ], [ 20.164, 39.644 ], [ 20.299, 39.728 ], [ 20.273, 39.796 ], [ 20.393, 39.835 ], [ 20.31, 39.99 ], [ 20.433, 40.064 ], [ 20.64, 40.09 ], [ 20.707, 40.288 ], [ 20.827, 40.465 ], [ 20.912, 40.46 ], [ 21.014, 40.549 ], [ 21.037, 40.64 ], [ 20.944, 40.765 ], [ 20.965, 40.849 ], [ 20.94, 40.907 ], [ 20.766, 40.894 ], [ 20.664, 41.059 ], [ 20.577, 41.094 ], [ 20.478, 41.32 ], [ 20.54, 41.401 ], [ 20.444, 41.55 ], [ 20.529, 41.575 ], [ 20.5, 41.734 ], [ 20.567, 41.873 ], [ 20.681, 41.844 ], [ 20.75, 41.907 ], [ 20.765, 42.064 ], [ 21.098, 42.196 ], [ 21.144562202852516, 42.161625965728923 ], [ 21.287137762047795, 42.057898534468158 ], [ 21.497529496606369, 42.255914284640923 ], [ 21.621289340464351, 42.367298144113107 ], [ 21.667335629116856, 42.487814200929741 ], [ 21.761885975350424, 42.432843069398601 ], [ 22.270399520142199, 42.435258046414809 ], [ 22.345, 42.313 ], [ 22.469364438156273, 42.193168935922827 ], [ 22.561715939128597, 42.157987411742887 ], [ 22.90473579988295, 42.083226672860533 ], [ 23.035017381611777, 42.120607042301714 ], [ 23.327463801357474, 42.109612815995462 ], [ 23.465991052815962, 42.186572400139063 ], [ 23.621970049486009, 42.411632457717829 ], [ 23.909331972747317, 42.553699026521173 ], [ 24.367819535703561, 42.556927812175793 ], [ 24.56154667498085, 42.618274739613604 ], [ 25.071694808411035, 42.621503525268224 ], [ 25.213761377214379, 42.579529311758144 ], [ 25.359056731672343, 42.624732310922859 ], [ 25.539868728331143, 42.585986883067399 ], [ 26.075847146998299, 42.779714022344685 ], [ 26.34060757067726, 42.818459450200145 ], [ 26.702231563994861, 42.902407877220298 ], [ 27.800018686566148, 42.792629164963159 ], [ 27.892, 42.711 ], [ 27.743, 42.716 ], [ 27.628, 42.629 ], [ 27.65, 42.558 ], [ 27.511, 42.553 ], [ 27.453, 42.465 ], [ 27.629, 42.459 ], [ 27.78, 42.339 ], [ 27.751, 42.277 ], [ 27.987, 42.072 ], [ 28.017, 41.973 ], [ 28.045, 41.89 ], [ 27.972, 41.822 ], [ 28.083, 41.645 ], [ 28.233, 41.519 ], [ 28.384, 41.447 ], [ 28.908, 41.267 ], [ 29.109, 41.235 ], [ 28.982, 41.002 ], [ 28.822, 40.962 ], [ 28.595, 40.978 ], [ 28.237, 41.085 ], [ 28.013, 41.041 ], [ 27.959, 40.975 ], [ 27.738, 41.013 ], [ 27.524, 40.989 ], [ 27.425, 40.831 ], [ 27.178, 40.633 ], [ 27.048, 40.612 ], [ 26.683, 40.455 ], [ 26.617, 40.36 ], [ 26.346, 40.2 ], [ 26.376, 40.154 ], [ 26.157, 40.055 ], [ 26.26, 40.194 ], [ 26.21, 40.322 ], [ 26.596, 40.51 ], [ 26.829, 40.602 ], [ 26.79, 40.661 ], [ 26.506, 40.599 ], [ 26.077, 40.612 ], [ 26.044, 40.738 ], [ 25.952, 40.846 ], [ 25.538, 40.87 ], [ 25.3, 40.952 ], [ 25.039, 41.006 ], [ 24.802, 40.853 ], [ 24.635, 40.859 ], [ 24.567, 40.952 ], [ 24.392, 40.936 ], [ 24.341, 40.831 ], [ 24.11, 40.728 ], [ 23.809, 40.78 ], [ 23.692, 40.695 ], [ 23.907, 40.525 ], [ 23.819, 40.488 ], [ 23.964, 40.379 ], [ 24.011, 40.449 ], [ 24.109, 40.357 ], [ 24.233, 40.317 ], [ 24.383, 40.179 ], [ 24.3, 40.128 ], [ 24.169, 40.275 ], [ 23.923, 40.369 ], [ 23.7, 40.326 ], [ 23.779, 40.203 ], [ 23.991, 40.119 ], [ 23.991, 39.954 ], [ 23.785, 40.067 ], [ 23.675, 40.218 ], [ 23.398, 40.278 ], [ 23.338, 40.208 ], [ 23.499, 40.042 ], [ 23.67, 39.986 ], [ 23.703, 39.913 ], [ 23.471, 39.972 ], [ 23.361, 39.961 ], [ 23.299, 40.235 ], [ 23.029, 40.326 ], [ 22.898, 40.402 ], [ 22.822, 40.502 ], [ 22.983, 40.553 ], [ 22.91, 40.645 ], [ 22.75, 40.523 ], [ 22.579, 40.468 ], [ 22.661, 40.369 ], [ 22.553, 40.167 ], [ 22.571, 40.054 ], [ 22.71, 39.957 ], [ 22.859, 39.773 ], [ 22.925, 39.6 ], [ 23.102, 39.497 ], [ 23.271, 39.323 ], [ 23.344, 39.18 ], [ 23.101, 39.105 ], [ 23.212, 39.19 ], [ 23.151, 39.285 ], [ 22.936, 39.361 ], [ 22.843, 39.288 ], [ 22.854, 39.159 ], [ 22.95960933987757, 39.102578495844192 ], [ 22.755524669500645, 39.008747820224045 ], [ 22.645191009712654, 39.079238769533035 ], [ 22.482755343913674, 39.079238769533035 ], [ 22.265152848220694, 38.981164405277049 ], [ 21.983189050984723, 39.017942291873041 ], [ 21.900438806143733, 39.12521112777803 ], [ 21.805429265770744, 39.14360007107603 ], [ 21.639928776088759, 39.284581969694017 ], [ 21.480557934172776, 39.284581969694017 ], [ 21.287474029543798, 39.177313133789028 ], [ 21.16, 38.998 ], [ 21.085, 39.063 ] ] ], [ [ [ 48.397, 29.387 ], [ 48.269, 29.43 ], [ 48.338, 29.463 ], [ 48.397, 29.387 ] ] ], [ [ [ 48.229, 29.6 ], [ 48.162, 29.63 ], [ 48.046, 29.8 ], [ 48.095, 29.895 ], [ 48.194, 29.916 ], [ 48.189, 29.984 ], [ 48.344, 29.791 ], [ 48.353, 29.71 ], [ 48.229, 29.6 ] ] ], [ [ [ 33.9, 35.164 ], [ 34.012, 35.064 ], [ 34.022, 35.057 ], [ 34.099, 34.965 ], [ 33.892, 34.958 ], [ 33.782, 34.976 ], [ 33.781, 34.976 ], [ 33.702, 34.973 ], [ 33.606, 34.822 ], [ 33.246, 34.698 ], [ 33.072, 34.687 ], [ 33.016, 34.634 ], [ 32.941, 34.569 ], [ 32.914, 34.657 ], [ 32.761, 34.653 ], [ 32.666, 34.652 ], [ 32.413, 34.753 ], [ 32.329, 34.886 ], [ 32.287, 35.097 ], [ 32.45, 35.059 ], [ 32.585, 35.173 ], [ 32.602, 35.179 ], [ 32.641, 35.187 ], [ 32.66, 35.187 ], [ 32.692, 35.184 ], [ 32.711, 35.182 ], [ 32.865, 35.157 ], [ 32.929, 35.233 ], [ 32.92, 35.398 ], [ 33.428, 35.329 ], [ 33.66, 35.359 ], [ 34.036, 35.471 ], [ 34.182, 35.554 ], [ 34.593, 35.692 ], [ 34.573, 35.644 ], [ 34.138, 35.415 ], [ 34.059, 35.324 ], [ 33.924, 35.279 ], [ 33.9, 35.164 ] ] ], [ [ [ 27.068, 35.589 ], [ 27.232, 35.822 ], [ 27.159, 35.612 ], [ 27.212, 35.521 ], [ 27.158, 35.416 ], [ 27.093, 35.452 ], [ 27.068, 35.589 ] ] ], [ [ [ 27.089, 38.402 ], [ 27.154, 38.459 ], [ 26.935, 38.435 ], [ 26.753, 38.618 ], [ 26.719, 38.721 ], [ 26.889, 38.734 ], [ 26.897, 38.817 ], [ 27.063, 38.887 ], [ 27.041, 38.94 ], [ 26.856, 38.918 ], [ 26.806, 39.034 ], [ 26.883, 39.072 ], [ 26.738, 39.197 ], [ 26.719, 39.263 ], [ 26.609, 39.275 ], [ 26.926, 39.486 ], [ 26.893, 39.584 ], [ 26.457, 39.521 ], [ 26.362, 39.481 ], [ 26.074, 39.475 ], [ 26.148, 39.626 ], [ 26.153, 39.943 ], [ 26.198, 40.009 ], [ 26.311, 40.019 ], [ 26.408, 40.194 ], [ 26.501, 40.213 ], [ 26.736, 40.404 ], [ 27.013, 40.392 ], [ 27.096, 40.452 ], [ 27.303, 40.458 ], [ 27.338, 40.37 ], [ 27.452, 40.322 ], [ 27.79, 40.32 ], [ 27.792, 40.393 ], [ 27.684, 40.502 ], [ 27.76, 40.537 ], [ 28.034, 40.474 ], [ 27.904, 40.4 ], [ 28.487, 40.4 ], [ 28.638, 40.365 ], [ 28.772, 40.403 ], [ 28.957, 40.363 ], [ 29.152, 40.434 ], [ 28.774, 40.523 ], [ 28.986, 40.645 ], [ 29.282, 40.666 ], [ 29.501, 40.729 ], [ 29.56, 40.691 ], [ 29.753, 40.725 ], [ 29.924, 40.716 ], [ 29.929, 40.758 ], [ 29.666, 40.784 ], [ 29.357, 40.762 ], [ 29.241, 40.883 ], [ 29.028, 40.982 ], [ 29.069, 41.153 ], [ 29.232, 41.241 ], [ 29.885, 41.149 ], [ 30.137, 41.144 ], [ 30.271, 41.211 ], [ 30.833, 41.08 ], [ 31.231, 41.092 ], [ 31.401, 41.202 ], [ 31.404, 41.316 ], [ 31.659, 41.398 ], [ 32.039, 41.576 ], [ 32.134, 41.599 ], [ 32.263, 41.72 ], [ 32.4, 41.742 ], [ 32.613, 41.84 ], [ 32.926, 41.882 ], [ 33.324, 42.019 ], [ 33.874, 41.974 ], [ 34.004, 41.983 ], [ 34.331, 41.948 ], [ 34.483, 41.975 ], [ 34.694, 41.946 ], [ 34.889, 42.008 ], [ 34.948, 42.099 ], [ 35.138, 42.02 ], [ 35.093, 41.947 ], [ 35.225, 41.762 ], [ 35.53, 41.634 ], [ 35.62, 41.633 ], [ 35.957, 41.736 ], [ 36.12, 41.628 ], [ 36.042328916916141, 41.571337024947923 ], [ 35.993954321168736, 41.48338321449809 ], [ 35.903801665457657, 41.404224785093241 ], [ 35.88621090336769, 41.307475593598426 ], [ 35.763075568737925, 41.311873284120914 ], [ 35.657530996198126, 41.373440951435796 ], [ 35.556384114180815, 41.413020166138224 ], [ 35.477225684775966, 41.386634023003275 ], [ 35.336499588056235, 41.303077903075931 ], [ 35.261738849173881, 41.206328711581115 ], [ 35.147398895589099, 41.166749496878694 ], [ 34.989082036779401, 41.193135640013644 ], [ 34.843958249537174, 41.162351806356199 ], [ 34.817572106402224, 41.109579520086299 ], [ 34.879139773717107, 41.0568072338164 ], [ 35.099024299841687, 40.951262661276601 ], [ 35.151796586111587, 40.907285756051685 ], [ 35.037456632526805, 40.766559659331953 ], [ 34.909923607374552, 40.696196610972088 ], [ 34.725220605429904, 40.542277442684885 ], [ 34.575699127665189, 40.502698227982457 ], [ 34.390996125720541, 40.467516703802524 ], [ 34.250270029000809, 40.39275596492017 ], [ 33.916045549291447, 40.260825249245414 ], [ 33.911647858768951, 40.18606451036306 ], [ 33.737939083130534, 40.014554579985891 ], [ 33.731342547346799, 39.860635411698674 ], [ 33.673073147923787, 39.810061970690022 ], [ 33.68956448738313, 39.77817871440196 ], [ 34.094152015452359, 39.593475712457312 ], [ 34.243673493217074, 39.619861855592262 ], [ 34.349218065756872, 39.690224903952128 ], [ 34.56030721083647, 39.734201809177044 ], [ 34.788987118006027, 39.672634141862162 ], [ 34.868145547410876, 39.523112664097447 ], [ 34.841759404275926, 39.232865089613 ], [ 34.630670259196336, 38.793096037363846 ], [ 34.630670259196336, 38.538029987059332 ], [ 34.665851783376262, 38.476462319744449 ], [ 34.912122452635792, 38.388508509294617 ], [ 35.316709980705021, 38.353326985114684 ], [ 35.413459172199836, 38.256577793619869 ], [ 35.439845315334786, 38.107056315855154 ], [ 35.36948226697492, 38.019102505405321 ], [ 35.387073029064886, 37.904762551820539 ], [ 35.580571412054518, 37.887171789730573 ], [ 35.686115984594316, 37.931148694955489 ], [ 35.712502127729266, 38.054284029585254 ], [ 35.809251319224082, 38.09826093481017 ], [ 35.870818986538964, 38.177419364215019 ], [ 36.002749702213713, 38.274168555709835 ], [ 36.18745270415836, 38.282963936754818 ], [ 36.354564944013042, 38.318145460934751 ], [ 36.952650855071902, 38.195010126304986 ], [ 37.093376951791633, 38.186214745260003 ], [ 37.269284572691298, 38.300554698844785 ], [ 37.471578336725912, 38.344531604069701 ], [ 37.603509052400661, 38.476462319744449 ], [ 37.90255200793009, 38.599597654374215 ], [ 38.553257478209204, 38.666782710974537 ], [ 38.225652486133136, 38.030293012083888 ], [ 38.174171701664051, 37.482724668185327 ], [ 37.942508171553115, 37.344662564381835 ], [ 37.900387529714763, 37.190220210974545 ], [ 37.82, 36.761 ], [ 37.654, 36.732 ], [ 37.446, 36.634 ], [ 37.242, 36.659 ], [ 37.015, 36.642 ], [ 36.965, 36.754 ], [ 36.659, 36.828 ], [ 36.603, 36.747 ], [ 36.535, 36.494 ], [ 36.588, 36.325 ], [ 36.664, 36.229 ], [ 36.373, 36.228 ], [ 36.358, 35.994 ], [ 36.197, 35.952 ], [ 36.556622053288471, 35.703712559429412 ], [ 36.645543408280545, 35.702542541600572 ], [ 36.684153996632361, 35.735303040808184 ], [ 36.618632998217151, 35.854644859350181 ], [ 36.62097303387484, 36.019617373217066 ], [ 36.843276421355043, 36.372962757527688 ], [ 37.000058810420015, 36.504004754358114 ], [ 37.07259991580829, 36.529745146592653 ], [ 37.163861306458053, 36.532085182250341 ], [ 37.263312821909715, 36.463054130348596 ], [ 37.325323766838402, 36.436143720285209 ], [ 37.365104373019065, 36.37179273969884 ], [ 37.400204907884358, 36.282871384706759 ], [ 37.423605264461223, 36.247770849841466 ], [ 37.648248687599093, 36.212670314976172 ], [ 37.723129828645057, 36.216180368462702 ], [ 37.783970755744903, 36.27468125990486 ], [ 37.826091397583255, 36.282871384706759 ], [ 37.90682262777343, 36.354242472266193 ], [ 37.978193715332864, 36.536765253565711 ], [ 38.028504481973101, 36.591756091521333 ], [ 38.084665337757571, 36.60111623415208 ], [ 38.116255819136335, 36.629196662044315 ], [ 38.172416674920804, 36.630366679873156 ], [ 38.24144772682255, 36.587076020205963 ], [ 38.287078422147431, 36.584735984548274 ], [ 38.359619527535706, 36.504004754358107 ], [ 38.408760276347117, 36.43848375594289 ], [ 38.500021666996872, 36.501664718700418 ], [ 38.546822380150601, 36.523895057448435 ], [ 38.599473182448534, 36.598776198494406 ], [ 39.152891615491335, 36.530915164421479 ], [ 39.503896964144261, 36.301591669968232 ], [ 39.761300886489757, 36.2056502080031 ], [ 40.58733347365299, 36.317971919572038 ], [ 40.852671306390519, 36.319343885744779 ], [ 41.241, 36.043 ], [ 41.344, 35.858 ], [ 41.592963797543625, 36.010257230586284 ], [ 41.855047791204484, 35.963456517432562 ], [ 42.1920129259113, 35.944736232171074 ], [ 42.744261341125245, 36.225540511093421 ], [ 42.950184479001628, 36.206820225831926 ], [ 43.053146047939826, 35.92601594690958 ], [ 43.305869898969931, 35.673292095879475 ], [ 43.221628615293227, 35.411208102218616 ], [ 43.35267061212366, 35.233365392234461 ], [ 43.521153179477068, 35.224005249603721 ], [ 43.923639312599093, 35.420568244849363 ], [ 44.223163876782927, 35.71073266640245 ], [ 44.433767085974694, 35.71073266640245 ], [ 44.433767085974694, 35.612451168779629 ], [ 44.021920810221921, 35.153804179873127 ], [ 44.13424252179086, 35.018082111727331 ], [ 44.181043234944582, 34.844919473058553 ], [ 44.56480908280512, 34.718557547543497 ], [ 44.677130794374058, 34.433073197305774 ], [ 44.901774217511935, 34.348831913629077 ], [ 45.0936571414422, 34.222469988114021 ], [ 45.131097711965182, 33.90890520998407 ], [ 45.266819780110986, 33.899545067353323 ], [ 45.486, 33.939 ], [ 45.813949367323623, 33.904517643125935 ], [ 46.015569200131246, 33.585152125312256 ], [ 46.315686821487354, 33.275752515666788 ], [ 46.686966353061919, 32.988010878696507 ], [ 46.946862025164108, 32.808559105102134 ], [ 47.089185845601023, 32.6538593002794 ], [ 47.406320445487651, 32.496065499360242 ], [ 47.595054207371383, 32.233075831161592 ], [ 47.919923797499131, 31.87417228397285 ], [ 47.963239742849495, 31.39769688511883 ], [ 48.074623602321857, 30.998571388676179 ], [ 48.198383446180046, 30.772709673634985 ], [ 48.365459235388599, 30.556129946883157 ], [ 48.529441028500692, 30.432370103024972 ], [ 48.563474985561697, 30.345738212324239 ], [ 48.767678727927702, 30.184850415308595 ], [ 48.877, 30.024 ], [ 48.702, 30.032 ], [ 48.531, 29.961 ], [ 48.521, 29.929 ], [ 48.335, 29.961 ], [ 48.209, 30.024 ], [ 48.038, 30.037 ], [ 47.948, 29.994 ], [ 48.022, 29.78 ], [ 48.079, 29.744 ], [ 48.181, 29.562 ], [ 47.966, 29.576 ], [ 47.705, 29.364 ], [ 47.087567082533859, 29.645562171298579 ], [ 46.308335609155414, 29.980011078014108 ], [ 45.498072793916769, 30.431689498423733 ], [ 44.805816726417468, 30.995477392579723 ], [ 43.876786784438288, 31.829398962187735 ], [ 42.423041167771579, 32.968005554437461 ], [ 41.633992416264192, 33.446603784644651 ], [ 40.596137452956178, 34.216199626080694 ], [ 40.305889878471731, 34.260176531305611 ], [ 39.800155468385199, 34.145836577720829 ], [ 37.992704663641135, 34.233790388170661 ], [ 37.29786956108746, 34.04029200518103 ], [ 37.029610439215467, 33.868782074803853 ], [ 36.880088961450753, 33.666488310769239 ], [ 36.557223133269268, 33.278846511763255 ], [ 36.377771359674895, 32.74667918317305 ], [ 36.179755609501797, 31.880360276165739 ], [ 36.295744367503808, 31.582087948987645 ], [ 36.406311052329485, 31.266183135200006 ], [ 36.722215866117118, 30.486951261190498 ], [ 36.744797944615684, 30.355596835429481 ], [ 36.347148408195721, 29.737030889887297 ], [ 35.880769322271057, 29.535751494909288 ], [ 34.997, 29.534 ], [ 34.956, 29.559 ], [ 34.67916750272127, 29.869262813470193 ], [ 34.580159627634721, 30.129158485572386 ], [ 34.357391908689983, 30.469498056182402 ], [ 34.283136002375073, 30.741769712670415 ], [ 34.047, 31.229 ], [ 34.2, 31.314 ], [ 34.481, 31.583 ], [ 34.712, 31.952 ], [ 34.838, 32.281 ], [ 34.942, 32.725 ], [ 34.948, 32.814 ], [ 35.063, 32.858 ], [ 35.105, 33.089 ], [ 35.175, 33.17 ], [ 35.271, 33.458 ], [ 35.349, 33.514 ], [ 35.477, 33.804 ], [ 35.47, 33.902 ], [ 35.578, 33.917 ], [ 35.648, 34.119 ], [ 35.627, 34.201 ], [ 35.824, 34.461 ], [ 35.983, 34.539 ], [ 35.97, 34.65 ], [ 35.867, 34.924 ], [ 35.888, 35.109 ], [ 35.962, 35.198 ], [ 35.919, 35.418 ], [ 35.737, 35.562 ], [ 35.839, 35.742 ], [ 35.799, 35.85 ], [ 35.911, 35.918 ], [ 35.975, 36.019 ], [ 35.789, 36.32 ], [ 35.919, 36.448 ], [ 36.189, 36.604 ], [ 36.189, 36.802 ], [ 36.02, 36.926 ], [ 35.805, 36.775 ], [ 35.684, 36.765 ], [ 35.631, 36.607 ], [ 35.513, 36.613 ], [ 35.348, 36.544 ], [ 34.771, 36.816 ], [ 34.555, 36.768 ], [ 34.276, 36.587 ], [ 34.077, 36.414 ], [ 34.078, 36.329 ], [ 33.959, 36.214 ], [ 33.871, 36.315 ], [ 33.685, 36.143 ], [ 33.647, 36.193 ], [ 33.552, 36.128 ], [ 33.134, 36.132 ], [ 33.088, 36.083 ], [ 32.941, 36.104 ], [ 32.804, 36.027 ], [ 32.671, 36.047 ], [ 32.365, 36.178 ], [ 32.026, 36.543 ], [ 31.817, 36.59 ], [ 31.737, 36.642 ], [ 31.408, 36.763 ], [ 31.341, 36.809 ], [ 30.94, 36.857 ], [ 30.776, 36.85 ], [ 30.687, 36.891 ], [ 30.57, 36.781 ], [ 30.57, 36.528 ], [ 30.475, 36.402 ], [ 30.52, 36.342 ], [ 30.4, 36.248 ], [ 30.255, 36.308 ], [ 30.145, 36.254 ], [ 29.912, 36.217 ], [ 29.672, 36.123 ], [ 29.602, 36.207 ], [ 29.357, 36.236 ], [ 29.145, 36.349 ], [ 29.036, 36.545 ], [ 29.096, 36.665 ], [ 28.939, 36.751 ], [ 28.843, 36.638 ], [ 28.623, 36.699 ], [ 28.604, 36.816 ], [ 28.377, 36.854 ], [ 28.396, 36.789 ], [ 28.273, 36.852 ], [ 28.289, 36.743 ], [ 28.112, 36.604 ], [ 27.971, 36.693 ], [ 28.116, 36.719 ], [ 28.047, 36.763 ], [ 27.918, 36.74 ], [ 27.736, 36.761 ], [ 27.671, 36.658 ], [ 27.363, 36.685 ], [ 27.459, 36.756 ], [ 27.623, 36.802 ], [ 28.055, 36.809 ], [ 28.028, 36.926 ], [ 28.185, 36.939 ], [ 28.305, 37.051 ], [ 27.886, 37.026 ], [ 27.562, 36.973 ], [ 27.438, 37.028 ], [ 27.263, 36.963 ], [ 27.229, 37.062 ], [ 27.322, 37.124 ], [ 27.475, 37.093 ], [ 27.61, 37.2 ], [ 27.616, 37.275 ], [ 27.464, 37.252 ], [ 27.438, 37.391 ], [ 27.212, 37.357 ], [ 27.178, 37.467 ], [ 27.209, 37.597 ], [ 27.011, 37.666 ], [ 27.25, 37.744 ], [ 27.239, 37.988 ], [ 27.116, 37.994 ], [ 26.949, 38.067 ], [ 26.865, 38.04 ], [ 26.76, 38.217 ], [ 26.636, 38.204 ], [ 26.589, 38.108 ], [ 26.442, 38.212 ], [ 26.235, 38.274 ], [ 26.314, 38.337 ], [ 26.476, 38.367 ], [ 26.513, 38.433 ], [ 26.404, 38.488 ], [ 26.349, 38.621 ], [ 26.414, 38.679 ], [ 26.506, 38.653 ], [ 26.63, 38.519 ], [ 26.612, 38.416 ], [ 26.673, 38.307 ], [ 26.725, 38.433 ], [ 26.767, 38.364 ], [ 27.089, 38.402 ] ] ], [ [ [ 27.712, 35.953 ], [ 27.757, 36.084 ], [ 27.684, 36.158 ], [ 27.772, 36.198 ], [ 27.9, 36.34 ], [ 28.118, 36.428 ], [ 28.24, 36.433 ], [ 28.131, 36.185 ], [ 27.78, 35.89 ], [ 27.712, 35.953 ] ] ], [ [ [ 26.918, 36.716 ], [ 27.061, 36.839 ], [ 27.281, 36.908 ], [ 27.356, 36.863 ], [ 27.13, 36.761 ], [ 27.048, 36.775 ], [ 26.918, 36.716 ] ] ], [ [ [ 26.912, 36.946 ], [ 26.951, 37.021 ], [ 27.024, 36.945 ], [ 26.912, 36.946 ] ] ], [ [ [ 27.068, 37.774 ], [ 27.048, 37.727 ], [ 26.861, 37.643 ], [ 26.708, 37.714 ], [ 26.623, 37.679 ], [ 26.58, 37.741 ], [ 26.658, 37.793 ], [ 26.842, 37.809 ], [ 27.068, 37.774 ] ] ], [ [ [ 27.658, 40.653 ], [ 27.605, 40.577 ], [ 27.526, 40.639 ], [ 27.658, 40.653 ] ] ] ] } },
{ "type": "Feature", "properties": { "id": "britain", "colorId": "britain", "name": "Великобритания", "parent": null }, "geometry": { "type": "MultiPolygon", "coordinates": [ [ [ [ -5.764, -16.016 ], [ -5.722, -15.909 ], [ -5.663, -15.98 ], [ -5.764, -16.016 ] ] ], [ [ [ -14.356, -7.885 ], [ -14.295, -7.945 ], [ -14.406, -7.974 ], [ -14.356, -7.885 ] ] ], [ [ [ -64.858, 32.255 ], [ -64.676, 32.389 ], [ -64.656, 32.35 ], [ -64.858, 32.255 ] ] ], [ [ [ -7.31, 54.115 ], [ -7.609, 54.14 ], [ -7.837, 54.204 ], [ -7.895, 54.294 ], [ -8.174, 54.462 ], [ -8.002, 54.543 ], [ -7.849, 54.541 ], [ -7.754, 54.614 ], [ -7.907, 54.661 ], [ -7.846, 54.731 ], [ -7.543, 54.742 ], [ -7.405, 55.004 ], [ -7.247, 55.069 ], [ -7.065, 55.044 ], [ -6.963, 55.195 ], [ -6.755, 55.178 ], [ -6.476, 55.249 ], [ -6.101, 55.212 ], [ -6.062, 55.074 ], [ -5.976, 55.053 ], [ -5.798, 54.845 ], [ -5.702, 54.825 ], [ -5.748, 54.68 ], [ -5.537, 54.657 ], [ -5.433, 54.466 ], [ -5.502, 54.34 ], [ -5.553, 54.299 ], [ -5.862, 54.231 ], [ -5.912, 54.091 ], [ -6.041, 54.036 ], [ -6.27, 54.098 ], [ -6.616, 54.037 ], [ -6.64, 54.168 ], [ -6.788, 54.203 ], [ -6.88, 54.342 ], [ -7.049, 54.412 ], [ -7.209, 54.293 ], [ -7.146, 54.252 ], [ -7.31, 54.115 ] ] ], [ [ [ -6.024, 55.682 ], [ -6.311, 55.583 ], [ -6.243, 55.66 ], [ -6.349, 55.773 ], [ -6.504, 55.681 ], [ -6.453, 55.841 ], [ -6.14, 55.941 ], [ -6.03, 55.729 ], [ -6.024, 55.682 ] ] ], [ [ [ -5.74, 56.076 ], [ -5.962, 55.805 ], [ -6.062, 55.809 ], [ -6.075, 55.916 ], [ -5.798, 56.113 ], [ -5.74, 56.076 ] ] ], [ [ [ -6.058, 56.64 ], [ -5.952, 56.524 ], [ -5.722, 56.49 ], [ -5.688, 56.435 ], [ -5.809, 56.319 ], [ -5.915, 56.336 ], [ -6.328, 56.277 ], [ -6.179, 56.36 ], [ -6.127, 56.474 ], [ -6.338, 56.552 ], [ -6.325, 56.606 ], [ -6.058, 56.64 ] ] ], [ [ [ -6.455, 57.004 ], [ -6.325, 57.059 ], [ -6.304, 56.944 ], [ -6.455, 57.004 ] ] ], [ [ [ -7.455, 57.237 ], [ -7.428, 57.388 ], [ -7.244, 57.326 ], [ -7.2, 57.291 ], [ -7.353, 57.1 ], [ -7.455, 57.237 ] ] ], [ [ [ -6.784, 57.456 ], [ -6.564, 57.504 ], [ -6.64, 57.607 ], [ -6.387, 57.517 ], [ -6.416, 57.646 ], [ -6.311, 57.703 ], [ -6.154, 57.59 ], [ -6.159, 57.407 ], [ -5.901, 57.243 ], [ -5.942, 57.155 ], [ -6.024, 57.196 ], [ -6.318, 57.161 ], [ -6.564, 57.347 ], [ -6.672, 57.356 ], [ -6.784, 57.456 ] ] ], [ [ [ -7.264, 57.483 ], [ -7.205, 57.419 ], [ -7.408, 57.446 ], [ -7.264, 57.483 ] ] ], [ [ [ -7.545, 57.593 ], [ -7.477, 57.662 ], [ -7.129, 57.653 ], [ -7.216, 57.641 ], [ -7.158, 57.511 ], [ -7.545, 57.593 ] ] ], [ [ [ -7.113, 57.99 ], [ -7.126, 58.124 ], [ -7.031, 58.245 ], [ -6.888, 58.168 ], [ -6.709, 58.189 ], [ -6.819, 58.285 ], [ -6.267, 58.512 ], [ -6.167, 58.347 ], [ -6.366, 58.237 ], [ -6.161, 58.259 ], [ -6.215, 58.189 ], [ -6.4, 58.21 ], [ -6.352, 58.039 ], [ -6.537, 57.921 ], [ -6.955, 57.744 ], [ -7.102, 57.811 ], [ -6.839, 57.936 ], [ -7.113, 57.99 ] ] ], [ [ [ -2.083, 49.26 ], [ -2.025, 49.171 ], [ -2.234, 49.185 ], [ -2.242, 49.248 ], [ -2.083, 49.26 ] ] ], [ [ [ -2.58, 49.494 ], [ -2.534, 49.436 ], [ -2.669, 49.431 ], [ -2.58, 49.494 ] ] ], [ [ [ -1.168, 50.603 ], [ -1.316, 50.589 ], [ -1.497, 50.672 ], [ -1.296, 50.773 ], [ -1.083, 50.713 ], [ -1.168, 50.603 ] ] ], [ [ [ -4.571, 53.275 ], [ -4.571, 53.393 ], [ -4.277, 53.401 ], [ -4.203, 53.298 ], [ -4.098, 53.31 ], [ -4.098, 53.25 ], [ -4.413, 53.132 ], [ -4.571, 53.275 ] ] ], [ [ [ -4.531, 54.366 ], [ -4.351, 54.414 ], [ -4.312, 54.287 ], [ -4.391, 54.195 ], [ -4.612, 54.057 ], [ -4.79, 54.064 ], [ -4.71, 54.221 ], [ -4.531, 54.366 ] ] ], [ [ [ -3.058, 53.435 ], [ -3.097, 53.544 ], [ -3.049, 53.77 ], [ -3.018, 53.932 ], [ -3.145, 54.1 ], [ -3.241, 54.112 ], [ -3.474, 54.394 ], [ -3.634, 54.513 ], [ -3.388, 54.883 ], [ -3.598, 54.878 ], [ -3.844, 54.866 ], [ -3.964, 54.772 ], [ -4.174, 54.792 ], [ -4.403, 54.907 ], [ -4.348, 54.807 ], [ -4.372, 54.682 ], [ -4.859, 54.866 ], [ -4.954, 54.81 ], [ -4.859, 54.633 ], [ -5.128, 54.849 ], [ -5.171, 55.009 ], [ -5.061, 54.931 ], [ -5.008, 55.141 ], [ -4.882, 55.219 ], [ -4.833, 55.331 ], [ -4.618, 55.496 ], [ -4.671, 55.584 ], [ -4.921, 55.709 ], [ -4.861, 55.757 ], [ -4.893, 55.893 ], [ -4.786, 55.957 ], [ -4.852, 56.113 ], [ -4.983, 55.871 ], [ -5.172, 55.936 ], [ -5.335, 55.897 ], [ -5.314, 56.012 ], [ -5.448, 56.022 ], [ -5.407, 55.866 ], [ -5.318, 55.783 ], [ -5.49, 55.645 ], [ -5.455, 55.592 ], [ -5.546, 55.449 ], [ -5.515, 55.374 ], [ -5.64, 55.304 ], [ -5.783, 55.314 ], [ -5.716, 55.448 ], [ -5.681, 55.674 ], [ -5.613, 55.764 ], [ -5.696, 55.982 ], [ -5.51, 56.188 ], [ -5.598, 56.259 ], [ -5.667, 56.498 ], [ -6.003, 56.619 ], [ -5.897, 56.675 ], [ -6.223, 56.695 ], [ -6.181, 56.755 ], [ -5.948, 56.783 ], [ -5.852, 56.747 ], [ -5.875, 56.887 ], [ -5.791, 57.059 ], [ -5.839, 57.579 ], [ -5.654, 57.532 ], [ -5.791, 57.696 ], [ -5.807, 57.844 ], [ -5.613, 57.929 ], [ -5.455, 57.854 ], [ -5.366, 57.943 ], [ -5.447, 58.084 ], [ -5.301, 58.07 ], [ -5.393, 58.245 ], [ -5.096, 58.277 ], [ -5.173, 58.354 ], [ -5.05, 58.454 ], [ -5.104, 58.514 ], [ -4.988, 58.628 ], [ -4.66, 58.556 ], [ -3.81, 58.573 ], [ -3.598, 58.627 ], [ -3.364, 58.601 ], [ -3.413, 58.656 ], [ -3.019, 58.64 ], [ -3.129, 58.513 ], [ -3.086, 58.414 ], [ -3.221, 58.306 ], [ -4.078, 57.943 ], [ -4.04, 57.818 ], [ -3.79, 57.831 ], [ -4.249, 57.497 ], [ -3.591, 57.641 ], [ -3.492, 57.713 ], [ -3.285, 57.72 ], [ -3.079, 57.669 ], [ -2.916, 57.703 ], [ -2.526, 57.669 ], [ -1.932, 57.682 ], [ -1.759, 57.474 ], [ -1.98, 57.319 ], [ -2.049, 57.119 ], [ -2.22, 56.873 ], [ -2.441, 56.735 ], [ -2.53, 56.581 ], [ -2.765, 56.476 ], [ -2.885, 56.458 ], [ -2.838, 56.366 ], [ -2.577, 56.284 ], [ -2.784, 56.192 ], [ -2.635, 56.058 ], [ -2.308, 55.935 ], [ -2.147, 55.917 ], [ -1.816, 55.633 ], [ -1.631, 55.585 ], [ -1.522, 55.167 ], [ -1.37, 54.976 ], [ -1.297, 54.78 ], [ -1.104, 54.625 ], [ -0.788, 54.561 ], [ -0.563, 54.477 ], [ -0.398, 54.269 ], [ -0.234, 54.16 ], [ -0.076, 54.112 ], [ -0.219, 54.023 ], [ -0.151, 53.899 ], [ 0.133, 53.643 ], [ -0.045, 53.626 ], [ -0.305, 53.74 ], [ -0.189, 53.62 ], [ 0.152, 53.476 ], [ 0.342, 53.226 ], [ 0.33, 53.086 ], [ 0.161, 53.009 ], [ 0.01, 52.886 ], [ 0.093, 52.893 ], [ 0.247, 52.796 ], [ 0.379, 52.791 ], [ 0.57, 52.969 ], [ 0.966, 52.974 ], [ 1.275, 52.929 ], [ 1.644, 52.776 ], [ 1.747, 52.625 ], [ 1.771, 52.486 ], [ 1.631, 52.27 ], [ 1.582, 52.081 ], [ 1.472, 52.056 ], [ 1.2, 51.878 ], [ 1.276, 51.845 ], [ 1.135, 51.782 ], [ 0.977, 51.825 ], [ 0.952, 51.617 ], [ 0.873, 51.559 ], [ 0.555, 51.412 ], [ 0.764, 51.364 ], [ 0.977, 51.349 ], [ 1.424, 51.392 ], [ 1.413, 51.222 ], [ 1.357, 51.131 ], [ 1.028, 51.042 ], [ 0.98, 50.918 ], [ 0.802, 50.939 ], [ 0.624, 50.859 ], [ 0.365, 50.819 ], [ 0.271, 50.747 ], [ -0.173, 50.829 ], [ -0.569, 50.802 ], [ -0.813, 50.735 ], [ -0.864, 50.802 ], [ -1.021, 50.844 ], [ -1.151, 50.781 ], [ -1.317, 50.8 ], [ -1.94, 50.691 ], [ -1.984, 50.597 ], [ -2.436, 50.638 ], [ -2.466, 50.585 ], [ -2.693, 50.693 ], [ -2.865, 50.734 ], [ -3.26, 50.675 ], [ -3.495, 50.548 ], [ -3.487, 50.412 ], [ -3.632, 50.312 ], [ -3.646, 50.226 ], [ -3.789, 50.212 ], [ -3.95, 50.319 ], [ -4.033, 50.295 ], [ -4.166, 50.376 ], [ -4.16, 50.459 ], [ -4.273, 50.382 ], [ -4.495, 50.328 ], [ -4.752, 50.33 ], [ -4.8, 50.23 ], [ -5.053, 50.196 ], [ -5.057, 50.061 ], [ -5.191, 49.959 ], [ -5.324, 50.09 ], [ -5.475, 50.13 ], [ -5.578, 50.055 ], [ -5.705, 50.052 ], [ -5.685, 50.162 ], [ -5.511, 50.219 ], [ -5.438, 50.194 ], [ -5.05, 50.429 ], [ -5.025, 50.524 ], [ -4.792, 50.595 ], [ -4.55, 50.81 ], [ -4.526, 51.015 ], [ -4.338, 50.997 ], [ -4.208, 51.076 ], [ -4.256, 51.152 ], [ -4.152, 51.212 ], [ -3.769, 51.248 ], [ -3.385, 51.186 ], [ -3.022, 51.192 ], [ -3.011, 51.311 ], [ -2.816, 51.474 ], [ -2.716, 51.5 ], [ -2.482, 51.743 ], [ -2.665, 51.617 ], [ -2.859, 51.546 ], [ -2.975, 51.563 ], [ -3.173, 51.453 ], [ -3.185, 51.398 ], [ -3.539, 51.399 ], [ -3.738, 51.491 ], [ -3.855, 51.624 ], [ -3.975, 51.563 ], [ -4.29, 51.556 ], [ -4.294, 51.672 ], [ -4.393, 51.764 ], [ -4.678, 51.717 ], [ -4.712, 51.65 ], [ -4.941, 51.597 ], [ -5.046, 51.627 ], [ -5.01, 51.706 ], [ -5.23, 51.73 ], [ -5.107, 51.788 ], [ -5.14, 51.864 ], [ -5.289, 51.917 ], [ -5.12, 51.959 ], [ -5.081, 52.021 ], [ -4.832, 52.019 ], [ -4.638, 52.138 ], [ -4.514, 52.136 ], [ -4.197, 52.279 ], [ -4.096, 52.388 ], [ -4.053, 52.542 ], [ -4.125, 52.604 ], [ -4.049, 52.722 ], [ -4.149, 52.812 ], [ -4.1, 52.914 ], [ -4.407, 52.893 ], [ -4.516, 52.789 ], [ -4.763, 52.789 ], [ -4.596, 52.928 ], [ -4.358, 53.028 ], [ -4.341, 53.113 ], [ -4.152, 53.228 ], [ -3.831, 53.289 ], [ -3.562, 53.294 ], [ -3.33, 53.352 ], [ -3.185, 53.377 ], [ -3.058, 53.435 ] ] ], [ [ [ -5.071, 55.509 ], [ -5.164, 55.435 ], [ -5.346, 55.483 ], [ -5.355, 55.69 ], [ -5.16, 55.676 ], [ -5.071, 55.509 ] ] ], [ [ [ -5.081, 55.88 ], [ -5.03, 55.749 ], [ -5.2, 55.911 ], [ -5.081, 55.88 ] ] ], [ [ [ -3.349, 58.929 ], [ -3.173, 58.82 ], [ -3.248, 58.792 ], [ -3.43, 58.875 ], [ -3.349, 58.929 ] ] ], [ [ [ -3.367, 59.016 ], [ -3.324, 59.127 ], [ -3.085, 59.128 ], [ -2.994, 59.073 ], [ -3.132, 59.005 ], [ -2.728, 58.971 ], [ -2.839, 58.883 ], [ -2.981, 58.96 ], [ -3.203, 58.916 ], [ -3.367, 59.016 ] ] ], [ [ [ -1.295, 60.492 ], [ -1.097, 60.416 ], [ -1.075, 60.321 ], [ -1.199, 60.204 ], [ -1.165, 60.06 ], [ -1.275, 59.882 ], [ -1.376, 59.909 ], [ -1.263, 60.115 ], [ -1.268, 60.245 ], [ -1.455, 60.156 ], [ -1.504, 60.243 ], [ -1.615, 60.216 ], [ -1.657, 60.306 ], [ -1.364, 60.321 ], [ -1.446, 60.492 ], [ -1.609, 60.483 ], [ -1.419, 60.608 ], [ -1.326, 60.611 ], [ -1.295, 60.492 ] ] ], [ [ [ -1.092, 60.735 ], [ -0.987, 60.698 ], [ -1.032, 60.501 ], [ -1.154, 60.508 ], [ -1.171, 60.646 ], [ -1.092, 60.735 ] ] ], [ [ [ -0.881, 60.845 ], [ -0.761, 60.8 ], [ -0.905, 60.684 ], [ -0.966, 60.725 ], [ -0.881, 60.845 ] ] ] ] } },
{ "type": "Feature", "properties": { "id": "aut_bohemia1806", "colorId": "austria", "name": null, "parent": "austria1806" }, "geometry": { "type": "MultiPolygon", "coordinates": [ [ [ [ 18.523466051834188, 49.497839700919194 ], [ 18.307597762412634, 49.303031732416819 ], [ 18.175970756667784, 49.292501571957231 ], [ 18.11805487414005, 49.129284084833621 ], [ 18.023283430003758, 49.029247560467532 ], [ 17.912716745178084, 49.008187239548356 ], [ 17.717908776675706, 48.860764993114124 ], [ 17.528365888403126, 48.866030073343921 ], [ 17.42832936403704, 48.839704672194948 ], [ 17.328292839670954, 48.866030073343921 ], [ 17.080834068870633, 48.871295153573719 ], [ 17.001857865423727, 48.805481650701289 ], [ 16.945, 48.604 ], [ 16.873, 48.719 ], [ 16.436, 48.795 ], [ 16.358, 48.727 ], [ 16.032, 48.758 ], [ 15.818, 48.872 ], [ 15.681, 48.858 ], [ 15.263, 48.983 ], [ 14.982, 49.008 ], [ 14.919, 48.762 ], [ 14.8, 48.777 ], [ 14.696, 48.59 ], [ 14.458, 48.643 ], [ 14.316, 48.558 ], [ 14.075, 48.592 ], [ 13.982, 48.706 ], [ 13.816, 48.766 ], [ 13.609, 48.946 ], [ 13.482, 48.938 ], [ 13.3, 49.094 ], [ 13.179, 49.118 ], [ 13.0, 49.295 ], [ 12.798, 49.328 ], [ 12.644, 49.429 ], [ 12.623, 49.51 ], [ 12.384, 49.743 ], [ 12.524, 49.905 ], [ 12.468, 49.97 ], [ 12.247, 50.045 ], [ 12.076, 50.315 ], [ 12.233, 50.259 ], [ 12.283, 50.162 ], [ 12.336, 50.259 ], [ 12.51, 50.389 ], [ 12.826, 50.441 ], [ 12.918, 50.405 ], [ 13.01, 50.493 ], [ 13.16, 50.497 ], [ 13.232, 50.582 ], [ 13.448, 50.597 ], [ 13.602, 50.712 ], [ 13.835, 50.724 ], [ 13.893, 50.78 ], [ 14.347, 50.88 ], [ 14.238, 50.982 ], [ 14.288, 51.037 ], [ 14.494, 51.017 ], [ 14.635, 50.909 ], [ 14.613, 50.846 ], [ 14.775, 50.813 ], [ 14.81, 50.858 ], [ 14.961, 50.993 ], [ 15.347983204445407, 51.069947366330389 ], [ 15.27, 50.953 ], [ 15.35, 50.784 ], [ 15.442, 50.8 ], [ 15.941, 50.688 ], [ 15.982, 50.604 ], [ 16.086, 50.647 ], [ 16.332, 50.644 ], [ 16.383, 50.514 ], [ 16.19, 50.424 ], [ 16.334, 50.372 ], [ 16.701, 50.095 ], [ 16.96, 50.232 ], [ 16.866, 50.422 ], [ 17.176, 50.381 ], [ 17.335, 50.27 ], [ 17.606, 50.258 ], [ 17.685, 50.312 ], [ 17.738, 50.202 ], [ 17.589, 50.163 ], [ 17.732, 50.095 ], [ 17.839, 49.974 ], [ 18.048292561095284, 50.079631066311357 ], [ 18.253630690057246, 49.953269140796301 ], [ 18.52214978177674, 49.926943739647328 ], [ 19.067085585560417, 50.042775504702796 ], [ 19.148694329122225, 49.971696921600575 ], [ 19.082880826249799, 49.892720718153669 ], [ 19.080248286134903, 49.774256412983306 ], [ 18.959151440849642, 49.682117508961909 ], [ 18.932, 49.504 ], [ 18.833, 49.51 ], [ 18.770924822634505, 49.53732780264265 ], [ 18.523466051834188, 49.497839700919194 ] ] ] ] } },
{ "type": "Feature", "properties": { "id": "khiva1747", "colorId": "khiva", "name": "Хива", "parent": null }, "geometry": { "type": "MultiPolygon", "coordinates": [ [ [ [ 61.654, 41.249 ], [ 61.775245181521889, 40.219823734983812 ], [ 61.975185977066303, 39.732630282779681 ], [ 60.978096607047874, 39.536481554251466 ], [ 60.06273587391621, 39.528308690562788 ], [ 59.784858508501216, 39.84705037442113 ], [ 59.180066595539223, 40.280212149920935 ], [ 58.771423411105438, 40.525398060581203 ], [ 58.076729997568016, 41.326338702071418 ], [ 57.932011966504213, 42.188762702934667 ], [ 58.020027819129751, 43.079923210768285 ], [ 58.102542680966188, 43.343970768644908 ], [ 58.982701207221609, 44.185622359376644 ], [ 59.642820101913173, 44.631202613293453 ], [ 60.554679068353906, 44.591795010399174 ], [ 61.002909561890192, 43.660854754593053 ], [ 61.306327126745515, 43.185040846069931 ], [ 61.526994446640302, 42.598893277599416 ], [ 61.654, 41.249 ] ] ] ] } },
{ "type": "Feature", "properties": { "id": "dahomey", "colorId": "dahomey", "name": "Дагомея", "parent": null }, "geometry": { "type": "MultiPolygon", "coordinates": [ [ [ [ 1.301350755737996, 8.524941935200212 ], [ 1.419172840603173, 8.58876223116885 ], [ 1.522267164860203, 8.68694730188983 ], [ 2.116286842722137, 8.68694730188983 ], [ 2.425569815493227, 8.402210596798987 ], [ 2.486935484693841, 8.137110905852342 ], [ 2.489390111461865, 7.950559271482478 ], [ 2.553210407430502, 7.594638390118924 ], [ 2.680850999367778, 7.513635706774111 ], [ 2.761853682712587, 7.349175713316468 ], [ 2.705397267048023, 7.162624078946604 ], [ 2.484480857925816, 7.07916676883377 ], [ 2.057375800289549, 7.081621395601795 ], [ 1.753002081054508, 7.169987959250678 ], [ 1.522267164860203, 7.169987959250678 ], [ 1.316078516346143, 7.282900790579806 ], [ 1.210951354097032, 7.436809907215843 ], [ 1.205297562151318, 8.194418027941461 ], [ 1.301350755737996, 8.524941935200212 ] ] ] ] } },
{ "type": "Feature", "properties": { "id": "fr_guyane1768", "colorId": "france", "name": null, "parent": "france1768" }, "geometry": { "type": "MultiPolygon", "coordinates": [ [ [ [ -54.479, 4.755 ], [ -54.482, 4.913 ], [ -54.43, 5.053 ], [ -54.269, 5.269 ], [ -54.171, 5.348 ], [ -54.061, 5.437 ], [ -53.944, 5.745 ], [ -53.81, 5.731 ], [ -53.517, 5.581 ], [ -53.281, 5.562 ], [ -52.995, 5.458 ], [ -52.783, 5.317 ], [ -52.753, 5.267 ], [ -52.402, 4.974 ], [ -52.389, 4.896 ], [ -52.3, 4.945 ], [ -51.996, 4.652 ], [ -51.896, 4.665 ], [ -51.793, 4.601 ], [ -51.717, 4.334 ], [ -51.651, 4.19 ], [ -51.683, 4.039 ], [ -51.783, 3.981 ], [ -51.835, 3.868 ], [ -51.988, 3.705 ], [ -52.013, 3.619 ], [ -52.228, 3.26 ], [ -52.362, 3.132 ], [ -52.353, 3.058 ], [ -52.572, 2.639 ], [ -52.553, 2.573 ], [ -52.708, 2.359 ], [ -52.88, 2.26 ], [ -52.96, 2.175 ], [ -53.132, 2.219 ], [ -53.253, 2.197 ], [ -53.234, 2.251 ], [ -53.344, 2.35 ], [ -53.532, 2.247 ], [ -53.831, 2.31 ], [ -54.135, 2.111 ], [ -54.477, 2.214 ], [ -54.615, 2.326 ], [ -54.52, 2.349 ], [ -54.493, 2.417 ], [ -54.359, 2.508 ], [ -54.213, 2.776 ], [ -54.163, 2.97 ], [ -54.211, 3.127 ], [ -54.003, 3.455 ], [ -53.989, 3.611 ], [ -54.05, 3.635 ], [ -54.126, 3.789 ], [ -54.187, 3.815 ], [ -54.344, 4.025 ], [ -54.339, 4.152 ], [ -54.393, 4.244 ], [ -54.451, 4.484 ], [ -54.435, 4.709 ], [ -54.479, 4.755 ] ] ] ] } },
{ "type": "Feature", "properties": { "id": "new_granada", "colorId": "spain", "name": null, "parent": "spain" }, "geometry": { "type": "MultiPolygon", "coordinates": [ [ [ [ -78.107, 2.513 ], [ -78.216, 2.597 ], [ -78.205, 2.687 ], [ -78.131, 2.627 ], [ -78.107, 2.513 ] ] ], [ [ [ -77.902, 2.696 ], [ -77.785, 2.594 ], [ -77.888, 2.594 ], [ -77.902, 2.696 ] ] ], [ [ [ -80.121797153575173, -3.024718525591843 ], [ -80.251669132576751, -3.007168258159196 ], [ -80.262199293036346, -2.849215851265377 ], [ -80.321, -2.711 ], [ -80.468, -2.618 ], [ -80.657, -2.416 ], [ -80.914, -2.319 ], [ -81.013, -2.167 ], [ -80.871, -2.203 ], [ -80.745, -2.103 ], [ -80.733, -1.904 ], [ -80.782, -1.737 ], [ -80.85, -1.616 ], [ -80.771, -1.478 ], [ -80.744, -1.344 ], [ -80.834, -1.231 ], [ -80.916, -1.066 ], [ -80.816, -0.946 ], [ -80.616, -0.941 ], [ -80.547, -0.888 ], [ -80.462, -0.618 ], [ -80.496, -0.381 ], [ -80.371, -0.223 ], [ -80.232, -0.14 ], [ -80.066, 0.052 ], [ -80.037, 0.176 ], [ -80.048, 0.318 ], [ -79.991, 0.365 ], [ -80.036, 0.439 ], [ -80.017, 0.559 ], [ -80.109, 0.738 ], [ -80.046, 0.84 ], [ -79.862, 0.876 ], [ -79.766, 0.955 ], [ -79.572, 0.984 ], [ -79.457, 1.072 ], [ -79.248, 1.08 ], [ -79.147, 1.11 ], [ -79.072, 1.21 ], [ -78.992, 1.12 ], [ -78.958, 1.163 ], [ -78.955, 1.207 ], [ -78.929, 1.243 ], [ -78.893, 1.245 ], [ -78.855, 1.292 ], [ -78.829, 1.434 ], [ -78.9, 1.545 ], [ -79.022, 1.638 ], [ -78.846, 1.822 ], [ -78.759, 1.831 ], [ -78.571, 1.782 ], [ -78.548, 1.921 ], [ -78.586, 2.0 ], [ -78.666, 1.983 ], [ -78.703, 2.19 ], [ -78.559, 2.449 ], [ -78.432, 2.587 ], [ -78.334, 2.647 ], [ -78.278, 2.543 ], [ -78.27, 2.635 ], [ -78.184, 2.515 ], [ -78.087, 2.511 ], [ -78.105, 2.642 ], [ -77.95, 2.675 ], [ -77.904, 2.58 ], [ -77.778, 2.578 ], [ -77.786, 2.795 ], [ -77.643, 2.898 ], [ -77.623, 2.982 ], [ -77.722, 2.982 ], [ -77.571, 3.138 ], [ -77.367, 3.402 ], [ -77.285, 3.581 ], [ -77.171, 3.677 ], [ -77.195, 3.758 ], [ -77.032, 3.922 ], [ -77.253, 3.841 ], [ -77.312, 3.908 ], [ -77.189, 4.067 ], [ -77.264, 4.108 ], [ -77.346, 3.93 ], [ -77.425, 4.005 ], [ -77.435, 4.155 ], [ -77.236, 4.265 ], [ -77.337, 4.269 ], [ -77.387, 4.347 ], [ -77.32, 4.547 ], [ -77.326, 4.753 ], [ -77.367, 4.999 ], [ -77.361, 5.253 ], [ -77.408, 5.465 ], [ -77.552, 5.492 ], [ -77.491, 5.595 ], [ -77.356, 5.608 ], [ -77.261, 5.701 ], [ -77.246, 5.787 ], [ -77.353, 6.026 ], [ -77.367, 5.999 ], [ -77.484, 6.189 ], [ -77.477, 6.301 ], [ -77.415, 6.239 ], [ -77.399, 6.388 ], [ -77.343, 6.544 ], [ -77.463, 6.721 ], [ -77.538, 6.664 ], [ -77.573, 6.801 ], [ -77.683, 6.876 ], [ -77.653, 6.977 ], [ -77.689, 7.055 ], [ -77.896, 7.235 ], [ -77.82, 7.477 ], [ -77.734, 7.552 ], [ -77.771, 7.669 ], [ -77.74, 7.719 ], [ -77.613, 7.537 ], [ -77.34, 7.707 ], [ -77.38, 7.774 ], [ -77.322, 7.881 ], [ -77.169, 7.935 ], [ -77.324, 8.261 ], [ -77.363, 8.272 ], [ -77.422, 8.456 ], [ -77.489, 8.474 ], [ -77.374, 8.665 ], [ -77.275, 8.496 ], [ -77.134, 8.408 ], [ -77.053, 8.276 ], [ -76.976, 8.254 ], [ -76.943, 8.129 ], [ -76.832, 8.137 ], [ -76.832, 8.027 ], [ -76.908, 8.044 ], [ -76.934, 7.965 ], [ -76.854, 7.913 ], [ -76.757, 7.924 ], [ -76.732, 8.079 ], [ -76.77, 8.398 ], [ -76.839, 8.5 ], [ -76.947, 8.545 ], [ -76.894, 8.62 ], [ -76.673, 8.68 ], [ -76.256, 9.007 ], [ -76.168, 9.247 ], [ -76.078, 9.344 ], [ -75.819, 9.446 ], [ -75.812, 9.392 ], [ -75.621, 9.453 ], [ -75.576, 9.621 ], [ -75.618, 9.689 ], [ -75.705, 9.701 ], [ -75.649, 9.756 ], [ -75.59, 9.964 ], [ -75.589, 10.128 ], [ -75.531, 10.241 ], [ -75.516, 10.319 ], [ -75.569, 10.425 ], [ -75.503, 10.488 ], [ -75.51, 10.586 ], [ -75.404, 10.68 ], [ -75.256, 10.707 ], [ -75.267, 10.795 ], [ -75.036, 10.917 ], [ -75.024, 10.974 ], [ -74.844, 11.11 ], [ -74.523, 10.996 ], [ -74.482, 10.851 ], [ -74.589, 10.885 ], [ -74.605, 10.789 ], [ -74.49, 10.841 ], [ -74.457, 10.748 ], [ -74.362, 10.776 ], [ -74.28, 10.99 ], [ -74.218, 11.079 ], [ -74.242, 11.2 ], [ -74.187, 11.317 ], [ -74.005, 11.355 ], [ -73.826, 11.277 ], [ -73.402, 11.277 ], [ -73.292, 11.294 ], [ -73.055, 11.494 ], [ -72.934, 11.557 ], [ -72.76, 11.697 ], [ -72.452, 11.791 ], [ -72.263, 11.886 ], [ -72.139, 12.105 ], [ -72.171, 12.234 ], [ -71.97, 12.255 ], [ -71.967, 12.153 ], [ -71.868, 12.208 ], [ -71.961, 12.283 ], [ -71.867, 12.365 ], [ -71.803, 12.324 ], [ -71.697, 12.464 ], [ -71.532, 12.447 ], [ -71.242, 12.328 ], [ -71.114, 12.094 ], [ -71.138, 12.016 ], [ -71.299, 11.92 ], [ -71.328, 11.85 ], [ -71.378, 11.758 ], [ -71.674, 11.685 ], [ -71.961, 11.591 ], [ -71.939, 11.381 ], [ -71.77, 11.106 ], [ -71.769, 11.015 ], [ -71.694, 10.837 ], [ -71.576, 10.721 ], [ -71.63, 10.454 ], [ -71.779, 10.342 ], [ -71.898, 10.139 ], [ -71.969, 10.106 ], [ -72.044, 9.93 ], [ -72.124, 9.826 ], [ -71.999, 9.655 ], [ -71.995, 9.459 ], [ -71.919, 9.5 ], [ -71.761, 9.365 ], [ -71.734, 9.308 ], [ -71.759, 9.12 ], [ -71.686, 9.062 ], [ -71.515, 9.049 ], [ -71.274, 9.135 ], [ -71.152, 9.289 ], [ -71.056, 9.364 ], [ -71.09, 9.555 ], [ -71.042, 9.761 ], [ -71.072, 9.858 ], [ -71.207, 9.981 ], [ -71.268, 10.152 ], [ -71.364, 10.22 ], [ -71.475, 10.422 ], [ -71.466, 10.502 ], [ -71.542, 10.565 ], [ -71.503, 10.627 ], [ -71.583, 10.809 ], [ -71.446, 10.796 ], [ -71.412, 10.919 ], [ -71.294, 10.987 ], [ -70.87, 11.196 ], [ -70.686, 11.248 ], [ -70.514, 11.253 ], [ -70.145, 11.429 ], [ -70.037, 11.441 ], [ -70.054, 11.506 ], [ -69.946, 11.52 ], [ -69.814, 11.426 ], [ -69.747, 11.481 ], [ -69.816, 11.694 ], [ -70.187, 11.603 ], [ -70.23, 11.628 ], [ -70.206, 11.763 ], [ -70.302, 11.858 ], [ -70.206, 12.112 ], [ -70.018, 12.199 ], [ -69.925, 12.16 ], [ -69.835, 12.015 ], [ -69.809, 11.804 ], [ -69.7, 11.54 ], [ -69.624, 11.468 ], [ -69.5, 11.509 ], [ -69.377, 11.494 ], [ -69.27, 11.536 ], [ -69.062, 11.454 ], [ -68.863, 11.453 ], [ -68.656, 11.348 ], [ -68.389, 11.128 ], [ -68.263, 10.903 ], [ -68.331, 10.807 ], [ -68.242, 10.578 ], [ -68.13, 10.488 ], [ -67.941, 10.466 ], [ -67.56, 10.528 ], [ -67.17, 10.556 ], [ -67.012, 10.611 ], [ -66.542, 10.633 ], [ -66.334, 10.611 ], [ -66.252, 10.649 ], [ -66.104, 10.584 ], [ -66.118, 10.498 ], [ -65.868, 10.31 ], [ -65.58, 10.185 ], [ -65.17, 10.097 ], [ -65.08, 10.056 ], [ -64.963, 10.097 ], [ -64.748, 10.107 ], [ -64.717, 10.228 ], [ -64.572, 10.262 ], [ -64.491, 10.241 ], [ -64.377, 10.301 ], [ -64.339, 10.391 ], [ -64.249, 10.52 ], [ -64.271, 10.673 ], [ -64.131, 10.62 ], [ -64.072, 10.648 ], [ -63.915, 10.631 ], [ -63.781, 10.676 ], [ -63.532, 10.631 ], [ -63.466, 10.668 ], [ -63.251, 10.681 ], [ -63.014, 10.721 ], [ -62.904, 10.702 ], [ -62.72, 10.76 ], [ -62.154, 10.686 ], [ -62.102, 10.714 ], [ -61.846, 10.741 ], [ -61.962, 10.652 ], [ -62.24, 10.638 ], [ -62.335, 10.53 ], [ -62.662, 10.567 ], [ -62.896, 10.538 ], [ -62.841, 10.512 ], [ -62.802, 10.405 ], [ -62.495, 10.152 ], [ -62.319, 9.768 ], [ -62.243, 9.843 ], [ -62.257, 9.974 ], [ -62.196, 10.02 ], [ -62.025, 9.957 ], [ -61.831, 9.792 ], [ -61.79, 9.831 ], [ -61.593, 9.782 ], [ -61.637, 9.899 ], [ -61.476, 9.802 ], [ -61.439, 9.818 ], [ -61.338, 9.712 ], [ -61.13, 9.572 ], [ -60.977, 9.55 ], [ -60.961, 9.487 ], [ -60.862, 9.456 ], [ -60.784, 9.339 ], [ -60.869153779961998, 9.127964158144295 ], [ -60.830543191610175, 8.995459639027812 ], [ -60.690141052149009, 8.784856429836054 ], [ -60.619939982418423, 8.690084985699762 ], [ -60.606, 8.551 ], [ -60.462, 8.534 ], [ -60.372, 8.635 ], [ -60.198, 8.624 ], [ -60.021, 8.558 ], [ -59.838, 8.369 ], [ -59.735, 8.329 ], [ -59.756, 8.411 ], [ -59.454, 8.243 ], [ -59.165, 8.059 ], [ -58.833, 7.738 ], [ -58.738, 7.588 ], [ -58.663, 7.585 ], [ -58.49, 7.376 ], [ -58.464, 7.312 ], [ -58.485, 7.011 ], [ -58.551, 6.947 ], [ -58.598, 6.808 ], [ -58.611, 6.51 ], [ -58.686, 6.382 ], [ -58.769289153998827, 6.192600666333847 ], [ -58.636319917888287, 5.90766658895411 ], [ -58.712302338522875, 5.641728116733022 ], [ -58.816778166895446, 5.466018769015518 ], [ -58.916505093978358, 4.900899515545706 ], [ -59.687, 4.381 ], [ -59.943, 4.504 ], [ -60.149, 4.513 ], [ -60.032, 4.725 ], [ -59.983, 5.086 ], [ -60.091, 5.158 ], [ -60.132, 5.243 ], [ -60.213, 5.267 ], [ -60.333, 5.194 ], [ -60.456, 5.175 ], [ -60.74, 5.202 ], [ -60.664, 5.17 ], [ -60.599, 4.997 ], [ -60.613, 4.901 ], [ -60.764, 4.755 ], [ -60.903, 4.7 ], [ -60.948, 4.574 ], [ -61.012, 4.518 ], [ -61.151, 4.492 ], [ -61.297, 4.524 ], [ -61.293, 4.448 ], [ -61.458, 4.419 ], [ -61.567, 4.249 ], [ -61.719, 4.255 ], [ -61.931, 4.146 ], [ -62.035, 4.16 ], [ -62.193, 4.095 ], [ -62.384, 4.173 ], [ -62.537, 4.125 ], [ -62.561, 4.038 ], [ -62.766, 4.021 ], [ -62.789, 3.899 ], [ -62.75, 3.66 ], [ -62.796, 3.597 ], [ -62.931, 3.564 ], [ -62.997, 3.599 ], [ -63.286, 3.921 ], [ -63.425, 3.968 ], [ -63.511, 3.855 ], [ -63.623, 3.935 ], [ -63.875, 3.95 ], [ -63.996, 3.881 ], [ -64.064, 3.912 ], [ -64.125, 4.088 ], [ -64.241, 4.142 ], [ -64.365, 4.152 ], [ -64.59, 4.119 ], [ -64.746, 4.288 ], [ -64.813, 4.253 ], [ -64.663, 3.997 ], [ -64.531, 3.854 ], [ -64.324, 3.724 ], [ -64.203, 3.595 ], [ -64.246, 3.419 ], [ -64.223, 3.124 ], [ -64.106, 2.947 ], [ -63.998, 2.706 ], [ -64.048, 2.471 ], [ -63.831, 2.429 ], [ -63.385, 2.421 ], [ -63.373, 2.267 ], [ -63.412, 2.149 ], [ -63.618, 2.101 ], [ -63.763, 1.986 ], [ -63.995, 1.958 ], [ -64.054, 1.894 ], [ -64.081, 1.647 ], [ -64.13, 1.578 ], [ -64.395, 1.392 ], [ -64.409, 1.508 ], [ -64.551, 1.42 ], [ -64.604, 1.331 ], [ -64.731, 1.248 ], [ -64.839, 1.271 ], [ -65.022, 1.14 ], [ -65.137, 1.127 ], [ -65.203, 0.924 ], [ -65.327, 0.91 ], [ -65.451, 0.69 ], [ -65.56, 0.656 ], [ -65.914156073296411, 0.279365014404516 ], [ -66.085666003673481, 0.00231051148772 ], [ -66.142835980465833, -0.340709349266407 ], [ -65.99331450270121, -0.877227593010042 ], [ -65.988916812178729, -1.391757384141233 ], [ -65.940542216431353, -1.73917493541785 ], [ -66.151631361510809, -2.214125511846642 ], [ -66.353925125545302, -2.425214656926105 ], [ -66.481458150697478, -2.658292254618013 ], [ -67.123520966980834, -2.513168467375882 ], [ -67.686425353859406, -3.11565206895685 ], [ -68.10420595349585, -2.85618832813001 ], [ -68.596747292014598, -2.816609113427611 ], [ -68.702291864554326, -2.979323662759697 ], [ -69.695620211321497, -2.820731948292444 ], [ -69.965, -4.236 ], [ -70.183068915134115, -4.013132658502499 ], [ -70.27961086758809, -3.813152899847854 ], [ -70.391668490972151, -3.723506801140599 ], [ -70.546825200273176, -3.826944607341278 ], [ -70.729565324561037, -3.723506801140599 ], [ -70.922649229468973, -3.902798998555109 ], [ -71.577755335406607, -3.571798018712937 ], [ -71.632922165380307, -3.233901185124052 ], [ -72.09494436640999, -3.430433016905344 ], [ -72.646612666146936, -3.330443137578021 ], [ -73.094843159683208, -3.540766676852735 ], [ -72.987957426609171, -3.93727826728867 ], [ -73.215520600250656, -3.982101316642298 ], [ -73.336198040818118, -4.340685711471318 ], [ -73.467219262005642, -4.388956687698301 ], [ -73.601688410066529, -4.506186201392405 ], [ -73.922345609288641, -4.333789857724606 ], [ -74.018887561742602, -4.426883883305218 ], [ -74.101637806703138, -4.564800958239456 ], [ -74.331843560667849, -4.41125542929468 ], [ -74.827931120097332, -4.706099922163144 ], [ -75.099375256388925, -4.752900635316868 ], [ -75.398899820572765, -5.014984628977723 ], [ -76.760800573346145, -4.748220564001497 ], [ -77.083725494106844, -4.710779993478518 ], [ -77.266248275406369, -4.359774644825585 ], [ -78.108661112173408, -4.724820207424634 ], [ -78.673, -4.551 ], [ -78.853, -4.652 ], [ -78.929, -4.747 ], [ -78.9, -4.844 ], [ -78.98, -4.874 ], [ -79.064, -5.011 ], [ -79.104, -4.98 ], [ -79.303, -4.961 ], [ -79.451, -4.81 ], [ -79.528, -4.618 ], [ -79.507, -4.532 ], [ -79.658, -4.439 ], [ -79.833, -4.479 ], [ -79.904, -4.399 ], [ -79.982, -4.389 ], [ -80.14, -4.283 ], [ -80.408, -4.478 ], [ -80.489, -4.396 ], [ -80.345, -4.198 ], [ -80.47, -4.213 ], [ -80.514, -4.083 ], [ -80.481, -3.999 ], [ -80.305, -4.005 ], [ -80.165, -3.88 ], [ -80.222, -3.769 ], [ -80.225, -3.592 ], [ -80.266, -3.426 ], [ -80.341, -3.393 ], [ -80.136, -3.328 ], [ -80.06, -3.204 ], [ -80.121797153575173, -3.024718525591843 ] ] ], [ [ [ -77.353, 4.265 ], [ -77.544, 4.232 ], [ -77.415, 4.321 ], [ -77.353, 4.265 ] ] ], [ [ [ -65.412, 10.925 ], [ -65.377, 10.966 ], [ -65.228, 10.954 ], [ -65.205, 10.904 ], [ -65.412, 10.925 ] ] ], [ [ [ -64.409, 10.967 ], [ -64.371, 11.062 ], [ -64.198, 11.088 ], [ -64.182, 11.034 ], [ -64.049, 10.991 ], [ -63.986, 11.109 ], [ -63.881, 11.179 ], [ -63.847, 11.135 ], [ -63.788, 10.974 ], [ -63.898, 10.885 ], [ -64.043, 10.868 ], [ -64.176, 10.967 ], [ -64.224, 10.939 ], [ -64.409, 10.967 ] ] ], [ [ [ -64.607, 11.899 ], [ -64.563, 11.817 ], [ -64.649, 11.83 ], [ -64.607, 11.899 ] ] ] ] } },
{ "type": "Feature", "properties": { "id": "bhutan", "colorId": "bhutan", "name": "Бутан", "parent": null }, "geometry": { "type": "MultiPolygon", "coordinates": [ [ [ [ 91.628, 27.853 ], [ 91.58, 27.658 ], [ 91.657, 27.479 ], [ 91.78, 27.456 ], [ 91.975, 27.472 ], [ 92.085, 27.304 ], [ 91.996, 27.158 ], [ 92.0, 27.072 ], [ 92.084, 26.937 ], [ 92.036, 26.855 ], [ 91.893, 26.881 ], [ 91.879, 26.803 ], [ 91.795, 26.854 ], [ 91.702, 26.803 ], [ 91.521, 26.798 ], [ 91.406, 26.87 ], [ 91.276, 26.774 ], [ 91.198, 26.802 ], [ 90.717, 26.767 ], [ 90.588, 26.78 ], [ 90.383, 26.892 ], [ 90.177, 26.832 ], [ 90.089, 26.742 ], [ 89.817, 26.696 ], [ 89.598, 26.721 ], [ 89.611, 26.766 ], [ 89.443, 26.797 ], [ 89.342, 26.854 ], [ 89.097, 26.821 ], [ 88.886, 26.979 ], [ 88.852, 26.945 ], [ 88.828, 27.098 ], [ 88.73, 27.151 ], [ 88.892, 27.316 ], [ 88.997, 27.331 ], [ 88.951, 27.433 ], [ 89.09299811610893, 27.550475897243114 ], [ 89.127, 27.627 ], [ 89.225, 27.808 ], [ 89.336, 27.869 ], [ 89.445, 28.031 ], [ 89.561, 28.135 ], [ 89.756, 28.184 ], [ 89.863, 28.296 ], [ 90.226, 28.358 ], [ 90.291, 28.261 ], [ 90.354, 28.299 ], [ 90.407450750386104, 28.209543184457704 ], [ 90.339334857573405, 28.104607890124658 ], [ 90.475, 28.072 ], [ 90.684, 28.087 ], [ 91.093, 27.972 ], [ 91.176, 28.057 ], [ 91.29, 28.091 ], [ 91.419, 27.995 ], [ 91.622, 27.951 ], [ 91.628, 27.853 ] ] ] ] } },
{ "type": "Feature", "properties": { "id": "polynesia1810", "colorId": null, "name": "Полинезия", "parent": null }, "geometry": { "type": "MultiPolygon", "coordinates": [ [ [ [ -174.92, -21.454 ], [ -174.984, -21.398 ], [ -174.915, -21.292 ], [ -174.92, -21.454 ] ] ], [ [ [ -175.25, -21.111 ], [ -175.155, -21.172 ], [ -175.066, -21.124 ], [ -175.149, -21.268 ], [ -175.326, -21.174 ], [ -175.365, -21.114 ], [ -175.25, -21.111 ] ] ], [ [ [ -173.923, -18.637 ], [ -174.072, -18.634 ], [ -173.956, -18.567 ], [ -173.923, -18.637 ] ] ], [ [ [ -151.352, -16.859 ], [ -151.458, -16.903 ], [ -151.479, -16.738 ], [ -151.352, -16.859 ] ] ], [ [ [ -170.749, -14.375 ], [ -170.831, -14.319 ], [ -170.661, -14.252 ], [ -170.591, -14.265 ], [ -170.749, -14.375 ] ] ], [ [ [ -178.047, -14.319 ], [ -178.147, -14.31 ], [ -178.142, -14.244 ], [ -178.047, -14.319 ] ] ], [ [ [ -172.061, -13.906 ], [ -172.044, -13.846 ], [ -171.88, -13.805 ], [ -171.568, -13.897 ], [ -171.564, -13.949 ], [ -171.438, -14.006 ], [ -171.441, -14.052 ], [ -171.743, -14.052 ], [ -171.941, -13.99 ], [ -172.061, -13.906 ] ] ], [ [ [ -172.281, -13.494 ], [ -172.201, -13.593 ], [ -172.181, -13.702 ], [ -172.213, -13.801 ], [ -172.298, -13.77 ], [ -172.523, -13.805 ], [ -172.597, -13.701 ], [ -172.783, -13.52 ], [ -172.639, -13.522 ], [ -172.366, -13.463 ], [ -172.281, -13.494 ] ] ], [ [ [ -176.155, -13.209 ], [ -176.142, -13.336 ], [ -176.2, -13.291 ], [ -176.155, -13.209 ] ] ], [ [ [ -140.679, -17.78 ], [ -140.785, -17.859 ], [ -140.839, -17.843 ], [ -140.782, -17.752 ], [ -140.652, -17.684 ], [ -140.679, -17.78 ] ] ], [ [ [ -149.43, -17.502 ], [ -149.354, -17.54 ], [ -149.304, -17.712 ], [ -149.183, -17.731 ], [ -149.19, -17.869 ], [ -149.276, -17.845 ], [ -149.343, -17.725 ], [ -149.45, -17.759 ], [ -149.588, -17.731 ], [ -149.642, -17.601 ], [ -149.604, -17.526 ], [ -149.43, -17.502 ] ] ], [ [ [ -149.937, -17.512 ], [ -149.797, -17.464 ], [ -149.862, -17.567 ], [ -149.937, -17.512 ] ] ], [ [ [ -138.686, -10.542 ], [ -138.699, -10.426 ], [ -138.62, -10.511 ], [ -138.686, -10.542 ] ] ], [ [ [ -139.051, -9.701 ], [ -138.837, -9.741 ], [ -138.869, -9.792 ], [ -139.055, -9.806 ], [ -139.062, -9.854 ], [ -139.169, -9.761 ], [ -139.051, -9.701 ] ] ], [ [ [ -140.159, -9.372 ], [ -140.077, -9.323 ], [ -140.063, -9.436 ], [ -140.159, -9.372 ] ] ], [ [ [ -139.613, -8.939 ], [ -139.597, -8.858 ], [ -139.514, -8.884 ], [ -139.613, -8.939 ] ] ], [ [ [ -140.248, -8.787 ], [ -140.049, -8.823 ], [ -140.056, -8.879 ], [ -140.228, -8.927 ], [ -140.248, -8.787 ] ] ], [ [ [ 179.218, -8.521 ], [ 179.191, -8.542 ], [ 179.204, -8.519 ], [ 179.199, -8.461 ], [ 179.218, -8.521 ] ] ] ] } },
{ "type": "Feature", "properties": { "id": "den_norway1380", "colorId": "denmark", "name": null, "parent": "denmark849" }, "geometry": { "type": "MultiPolygon", "coordinates": [ [ [ [ 5.297, 59.169 ], [ 5.166, 59.196 ], [ 5.209, 59.416 ], [ 5.277, 59.299 ], [ 5.297, 59.169 ] ] ], [ [ [ 7.527, 62.946 ], [ 7.401, 63.055 ], [ 7.64, 63.055 ], [ 7.706, 63.007 ], [ 7.527, 62.946 ] ] ], [ [ [ 11.812, 59.25 ], [ 11.664, 58.92 ], [ 11.452, 58.896 ], [ 11.438, 58.992 ], [ 11.37, 59.101 ], [ 10.902, 59.197 ], [ 10.823, 59.164 ], [ 10.361, 59.271 ], [ 10.314, 59.128 ], [ 9.957, 58.957 ], [ 9.846, 58.956 ], [ 9.69, 58.957 ], [ 9.399, 58.899 ], [ 9.271, 58.833 ], [ 9.45, 58.833 ], [ 8.949, 58.58 ], [ 8.944, 58.526 ], [ 8.501, 58.257 ], [ 8.354, 58.245 ], [ 8.123, 58.102 ], [ 8.03, 58.225 ], [ 7.916, 58.082 ], [ 7.654, 58.065 ], [ 7.579, 58.018 ], [ 6.999, 58.031 ], [ 6.531, 58.121 ], [ 6.698, 58.225 ], [ 6.001, 58.39 ], [ 5.964, 58.468 ], [ 5.704, 58.521 ], [ 5.478, 58.755 ], [ 5.297, 59.345 ], [ 5.182, 59.511 ], [ 5.223, 60.211 ], [ 5.178, 60.389 ], [ 5.298, 60.396 ], [ 5.3, 60.561 ], [ 4.927, 60.8 ], [ 5.047, 60.844 ], [ 5.016, 61.047 ], [ 5.135, 61.077 ], [ 5.021, 61.216 ], [ 5.058, 61.323 ], [ 4.948, 61.416 ], [ 5.29, 61.48 ], [ 5.146, 61.595 ], [ 4.993, 61.63 ], [ 4.974, 61.739 ], [ 5.071, 62.164 ], [ 5.182, 62.213 ], [ 5.431, 62.186 ], [ 6.028, 62.306 ], [ 6.305, 62.459 ], [ 6.263, 62.527 ], [ 6.32, 62.609 ], [ 6.537, 62.616 ], [ 6.613, 62.561 ], [ 6.777, 62.65 ], [ 7.017, 62.842 ], [ 6.91, 62.929 ], [ 7.271, 63.014 ], [ 7.501, 62.911 ], [ 7.668, 62.979 ], [ 7.961, 63.028 ], [ 8.087, 63.11 ], [ 8.236, 63.151 ], [ 8.639, 63.392 ], [ 8.823, 63.429 ], [ 9.115, 63.418 ], [ 9.162, 63.507 ], [ 9.544, 63.666 ], [ 9.546, 63.774 ], [ 9.936, 63.959 ], [ 10.17, 64.199 ], [ 10.397, 64.264 ], [ 10.45, 64.35 ], [ 10.607, 64.366 ], [ 10.605, 64.452 ], [ 10.762, 64.48 ], [ 10.892, 64.475 ], [ 10.957, 64.603 ], [ 11.245, 64.858 ], [ 11.401, 64.922 ], [ 11.835, 64.987 ], [ 12.349, 65.638 ], [ 12.567, 65.767 ], [ 12.712, 66.042 ], [ 12.869, 66.134 ], [ 13.032, 66.198 ], [ 13.0, 66.357 ], [ 13.171, 66.412 ], [ 13.251, 66.633 ], [ 13.48, 66.675 ], [ 13.256, 66.724 ], [ 13.547, 66.724 ], [ 13.542, 66.803 ], [ 13.801, 66.81 ], [ 13.59, 66.938 ], [ 14.043, 66.995 ], [ 14.328, 67.242 ], [ 14.653, 67.426 ], [ 14.727, 67.489 ], [ 14.836, 67.643 ], [ 14.793, 67.729 ], [ 15.015, 67.747 ], [ 14.789, 67.823 ], [ 14.999, 67.895 ], [ 15.282, 68.037 ], [ 15.508, 68.132 ], [ 15.925, 68.132 ], [ 15.964, 68.247 ], [ 16.103, 68.283 ], [ 16.172, 68.318 ], [ 16.22, 68.351 ], [ 16.535, 68.438 ], [ 16.629, 68.642 ], [ 17.679, 69.092 ], [ 18.003, 69.286 ], [ 18.301, 69.487 ], [ 18.843137133517985, 70.012730363510528 ], [ 19.325184479001344, 70.087611504556492 ], [ 20.417, 69.89 ], [ 20.512, 69.769 ], [ 21.17, 69.876 ], [ 21.253, 70.003 ], [ 21.209, 70.208 ], [ 21.586, 70.312 ], [ 21.822, 70.269 ], [ 22.267, 70.295 ], [ 22.473702456418163, 70.393571166798964 ], [ 22.904269017432426, 70.440371879952679 ], [ 23.320795364500572, 70.557373662836994 ], [ 23.643720285261267, 70.707135944928908 ], [ 24.064926703644787, 70.665015303090556 ], [ 24.292, 70.764 ], [ 24.396, 70.867 ], [ 24.616, 70.78 ], [ 24.666, 70.978 ], [ 25.143, 70.922 ], [ 25.423, 70.86 ], [ 25.925, 70.856 ], [ 28.191, 71.086 ], [ 28.185, 70.997 ], [ 29.994, 70.713 ], [ 30.812, 70.415 ], [ 30.926, 70.456 ], [ 31.077, 70.284 ], [ 30.549, 70.249 ], [ 30.159, 70.071 ], [ 29.686, 69.97 ], [ 30.841, 69.806 ], [ 30.928, 69.672 ], [ 30.853, 69.527 ], [ 30.512, 69.536 ], [ 30.294, 69.62 ], [ 30.123, 69.442 ], [ 29.335, 69.277 ], [ 29.24, 69.115 ], [ 28.954, 69.027 ], [ 28.827, 69.107 ], [ 28.865, 69.217 ], [ 29.345, 69.464 ], [ 29.131, 69.674 ], [ 28.405, 69.802 ], [ 28.167, 69.894 ], [ 27.897, 70.071 ], [ 27.1, 69.902 ], [ 26.865, 69.938 ], [ 26.501, 69.918 ], [ 26.198, 69.715 ], [ 26.032, 69.697 ], [ 25.887, 69.521 ], [ 25.877, 69.371 ], [ 25.734, 69.191 ], [ 25.801, 69.013 ], [ 25.652, 68.883 ], [ 25.201, 68.813 ], [ 25.118, 68.638 ], [ 24.861, 68.563 ], [ 24.663, 68.666 ], [ 24.332, 68.709 ], [ 23.929, 68.816 ], [ 23.735, 68.715 ], [ 23.198, 68.618 ], [ 23.019, 68.687 ], [ 22.429, 68.71 ], [ 22.371, 68.823 ], [ 22.023, 69.012 ], [ 21.663, 69.263 ], [ 21.314, 69.291 ], [ 21.034, 69.181 ], [ 21.156, 69.088 ], [ 21.033, 69.041 ], [ 20.744, 69.104 ], [ 20.623, 69.036 ], [ 20.102, 69.022 ], [ 20.341, 68.91 ], [ 20.357, 68.805 ], [ 20.237, 68.659 ], [ 19.962, 68.541 ], [ 20.246, 68.477 ], [ 19.931, 68.35 ], [ 19.038, 68.506 ], [ 18.645, 68.501 ], [ 18.436, 68.574 ], [ 18.172, 68.536 ], [ 18.167, 68.158 ], [ 17.895, 67.97 ], [ 17.321, 68.105 ], [ 16.808, 67.911 ], [ 16.609, 67.647 ], [ 16.483, 67.558 ], [ 16.2, 67.508 ], [ 16.127, 67.423 ], [ 16.438, 67.2 ], [ 16.416, 67.053 ], [ 16.039, 66.888 ], [ 15.669, 66.599 ], [ 15.426, 66.491 ], [ 15.482, 66.275 ], [ 15.053, 66.153 ], [ 14.541, 66.125 ], [ 14.644, 65.843 ], [ 14.561, 65.701 ], [ 14.514, 65.318 ], [ 14.4, 65.255 ], [ 14.311, 65.084 ], [ 13.643, 64.584 ], [ 14.116, 64.441 ], [ 14.161, 64.205 ], [ 13.939, 64.01 ], [ 13.234, 64.091 ], [ 12.982, 64.059 ], [ 12.682, 63.956 ], [ 12.293, 63.657 ], [ 12.17, 63.598 ], [ 12.205, 63.455 ], [ 11.992, 63.289 ], [ 12.223, 63.001 ], [ 12.104, 62.923 ], [ 12.156, 62.734 ], [ 12.091, 62.586 ], [ 12.286, 62.335 ], [ 12.317, 62.234 ], [ 12.162, 61.725 ], [ 12.416, 61.582 ], [ 12.614, 61.547 ], [ 12.877, 61.371 ], [ 12.82, 61.205 ], [ 12.683, 61.04 ], [ 12.512, 61.049 ], [ 12.256, 60.981 ], [ 12.377, 60.754 ], [ 12.594, 60.515 ], [ 12.594, 60.395 ], [ 12.487, 60.296 ], [ 12.511, 60.118 ], [ 12.447, 60.051 ], [ 12.144, 59.898 ], [ 11.85, 59.872 ], [ 11.904, 59.77 ], [ 11.677, 59.559 ], [ 11.812, 59.25 ] ] ] ] } },
{ "type": "Feature", "properties": { "id": "por_timor", "colorId": "portugal", "name": null, "parent": "portugal" }, "geometry": { "type": "MultiPolygon", "coordinates": [ [ [ [ 125.85, -9.124 ], [ 125.679, -9.193 ], [ 125.609, -9.186 ], [ 125.379, -9.281 ], [ 125.197, -9.425 ], [ 125.062, -9.486 ], [ 125.002, -9.536 ], [ 124.971, -9.662 ], [ 124.847, -9.748 ], [ 124.735, -9.9 ], [ 124.541, -10.037 ], [ 124.418, -10.164 ], [ 124.122, -10.173 ], [ 124.034, -10.276 ], [ 123.826, -10.364 ], [ 123.574, -10.338 ], [ 123.469, -10.356 ], [ 123.547, -10.187 ], [ 123.749, -10.098 ], [ 123.746, -10.05 ], [ 123.576, -10.014 ], [ 123.65, -9.889 ], [ 123.646, -9.775 ], [ 123.689, -9.611 ], [ 124.03, -9.342 ], [ 124.191, -9.255 ], [ 124.451, -9.18 ], [ 124.563, -9.171 ], [ 124.692, -9.068 ], [ 124.92, -8.962 ], [ 125.1, -8.778 ], [ 125.144, -8.631 ], [ 125.631, -8.522 ], [ 125.898, -8.481 ], [ 126.069, -8.522 ], [ 126.24, -8.495 ], [ 126.412, -8.419 ], [ 126.549, -8.487 ], [ 126.842, -8.391 ], [ 126.967, -8.309 ], [ 127.07, -8.358 ], [ 127.186, -8.332 ], [ 127.313, -8.415 ], [ 127.009, -8.677 ], [ 126.846, -8.753 ], [ 126.583, -8.806 ], [ 126.43, -8.955 ], [ 126.166, -8.988 ], [ 125.947, -9.126 ], [ 125.85, -9.124 ] ] ], [ [ [ 123.007, -8.508 ], [ 122.955, -8.586 ], [ 122.883, -8.583 ], [ 123.0, -8.449 ], [ 123.146, -8.426 ], [ 123.164, -8.474 ], [ 123.007, -8.508 ] ] ], [ [ [ 122.951, -8.203 ], [ 122.876, -8.186 ], [ 122.741, -8.23 ], [ 122.796, -8.11 ], [ 122.863, -8.07 ], [ 122.98, -8.147 ], [ 123.026, -8.289 ], [ 122.904, -8.363 ], [ 122.897, -8.461 ], [ 122.804, -8.438 ], [ 122.849, -8.552 ], [ 122.807, -8.611 ], [ 122.565, -8.669 ], [ 122.408, -8.741 ], [ 122.115, -8.732 ], [ 122.005, -8.802 ], [ 121.794, -8.884 ], [ 121.396, -8.794 ], [ 121.341, -8.918 ], [ 121.165, -8.895 ], [ 121.067, -8.941 ], [ 120.923, -8.926 ], [ 120.833, -8.817 ], [ 120.764, -8.865 ], [ 120.594, -8.796 ], [ 120.382, -8.796 ], [ 120.244, -8.823 ], [ 120.131, -8.771 ], [ 119.976, -8.814 ], [ 119.92, -8.871 ], [ 119.806, -8.741 ], [ 119.804, -8.597 ], [ 119.871, -8.494 ], [ 120.025, -8.385 ], [ 120.109, -8.392 ], [ 120.213, -8.293 ], [ 120.594, -8.282 ], [ 120.594, -8.233 ], [ 120.745, -8.33 ], [ 120.976, -8.337 ], [ 121.031, -8.393 ], [ 121.291, -8.477 ], [ 121.381, -8.572 ], [ 121.51, -8.602 ], [ 121.68, -8.511 ], [ 121.893, -8.493 ], [ 122.008, -8.428 ], [ 122.04, -8.515 ], [ 122.141, -8.542 ], [ 122.288, -8.634 ], [ 122.501, -8.576 ], [ 122.494, -8.475 ], [ 122.598, -8.395 ], [ 122.758, -8.361 ], [ 122.951, -8.203 ] ] ], [ [ [ 123.227, -8.526 ], [ 123.358, -8.411 ], [ 123.468, -8.366 ], [ 123.37, -8.317 ], [ 123.414, -8.267 ], [ 123.568, -8.248 ], [ 123.517, -8.337 ], [ 123.568, -8.375 ], [ 123.642, -8.223 ], [ 123.712, -8.246 ], [ 123.798, -8.18 ], [ 123.928, -8.227 ], [ 123.938, -8.265 ], [ 123.775, -8.306 ], [ 123.677, -8.438 ], [ 123.657, -8.405 ], [ 123.543, -8.569 ], [ 123.5, -8.522 ], [ 123.399, -8.586 ], [ 123.227, -8.526 ] ] ], [ [ [ 124.308, -8.22 ], [ 124.3, -8.319 ], [ 124.165, -8.528 ], [ 124.051, -8.539 ], [ 124.019, -8.43 ], [ 123.907, -8.455 ], [ 123.985, -8.338 ], [ 124.058, -8.306 ], [ 124.109, -8.385 ], [ 124.258, -8.182 ], [ 124.308, -8.22 ] ] ], [ [ [ 123.237, -8.234 ], [ 123.349, -8.269 ], [ 123.321, -8.385 ], [ 123.041, -8.411 ], [ 123.036, -8.332 ], [ 123.126, -8.259 ], [ 123.237, -8.234 ] ] ], [ [ [ 124.418, -8.465 ], [ 124.334, -8.413 ], [ 124.41, -8.306 ], [ 124.397, -8.22 ], [ 124.451, -8.149 ], [ 124.569, -8.131 ], [ 124.603, -8.207 ], [ 124.665, -8.17 ], [ 125.093, -8.162 ], [ 125.134, -8.217 ], [ 125.123, -8.352 ], [ 124.766, -8.408 ], [ 124.65, -8.405 ], [ 124.418, -8.465 ] ] ], [ [ [ 125.592, -8.307 ], [ 125.518, -8.292 ], [ 125.569, -8.196 ], [ 125.651, -8.143 ], [ 125.592, -8.307 ] ] ], [ [ [ 126.466, -7.967 ], [ 126.422, -7.933 ], [ 126.19, -7.924 ], [ 126.075, -7.884 ], [ 125.925, -7.912 ], [ 125.812, -8.008 ], [ 125.808, -7.864 ], [ 125.948, -7.678 ], [ 126.203, -7.713 ], [ 126.328, -7.696 ], [ 126.504, -7.59 ], [ 126.627, -7.56 ], [ 126.722, -7.668 ], [ 126.837, -7.726 ], [ 126.713, -7.747 ], [ 126.559, -7.82 ], [ 126.466, -7.967 ] ] ] ] } },
{ "type": "Feature", "properties": { "id": "morocco1666", "colorId": "morocco", "name": "Марокко", "parent": null }, "geometry": { "type": "MultiPolygon", "coordinates": [ [ [ [ -2.417, 35.149 ], [ -2.223, 35.089 ], [ -2.052, 35.075 ], [ -1.902760310428321, 35.103207122018105 ], [ -2.031818596590961, 34.816592795758318 ], [ -1.913080952483686, 34.552731364408814 ], [ -1.913080952483685, 34.385619124554132 ], [ -1.745968712629001, 34.033803882754796 ], [ -1.323790422469798, 33.435717971695922 ], [ -1.605242615909266, 33.110288873031536 ], [ -2.176942383833187, 32.925585871086888 ], [ -2.62550681712734, 32.547384486152595 ], [ -3.030094345196576, 31.914117050913791 ], [ -3.249978871321161, 31.544711047024489 ], [ -3.61058949416548, 31.329224211422407 ], [ -3.852462472902522, 30.926835528614419 ], [ -3.964603581226061, 30.889455159173242 ], [ -4.325214204070381, 30.608002965733778 ], [ -5.398250691558355, 30.168233913484606 ], [ -5.604942146115463, 29.987928602062446 ], [ -5.741270552312707, 29.987928602062446 ], [ -6.629604037856031, 29.469001120408425 ], [ -8.166596875466867, 28.793955625205946 ], [ -9.42653521016075, 28.32560158456057 ], [ -10.200528742119289, 28.290420060380637 ], [ -11.091061072923846, 28.116711284742212 ], [ -12.061, 28.089 ], [ -12.006, 28.123 ], [ -11.486, 28.326 ], [ -11.326, 28.515 ], [ -11.048, 28.762 ], [ -10.574, 28.99 ], [ -10.451, 29.092 ], [ -10.348, 29.229 ], [ -10.142, 29.429 ], [ -10.053, 29.6 ], [ -9.82, 29.839 ], [ -9.655, 30.127 ], [ -9.612, 30.404 ], [ -9.7, 30.543 ], [ -9.887, 30.687 ], [ -9.82, 30.792 ], [ -9.835, 31.145 ], [ -9.811, 31.367 ], [ -9.848, 31.402 ], [ -9.689, 31.635 ], [ -9.667, 31.731 ], [ -9.366, 32.026 ], [ -9.27, 32.227 ], [ -9.292, 32.351 ], [ -9.247, 32.472 ], [ -9.26, 32.577 ], [ -8.999, 32.797 ], [ -8.868, 32.882 ], [ -8.629, 33.128 ], [ -8.529, 33.269 ], [ -8.452, 33.264 ], [ -8.243, 33.405 ], [ -8.107, 33.431 ], [ -7.497, 33.65 ], [ -7.229, 33.801 ], [ -7.099, 33.84 ], [ -6.822, 34.04 ], [ -6.558, 34.418 ], [ -6.292, 34.881 ], [ -6.205, 35.125 ], [ -6.024, 35.501 ], [ -5.908, 35.797 ], [ -5.599, 35.822 ], [ -5.399, 35.925 ], [ -5.341, 35.847 ], [ -5.323, 35.714 ], [ -5.249, 35.585 ], [ -5.066, 35.417 ], [ -4.77, 35.241 ], [ -4.376, 35.152 ], [ -3.919, 35.267 ], [ -3.904, 35.214 ], [ -3.765, 35.218 ], [ -3.674, 35.288 ], [ -3.591, 35.233 ], [ -3.413, 35.198 ], [ -3.195, 35.238 ], [ -3.045, 35.314 ], [ -2.969, 35.446 ], [ -2.948, 35.33 ], [ -2.913, 35.277 ], [ -2.905, 35.174 ], [ -2.563, 35.096 ], [ -2.417, 35.149 ] ] ] ] } },
{ "type": "Feature", "properties": { "id": "swazi", "colorId": "eswatini", "name": "Свазиленд", "parent": null }, "geometry": { "type": "MultiPolygon", "coordinates": [ [ [ [ 31.99, -26.808 ], [ 32.114, -26.84 ], [ 32.107, -26.5 ], [ 32.04, -26.284 ], [ 32.081, -26.149 ], [ 32.071, -26.01 ], [ 31.949, -25.958 ], [ 31.835, -25.982 ], [ 31.427, -25.744 ], [ 31.309, -25.757 ], [ 31.12, -25.91 ], [ 30.97, -26.209 ], [ 30.805, -26.397 ], [ 30.783, -26.472 ], [ 30.802, -26.809 ], [ 30.88, -26.772 ], [ 30.961, -26.911 ], [ 30.976, -27.035 ], [ 31.157, -27.206 ], [ 31.527, -27.311 ], [ 31.968, -27.316 ], [ 31.942, -27.101 ], [ 31.99, -26.808 ] ] ] ] } },
{ "type": "Feature", "properties": { "id": "prt_mozambique1640", "colorId": "portugal", "name": null, "parent": "portugal" }, "geometry": { "type": "MultiPolygon", "coordinates": [ [ [ [ 35.491, -21.642 ], [ 35.427, -21.749 ], [ 35.47, -21.549 ], [ 35.491, -21.642 ] ] ], [ [ [ 35.662, -19.133 ], [ 35.442, -19.418 ], [ 35.127, -19.705 ], [ 34.88, -19.863 ], [ 34.706, -19.716 ], [ 34.778, -19.815 ], [ 34.743, -19.89 ], [ 34.777, -20.135 ], [ 34.655, -20.172 ], [ 34.743, -20.226 ], [ 34.665, -20.428 ], [ 34.822, -20.6 ], [ 34.852, -20.671 ], [ 34.993, -20.73 ], [ 35.003, -20.825 ], [ 35.12, -20.966 ], [ 35.079, -21.085 ], [ 35.025, -21.085 ], [ 35.112, -21.29 ], [ 35.152, -21.454 ], [ 35.271, -21.644 ], [ 35.336, -22.089 ], [ 35.312, -22.413 ], [ 35.394, -22.488 ], [ 35.428, -22.406 ], [ 35.391, -22.272 ], [ 35.477, -22.091 ], [ 35.517, -22.31 ], [ 35.551, -22.179 ], [ 35.542, -22.41 ], [ 35.493, -22.565 ], [ 35.521, -22.908 ], [ 35.606, -22.915 ], [ 35.479, -23.177 ], [ 35.482, -23.317 ], [ 35.424, -23.481 ], [ 35.399, -23.739 ], [ 35.36, -23.694 ], [ 35.341, -23.964 ], [ 35.395, -23.842 ], [ 35.473, -23.871 ], [ 35.476, -23.782 ], [ 35.543, -23.863 ], [ 35.494, -24.111 ], [ 35.304, -24.376 ], [ 35.106, -24.598 ], [ 34.649, -24.813 ], [ 34.483, -24.851 ], [ 33.729, -25.105 ], [ 33.318, -25.287 ], [ 33.215, -25.297 ], [ 33.153, -25.366 ], [ 32.873, -25.544 ], [ 32.77, -25.682 ], [ 32.687, -25.886 ], [ 32.591, -25.969 ], [ 32.517, -25.95 ], [ 32.651, -26.093 ], [ 32.681, -26.188 ], [ 32.763, -26.202 ], [ 32.842, -26.289 ], [ 32.895, -26.115 ], [ 32.954, -26.079 ], [ 32.929, -26.266 ], [ 32.908757718861757, -26.592126654000865 ], [ 32.46080553851457, -26.499155422935058 ], [ 32.04, -26.284 ], [ 32.081, -26.149 ], [ 32.071, -26.01 ], [ 31.949, -25.958 ], [ 31.91, -25.843 ], [ 31.992, -25.65 ], [ 32.004196876825354, -24.628813758927077 ], [ 32.185118219090569, -24.425277248878714 ], [ 32.383000937193138, -24.323508993854539 ], [ 32.891842212314039, -24.006896644890421 ], [ 33.338491776031269, -23.916435973757817 ], [ 33.903870970610051, -23.712899463709459 ], [ 34.067830937037897, -23.515016745606886 ], [ 34.299636406815189, -22.938329967136539 ], [ 34.293982614869414, -21.230884799508626 ], [ 34.084792312875258, -20.35454704791152 ], [ 34.028254393417384, -19.811783021115897 ], [ 34.13002264844156, -19.376441041290242 ], [ 34.446634997405688, -18.782792886982524 ], [ 34.599287379941956, -18.172183356837444 ], [ 34.638863923562468, -17.917762719276993 ], [ 34.525788084646713, -17.527651075017637 ], [ 34.265713655140473, -17.182769766324583 ], [ 33.892563386718486, -16.88877258514362 ], [ 33.49114415856755, -16.690889867041047 ], [ 33.321530400193922, -16.594775403962654 ], [ 32.801381541181442, -16.153779632191206 ], [ 32.563922279458353, -16.074626544950178 ], [ 32.004196876825368, -15.803244531552362 ], [ 31.947658957367484, -15.413132887293004 ], [ 32.224694762711081, -14.972137115521557 ], [ 32.671344326428311, -14.779908189364773 ], [ 33.513759326350694, -15.271788088648311 ], [ 33.988677849796865, -15.650592149016092 ], [ 34.233, -15.89 ], [ 34.388, -16.037 ], [ 34.525, -16.301 ], [ 34.732, -16.529 ], [ 35.005, -16.815 ], [ 35.255127245653306, -16.984887048222003 ], [ 36.018389158334656, -16.883118793197823 ], [ 36.696844191829186, -16.69654365898683 ], [ 37.14914754749222, -16.379931310022712 ], [ 37.646681238721541, -16.108549296624901 ], [ 38.347751439999229, -15.588400437612425 ], [ 38.720901708421216, -15.136097081949401 ], [ 39.026206473493758, -14.525487551804321 ], [ 39.116667144626362, -13.914878021659241 ], [ 39.252358151325261, -13.360806410972041 ], [ 39.297588486891563, -12.659736209694355 ], [ 39.4163181177531, -12.235701813760272 ], [ 39.64246979558461, -11.834282585609339 ], [ 39.959082144548731, -11.692937786964645 ], [ 40.429, -11.642 ], [ 40.537, -11.997 ], [ 40.492, -12.25 ], [ 40.532, -12.391 ], [ 40.48, -12.484 ], [ 40.562, -12.53 ], [ 40.578, -12.706 ], [ 40.647, -12.755 ], [ 40.527, -12.819 ], [ 40.524, -12.909 ], [ 40.418, -12.927 ], [ 40.589, -12.958 ], [ 40.561, -13.099 ], [ 40.568, -13.367 ], [ 40.527, -13.511 ], [ 40.595, -13.565 ], [ 40.539, -13.636 ], [ 40.651, -14.032 ], [ 40.61, -14.139 ], [ 40.539, -14.164 ], [ 40.623, -14.25 ], [ 40.696, -14.183 ], [ 40.732, -14.34 ], [ 40.636, -14.34 ], [ 40.657, -14.449 ], [ 40.761, -14.404 ], [ 40.843, -14.464 ], [ 40.811, -14.613 ], [ 40.835, -14.802 ], [ 40.726, -14.887 ], [ 40.759, -14.986 ], [ 40.671, -14.977 ], [ 40.712, -15.073 ], [ 40.513, -15.182 ], [ 40.61, -15.161 ], [ 40.682, -15.233 ], [ 40.588, -15.478 ], [ 40.426, -15.615 ], [ 40.364, -15.715 ], [ 40.165, -15.916 ], [ 40.105, -16.064 ], [ 39.992, -16.222 ], [ 39.783, -16.302 ], [ 39.821, -16.407 ], [ 39.698, -16.532 ], [ 39.356, -16.724 ], [ 39.129, -16.868 ], [ 39.091, -16.984 ], [ 38.875, -17.046 ], [ 38.595, -17.094 ], [ 38.128, -17.286 ], [ 37.909, -17.355 ], [ 37.692, -17.467 ], [ 37.334, -17.681 ], [ 37.283, -17.691 ], [ 37.086, -17.869 ], [ 36.984, -18.012 ], [ 36.874, -17.899 ], [ 36.907, -18.014 ], [ 36.977, -18.047 ], [ 36.887, -18.189 ], [ 36.48, -18.576 ], [ 36.402, -18.711 ], [ 36.416, -18.775 ], [ 36.295, -18.78 ], [ 36.238, -18.694 ], [ 36.244, -18.883 ], [ 36.147, -18.9 ], [ 36.133, -18.804 ], [ 36.031, -18.906 ], [ 35.867, -18.988 ], [ 35.662, -19.133 ] ] ], [ [ [ 39.91, -16.276 ], [ 39.903, -16.41 ], [ 39.832, -16.391 ], [ 39.832, -16.3 ], [ 39.91, -16.276 ] ] ] ] } },
{ "type": "Feature", "properties": { "id": "qing_tibet1720", "colorId": "china", "name": null, "parent": "qing1683" }, "geometry": { "type": "MultiPolygon", "coordinates": [ [ [ [ 79.024242565908594, 33.286540257462356 ], [ 78.958653179476997, 33.711172196909573 ], [ 78.956313143819315, 33.800093551901654 ], [ 78.911852466323282, 33.823493908478511 ], [ 78.928232715927081, 33.968576119255061 ], [ 79.286258171553072, 33.982616333201179 ], [ 79.487501238114078, 34.247040362519719 ], [ 79.433680417987304, 34.319581467907994 ], [ 79.625563341917569, 34.427223108161556 ], [ 79.67470409072898, 34.574645354595788 ], [ 79.847866729397765, 34.635486281695634 ], [ 80.063150009904888, 34.909270453644922 ], [ 80.065490045562584, 34.993511737321626 ], [ 80.233972612915977, 35.295376337163141 ], [ 80.313533825277403, 35.146784072900076 ], [ 80.790901099445378, 35.263785855784384 ], [ 81.090425663629219, 35.59607091917583 ], [ 81.647354150158534, 36.092158478605306 ], [ 81.909438143819401, 36.429123613312122 ], [ 82.719090481378828, 36.705247820919098 ], [ 84.062270948890713, 36.82692967511877 ], [ 84.581758864897054, 36.906490887480103 ], [ 85.335250346672012, 37.210695522979307 ], [ 85.681575624009568, 37.454059231378672 ], [ 86.252544324485001, 37.734863510301018 ], [ 86.795432597068199, 37.926746434231291 ], [ 87.394481725435867, 38.179470285261402 ], [ 87.885889213549973, 38.488354992075983 ], [ 88.049691709588018, 38.544515847860453 ], [ 88.218174276941411, 38.670877773375508 ], [ 88.424097414817808, 38.787879556259817 ], [ 89.04186682844697, 38.783199484944447 ], [ 89.537954387876454, 38.521115491283595 ], [ 89.762597811014317, 38.525795562598965 ], [ 90.160403872820979, 38.638117274167904 ], [ 90.46928857963556, 38.741078843106088 ], [ 90.782853357765518, 38.900201267828756 ], [ 91.218099990095155, 39.045283478605299 ], [ 91.901390402139526, 39.134204833597373 ], [ 92.299196463946188, 39.312047543581528 ], [ 92.701682597068213, 39.386928684627485 ], [ 93.216490441759177, 39.517970681457918 ], [ 94.545630695324945, 39.522650752773288 ], [ 95.022997969492948, 39.283967115689308 ], [ 95.458244601822585, 39.190365689381856 ], [ 95.710968452852697, 39.152925118858874 ], [ 95.954332161252069, 38.998482765451584 ], [ 96.314697652535742, 38.984442551505467 ], [ 97.049468849049219, 39.049963549920683 ], [ 97.629797692155392, 39.176325475435739 ], [ 98.036963896592781, 39.386928684627492 ], [ 98.266287391046035, 39.405648969888986 ], [ 98.865336519413702, 39.162285261489622 ], [ 99.141460727020672, 38.932961767036367 ], [ 99.604787787242543, 38.853400554675041 ], [ 99.880911994849527, 38.712998415213868 ], [ 100.096195275356649, 38.563236133121947 ], [ 100.110235489302767, 38.399433637083916 ], [ 100.025994205626063, 38.188830427892157 ], [ 100.199156844294848, 37.589781299524482 ], [ 100.311478555863786, 37.103053882725753 ], [ 100.306798484548423, 36.466564183835104 ], [ 100.456560766640337, 36.017277337559356 ], [ 100.81692625792401, 35.259105784469021 ], [ 100.830966471870113, 33.770843106180585 ], [ 101.079010251584847, 33.382397187004685 ], [ 101.088370394215588, 33.022031695721004 ], [ 100.990088896592766, 32.511903922345418 ], [ 100.915207755546803, 32.18897900158472 ], [ 100.802886043977864, 31.903494651347003 ], [ 100.681204189778185, 31.510368660855708 ], [ 99.979193492472334, 30.948760103011015 ], [ 99.347383864897054, 30.410551901743183 ], [ 98.987018373613353, 30.274829833597391 ], [ 98.682813738114149, 30.19994869255143 ], [ 98.514331170760769, 30.001045661648106 ], [ 98.345848603407362, 29.72024138272576 ], [ 98.186726178684694, 29.406676604595809 ], [ 98.186726178684694, 28.994830328843033 ], [ 98.280327604992138, 28.863788332012607 ], [ 98.275647533676761, 28.377060915213875 ], [ 98.119, 28.141 ], [ 97.819464392686498, 28.067752187062062 ], [ 97.685140416591906, 28.144961292810052 ], [ 96.926538801462598, 28.294482770574671 ], [ 96.506559356564907, 28.177943971728713 ], [ 96.031608780136111, 28.129569375981333 ], [ 95.952450350731311, 28.024024803441602 ], [ 95.670998157292033, 28.191137043296177 ], [ 95.380750582807764, 28.138364757026313 ], [ 95.116889151458437, 28.309874687403376 ], [ 95.046526103098628, 28.415419259943107 ], [ 94.571575526669832, 28.639701476590041 ], [ 93.349017561417952, 28.094387851801429 ], [ 92.390321027515398, 27.707391085822415 ], [ 91.58, 27.658 ], [ 91.628, 27.853 ], [ 91.622, 27.951 ], [ 91.419, 27.995 ], [ 91.29, 28.091 ], [ 91.176, 28.057 ], [ 91.093, 27.972 ], [ 90.684, 28.087 ], [ 90.475, 28.072 ], [ 90.339334857573405, 28.104607890124658 ], [ 90.407450750386104, 28.209543184457704 ], [ 90.354, 28.299 ], [ 90.291, 28.261 ], [ 90.226, 28.358 ], [ 89.863, 28.296 ], [ 89.756, 28.184 ], [ 89.561, 28.135 ], [ 89.445, 28.031 ], [ 89.336, 27.869 ], [ 89.225, 27.808 ], [ 89.127, 27.627 ], [ 89.09299811610893, 27.550475897243114 ], [ 88.62355074672422, 27.578090448383392 ], [ 87.548424222329515, 27.640683430968014 ], [ 87.439806987844449, 27.878168570774392 ], [ 86.869106264278756, 28.021764236703827 ], [ 86.003850328550115, 28.018082296551786 ], [ 85.55097168984959, 28.073311398832342 ], [ 85.341101101183483, 28.22427094506585 ], [ 84.888222462482958, 28.412049892819727 ], [ 84.439025763934481, 28.540917798141013 ], [ 84.196017713900048, 28.662421823158226 ], [ 83.791004297176002, 28.610874661029708 ], [ 83.654772511550632, 28.548281678445086 ], [ 81.791710794620016, 29.384082092957442 ], [ 81.143689327861537, 29.929009235458885 ], [ 80.436756818670474, 30.422389215831817 ], [ 80.000446910654048, 30.674602116246334 ], [ 78.951093967323658, 31.158777246239172 ], [ 78.487169508167014, 32.348043915347056 ], [ 79.117336591489206, 33.058977083820864 ], [ 79.024242565908594, 33.286540257462356 ] ] ] ] } },
{ "type": "Feature", "properties": { "id": "kokand1709", "colorId": "kokand", "name": "Коканд", "parent": null }, "geometry": { "type": "MultiPolygon", "coordinates": [ [ [ [ 73.550012896461794, 35.637012874640256 ], [ 73.125820448609673, 35.765102214607893 ], [ 72.367276536471365, 36.261603684371146 ], [ 72.008692141642371, 36.496062711759343 ], [ 71.611, 36.705 ], [ 71.463, 36.948 ], [ 71.431, 37.067 ], [ 71.487, 37.267 ], [ 71.497, 37.567 ], [ 71.538, 37.779 ], [ 71.598, 37.898 ], [ 71.501, 37.946 ], [ 71.341, 37.893 ], [ 71.258, 37.926 ], [ 71.365, 38.207 ], [ 71.334, 38.281 ], [ 71.05, 38.409 ], [ 71.015689202115908, 38.613089811999927 ], [ 70.836397004701396, 38.723423471947321 ], [ 70.457125048632236, 38.978570060575663 ], [ 70.077853092563075, 39.612988605273159 ], [ 69.705476990240641, 39.943989585115332 ], [ 69.56755991530639, 40.088802513796281 ], [ 69.519288939079416, 40.295678126197643 ], [ 69.305517472931328, 40.392220078651604 ], [ 69.305517472931328, 40.668054228520077 ], [ 68.912453809368756, 41.019742769602381 ], [ 68.181493312217285, 41.295576919470854 ], [ 68.436639900845648, 41.730015705513722 ], [ 68.877974540635222, 42.171350345303289 ], [ 69.312413326678069, 42.329954981477663 ], [ 69.850289918921604, 42.467872056411899 ], [ 70.029582116336101, 42.957477672428446 ], [ 70.595042123566486, 43.412604019711438 ], [ 72.108682020969709, 43.20572840731009 ], [ 72.960319958688629, 41.909307902928248 ], [ 73.02927849615574, 41.895516195434809 ], [ 74.022281435682274, 41.778286681740688 ], [ 74.118823388136235, 41.46107740939194 ], [ 74.084344119402687, 41.240410089497161 ], [ 74.787, 40.421 ], [ 74.862, 40.326 ], [ 74.980805106475231, 40.068114952556144 ], [ 75.091138766422617, 39.378529577884954 ], [ 75.008388521462066, 38.564818835772947 ], [ 75.629015358666152, 36.854647106588374 ], [ 75.600380077150831, 36.331195485142558 ], [ 75.37971275725603, 36.041569627780696 ], [ 75.154448201530101, 35.94502767532672 ], [ 75.039517305751573, 35.853082958703894 ], [ 74.91079470247962, 35.811707836223626 ], [ 74.841836165012495, 35.637012874640256 ], [ 74.740696976727392, 35.572651573004272 ], [ 74.584390958468589, 35.549665393848571 ], [ 74.441876647703211, 35.485304092212594 ], [ 73.550012896461794, 35.637012874640256 ] ] ] ] } },
{ "type": "Feature", "properties": { "id": "afghanistan", "colorId": "afghanistan", "name": "Афганистан", "parent": null }, "geometry": { "type": "MultiPolygon", "coordinates": [ [ [ [ 69.762674110028712, 28.431037078205478 ], [ 70.007579880403199, 28.043599786682933 ], [ 70.071941182039183, 27.905682711748693 ], [ 70.255830615284822, 27.786154580139019 ], [ 70.465004845601783, 27.69191124560059 ], [ 70.179976224071027, 27.595369293146625 ], [ 70.005281262487657, 27.466646689874668 ], [ 69.853572480059995, 27.301146199953582 ], [ 69.807600121748578, 27.002325870929397 ], [ 69.697266461801192, 26.846019852670594 ], [ 69.848975244228839, 26.662130419424944 ], [ 69.986892319163076, 26.413879684543318 ], [ 70.10642045077276, 25.779461139845822 ], [ 70.10642045077276, 25.494432518315062 ], [ 70.216754110720146, 25.200209425122019 ], [ 70.198365167395579, 24.391095918841152 ], [ 69.839780772566556, 24.106067297310393 ], [ 68.822, 23.878 ], [ 68.633, 23.833 ], [ 68.588, 23.776 ], [ 68.411, 23.701 ], [ 68.327, 23.587 ], [ 68.157, 23.601 ], [ 68.276, 23.666 ], [ 68.164, 23.758 ], [ 68.183, 23.842 ], [ 68.144, 23.743 ], [ 68.157, 23.696 ], [ 68.063, 23.723 ], [ 68.102, 23.816 ], [ 68.014, 23.769 ], [ 67.869, 23.85 ], [ 67.832, 23.81 ], [ 67.632, 23.803 ], [ 67.547, 23.898 ], [ 67.491, 23.883 ], [ 67.51, 24.052 ], [ 67.354, 24.071 ], [ 67.3, 24.186 ], [ 67.286, 24.33 ], [ 67.157, 24.663 ], [ 67.253, 24.74 ], [ 67.14, 24.803 ], [ 67.083, 24.774 ], [ 66.958, 24.844 ], [ 66.68, 24.831 ], [ 66.718, 25.231 ], [ 66.548, 25.366 ], [ 66.587, 25.426 ], [ 66.437, 25.598 ], [ 66.258, 25.612 ], [ 66.094, 25.475 ], [ 66.336, 25.553 ], [ 66.484, 25.401 ], [ 66.36, 25.465 ], [ 66.252, 25.473 ], [ 65.858, 25.418 ], [ 65.672, 25.347 ], [ 65.395, 25.392 ], [ 65.232, 25.371 ], [ 65.155, 25.296 ], [ 64.807, 25.329 ], [ 64.719, 25.314 ], [ 64.669, 25.207 ], [ 64.518, 25.276 ], [ 64.439, 25.235 ], [ 64.361, 25.283 ], [ 64.067, 25.346 ], [ 63.944, 25.335 ], [ 63.805, 25.375 ], [ 63.573, 25.365 ], [ 63.485, 25.284 ], [ 63.5, 25.194 ], [ 63.178, 25.258 ], [ 63.028, 25.22 ], [ 62.771, 25.262 ], [ 62.477, 25.259 ], [ 62.489, 25.214 ], [ 62.343, 25.155 ], [ 62.381, 25.088 ], [ 62.256, 25.099 ], [ 62.318, 25.142 ], [ 62.254, 25.212 ], [ 62.145, 25.218 ], [ 62.059, 25.162 ], [ 62.097, 25.107 ], [ 61.881, 25.103 ], [ 61.847, 25.038 ], [ 61.72, 25.037 ], [ 61.78, 25.191 ], [ 61.588, 25.202 ], [ 61.62, 25.285 ], [ 61.7507723391967, 25.636035398348227 ], [ 62.012599194452648, 26.087686723664739 ], [ 62.094, 26.315 ], [ 62.124, 26.374 ], [ 62.507452430060404, 27.798725782544349 ], [ 62.268396166841065, 28.281435544814187 ], [ 62.049, 28.486 ], [ 61.748908517922089, 28.833103844551129 ], [ 61.62938038631242, 29.403161087612656 ], [ 61.0593231432509, 30.386969555476885 ], [ 60.962781190796917, 31.058165986823511 ], [ 61.183448510691697, 31.692584531521007 ], [ 61.174254039029421, 32.336197547880786 ], [ 61.082309322406594, 32.979810564240566 ], [ 61.183448510691719, 33.384367317380999 ], [ 61.100698265731175, 33.641812523924905 ], [ 61.100698265731175, 34.046369277065345 ], [ 61.245511194412124, 34.538273510997463 ], [ 61.116, 35.06 ], [ 61.008744845880436, 35.319283890894845 ], [ 60.976053391125731, 36.569732035262213 ], [ 61.114992073833207, 36.847609400677186 ], [ 61.662573940974475, 37.337981221997723 ], [ 61.899586987946066, 37.624031451101374 ], [ 62.300057308691173, 38.261514818818071 ], [ 62.569761810417468, 38.833615277025366 ], [ 62.522767844207529, 39.491530803963748 ], [ 63.348227076763791, 38.96438109604415 ], [ 63.912154671282408, 38.408626365214204 ], [ 65.048182724008328, 37.869217361761613 ], [ 65.309714362045938, 37.525957086837238 ], [ 66.241420822554943, 37.162264652691185 ], [ 66.911595645026338, 37.19495610744589 ], [ 67.237, 37.192 ], [ 67.482, 37.277 ], [ 67.781, 37.189 ], [ 67.785, 37.097 ], [ 67.878, 37.064 ], [ 68.011, 36.931 ], [ 68.186, 37.018 ], [ 68.278, 37.01 ], [ 68.307, 37.114 ], [ 68.627, 37.206 ], [ 68.669, 37.278 ], [ 68.82, 37.251 ], [ 68.814, 37.323 ], [ 68.965, 37.329 ], [ 69.124, 37.169 ], [ 69.246, 37.104 ], [ 69.324, 37.121 ], [ 69.445, 37.236 ], [ 69.378, 37.437 ], [ 69.529, 37.586 ], [ 69.802, 37.582 ], [ 69.895, 37.618 ], [ 70.017, 37.546 ], [ 70.158, 37.541 ], [ 70.283, 37.705 ], [ 70.172, 37.946 ], [ 70.262, 37.939 ], [ 70.483, 38.137 ], [ 70.596, 38.338 ], [ 70.761, 38.444 ], [ 71.05, 38.409 ], [ 71.334, 38.281 ], [ 71.365, 38.207 ], [ 71.258, 37.926 ], [ 71.341, 37.893 ], [ 71.501, 37.946 ], [ 71.598, 37.898 ], [ 71.538, 37.779 ], [ 71.497, 37.567 ], [ 71.487, 37.267 ], [ 71.431, 37.067 ], [ 71.463, 36.948 ], [ 71.611, 36.705 ], [ 72.291422145257556, 36.040936364476359 ], [ 72.706420121447422, 35.54047092218623 ], [ 72.908698498017628, 35.31060913062916 ], [ 73.090289313347668, 34.984205386618193 ], [ 73.223609152450777, 34.892260669995359 ], [ 72.929386059257737, 34.533676275166343 ], [ 72.970053086914106, 34.034131780682799 ], [ 73.042055472109482, 33.857398653385033 ], [ 72.85714025558498, 33.657755676252371 ], [ 72.51676534375224, 33.602117469510482 ], [ 71.898199398210053, 32.947550331370607 ], [ 71.701829256768079, 32.216071554499294 ], [ 71.544733143614508, 31.960790370624746 ], [ 71.656009557098301, 31.352042932154667 ], [ 71.90474506959147, 31.031305034466122 ], [ 72.153480582084626, 30.939665635126538 ], [ 72.395670423196378, 30.527288338098419 ], [ 72.624768921545325, 30.245824468698277 ], [ 73.18115098896422, 30.190186261956391 ], [ 72.084381167121265, 29.66527472611801 ], [ 71.079990475535226, 29.794173143381755 ], [ 70.674158849888499, 29.951269256535326 ], [ 70.359966623581357, 29.951269256535326 ], [ 70.137413796613799, 29.725443593877074 ], [ 69.842858584450852, 29.254155254416368 ], [ 69.665348619147423, 29.131924173575317 ], [ 69.502483672618126, 28.789412586337058 ], [ 69.56139471505071, 28.501403045555513 ], [ 69.762674110028712, 28.431037078205478 ] ] ] ] } },
{ "type": "Feature", "properties": { "id": "libyan1543", "colorId": null, "name": "ливийцы", "parent": null }, "geometry": { "type": "MultiPolygon", "coordinates": [ [ [ [ 15.172084798229585, 28.614599344065002 ], [ 15.958212125354743, 30.904022787973396 ], [ 17.102923847308922, 30.800584981772719 ], [ 17.413237265910958, 30.690251321825329 ], [ 17.544258487098485, 30.566125954384514 ], [ 19.144096556335647, 29.876540579713328 ], [ 19.83368193100684, 30.055832777127836 ], [ 20.123307788368741, 30.21443741330221 ], [ 20.688767795599119, 30.793689128026013 ], [ 21.419728292750584, 30.924710349213534 ], [ 22.219647327369167, 30.814376689266144 ], [ 22.702357089639001, 30.676459614331904 ], [ 23.371254903070056, 30.531646685650955 ], [ 23.844891267931494, 30.321568005960572 ], [ 24.303088435721186, 30.195018311999611 ], [ 24.647827257201044, 29.972465401930332 ], [ 24.707829267268728, 29.850279490519753 ], [ 24.805, 29.755 ], [ 24.90747231894855, 29.695365209981336 ], [ 25.217300880025387, 29.210985346889377 ], [ 25.692953178016591, 28.83570004755687 ], [ 26.229698431713082, 28.626238485138735 ], [ 26.639893991448616, 28.556417964332688 ], [ 27.556288327027996, 28.669876310642518 ], [ 28.555594531064557, 28.571691203259014 ], [ 28.87415065724214, 28.436413944197291 ], [ 29.197070565970115, 28.331683162988224 ], [ 29.694541776713201, 28.080765666341488 ], [ 30.146193270677319, 27.725117388485678 ], [ 30.268379182087902, 27.550566086470557 ], [ 30.399292658599244, 27.245101307944097 ], [ 30.665483394172295, 26.882907356262724 ], [ 30.831307131086664, 26.73453874954987 ], [ 30.940401694846113, 26.538168534782859 ], [ 31.080042736458211, 26.420346405922654 ], [ 31.197864865318415, 26.359253450217363 ], [ 31.717154988813398, 25.791961718668222 ], [ 31.930980333781918, 25.447222897188361 ], [ 32.36735858881972, 24.648650690469189 ], [ 32.482254480682116, 23.886131522191736 ], [ 32.575348507856745, 23.69994346784247 ], [ 32.217899036469284, 22.66749341259758 ], [ 31.816431041834498, 21.716188816615162 ], [ 31.292777135789141, 20.529239962912346 ], [ 30.736741471157703, 19.510712244983942 ], [ 30.333334020067621, 19.215914492264268 ], [ 29.666160158649415, 18.897843232750937 ], [ 29.410151583919166, 18.393583918888339 ], [ 29.34808889913608, 17.935871618613056 ], [ 28.204777877897623, 16.664556310009463 ], [ 26.234309189676512, 15.631978965608198 ], [ 25.758064382053991, 15.661744266084618 ], [ 25.150852252335238, 15.929631970372302 ], [ 24.448391161091976, 16.036787052087377 ], [ 23.983771159780225, 15.931928412308375 ], [ 23.917805801942841, 15.886852084452835 ], [ 23.062454995318223, 15.886852084452837 ], [ 22.915132362814752, 15.737330606688122 ], [ 22.830567116528318, 15.271635383775601 ], [ 22.256840949845529, 15.552173340765755 ], [ 21.578192098983397, 15.552173340765755 ], [ 20.54235964240435, 15.242614215811097 ], [ 19.809293623979933, 14.941878019872631 ], [ 17.809496037433441, 15.259087292221359 ], [ 15.531781123309925, 14.996827076348014 ], [ 15.283014277695266, 15.426515264227881 ], [ 14.774173002574368, 15.827934492378816 ], [ 13.36072501612742, 16.382006103066018 ], [ 12.625732063175008, 16.376352311120232 ], [ 12.13385216389147, 16.223699928583962 ], [ 11.472358506234299, 15.369977344770009 ], [ 11.020055150571276, 14.465370633443962 ], [ 10.646904882149283, 14.058297613347243 ], [ 10.542042778513562, 13.127228930518388 ], [ 10.481688081377998, 14.992585691809268 ], [ 11.125827787000272, 18.123151169415586 ], [ 12.746083315120813, 21.710614009334915 ], [ 14.036301425992287, 25.023114252721747 ], [ 15.172084798229585, 28.614599344065002 ] ] ] ] } },
{ "type": "Feature", "properties": { "id": "br_mauritius1810", "colorId": "britain", "name": null, "parent": "britain" }, "geometry": { "type": "MultiPolygon", "coordinates": [ [ [ [ 57.378, -20.507 ], [ 57.371, -20.261 ], [ 57.491, -20.141 ], [ 57.532, -20.025 ], [ 57.668, -19.994 ], [ 57.796, -20.223 ], [ 57.782, -20.336 ], [ 57.672, -20.48 ], [ 57.504, -20.517 ], [ 57.378, -20.507 ] ] ], [ [ [ 63.366, -19.767 ], [ 63.335, -19.718 ], [ 63.476, -19.678 ], [ 63.366, -19.767 ] ] ] ] } },
{ "type": "Feature", "properties": { "id": "micronesia1574", "colorId": null, "name": "Микронезия", "parent": null }, "geometry": { "type": "MultiPolygon", "coordinates": [ [ [ [ 166.916, -0.548 ], [ 166.939, -0.49 ], [ 166.958, -0.518 ], [ 166.916, -0.548 ] ] ], [ [ [ -157.429, 1.839 ], [ -157.42, 1.929 ], [ -157.355, 1.948 ], [ -157.496, 2.034 ], [ -157.322, 1.972 ], [ -157.348, 1.861 ], [ -157.191, 1.764 ], [ -157.179, 1.718 ], [ -157.411, 1.782 ], [ -157.581, 1.88 ], [ -157.429, 1.839 ] ] ] ] } },
{ "type": "Feature", "properties": { "id": "ott_egypt1801", "colorId": "turkey", "name": null, "parent": "ottoman" }, "geometry": { "type": "MultiPolygon", "coordinates": [ [ [ [ 32.272, 31.119 ], [ 32.331, 31.271 ], [ 32.602, 31.061 ], [ 32.77, 31.046 ], [ 32.985, 31.11 ], [ 33.099, 31.19 ], [ 33.133, 31.046 ], [ 33.406, 31.155 ], [ 33.648, 31.117 ], [ 34.047, 31.229 ], [ 34.283136002375073, 30.741769712670415 ], [ 34.357391908689983, 30.469498056182402 ], [ 34.580159627634721, 30.129158485572386 ], [ 34.67916750272127, 29.869262813470193 ], [ 34.956, 29.559 ], [ 34.887, 29.49 ], [ 34.737, 29.305 ], [ 34.675, 29.107 ], [ 34.633, 28.771 ], [ 34.407, 28.308 ], [ 34.455, 28.167 ], [ 34.427, 27.983 ], [ 34.272, 27.812 ], [ 34.078, 27.801 ], [ 33.879, 27.935 ], [ 33.716, 28.075 ], [ 33.565, 28.297 ], [ 33.434, 28.366 ], [ 33.238, 28.566 ], [ 33.195, 28.675 ], [ 33.136, 29.035 ], [ 32.886, 29.243 ], [ 32.817, 29.414 ], [ 32.721, 29.467 ], [ 32.681, 29.6 ], [ 32.691, 29.734 ], [ 32.605, 29.824 ], [ 32.57, 29.956 ], [ 32.468, 29.915 ], [ 32.492, 29.854 ], [ 32.393, 29.734 ], [ 32.338, 29.6 ], [ 32.388, 29.526 ], [ 32.591, 29.35 ], [ 32.66, 29.089 ], [ 32.625, 28.973 ], [ 32.821, 28.748 ], [ 32.869, 28.579 ], [ 33.003, 28.489 ], [ 33.126, 28.288 ], [ 33.338, 28.085 ], [ 33.513, 27.959 ], [ 33.592, 27.791 ], [ 33.482, 27.846 ], [ 33.537, 27.708 ], [ 33.496, 27.647 ], [ 33.633, 27.496 ], [ 33.692, 27.342 ], [ 33.825, 27.26 ], [ 33.837, 27.121 ], [ 34.004, 26.849 ], [ 33.96, 26.85 ], [ 33.941, 26.654 ], [ 34.014, 26.612 ], [ 34.339, 26.002 ], [ 34.547, 25.725 ], [ 34.682, 25.429 ], [ 34.99, 24.905 ], [ 35.235, 24.4 ], [ 35.392, 24.283 ], [ 35.290590967116898, 24.23911304189555 ], [ 35.073371570376082, 24.072319576540998 ], [ 34.712632215074379, 23.921041782382218 ], [ 33.925211901888936, 23.75812723482661 ], [ 33.413194752428453, 23.76200615262556 ], [ 32.963240287751049, 23.606849440667837 ], [ 32.575348507856745, 23.69994346784247 ], [ 32.482254480682116, 23.886131522191736 ], [ 32.36735858881972, 24.648650690469189 ], [ 31.930980333781918, 25.447222897188361 ], [ 31.717154988813398, 25.791961718668222 ], [ 31.197864865318415, 26.359253450217363 ], [ 31.080042736458211, 26.420346405922654 ], [ 30.940401694846113, 26.538168534782859 ], [ 30.831307131086664, 26.73453874954987 ], [ 30.665483394172295, 26.882907356262724 ], [ 30.399292658599244, 27.245101307944097 ], [ 30.268379182087902, 27.550566086470557 ], [ 30.146193270677319, 27.725117388485678 ], [ 29.694541776713201, 28.080765666341488 ], [ 29.197070565970115, 28.331683162988224 ], [ 28.87415065724214, 28.436413944197291 ], [ 28.555594531064557, 28.571691203259014 ], [ 27.556288327027996, 28.669876310642518 ], [ 26.639893991448616, 28.556417964332688 ], [ 26.229698431713082, 28.626238485138735 ], [ 25.692953178016591, 28.83570004755687 ], [ 25.217300880025387, 29.210985346889377 ], [ 24.90747231894855, 29.695365209981336 ], [ 24.805, 29.755 ], [ 24.812, 29.891 ], [ 24.908692100516852, 30.085488893668675 ], [ 24.908, 30.499 ], [ 25.098234988789432, 30.927901730435714 ], [ 25.151, 31.656 ], [ 25.191, 31.531 ], [ 25.402, 31.503 ], [ 25.824, 31.615 ], [ 25.967, 31.617 ], [ 26.362, 31.522 ], [ 26.966, 31.45 ], [ 27.117, 31.39 ], [ 27.342, 31.368 ], [ 27.383, 31.269 ], [ 27.478, 31.214 ], [ 27.66, 31.18 ], [ 27.863, 31.234 ], [ 27.897, 31.114 ], [ 28.318, 31.06 ], [ 28.405, 31.086 ], [ 28.818, 30.951 ], [ 28.829, 30.915 ], [ 29.028, 30.827 ], [ 29.219, 30.838 ], [ 29.503, 30.957 ], [ 29.838, 31.154 ], [ 30.07, 31.333 ], [ 30.165, 31.217 ], [ 30.288, 31.278 ], [ 30.543, 31.395 ], [ 30.734, 31.388 ], [ 30.799, 31.446 ], [ 30.981, 31.437 ], [ 31.111, 31.54 ], [ 31.012, 31.597 ], [ 31.221, 31.58 ], [ 31.524, 31.45 ], [ 31.597, 31.444 ], [ 31.838, 31.525 ], [ 31.918, 31.524 ], [ 31.769, 31.299 ], [ 31.927, 31.211 ], [ 32.037, 31.217 ], [ 32.091, 31.08 ], [ 32.272, 31.119 ] ] ] ] } },
{ "type": "Feature", "properties": { "id": "fr_croatia", "colorId": "france", "name": null, "parent": "france1768" }, "geometry": { "type": "MultiPolygon", "coordinates": [ [ [ [ 16.049, 43.065 ], [ 16.241, 43.072 ], [ 16.121, 43.013 ], [ 16.049, 43.065 ] ] ], [ [ [ 15.136, 43.903 ], [ 15.003, 44.052 ], [ 15.145, 43.95 ], [ 15.136, 43.903 ] ] ], [ [ [ 15.117, 44.387 ], [ 14.897, 44.491 ], [ 14.877, 44.56 ], [ 14.904, 44.61 ], [ 15.254, 44.34 ], [ 15.097, 44.34 ], [ 15.117, 44.387 ] ] ], [ [ [ 12.898572518302945, 47.0870086068647 ], [ 13.067941765296636, 47.01336980382397 ], [ 13.318313695635137, 47.112782187928957 ], [ 13.583413386581785, 47.07964472656063 ], [ 13.782238154791779, 46.954458761391379 ], [ 13.903742179808992, 46.689359070444731 ], [ 14.014200384370096, 46.586264746187702 ], [ 14.154114110147493, 46.424259379498082 ], [ 14.301391716228965, 46.380076097673644 ], [ 14.699041252648938, 46.129704167335142 ], [ 15.067235267852617, 46.092884765814773 ], [ 15.280787796670749, 45.975062680949598 ], [ 15.45936189404453, 45.91891309363097 ], [ 15.669232482710626, 45.91891309363097 ], [ 15.941696053961349, 45.786363248157649 ], [ 16.188386044147812, 45.764271607245426 ], [ 16.328299769925213, 45.664859223140432 ], [ 16.383528872205762, 45.554401018579327 ], [ 16.530806478287236, 45.432896993562117 ], [ 16.707539605585001, 45.392395651889707 ], [ 16.751722887409443, 45.322438789001012 ], [ 16.924, 45.285 ], [ 16.786, 45.179 ], [ 16.587, 45.221 ], [ 16.482, 45.2 ], [ 16.341, 45.006 ], [ 16.213, 45.031 ], [ 15.998, 45.219 ], [ 15.825, 45.211 ], [ 15.78, 45.16 ], [ 15.696475628357335, 44.943396862082224 ], [ 15.701072864188477, 44.685951655538318 ], [ 16.013684900706085, 44.410117505669838 ], [ 16.020580754452798, 44.253811487411035 ], [ 16.252741163925435, 44.017053842107259 ], [ 16.526276695878341, 43.828567173030464 ], [ 16.535471167540624, 43.729726602660925 ], [ 16.608864810177501, 43.712712026276833 ], [ 16.788319138253399, 43.532045461921847 ], [ 17.137709061420136, 43.391829769072039 ], [ 17.535944615292749, 43.059104825793199 ], [ 17.506062582390332, 43.00278868686172 ], [ 17.617832878534951, 42.924061023253429 ], [ 17.885334538459485, 42.829243034236129 ], [ 18.282995437853206, 42.643054983074911 ], [ 18.55, 42.639 ], [ 18.721183666058998, 42.466306019199493 ], [ 18.927450072488966, 42.404426097270502 ], [ 19.040896596025448, 42.272415597155323 ], [ 19.139, 42.042 ], [ 18.872, 42.29 ], [ 18.779, 42.271 ], [ 18.654, 42.452 ], [ 18.496, 42.416 ], [ 18.239, 42.559 ], [ 18.218, 42.62 ], [ 18.076, 42.651 ], [ 17.807, 42.812 ], [ 17.749, 42.791 ], [ 17.44, 42.873 ], [ 17.202, 42.984 ], [ 17.028, 43.004 ], [ 17.24, 43.023 ], [ 17.465, 42.921 ], [ 17.653, 42.891 ], [ 17.316, 43.127 ], [ 17.073, 43.239 ], [ 16.881, 43.406 ], [ 16.626, 43.449 ], [ 16.337, 43.551 ], [ 15.973, 43.503 ], [ 15.931, 43.676 ], [ 15.466, 43.922 ], [ 15.145, 44.195 ], [ 15.11, 44.264 ], [ 15.309, 44.309 ], [ 15.525, 44.261 ], [ 15.308, 44.354 ], [ 14.901, 44.69 ], [ 14.884, 44.861 ], [ 14.922, 44.959 ], [ 14.827, 45.114 ], [ 14.658, 45.197 ], [ 14.582, 45.285 ], [ 14.33, 45.354 ], [ 14.154, 45.072 ], [ 14.164, 44.996 ], [ 14.039, 44.949 ], [ 13.964, 44.812 ], [ 13.799, 44.865 ], [ 13.808, 44.915 ], [ 13.613, 45.118 ], [ 13.603, 45.279 ], [ 13.507, 45.512 ], [ 13.59, 45.489 ], [ 13.712, 45.593 ], [ 13.787, 45.611 ], [ 13.726, 45.704 ], [ 13.551, 45.792 ], [ 13.423, 45.724 ], [ 13.328229569950375, 45.805259442666085 ], [ 13.323831879427884, 45.906406324683395 ], [ 13.50413719085004, 46.095507017150531 ], [ 13.359013403607817, 46.196653899167835 ], [ 13.394194927787749, 46.425333806337399 ], [ 13.271059593157984, 46.460515330517332 ], [ 13.231, 46.552 ], [ 13.065, 46.598 ], [ 12.83, 46.61 ], [ 12.405, 46.69 ], [ 12.235403475111212, 46.607837963020799 ], [ 12.072688925779023, 46.669405630335682 ], [ 11.970723599989675, 46.844000556830274 ], [ 12.088545684854852, 47.083326666712665 ], [ 12.165866428047625, 47.142237709145256 ], [ 12.232141350784286, 47.094372487168776 ], [ 12.460421640210567, 47.182739050817659 ], [ 12.607699246292038, 47.112782187928957 ], [ 12.758658792525546, 47.116464128080999 ], [ 12.898572518302945, 47.0870086068647 ] ] ], [ [ [ 14.514, 44.662 ], [ 14.428, 44.657 ], [ 14.302, 44.943 ], [ 14.39, 44.96 ], [ 14.278, 45.128 ], [ 14.466, 44.984 ], [ 14.452, 44.799 ], [ 14.514, 44.662 ] ] ], [ [ [ 14.626, 45.037 ], [ 14.425, 45.087 ], [ 14.53, 45.135 ], [ 14.563, 45.25 ], [ 14.665, 45.162 ], [ 14.665, 45.087 ], [ 14.815, 44.977 ], [ 14.723, 44.943 ], [ 14.626, 45.037 ] ] ], [ [ [ 17.324, 42.791 ], [ 17.659, 42.743 ], [ 17.749, 42.695 ], [ 17.324, 42.791 ] ] ], [ [ [ 16.851, 42.901 ], [ 16.638, 42.935 ], [ 16.72, 42.99 ], [ 16.824, 42.962 ], [ 17.132, 42.97 ], [ 17.2, 42.922 ], [ 16.851, 42.901 ] ] ], [ [ [ 17.193, 43.127 ], [ 16.693, 43.127 ], [ 16.372, 43.196 ], [ 16.521, 43.229 ], [ 16.751, 43.162 ], [ 17.193, 43.127 ] ] ], [ [ [ 16.813, 43.268 ], [ 16.501, 43.284 ], [ 16.426, 43.394 ], [ 16.688, 43.377 ], [ 16.892, 43.312 ], [ 16.813, 43.268 ] ] ], [ [ [ 16.391, 43.346 ], [ 16.207, 43.387 ], [ 16.277, 43.412 ], [ 16.391, 43.346 ] ] ] ] } },
{ "type": "Feature", "properties": { "id": "sp_marianas1589", "colorId": "spain", "name": null, "parent": "spain" }, "geometry": { "type": "MultiPolygon", "coordinates": [ [ [ [ 145.578, 15.017 ], [ 145.647, 15.072 ], [ 145.668, 14.983 ], [ 145.606, 14.928 ], [ 145.578, 15.017 ] ] ], [ [ [ 145.698, 15.203 ], [ 145.788, 15.267 ], [ 145.753, 15.096 ], [ 145.686, 15.102 ], [ 145.698, 15.203 ] ] ], [ [ [ 145.719, 18.054 ], [ 145.771, 18.175 ], [ 145.836, 18.128 ], [ 145.719, 18.054 ] ] ] ] } },
{ "type": "Feature", "properties": { "id": "prt_goa1640", "colorId": "portugal", "name": null, "parent": "portugal" }, "geometry": { "type": "MultiPolygon", "coordinates": [ [ [ [ 73.937, 15.411 ], [ 73.783, 15.408 ], [ 73.891, 15.343 ], [ 73.947, 15.161 ], [ 73.913, 15.079 ], [ 74.031, 14.995 ], [ 74.036, 14.921 ], [ 74.125, 14.846 ], [ 74.096, 14.793 ], [ 74.239573970234673, 14.796200974124384 ], [ 74.323815253911391, 15.04424475383912 ], [ 74.398696394957341, 15.182306857642606 ], [ 74.426776822849575, 15.467791207880325 ], [ 74.333175396542131, 15.59415313339538 ], [ 74.148312579584925, 15.638613810891417 ], [ 73.989190154862257, 15.71817502325275 ], [ 73.672512628763883, 15.709277882329653 ], [ 73.796, 15.449 ], [ 73.937, 15.411 ] ] ] ] } },
{ "type": "Feature", "properties": { "id": "br_septinsular", "colorId": "britain", "name": null, "parent": "britain" }, "geometry": { "type": "MultiPolygon", "coordinates": [ [ [ [ 23.012, 36.308 ], [ 23.104, 36.237 ], [ 23.052, 36.145 ], [ 22.909, 36.206 ], [ 22.9, 36.328 ], [ 22.956, 36.383 ], [ 23.012, 36.308 ] ] ], [ [ [ 20.619, 37.823 ], [ 20.686, 37.93 ], [ 20.742, 37.862 ], [ 20.901, 37.792 ], [ 20.815, 37.652 ], [ 20.619, 37.823 ] ] ], [ [ [ 20.734, 38.062 ], [ 20.615, 38.12 ], [ 20.51, 38.111 ], [ 20.435, 38.279 ], [ 20.425, 38.175 ], [ 20.339, 38.2 ], [ 20.4, 38.364 ], [ 20.489, 38.313 ], [ 20.572, 38.474 ], [ 20.626, 38.352 ], [ 20.798, 38.131 ], [ 20.734, 38.062 ] ] ], [ [ [ 20.615, 38.467 ], [ 20.716, 38.392 ], [ 20.719, 38.316 ], [ 20.615, 38.467 ] ] ], [ [ [ 20.585, 38.618 ], [ 20.562, 38.691 ], [ 20.686, 38.85 ], [ 20.721, 38.638 ], [ 20.585, 38.618 ] ] ] ] } },
{ "type": "Feature", "properties": { "id": "prt_cape_verde1640", "colorId": "portugal", "name": null, "parent": "portugal" }, "geometry": { "type": "MultiPolygon", "coordinates": [ [ [ [ -24.377, 14.816 ], [ -24.526, 14.925 ], [ -24.403, 15.038 ], [ -24.329, 15.029 ], [ -24.297, 14.918 ], [ -24.377, 14.816 ] ] ], [ [ [ -23.457, 15.024 ], [ -23.494, 14.919 ], [ -23.677, 14.936 ], [ -23.772, 15.038 ], [ -23.786, 15.175 ], [ -23.744, 15.333 ], [ -23.511, 15.113 ], [ -23.457, 15.024 ] ] ], [ [ [ -23.11, 15.199 ], [ -23.183, 15.119 ], [ -23.258, 15.175 ], [ -23.251, 15.256 ], [ -23.128, 15.312 ], [ -23.11, 15.199 ] ] ], [ [ [ -22.682, 16.114 ], [ -22.68, 16.063 ], [ -22.806, 15.986 ], [ -22.946, 16.02 ], [ -22.916, 16.244 ], [ -22.714, 16.206 ], [ -22.682, 16.114 ] ] ], [ [ [ -24.068, 16.614 ], [ -24.033, 16.562 ], [ -24.233, 16.602 ], [ -24.325, 16.483 ], [ -24.423, 16.662 ], [ -24.361, 16.682 ], [ -24.068, 16.614 ] ] ], [ [ [ -22.929, 16.593 ], [ -22.991, 16.816 ], [ -22.895, 16.829 ], [ -22.895, 16.614 ], [ -22.929, 16.593 ] ] ], [ [ [ -24.875, 16.826 ], [ -24.988, 16.785 ], [ -25.078, 16.865 ], [ -24.971, 16.923 ], [ -24.92, 16.895 ], [ -24.875, 16.826 ] ] ], [ [ [ -25.047, 17.035 ], [ -25.188, 16.928 ], [ -25.299, 16.917 ], [ -25.355, 17.038 ], [ -25.317, 17.106 ], [ -25.103, 17.197 ], [ -24.971, 17.107 ], [ -25.047, 17.035 ] ] ] ] } },
{ "type": "Feature", "properties": { "id": "antarctica", "colorId": "antarctica", "name": "Антарктида", "parent": null }, "geometry": { "type": "MultiPolygon", "coordinates": [ [ [ [ -47.223, -77.773 ], [ -44.515, -78.042 ], [ -43.718, -78.367 ], [ -42.972, -79.43 ], [ -43.532, -80.2 ], [ -54.162, -80.877 ], [ -54.408, -80.74 ], [ -54.378, -80.577 ], [ -53.343, -80.107 ], [ -50.713, -79.282 ], [ -50.367, -78.691 ], [ -49.072, -78.042 ], [ -47.223, -77.773 ] ] ], [ [ [ 26.446, -71.032 ], [ 32.745, -70.013 ], [ 35.708, -69.666 ], [ 39.209, -69.707 ], [ 39.858, -68.83 ], [ 52.222, -65.973 ], [ 55.612, -66.028 ], [ 57.563, -66.994 ], [ 69.107, -67.846 ], [ 72.766, -70.069 ], [ 75.883, -69.779 ], [ 78.747, -68.262 ], [ 87.966, -66.77 ], [ 113.204, -65.765 ], [ 118.89, -67.42 ], [ 121.515, -67.093 ], [ 123.15, -66.733 ], [ 125.148, -66.66 ], [ 125.898, -66.306 ], [ 130.872, -66.183 ], [ 136.945, -66.328 ], [ 143.471, -66.846 ], [ 146.048, -67.587 ], [ 147.03, -68.416 ], [ 153.845, -68.76 ], [ 154.986, -68.886 ], [ 156.35, -69.202 ], [ 157.873, -69.172 ], [ 159.754, -69.502 ], [ 161.249, -70.462 ], [ 162.708, -70.3 ], [ 167.701, -70.791 ], [ 170.282, -71.299 ], [ 170.946, -71.861 ], [ 169.631, -73.044 ], [ 168.304, -73.164 ], [ 162.546, -75.101 ], [ 160.387, -79.168 ], [ 161.383, -79.947 ], [ 161.011, -81.549 ], [ 166.53, -82.703 ], [ 180.0, -84.353 ], [ 180.0, -90.0 ], [ -180.0, -90.0 ], [ -180.0, -84.353 ], [ -167.442, -84.867 ], [ -160.07, -83.479 ], [ -154.804, -81.966 ], [ -156.528, -78.664 ], [ -158.637, -77.865 ], [ -158.22, -77.074 ], [ -151.421, -77.509 ], [ -149.483, -76.293 ], [ -139.567, -75.148 ], [ -88.714, -73.12 ], [ -75.39331635053486, -71.007032259062939 ], [ -72.107906287143393, -69.069482734498763 ], [ -70.45116104150155, -68.676356744007492 ], [ -68.825, -69.431 ], [ -68.009, -69.327 ], [ -67.163, -68.49 ], [ -67.472, -67.549 ], [ -67.119, -66.936 ], [ -63.874, -65.046 ], [ -61.019, -64.082 ], [ -57.287, -63.215 ], [ -55.562833271604354, -63.122551324755477 ], [ -55.060970261821168, -63.300294474053693 ], [ -55.907864090830302, -63.289838994683208 ], [ -58.733, -64.031 ], [ -63.812, -66.189 ], [ -65.337, -67.658 ], [ -65.244, -68.629 ], [ -63.447, -68.947 ], [ -61.354, -70.561 ], [ -60.492, -72.791 ], [ -61.055, -74.103 ], [ -63.162, -75.409 ], [ -70.094, -76.675 ], [ -74.892, -78.168 ], [ -75.939, -79.569 ], [ -72.557, -80.799 ], [ -68.68, -80.961 ], [ -62.414, -81.558 ], [ -61.192, -83.199 ], [ -59.47, -83.46 ], [ -55.85, -82.462 ], [ -55.225, -82.518 ], [ -54.762, -82.3 ], [ -48.38, -81.89 ], [ -44.011, -82.391 ], [ -33.721, -77.311 ], [ -30.692, -76.85 ], [ -28.859, -76.353 ], [ -20.399, -75.472 ], [ -17.802, -74.777 ], [ -12.381, -71.395 ], [ -7.856, -70.826 ], [ -2.887, -71.268 ], [ 2.52, -70.901 ], [ 26.446, -71.032 ] ] ] ] } },
{ "type": "Feature", "properties": { "id": "br_ireland", "colorId": "britain", "name": null, "parent": "britain" }, "geometry": { "type": "MultiPolygon", "coordinates": [ [ [ [ -9.992, 54.301 ], [ -9.765, 54.256 ], [ -9.844, 54.329 ], [ -9.22, 54.281 ], [ -9.135, 54.146 ], [ -9.051, 54.289 ], [ -8.621, 54.256 ], [ -8.47, 54.277 ], [ -8.664, 54.359 ], [ -8.271, 54.524 ], [ -8.121, 54.647 ], [ -8.292, 54.606 ], [ -8.419, 54.641 ], [ -8.673, 54.619 ], [ -8.796, 54.698 ], [ -8.637, 54.768 ], [ -8.457, 54.763 ], [ -8.554, 54.828 ], [ -8.326, 54.838 ], [ -8.463, 54.941 ], [ -8.278, 55.161 ], [ -8.115, 55.155 ], [ -7.792, 55.206 ], [ -7.644, 55.273 ], [ -7.532, 55.1 ], [ -7.641, 55.044 ], [ -7.469, 55.044 ], [ -7.541, 55.198 ], [ -7.524, 55.29 ], [ -7.328, 55.308 ], [ -7.384, 55.386 ], [ -7.195, 55.339 ], [ -6.943, 55.219 ], [ -7.159, 55.151 ], [ -7.247, 55.069 ], [ -7.405, 55.004 ], [ -7.543, 54.742 ], [ -7.846, 54.731 ], [ -7.907, 54.661 ], [ -7.754, 54.614 ], [ -7.849, 54.541 ], [ -8.002, 54.543 ], [ -8.174, 54.462 ], [ -7.895, 54.294 ], [ -7.837, 54.204 ], [ -7.609, 54.14 ], [ -7.31, 54.115 ], [ -7.146, 54.252 ], [ -7.209, 54.293 ], [ -7.049, 54.412 ], [ -6.88, 54.342 ], [ -6.788, 54.203 ], [ -6.64, 54.168 ], [ -6.616, 54.037 ], [ -6.27, 54.098 ], [ -6.111, 54.001 ], [ -6.348, 54.004 ], [ -6.379, 53.917 ], [ -6.243, 53.865 ], [ -6.223, 53.646 ], [ -6.092, 53.577 ], [ -6.123, 53.393 ], [ -6.215, 53.358 ], [ -6.097, 53.286 ], [ -5.997, 52.965 ], [ -6.215, 52.666 ], [ -6.209, 52.546 ], [ -6.39, 52.359 ], [ -6.496, 52.364 ], [ -6.318, 52.241 ], [ -6.37, 52.18 ], [ -6.597, 52.18 ], [ -6.832, 52.241 ], [ -6.897, 52.152 ], [ -6.97, 52.247 ], [ -7.017, 52.138 ], [ -7.435, 52.126 ], [ -7.572, 52.088 ], [ -7.59, 51.991 ], [ -7.829, 51.953 ], [ -8.004, 51.83 ], [ -8.246, 51.803 ], [ -8.182, 51.885 ], [ -8.329, 51.861 ], [ -8.302, 51.758 ], [ -8.696, 51.577 ], [ -8.854, 51.596 ], [ -9.272, 51.508 ], [ -9.402, 51.546 ], [ -9.82, 51.446 ], [ -9.834, 51.487 ], [ -9.546, 51.611 ], [ -9.731, 51.601 ], [ -9.459, 51.684 ], [ -9.525, 51.727 ], [ -9.874, 51.656 ], [ -10.029, 51.597 ], [ -10.088, 51.672 ], [ -9.738, 51.837 ], [ -10.085, 51.756 ], [ -10.235, 51.851 ], [ -10.341, 51.788 ], [ -10.382, 51.878 ], [ -10.251, 51.916 ], [ -10.266, 51.988 ], [ -9.93, 52.072 ], [ -9.908, 52.131 ], [ -10.461, 52.103 ], [ -10.461, 52.18 ], [ -10.172, 52.287 ], [ -9.872, 52.233 ], [ -9.834, 52.375 ], [ -9.95, 52.412 ], [ -9.677, 52.483 ], [ -9.618, 52.577 ], [ -9.272, 52.577 ], [ -8.96, 52.652 ], [ -9.0, 52.76 ], [ -9.147, 52.624 ], [ -9.333, 52.598 ], [ -9.553, 52.639 ], [ -9.707, 52.58 ], [ -9.824, 52.595 ], [ -9.581, 52.743 ], [ -9.499, 52.753 ], [ -9.354, 52.933 ], [ -9.478, 52.94 ], [ -9.272, 53.147 ], [ -9.159, 53.111 ], [ -9.046, 53.174 ], [ -8.936, 53.146 ], [ -8.943, 53.269 ], [ -9.612, 53.236 ], [ -9.601, 53.365 ], [ -9.887, 53.317 ], [ -9.786, 53.393 ], [ -10.026, 53.385 ], [ -10.18, 53.555 ], [ -9.854, 53.618 ], [ -9.908, 53.762 ], [ -9.566, 53.796 ], [ -9.566, 53.899 ], [ -9.911, 53.859 ], [ -9.916, 53.954 ], [ -9.812, 53.942 ], [ -10.011, 54.218 ], [ -9.992, 54.301 ] ] ], [ [ [ -10.266, 53.982 ], [ -9.976, 54.021 ], [ -9.964, 53.954 ], [ -10.266, 53.982 ] ] ] ] } },
{ "type": "Feature", "properties": { "id": "siam1765", "colorId": "thailand", "name": "Сиам", "parent": null }, "geometry": { "type": "MultiPolygon", "coordinates": [ [ [ [ 99.719, 6.353 ], [ 99.645, 6.436 ], [ 99.786, 6.423 ], [ 99.851, 6.466 ], [ 99.901, 6.364 ], [ 99.729, 6.261 ], [ 99.719, 6.353 ] ] ], [ [ [ 99.672, 6.517 ], [ 99.6, 6.583 ], [ 99.657, 6.724 ], [ 99.704, 6.558 ], [ 99.672, 6.517 ] ] ], [ [ [ 99.117, 7.479 ], [ 99.057, 7.504 ], [ 99.035, 7.644 ], [ 99.117, 7.479 ] ] ], [ [ [ 98.398, 7.815 ], [ 98.309, 7.768 ], [ 98.254, 7.928 ], [ 98.281, 8.192 ], [ 98.438, 8.066 ], [ 98.419, 7.904 ], [ 98.398, 7.815 ] ] ], [ [ [ 98.61, 8.035 ], [ 98.612, 7.926 ], [ 98.541, 8.105 ], [ 98.61, 8.035 ] ] ], [ [ [ 100.07, 9.586 ], [ 100.061, 9.464 ], [ 99.947, 9.418 ], [ 99.926, 9.566 ], [ 100.07, 9.586 ] ] ], [ [ [ 100.035, 9.796 ], [ 100.09, 9.665 ], [ 99.988, 9.72 ], [ 100.035, 9.796 ] ] ], [ [ [ 102.29, 11.975 ], [ 102.25, 12.153 ], [ 102.311, 12.146 ], [ 102.4, 12.043 ], [ 102.428, 11.961 ], [ 102.29, 11.975 ] ] ], [ [ [ 104.81, 17.172 ], [ 104.745, 17.025 ], [ 104.778, 16.716 ], [ 104.755, 16.529 ], [ 104.869, 16.438 ], [ 104.908, 16.353 ], [ 105.015, 16.277 ], [ 105.042, 16.141 ], [ 105.237, 16.051 ], [ 105.405, 16.019 ], [ 105.361, 15.919 ], [ 105.448, 15.765 ], [ 105.613, 15.721 ], [ 105.651, 15.635 ], [ 105.588, 15.424 ], [ 105.486, 15.375 ], [ 105.564, 15.273 ], [ 105.647771847373932, 15.147365254286584 ], [ 105.766833049279569, 15.132482604048379 ], [ 105.909706491566325, 14.825900009141362 ], [ 105.811480999994174, 14.40323274237635 ], [ 105.808504469946541, 14.120462387850456 ], [ 105.787, 14.01 ], [ 105.763856519231936, 13.626358399942056 ], [ 105.552522885849427, 13.420977826654836 ], [ 105.457273924324923, 13.105465641604896 ], [ 105.308447421942873, 12.944733019032286 ], [ 104.778625073462777, 12.742328975792702 ], [ 104.504784309079824, 12.739352445745059 ], [ 104.324017175795106, 12.854561063461292 ], [ 103.923827338248614, 12.203702866132947 ], [ 103.879850433023734, 11.900262220081219 ], [ 103.501649048089689, 11.236210951185408 ], [ 103.533, 11.163 ], [ 103.474, 11.134 ], [ 103.417, 10.958 ], [ 103.352, 10.872 ], [ 103.277, 10.933 ], [ 103.181, 10.864 ], [ 103.096, 10.934 ], [ 103.114, 11.161 ], [ 103.058, 11.221 ], [ 103.134, 11.316 ], [ 103.03, 11.543 ], [ 102.955, 11.557 ], [ 102.914, 11.646 ], [ 102.907, 11.741 ], [ 102.777, 11.903 ], [ 102.75, 12.04 ], [ 102.562, 12.202 ], [ 102.572, 12.091 ], [ 102.474, 12.149 ], [ 102.296, 12.19 ], [ 102.263, 12.29 ], [ 102.072, 12.489 ], [ 102.112, 12.537 ], [ 101.914, 12.555 ], [ 101.83, 12.673 ], [ 101.686, 12.702 ], [ 101.642, 12.651 ], [ 101.443, 12.625 ], [ 101.088, 12.681 ], [ 100.978, 12.639 ], [ 100.858, 12.653 ], [ 100.837, 12.708 ], [ 100.918, 12.826 ], [ 100.869, 12.906 ], [ 100.933, 13.026 ], [ 100.878, 13.098 ], [ 100.945, 13.201 ], [ 100.912, 13.294 ], [ 100.981, 13.359 ], [ 100.963, 13.471 ], [ 100.68, 13.509 ], [ 100.592, 13.555 ], [ 100.556, 13.511 ], [ 100.237, 13.477 ], [ 100.039, 13.403 ], [ 99.967, 13.259 ], [ 100.074, 13.153 ], [ 100.104, 13.057 ], [ 99.988, 12.79 ], [ 99.961, 12.625 ], [ 100.011, 12.383 ], [ 99.982, 12.28 ], [ 100.02, 12.193 ], [ 99.855, 11.968 ], [ 99.817, 11.741 ], [ 99.752, 11.71 ], [ 99.642, 11.523 ], [ 99.569, 11.334 ], [ 99.586, 11.214 ], [ 99.494, 11.115 ], [ 99.512, 10.866 ], [ 99.302, 10.631 ], [ 99.247, 10.444 ], [ 99.278, 10.357 ], [ 99.152, 10.357 ], [ 99.242, 10.215 ], [ 99.16, 10.128 ], [ 99.168, 9.844 ], [ 99.145, 9.788 ], [ 99.181, 9.643 ], [ 99.324, 9.392 ], [ 99.23, 9.32 ], [ 99.255, 9.232 ], [ 99.475, 9.201 ], [ 99.521, 9.27 ], [ 99.689, 9.316 ], [ 99.854, 9.295 ], [ 99.916, 9.102 ], [ 99.959, 8.638 ], [ 100.104, 8.418 ], [ 100.186, 8.397 ], [ 100.165, 8.501 ], [ 100.271, 8.317 ], [ 100.303, 8.119 ], [ 100.44, 7.477 ], [ 100.567, 7.229 ], [ 100.548, 7.197 ], [ 100.439, 7.294 ], [ 100.406, 7.528 ], [ 100.326, 7.574 ], [ 100.307, 7.758 ], [ 100.211, 7.781 ], [ 100.143, 7.7 ], [ 100.185, 7.514 ], [ 100.303, 7.343 ], [ 100.37, 7.333 ], [ 100.392, 7.223 ], [ 100.486, 7.14 ], [ 100.556, 7.145 ], [ 100.585, 7.224 ], [ 100.765, 6.983 ], [ 100.85, 6.962 ], [ 100.998, 6.857 ], [ 101.191, 6.862 ], [ 101.244, 6.902 ], [ 101.351, 6.876 ], [ 101.321, 6.949 ], [ 101.566, 6.832 ], [ 101.772, 6.501 ], [ 102.073, 6.258 ], [ 102.164, 6.197 ], [ 102.2, 6.233 ], [ 102.38, 6.133 ], [ 102.5, 5.897 ], [ 102.876, 5.571 ], [ 102.959, 5.542 ], [ 103.12, 5.381 ], [ 103.449, 4.795 ], [ 103.469, 4.55 ], [ 103.451, 4.488 ], [ 103.494, 4.337 ], [ 103.368114370700951, 4.378151572847063 ], [ 103.117446010919082, 4.325379286577197 ], [ 102.866777651137227, 4.38694695389204 ], [ 102.800812293299884, 4.558456884269104 ], [ 102.580927767175453, 4.734364505168656 ], [ 102.158749477016528, 4.822318315618433 ], [ 101.96525109402701, 4.923465197635676 ], [ 101.762957329992531, 5.072986675400296 ], [ 101.727775805812612, 5.196122010029983 ], [ 101.635424304840356, 5.297268892047225 ], [ 101.195655252591465, 5.521551108694155 ], [ 100.975770726467033, 5.68866334854873 ], [ 100.716306985640188, 5.91294556519566 ], [ 100.663534699370331, 6.014092447212903 ], [ 100.349, 6.013 ], [ 100.248, 6.221 ], [ 100.175, 6.291 ], [ 100.127, 6.442 ], [ 100.001, 6.567 ], [ 99.957, 6.664 ], [ 99.797, 6.822 ], [ 99.686, 6.877 ], [ 99.679, 7.027 ], [ 99.748, 7.126 ], [ 99.614, 7.137 ], [ 99.54, 7.244 ], [ 99.508, 7.385 ], [ 99.471, 7.28 ], [ 99.337, 7.384 ], [ 99.344, 7.469 ], [ 99.268, 7.616 ], [ 99.124, 7.767 ], [ 99.033, 7.723 ], [ 99.062, 7.859 ], [ 98.905, 8.048 ], [ 98.829, 8.007 ], [ 98.747, 8.068 ], [ 98.744, 8.215 ], [ 98.696, 8.308 ], [ 98.622, 8.293 ], [ 98.655, 8.38 ], [ 98.446, 8.325 ], [ 98.463, 8.216 ], [ 98.391, 8.137 ], [ 98.278, 8.241 ], [ 98.199, 8.534 ], [ 98.24, 8.651 ], [ 98.262, 8.851 ], [ 98.382, 9.072 ], [ 98.328, 9.164 ], [ 98.457, 9.549 ], [ 98.514, 9.655 ], [ 98.513, 9.837 ], [ 98.633, 9.963 ], [ 98.604, 9.994 ], [ 98.72, 10.228 ], [ 98.747, 10.351 ], [ 98.791, 10.52 ], [ 98.767, 10.689 ], [ 98.905, 10.814 ], [ 98.974, 10.824 ], [ 99.002, 10.958 ], [ 99.213, 11.108 ], [ 99.243, 11.198 ], [ 99.428, 11.497 ], [ 99.441, 11.597 ], [ 99.531, 11.631 ], [ 99.63, 11.816 ], [ 99.554, 11.895 ], [ 99.574, 11.976 ], [ 99.518, 12.026 ], [ 99.546, 12.132 ], [ 99.466, 12.126 ], [ 99.457, 12.256 ], [ 99.387, 12.466 ], [ 99.394, 12.59 ], [ 99.214, 12.735 ], [ 99.151, 12.995 ], [ 99.093, 13.038 ], [ 99.102, 13.171 ], [ 99.19, 13.23 ], [ 99.188, 13.427 ], [ 99.153, 13.715 ], [ 99.092, 13.864 ], [ 98.945, 14.069 ], [ 98.754, 14.2 ], [ 98.548, 14.378 ], [ 98.418, 14.608 ], [ 98.243, 14.805 ], [ 98.165, 15.126 ], [ 98.283, 15.29 ], [ 98.392, 15.258 ], [ 98.397, 15.356 ], [ 98.475, 15.383 ], [ 98.534, 15.326 ], [ 98.567, 15.453 ], [ 98.543, 15.735 ], [ 98.584, 15.977 ], [ 98.659, 16.116 ], [ 98.783, 16.102 ], [ 98.835, 16.145 ], [ 98.903, 16.363 ], [ 98.81, 16.44 ], [ 98.682, 16.273 ], [ 98.632, 16.463 ], [ 98.457, 16.723 ], [ 98.521, 16.814 ], [ 98.436, 17.012 ], [ 98.313, 17.052 ], [ 98.279, 17.137 ], [ 98.101, 17.303 ], [ 97.983, 17.505 ], [ 97.769, 17.679 ], [ 97.676, 17.83 ], [ 97.754, 17.969 ], [ 97.561, 18.328 ], [ 97.528, 18.265 ], [ 97.453, 18.334 ], [ 97.379, 18.521 ], [ 97.51, 18.491 ], [ 97.618, 18.553 ], [ 97.746, 18.571 ], [ 97.719, 18.865 ], [ 97.658, 18.926 ], [ 97.811, 19.112 ], [ 97.767, 19.398 ], [ 97.849, 19.494 ], [ 97.84, 19.555 ], [ 98.008, 19.639 ], [ 98.025, 19.803 ], [ 98.307, 19.69 ], [ 98.533, 19.676 ], [ 98.808, 19.807 ], [ 98.884, 19.745 ], [ 99.009, 19.846 ], [ 99.017, 20.041 ], [ 99.117, 20.118 ], [ 99.296, 20.062 ], [ 99.441, 20.102 ], [ 99.526, 20.196 ], [ 99.421, 20.376 ], [ 99.652, 20.307 ], [ 99.77, 20.328 ], [ 99.838, 20.417 ], [ 99.942, 20.444 ], [ 100.099, 20.318 ], [ 100.103, 20.264 ], [ 100.307, 20.4 ], [ 100.364, 20.369 ], [ 100.461, 20.191 ], [ 100.549, 20.158 ], [ 100.474, 19.865 ], [ 100.384, 19.764 ], [ 100.602677626970248, 19.48079673859635 ], [ 100.664024554408059, 19.577660308234993 ], [ 100.777032052319811, 19.532457309070292 ], [ 100.944928906360133, 19.629320878708938 ], [ 101.254892329203784, 19.632549664363555 ], [ 101.332383184914704, 19.574431522580369 ], [ 101.225833258312193, 19.451737667704755 ], [ 101.274265043131507, 19.193434815335038 ], [ 101.361442255806296, 19.019080389985483 ], [ 101.271036257476894, 18.938360748619946 ], [ 101.277493828786135, 18.683286681904853 ], [ 101.09022426081809, 18.486330756972944 ], [ 101.09022426081809, 18.363636902097337 ], [ 101.170943902183623, 18.360408116442713 ], [ 101.340732868437485, 18.21914426345203 ], [ 101.328826748246925, 17.951256559164346 ], [ 101.516348141248301, 17.74587598587712 ], [ 101.578, 17.868 ], [ 101.729, 17.912 ], [ 101.79, 18.074 ], [ 101.904, 18.037 ], [ 102.079, 18.214 ], [ 102.172, 18.2 ], [ 102.307, 18.051 ], [ 102.412, 17.994 ], [ 102.568, 17.971 ], [ 102.596, 17.85 ], [ 102.668, 17.85 ], [ 102.939, 18.009 ], [ 103.038, 17.991 ], [ 103.08, 18.135 ], [ 103.185, 18.258 ], [ 103.29, 18.305 ], [ 103.261, 18.4 ], [ 103.387, 18.441 ], [ 103.607, 18.4 ], [ 103.886, 18.287 ], [ 104.0, 18.318 ], [ 104.111, 18.115 ], [ 104.211, 18.009 ], [ 104.288, 17.857 ], [ 104.353, 17.819 ], [ 104.481, 17.64 ], [ 104.715, 17.515 ], [ 104.816, 17.373 ], [ 104.81, 17.172 ] ] ] ] } },
{ "type": "Feature", "properties": { "id": "ru_middle_juz", "colorId": "russia", "name": null, "parent": "russia1783" }, "geometry": { "type": "MultiPolygon", "coordinates": [ [ [ [ 60.554679068353906, 44.591795010399174 ], [ 59.970465111235775, 45.640626649062554 ], [ 59.778458679019138, 46.530838289339663 ], [ 59.874461895127453, 46.932306283974441 ], [ 59.883189460228223, 47.464687755120551 ], [ 60.127561283049388, 47.953431400762888 ], [ 60.179926673653924, 48.712729564528658 ], [ 60.049013197142585, 49.576758509503506 ], [ 59.394445814585879, 50.283691282664741 ], [ 58.320955307192897, 50.589156061191204 ], [ 58.059128354170213, 50.763707363206322 ], [ 58.403867175650078, 51.117173749787007 ], [ 58.835881648137502, 51.261178573949486 ], [ 58.975522689749596, 51.405183398111959 ], [ 58.835881648137502, 51.732467089390305 ], [ 58.979886472299974, 52.085933475970926 ], [ 59.141346426663958, 52.339032863892847 ], [ 59.372626901833982, 52.565949556512507 ], [ 59.180620469617352, 52.622678729667427 ], [ 59.054070775656392, 52.958689986046529 ], [ 59.359535554182848, 53.342702850479796 ], [ 59.219894512570754, 53.604529803502473 ], [ 59.459902552841541, 53.757262192765701 ], [ 59.848279199825186, 53.669986541758142 ], [ 60.795220013257214, 53.704896802161173 ], [ 61.475970091116189, 53.329611502828662 ], [ 62.261450950184226, 53.40379580618508 ], [ 63.828048885769924, 53.665622759207764 ], [ 64.30370118376112, 53.787808670618347 ], [ 65.490650037463936, 54.167457752501242 ], [ 66.411408155593705, 54.468558748477314 ], [ 69.439873245556043, 54.472922531027692 ], [ 70.460998362344498, 54.232914490756905 ], [ 71.399211610675778, 54.036544275989897 ], [ 71.831226083163187, 53.914358364579314 ], [ 73.733835275128001, 53.713624367261929 ], [ 74.768051739567582, 53.543436847797182 ], [ 75.645172032193557, 53.386340675983583 ], [ 76.675024714082767, 52.923779725643513 ], [ 77.4430504429493, 53.011055376651072 ], [ 78.865643554372525, 52.871414335038978 ], [ 80.977714308755495, 52.932507290744269 ], [ 81.431547693994816, 51.998657824963381 ], [ 82.199573422861334, 51.090991054484753 ], [ 82.278121508768137, 50.497516627633345 ], [ 82.648994472818941, 49.998144347821281 ], [ 82.414535445430744, 49.515434585551446 ], [ 81.904242268174059, 49.018933115788187 ], [ 81.573241288331886, 48.425889693570959 ], [ 81.083635672315339, 47.8121587101136 ], [ 80.656092740019204, 47.363928216577321 ], [ 80.256133222709906, 47.198427726656242 ], [ 80.145799562762491, 46.957072845521338 ], [ 78.601128323499026, 46.460571375758079 ], [ 78.080089049723298, 46.627679831875213 ], [ 77.321185542867312, 46.559573106900956 ], [ 75.667165079206839, 46.627679831875213 ], [ 73.716380144926461, 47.106857585989552 ], [ 71.508306174435191, 46.766482547060072 ], [ 69.212956552936362, 46.827575502765363 ], [ 67.28416466566928, 46.443562638332097 ], [ 65.56483434082034, 46.391197247727561 ], [ 64.016397649203313, 45.853736246047461 ], [ 63.68539666936114, 45.798569416073768 ], [ 63.457833495719647, 45.681339902379662 ], [ 62.830310804768864, 45.964069905994855 ], [ 62.230371528804923, 45.805465269820481 ], [ 61.954537378936443, 45.943382344754717 ], [ 62.085558600123974, 46.081299419688953 ], [ 61.975224940176581, 46.212320640876484 ], [ 61.244264443025109, 46.288175032090294 ], [ 61.063137338298887, 46.092555564220334 ], [ 60.554679068353906, 44.591795010399174 ] ] ] ] } },
{ "type": "Feature", "properties": { "id": "siamian_laos", "colorId": "thailand", "name": null, "parent": "siam1765" }, "geometry": { "type": "MultiPolygon", "coordinates": [ [ [ [ 101.892, 22.43 ], [ 102.027373878353927, 22.501175260867068 ], [ 102.10501608339635, 22.582903897753823 ], [ 102.472794949386753, 22.693237557550944 ], [ 102.865092406443182, 22.654416455029732 ], [ 103.406544625817943, 22.685064693862266 ], [ 103.645600888711698, 22.629897863963713 ], [ 103.563872251824947, 22.143612474487515 ], [ 103.563872251824947, 21.677759244233002 ], [ 103.764107412197504, 21.371276855907666 ], [ 104.434282234668899, 21.068880899426667 ], [ 104.614085235819758, 20.946287944096532 ], [ 104.744851054838577, 20.835954284299412 ], [ 104.642690258730141, 20.280199553469469 ], [ 104.699900304550852, 19.364838820337798 ], [ 104.937, 18.731 ], [ 105.353729399644877, 18.355490154786356 ], [ 105.443630900220342, 18.118477107814758 ], [ 105.729681129323964, 17.801778639878584 ], [ 106.064768540559669, 17.352271137001424 ], [ 106.24865797355487, 17.192900295072249 ], [ 106.440720270238742, 16.833294292770525 ], [ 106.726770499342393, 16.265280266407565 ], [ 106.85344988651687, 16.097736560789716 ], [ 107.09454936533281, 15.975143605459582 ], [ 107.364253867059091, 15.656401921601232 ], [ 107.486846822389225, 15.243672305323113 ], [ 107.629871936941072, 14.998486394662848 ], [ 107.707514141983481, 14.736954756625227 ], [ 107.707514141983481, 14.123989979974555 ], [ 107.351994571526092, 13.956446274356704 ], [ 106.6286961350783, 14.164854298417932 ], [ 106.318127314908637, 14.05860707046515 ], [ 106.036163517649314, 14.062693502309489 ], [ 105.787, 14.01 ], [ 105.808504469946541, 14.120462387850456 ], [ 105.811480999994174, 14.40323274237635 ], [ 105.909706491566325, 14.825900009141362 ], [ 105.766833049279569, 15.132482604048379 ], [ 105.647771847373932, 15.147365254286584 ], [ 105.564, 15.273 ], [ 105.486, 15.375 ], [ 105.588, 15.424 ], [ 105.651, 15.635 ], [ 105.613, 15.721 ], [ 105.448, 15.765 ], [ 105.361, 15.919 ], [ 105.405, 16.019 ], [ 105.237, 16.051 ], [ 105.042, 16.141 ], [ 105.015, 16.277 ], [ 104.908, 16.353 ], [ 104.869, 16.438 ], [ 104.755, 16.529 ], [ 104.778, 16.716 ], [ 104.745, 17.025 ], [ 104.81, 17.172 ], [ 104.816, 17.373 ], [ 104.715, 17.515 ], [ 104.481, 17.64 ], [ 104.353, 17.819 ], [ 104.288, 17.857 ], [ 104.211, 18.009 ], [ 104.111, 18.115 ], [ 104.0, 18.318 ], [ 103.886, 18.287 ], [ 103.607, 18.4 ], [ 103.387, 18.441 ], [ 103.261, 18.4 ], [ 103.29, 18.305 ], [ 103.185, 18.258 ], [ 103.08, 18.135 ], [ 103.038, 17.991 ], [ 102.939, 18.009 ], [ 102.668, 17.85 ], [ 102.596, 17.85 ], [ 102.568, 17.971 ], [ 102.412, 17.994 ], [ 102.307, 18.051 ], [ 102.172, 18.2 ], [ 102.079, 18.214 ], [ 101.904, 18.037 ], [ 101.79, 18.074 ], [ 101.729, 17.912 ], [ 101.578, 17.868 ], [ 101.516348141248301, 17.74587598587712 ], [ 101.328826748246925, 17.951256559164346 ], [ 101.340732868437485, 18.21914426345203 ], [ 101.590686037284414, 18.228027904603238 ], [ 101.84576010399951, 18.537991327446896 ], [ 101.959851118346819, 18.716224781408066 ], [ 102.12666445595157, 18.935131962965333 ], [ 102.093794970490649, 19.29664814069805 ], [ 102.081461456786869, 19.787531375785392 ], [ 102.107291742023833, 20.123325083866018 ], [ 102.14926595553392, 20.174985654339963 ], [ 102.14926595553392, 20.278306795287847 ], [ 102.029800886312927, 20.39777186450884 ], [ 101.932937316674298, 20.530152076348319 ], [ 101.718, 21.134 ], [ 101.642346607758327, 21.419682524196528 ], [ 101.751539728861118, 22.147698906331851 ], [ 101.892, 22.43 ] ] ] ] } },
{ "type": "Feature", "properties": { "id": "prt_macao1640", "colorId": "portugal", "name": null, "parent": "portugal" }, "geometry": { "type": "MultiPolygon", "coordinates": [ [ [ [ 113.559, 22.163 ], [ 113.547, 22.105 ], [ 113.586, 22.132 ], [ 113.559, 22.163 ] ] ] ] } },
{ "type": "Feature", "properties": { "id": "aut_hungary1806", "colorId": "austria", "name": null, "parent": "austria1806" }, "geometry": { "type": "MultiPolygon", "coordinates": [ [ [ [ 19.443, 49.602 ], [ 19.627, 49.402 ], [ 19.769, 49.393 ], [ 19.807, 49.275 ], [ 19.748, 49.206 ], [ 19.906, 49.223 ], [ 20.05, 49.173 ], [ 20.13, 49.304 ], [ 20.307, 49.387 ], [ 20.69, 49.4 ], [ 20.778, 49.331 ], [ 20.942, 49.296 ], [ 21.033, 49.4 ], [ 21.261, 49.449 ], [ 21.428, 49.41 ], [ 21.601, 49.426 ], [ 21.758, 49.349 ], [ 21.82, 49.377 ], [ 21.993, 49.278 ], [ 22.012, 49.211 ], [ 22.216, 49.14 ], [ 22.652130175316696, 49.07994138767819 ], [ 22.830854096579731, 49.017775500438908 ], [ 22.981786396500492, 48.923004056302617 ], [ 23.480213991587654, 48.828232612166325 ], [ 23.704857414725531, 48.687830472705159 ], [ 23.900533131515484, 48.635734235519863 ], [ 23.958287725315877, 48.557353001076471 ], [ 24.040794287887863, 48.56972898546227 ], [ 24.123300850459852, 48.454219797861491 ], [ 24.275937991218029, 48.536726360433477 ], [ 24.395572506947413, 48.365525243096613 ], [ 24.478079069519403, 48.33252261806782 ], [ 24.527583007062596, 48.406778524382609 ], [ 24.626590882148978, 48.357274586839416 ], [ 24.75035072600696, 48.324271961810616 ], [ 24.758601382264157, 48.245890727367232 ], [ 24.684345475949371, 48.196386789824039 ], [ 24.770977366649955, 48.076752274094659 ], [ 24.770977366649959, 47.961243086493859 ], [ 24.931865163665332, 47.878736523921873 ], [ 25.179384851381293, 47.668344789363303 ], [ 25.294894038982076, 47.631216836205908 ], [ 25.299019367110674, 47.511582320476528 ], [ 25.206199484217187, 47.387822476618567 ], [ 25.278392726467661, 47.321817226560988 ], [ 25.626371116098149, 47.175140040422242 ], [ 25.784687974907847, 47.052004705792477 ], [ 25.881437166402662, 46.920073990117729 ], [ 26.101321692527243, 46.81452941757793 ], [ 26.096924002004751, 46.647417177723248 ], [ 26.264036241859433, 46.449521104211129 ], [ 26.437609930604093, 45.997586897280598 ], [ 26.43760993060409, 45.811947131493639 ], [ 26.330351399260508, 45.622182037578071 ], [ 26.091082367801746, 45.481920881205696 ], [ 25.612544304884221, 45.391163662376506 ], [ 25.398027242197053, 45.424166287405299 ], [ 25.200011492024284, 45.34991038109051 ], [ 24.944241148051123, 45.465419568691296 ], [ 24.704972116592359, 45.523174162491685 ], [ 24.176930116131643, 45.407664974890906 ], [ 23.747895990757311, 45.407664974890906 ], [ 23.475624334269753, 45.288030459161526 ], [ 23.153848740239006, 45.234401193489731 ], [ 22.988835615095027, 45.180771927817943 ], [ 22.898078396265845, 45.110641349631756 ], [ 22.625806739778284, 45.110641349631756 ], [ 22.547303617454229, 45.031735395996435 ], [ 22.473592494237113, 44.944861572204836 ], [ 22.426, 44.734 ], [ 22.32, 44.685 ], [ 22.185, 44.515 ], [ 22.104, 44.51 ], [ 22.004, 44.652 ], [ 21.855, 44.698 ], [ 21.656, 44.688 ], [ 21.558, 44.782 ], [ 21.412, 44.785 ], [ 20.822989842196701, 44.631589298532084 ], [ 20.638712034153912, 44.763216304276938 ], [ 20.475494547030298, 44.80533694611529 ], [ 20.322807220366272, 44.905373470481372 ], [ 20.28068657852792, 45.031735395996428 ], [ 20.199077834966115, 45.129139380247636 ], [ 20.070083369336164, 45.179157642430667 ], [ 19.851582539799708, 45.229175904613733 ], [ 19.627816630033465, 45.160729861626407 ], [ 19.397, 45.223 ], [ 19.104, 45.299 ], [ 18.976, 45.391 ], [ 19.018, 45.567 ], [ 18.942, 45.539 ], [ 18.968, 45.669 ], [ 18.849, 45.81 ], [ 18.901, 45.931 ], [ 18.763, 45.884 ], [ 18.674, 45.91 ], [ 18.412, 45.743 ], [ 18.211, 45.785 ], [ 17.87, 45.773 ], [ 17.657, 45.845 ], [ 17.591, 45.936 ], [ 17.345, 45.956 ], [ 17.197, 46.121 ], [ 16.975, 46.211 ], [ 16.865, 46.359 ], [ 16.515, 46.502 ], [ 16.368, 46.643 ], [ 16.411, 46.668 ], [ 16.272, 46.864 ], [ 16.094, 46.863 ], [ 16.052827154003367, 46.908736497918042 ], [ 16.052827154003367, 47.319412755841974 ], [ 16.289755764344093, 47.782739816063845 ], [ 16.479298652616677, 47.903836661349111 ], [ 17.016336836055665, 48.022300966519474 ], [ 17.090047959272781, 48.109174790311073 ], [ 16.982, 48.161 ], [ 16.951, 48.277 ], [ 16.844, 48.366 ], [ 16.945, 48.604 ], [ 17.001857865423727, 48.805481650701289 ], [ 17.080834068870633, 48.871295153573719 ], [ 17.328292839670954, 48.866030073343921 ], [ 17.42832936403704, 48.839704672194948 ], [ 17.528365888403126, 48.866030073343921 ], [ 17.717908776675706, 48.860764993114124 ], [ 17.912716745178084, 49.008187239548356 ], [ 18.023283430003758, 49.029247560467532 ], [ 18.11805487414005, 49.129284084833621 ], [ 18.175970756667784, 49.292501571957231 ], [ 18.307597762412634, 49.303031732416819 ], [ 18.523466051834188, 49.497839700919194 ], [ 18.770924822634505, 49.53732780264265 ], [ 18.833, 49.51 ], [ 18.932, 49.504 ], [ 18.962, 49.389 ], [ 19.173, 49.402 ], [ 19.249, 49.516 ], [ 19.443, 49.602 ] ] ] ] } },
{ "type": "Feature", "properties": { "id": "bahawalpur", "colorId": "bahawalpur", "name": "Бахавалпур", "parent": null }, "geometry": { "type": "MultiPolygon", "coordinates": [ [ [ [ 69.762674110028712, 28.431037078205478 ], [ 69.56139471505071, 28.501403045555513 ], [ 69.502483672618126, 28.789412586337058 ], [ 69.665348619147423, 29.131924173575317 ], [ 69.842858584450852, 29.254155254416368 ], [ 70.137413796613799, 29.725443593877074 ], [ 70.359966623581357, 29.951269256535326 ], [ 70.674158849888499, 29.951269256535326 ], [ 71.079990475535226, 29.794173143381755 ], [ 72.084381167121265, 29.66527472611801 ], [ 72.700410768494194, 29.959497819311053 ], [ 73.18115098896422, 30.190186261956391 ], [ 73.259699045540998, 30.098546862616807 ], [ 73.131401627663706, 29.92157062370411 ], [ 72.896942600275494, 29.56298622887509 ], [ 72.588927799589044, 29.222790777370637 ], [ 72.331482593045138, 28.671122477633688 ], [ 72.069440150670076, 28.28955190364896 ], [ 71.908536896580131, 28.211398894519554 ], [ 71.439618841803721, 28.036703932936184 ], [ 70.869561598742209, 27.779258726392275 ], [ 70.465004845601783, 27.69191124560059 ], [ 70.255830615284822, 27.786154580139019 ], [ 70.071941182039183, 27.905682711748693 ], [ 70.007579880403199, 28.043599786682933 ], [ 69.762674110028712, 28.431037078205478 ] ] ] ] } },
{ "type": "Feature", "properties": { "id": "ott_kurds1735", "colorId": "turkey", "name": null, "parent": "ottoman" }, "geometry": { "type": "MultiPolygon", "coordinates": [ [ [ [ 44.789335366151938, 36.980148119466705 ], [ 45.237899799446083, 36.236938421165618 ], [ 45.497363540273092, 35.902713941456255 ], [ 45.616101184380362, 35.867532417276323 ], [ 45.717248066397673, 35.783976297348985 ], [ 45.846979936811188, 35.729005165817881 ], [ 45.912945294648566, 35.412371448198485 ], [ 45.923849176490869, 35.181719251884786 ], [ 45.536852410511607, 34.884875141616604 ], [ 45.393927468530627, 34.658394079708287 ], [ 45.42910899271056, 34.425316482016235 ], [ 45.813949367323623, 33.904517643125935 ], [ 45.486, 33.939 ], [ 45.266819780110986, 33.899545067353323 ], [ 45.131097711965182, 33.90890520998407 ], [ 45.0936571414422, 34.222469988114021 ], [ 44.901774217511935, 34.348831913629077 ], [ 44.677130794374058, 34.433073197305774 ], [ 44.56480908280512, 34.718557547543497 ], [ 44.181043234944582, 34.844919473058553 ], [ 44.13424252179086, 35.018082111727331 ], [ 44.021920810221921, 35.153804179873127 ], [ 44.433767085974694, 35.612451168779629 ], [ 44.433767085974694, 35.71073266640245 ], [ 44.223163876782927, 35.71073266640245 ], [ 43.923639312599093, 35.420568244849363 ], [ 43.521153179477068, 35.224005249603721 ], [ 43.35267061212366, 35.233365392234461 ], [ 43.221628615293227, 35.411208102218616 ], [ 43.305869898969931, 35.673292095879475 ], [ 43.053146047939826, 35.92601594690958 ], [ 42.950184479001628, 36.206820225831926 ], [ 42.744261341125245, 36.225540511093421 ], [ 42.1920129259113, 35.944736232171074 ], [ 41.855047791204484, 35.963456517432562 ], [ 41.592963797543625, 36.010257230586284 ], [ 41.344, 35.858 ], [ 41.241, 36.043 ], [ 40.852671306390519, 36.319343885744779 ], [ 40.58733347365299, 36.317971919572038 ], [ 39.761300886489757, 36.2056502080031 ], [ 39.503896964144261, 36.301591669968232 ], [ 39.152891615491335, 36.530915164421479 ], [ 38.599473182448534, 36.598776198494406 ], [ 38.546822380150601, 36.523895057448435 ], [ 38.500021666996872, 36.501664718700418 ], [ 38.408760276347117, 36.43848375594289 ], [ 38.359619527535706, 36.504004754358107 ], [ 38.287078422147431, 36.584735984548274 ], [ 38.24144772682255, 36.587076020205963 ], [ 38.172416674920804, 36.630366679873156 ], [ 38.116255819136335, 36.629196662044315 ], [ 38.084665337757571, 36.60111623415208 ], [ 38.028504481973101, 36.591756091521333 ], [ 37.978193715332864, 36.536765253565711 ], [ 37.90682262777343, 36.354242472266193 ], [ 37.826091397583255, 36.282871384706759 ], [ 37.783970755744903, 36.27468125990486 ], [ 37.723129828645057, 36.216180368462702 ], [ 37.648248687599093, 36.212670314976172 ], [ 37.423605264461223, 36.247770849841466 ], [ 37.400204907884358, 36.282871384706759 ], [ 37.365104373019065, 36.37179273969884 ], [ 37.325323766838402, 36.436143720285209 ], [ 37.263312821909715, 36.463054130348596 ], [ 37.163861306458053, 36.532085182250341 ], [ 37.07259991580829, 36.529745146592653 ], [ 37.000058810420015, 36.504004754358114 ], [ 36.843276421355043, 36.372962757527688 ], [ 36.62097303387484, 36.019617373217066 ], [ 36.618632998217151, 35.854644859350181 ], [ 36.684153996632361, 35.735303040808184 ], [ 36.645543408280545, 35.702542541600572 ], [ 36.556622053288471, 35.703712559429412 ], [ 36.197, 35.952 ], [ 36.358, 35.994 ], [ 36.373, 36.228 ], [ 36.664, 36.229 ], [ 36.588, 36.325 ], [ 36.535, 36.494 ], [ 36.603, 36.747 ], [ 36.659, 36.828 ], [ 36.965, 36.754 ], [ 37.015, 36.642 ], [ 37.242, 36.659 ], [ 37.446, 36.634 ], [ 37.654, 36.732 ], [ 37.82, 36.761 ], [ 37.900387529714763, 37.190220210974545 ], [ 37.942508171553115, 37.344662564381835 ], [ 38.174171701664051, 37.482724668185327 ], [ 38.225652486133136, 38.030293012083888 ], [ 38.553257478209204, 38.666782710974537 ], [ 38.866822256339148, 38.994387703050613 ], [ 38.885542541600636, 39.579396617472163 ], [ 39.263637224641251, 39.839746381716864 ], [ 39.442471028129958, 39.949122251386591 ], [ 39.774756091521397, 40.080164248217017 ], [ 39.887077803090335, 40.024003392432547 ], [ 40.004079585974651, 39.612157116679775 ], [ 40.472086717511893, 39.654277758518127 ], [ 40.603128714342319, 39.523235761687694 ], [ 40.930733706418387, 39.555996260895306 ], [ 41.361300267432654, 39.738519042194824 ], [ 41.871428040808247, 39.827440397186905 ], [ 42.08203125, 40.08016424821701 ], [ 42.53728486016476, 40.12580197307441 ], [ 42.827532434649207, 40.095018139416979 ], [ 42.941994354199707, 40.22524645899356 ], [ 43.109306903724274, 40.286087386093399 ], [ 43.111208182696153, 40.354825933537931 ], [ 43.057387362569372, 40.422101958696402 ], [ 43.059727398227061, 40.456032475732847 ], [ 43.23055000123815, 40.502833188886576 ], [ 43.310111213599484, 40.540273759409551 ], [ 43.591927997243793, 40.457069345367223 ], [ 43.644631997154256, 40.132829990935058 ], [ 43.700438293592647, 39.936039366652302 ], [ 43.859045662417557, 39.774494824330638 ], [ 44.158637359086825, 39.668756578447365 ], [ 44.173323226570609, 39.454342913184064 ], [ 44.061710633693821, 39.15768839001155 ], [ 44.061710633693828, 38.396960454351351 ], [ 44.472701648532549, 37.943242343892365 ], [ 44.591439292639819, 37.609017864183002 ], [ 44.714574627269577, 37.389133338058429 ], [ 44.789335366151938, 36.980148119466705 ] ] ] ] } },
{ "type": "Feature", "properties": { "id": "rh_wurtemburg", "colorId": "wurtemburg", "name": "Вюртемберг", "parent": "rhine_conf" }, "geometry": { "type": "MultiPolygon", "coordinates": [ [ [ [ 9.273, 47.65 ], [ 9.175887146548398, 47.824756611067905 ], [ 8.913844704173345, 47.928194417268585 ], [ 8.769031775492394, 47.879923441041598 ], [ 8.575947870584459, 48.007496735355772 ], [ 8.406999453790018, 48.062663565329466 ], [ 8.313905428209406, 48.16265344465679 ], [ 8.210467622008728, 48.414352106411776 ], [ 8.279426159475847, 48.555717108219369 ], [ 8.410447380663374, 48.652259060673337 ], [ 8.551812382470969, 48.707425890647031 ], [ 8.589739578077884, 48.910853576175029 ], [ 8.686281530531849, 49.06945821234941 ], [ 9.055209705980937, 49.138416749816528 ], [ 9.17933507342175, 49.269437971004052 ], [ 9.631013493831377, 49.465969802785352 ], [ 10.030973011140668, 49.493553217772202 ], [ 9.962014473673548, 49.383219557824809 ], [ 10.037868864887381, 49.003947601755655 ], [ 10.210265208555178, 48.948780771781962 ], [ 10.189577647315042, 48.810863696847726 ], [ 10.113723256101212, 48.686738329406907 ], [ 10.086139841114363, 48.507446131992396 ], [ 9.948222766180125, 48.44538344827199 ], [ 9.89305593620643, 48.335049788324596 ], [ 9.913743497446566, 48.210924420883785 ], [ 9.975806181166973, 48.079903199696261 ], [ 9.975806181166973, 47.783381488587644 ], [ 9.753, 47.582 ], [ 9.704, 47.531 ], [ 9.547, 47.535 ], [ 9.273, 47.65 ] ] ] ] } },
{ "type": "Feature", "properties": { "id": "fr_tuscany", "colorId": "france", "name": null, "parent": "france1768" }, "geometry": { "type": "MultiPolygon", "coordinates": [ [ [ [ 10.355, 42.808 ], [ 10.443, 42.845 ], [ 10.431, 42.722 ], [ 10.325, 42.765 ], [ 10.107, 42.757 ], [ 10.158, 42.817 ], [ 10.355, 42.808 ] ] ], [ [ [ 10.70353209942281, 44.093073207189775 ], [ 10.705461771518268, 44.214642549203646 ], [ 10.803958560234793, 44.215743455459645 ], [ 10.805888232330258, 44.168466489120924 ], [ 10.89079380453042, 44.10671698206626 ], [ 11.23620510961744, 44.15302911235726 ], [ 11.417594286590512, 44.226356651984673 ], [ 11.512148219267965, 44.137591735593595 ], [ 11.79966936149124, 44.222497307793752 ], [ 11.952113457032439, 44.176185177502759 ], [ 11.900012310455066, 44.106716982066246 ], [ 11.9077309988369, 44.029530098247918 ], [ 12.035089357137142, 43.927257477188633 ], [ 12.118065257241843, 43.622369286106242 ], [ 12.214548862014755, 43.541323058096999 ], [ 12.166307059628299, 43.371511913696665 ], [ 11.967550833796102, 43.124513885478009 ], [ 11.828614442923111, 43.089779787759767 ], [ 11.782302312632114, 43.014522576036896 ], [ 11.705290526126236, 42.83638059384424 ], [ 11.701842599252879, 42.643296688936303 ], [ 11.588061012432133, 42.598473639582679 ], [ 11.396, 42.4 ], [ 11.094, 42.403 ], [ 11.187, 42.521 ], [ 10.99, 42.71 ], [ 10.731, 42.804 ], [ 10.778, 42.895 ], [ 10.681, 42.949 ], [ 10.519, 42.925 ], [ 10.478, 42.99 ], [ 10.547, 43.147 ], [ 10.437, 43.389 ], [ 10.326, 43.477 ], [ 10.297764305048194, 43.62819715611414 ], [ 10.264, 43.809 ], [ 10.354351873245529, 43.834014482540162 ], [ 10.470332988034688, 43.800877021171836 ], [ 10.663634846016619, 43.909494255656917 ], [ 10.70353209942281, 44.093073207189775 ] ] ] ] } },
{ "type": "Feature", "properties": { "id": "ru_finland", "colorId": "russia", "name": null, "parent": "russia1783" }, "geometry": { "type": "MultiPolygon", "coordinates": [ [ [ [ 20.034, 60.064 ], [ 20.163, 60.088 ], [ 20.175, 59.971 ], [ 20.034, 60.064 ] ] ], [ [ [ 22.847, 60.111 ], [ 22.682, 59.998 ], [ 22.47, 59.998 ], [ 22.451, 60.189 ], [ 22.844, 60.242 ], [ 22.847, 60.111 ] ] ], [ [ [ 20.278, 60.279 ], [ 20.209, 60.225 ], [ 20.045, 60.087 ], [ 19.763, 60.074 ], [ 19.647, 60.266 ], [ 19.893, 60.307 ], [ 19.793, 60.361 ], [ 20.093, 60.355 ], [ 20.278, 60.279 ] ] ], [ [ [ 22.107, 60.313 ], [ 22.332, 60.269 ], [ 22.08, 60.269 ], [ 22.107, 60.313 ] ] ], [ [ [ 21.998, 60.334 ], [ 21.785, 60.385 ], [ 21.892, 60.449 ], [ 21.998, 60.334 ] ] ], [ [ [ 21.287, 63.211 ], [ 21.422, 63.247 ], [ 21.243, 63.151 ], [ 21.12, 63.272 ], [ 21.287, 63.211 ] ] ], [ [ [ 24.468, 59.996 ], [ 24.368, 60.074 ], [ 23.771, 59.968 ], [ 23.429, 59.957 ], [ 23.251, 59.841 ], [ 22.905, 59.811 ], [ 23.247, 59.922 ], [ 23.101, 59.94 ], [ 23.258, 60.04 ], [ 22.997, 60.062 ], [ 22.867, 60.184 ], [ 23.008, 60.277 ], [ 22.877, 60.301 ], [ 22.525, 60.204 ], [ 22.449, 60.245 ], [ 22.628, 60.375 ], [ 22.292, 60.383 ], [ 22.064, 60.436 ], [ 21.874, 60.53 ], [ 21.841, 60.629 ], [ 21.662, 60.567 ], [ 21.641, 60.496 ], [ 21.38, 60.647 ], [ 21.422, 60.759 ], [ 21.319, 60.865 ], [ 21.428, 60.903 ], [ 21.299, 61.06 ], [ 21.454, 61.055 ], [ 21.435, 61.143 ], [ 21.558, 61.204 ], [ 21.572, 61.416 ], [ 21.508, 61.57 ], [ 21.716, 61.527 ], [ 21.538, 61.65 ], [ 21.486, 61.811 ], [ 21.371, 61.939 ], [ 21.237, 61.985 ], [ 21.339, 62.356 ], [ 21.134, 62.404 ], [ 21.194, 62.601 ], [ 21.079, 62.678 ], [ 21.227, 62.858 ], [ 21.463, 62.951 ], [ 21.495, 63.072 ], [ 21.688, 63.027 ], [ 21.497, 63.209 ], [ 21.647, 63.198 ], [ 21.895, 63.26 ], [ 21.906, 63.175 ], [ 22.043, 63.246 ], [ 22.203, 63.239 ], [ 22.374, 63.321 ], [ 22.191, 63.458 ], [ 22.428, 63.489 ], [ 22.589, 63.703 ], [ 22.829, 63.646 ], [ 22.991, 63.815 ], [ 23.373, 63.901 ], [ 23.382, 64.048 ], [ 23.605, 64.028 ], [ 23.566, 64.097 ], [ 23.943, 64.247 ], [ 23.996, 64.38 ], [ 24.344, 64.531 ], [ 24.423, 64.676 ], [ 24.773, 64.866 ], [ 25.074, 64.916 ], [ 25.26, 64.816 ], [ 25.369, 64.899 ], [ 25.221, 64.991 ], [ 25.444, 64.967 ], [ 25.282, 65.191 ], [ 25.352, 65.484 ], [ 25.085, 65.605 ], [ 24.82, 65.662 ], [ 24.687, 65.632 ], [ 24.544, 65.809 ], [ 24.405, 65.769 ], [ 24.163, 65.823 ], [ 24.02, 66.049 ], [ 23.724, 66.207 ], [ 23.642, 66.436 ], [ 23.882, 66.564 ], [ 23.892, 66.751 ], [ 24.001, 66.812 ], [ 23.581, 67.153 ], [ 23.735, 67.29 ], [ 23.765, 67.42 ], [ 23.431, 67.486 ], [ 23.554, 67.587 ], [ 23.499, 67.882 ], [ 23.661, 67.933 ], [ 23.152, 68.13 ], [ 23.052, 68.298 ], [ 22.808, 68.395 ], [ 22.303, 68.476 ], [ 22.072, 68.477 ], [ 21.919, 68.568 ], [ 21.464, 68.687 ], [ 20.935, 68.967 ], [ 20.623, 69.036 ], [ 20.744, 69.104 ], [ 21.033, 69.041 ], [ 21.156, 69.088 ], [ 21.034, 69.181 ], [ 21.314, 69.291 ], [ 21.663, 69.263 ], [ 22.023, 69.012 ], [ 22.371, 68.823 ], [ 22.429, 68.71 ], [ 23.019, 68.687 ], [ 23.198, 68.618 ], [ 23.735, 68.715 ], [ 23.929, 68.816 ], [ 24.332, 68.709 ], [ 24.663, 68.666 ], [ 24.861, 68.563 ], [ 25.118, 68.638 ], [ 25.201, 68.813 ], [ 25.652, 68.883 ], [ 25.801, 69.013 ], [ 25.734, 69.191 ], [ 25.877, 69.371 ], [ 25.887, 69.521 ], [ 26.032, 69.697 ], [ 26.198, 69.715 ], [ 26.501, 69.918 ], [ 26.865, 69.938 ], [ 27.1, 69.902 ], [ 27.897, 70.071 ], [ 28.405, 69.802 ], [ 29.131, 69.674 ], [ 29.345, 69.464 ], [ 28.865, 69.217 ], [ 28.827, 69.107 ], [ 28.954, 69.027 ], [ 29.24, 69.115 ], [ 29.335, 69.277 ], [ 30.123, 69.442 ], [ 30.294, 69.62 ], [ 30.512, 69.536 ], [ 30.853, 69.527 ], [ 30.928, 69.672 ], [ 30.841, 69.806 ], [ 31.452, 69.689 ], [ 31.699, 69.744 ], [ 31.754, 69.854 ], [ 31.918, 69.926 ], [ 32.054, 69.964 ], [ 32.294622466956866, 69.88817345536593 ], [ 29.299, 68.082 ], [ 29.439806040439176, 67.954385978707435 ], [ 29.651, 67.824 ], [ 30.009, 67.686 ], [ 30.305801802694177, 67.584358359746176 ], [ 31.068653427099878, 67.137411549128103 ], [ 30.680207507923971, 66.863627377178815 ], [ 30.365472711965193, 66.708015005942727 ], [ 30.466094245245699, 66.628453793581386 ], [ 30.393553139857428, 66.509111975039389 ], [ 30.103388718304338, 66.415510548731945 ], [ 30.101048682646649, 66.27276837361309 ], [ 30.229750643819393, 66.15810662638647 ], [ 30.281231428288489, 66.010684379952238 ], [ 30.421633567749662, 65.870282240491065 ], [ 30.099, 65.656 ], [ 29.845984795958852, 65.615218353803257 ], [ 29.839, 65.565 ], [ 29.745, 65.511 ], [ 29.72, 65.329 ], [ 29.58, 65.235 ], [ 29.833, 65.205 ], [ 29.82, 65.094 ], [ 29.588, 64.991 ], [ 29.78, 64.796 ], [ 30.063, 64.784 ], [ 30.181, 64.643 ], [ 29.966, 64.579 ], [ 30.032, 64.397 ], [ 30.558, 64.22 ], [ 30.586, 64.085 ], [ 30.509, 63.991 ], [ 30.202, 63.793 ], [ 29.981, 63.742 ], [ 30.489, 63.462 ], [ 30.821, 63.376 ], [ 31.226, 63.196 ], [ 31.586971325277396, 62.849296206418117 ], [ 32.045618314183891, 62.73931453050686 ], [ 32.354503020998472, 62.671453496433962 ], [ 32.431724197702117, 62.549771642234276 ], [ 32.588506586767096, 62.463190322899891 ], [ 32.850590580427948, 62.407029467115422 ], [ 33.063533825277396, 62.332148326069465 ], [ 32.838890402139519, 62.133245295166134 ], [ 32.838890402139519, 62.025603654912565 ], [ 33.04247350435822, 61.997523227020331 ], [ 33.175855536846335, 61.889881586766769 ], [ 32.693808191362969, 61.894561658082154 ], [ 32.441084340332857, 61.737779269017174 ], [ 32.445764411648227, 61.648857914025101 ], [ 32.604886836370895, 61.562276594690708 ], [ 32.713698494453297, 61.479205328842845 ], [ 32.446934429477075, 61.34933334984126 ], [ 32.445764411648234, 61.302532636687538 ], [ 32.507775356576914, 61.266262083993404 ], [ 32.243351327258374, 61.172660657685952 ], [ 30.567885796355046, 60.643812599048893 ], [ 30.324522087955678, 60.636792492075834 ], [ 30.085838450871684, 60.671893026941127 ], [ 30.006277238510354, 60.636792492075834 ], [ 29.954796454041258, 60.571271493660618 ], [ 30.081158379556314, 60.409809033280268 ], [ 29.753553387480242, 60.353648177495799 ], [ 29.70675267432652, 60.318547642630506 ], [ 29.907995740887532, 60.267066858161407 ], [ 29.912675812202906, 60.166445324880904 ], [ 29.849, 60.167 ], [ 29.701, 60.201 ], [ 29.418, 60.169 ], [ 29.015, 60.197 ], [ 28.816, 60.361 ], [ 28.607, 60.389 ], [ 28.439, 60.56 ], [ 28.684, 60.456 ], [ 28.655, 60.682 ], [ 28.401, 60.665 ], [ 28.216, 60.548 ], [ 27.808, 60.553 ], [ 27.457, 60.464 ], [ 27.178, 60.567 ], [ 26.998, 60.488 ], [ 26.687, 60.418 ], [ 26.486, 60.444 ], [ 26.324, 60.383 ], [ 26.014, 60.463 ], [ 25.93, 60.245 ], [ 25.736, 60.247 ], [ 25.669, 60.365 ], [ 25.503, 60.246 ], [ 25.198, 60.245 ], [ 25.177, 60.183 ], [ 24.951, 60.143 ], [ 24.597, 60.127 ], [ 24.468, 59.996 ] ] ], [ [ [ 24.632, 64.968 ], [ 24.563, 65.037 ], [ 24.835, 65.095 ], [ 24.993, 65.055 ], [ 24.632, 64.968 ] ] ] ] } },
{ "type": "Feature", "properties": { "id": "vietnam1786", "colorId": "vietnam", "name": "Вьетнам", "parent": null }, "geometry": { "type": "MultiPolygon", "coordinates": [ [ [ [ 105.921743426007865, 23.032411400630981 ], [ 106.011644926583301, 22.79539835365939 ], [ 106.205750439189345, 22.564514954454307 ], [ 106.356948417429848, 22.356106930393079 ], [ 106.659344373910841, 22.086402428666783 ], [ 107.076160422033297, 21.837130086162176 ], [ 107.46845787908974, 21.50612910677081 ], [ 107.367, 21.273 ], [ 107.388, 21.185 ], [ 107.354, 21.082 ], [ 107.374, 21.028 ], [ 107.245, 21.003 ], [ 107.149, 20.931 ], [ 106.868, 20.883 ], [ 106.789, 20.731 ], [ 106.519, 20.541 ], [ 106.594, 20.448 ], [ 106.57, 20.232 ], [ 106.395, 20.205 ], [ 106.161, 19.984 ], [ 106.025, 19.999 ], [ 105.956, 19.925 ], [ 105.929, 19.78 ], [ 105.826, 19.642 ], [ 105.783, 19.394 ], [ 105.813, 19.307 ], [ 105.746, 19.237 ], [ 105.737, 19.108 ], [ 105.614, 18.999 ], [ 105.648, 18.893 ], [ 105.717, 18.855 ], [ 105.826, 18.594 ], [ 105.977, 18.402 ], [ 106.098, 18.29 ], [ 106.271, 18.204 ], [ 106.35, 18.084 ], [ 106.435, 18.124 ], [ 106.439, 18.052 ], [ 106.525, 17.95 ], [ 106.443, 17.847 ], [ 106.49, 17.703 ], [ 106.635, 17.47 ], [ 106.764, 17.336 ], [ 107.112, 17.088 ], [ 107.201, 16.914 ], [ 107.663, 16.552 ], [ 107.827, 16.374 ], [ 107.812, 16.313 ], [ 107.896, 16.278 ], [ 107.945, 16.357 ], [ 108.043, 16.346 ], [ 108.094, 16.237 ], [ 108.204, 16.217 ], [ 108.245, 16.162 ], [ 108.317, 16.135 ], [ 108.259, 16.071 ], [ 108.306, 15.955 ], [ 108.415, 15.867 ], [ 108.455, 15.747 ], [ 108.619, 15.529 ], [ 108.621, 15.475 ], [ 108.773, 15.387 ], [ 108.827, 15.429 ], [ 108.91, 15.209 ], [ 108.919, 15.058 ], [ 109.012, 14.822 ], [ 109.081, 14.729 ], [ 109.074, 14.579 ], [ 109.239, 14.133 ], [ 109.174, 14.172 ], [ 109.307, 13.876 ], [ 109.27, 13.756 ], [ 109.304, 13.48 ], [ 109.232, 13.393 ], [ 109.321, 13.259 ], [ 109.307, 13.133 ], [ 109.465, 12.913 ], [ 109.369, 12.825 ], [ 109.472, 12.656 ], [ 109.451, 12.571 ], [ 109.342, 12.66 ], [ 109.363, 12.793 ], [ 109.205, 12.646 ], [ 109.205, 12.55 ], [ 109.346, 12.396 ], [ 109.297, 12.351 ], [ 109.185, 12.459 ], [ 109.207, 12.387 ], [ 109.214, 12.068 ], [ 109.287, 11.967 ], [ 109.278, 11.865 ], [ 109.243, 11.736 ], [ 109.136, 11.57 ], [ 109.018, 11.356 ], [ 108.933, 11.311 ], [ 108.788, 11.301 ], [ 108.729, 11.182 ], [ 108.577, 11.179 ], [ 108.472, 11.053 ], [ 108.369, 11.023 ], [ 108.3, 10.913 ], [ 108.259, 10.952 ], [ 108.106, 10.918 ], [ 107.998, 10.699 ], [ 107.882, 10.717 ], [ 107.682925215603802, 10.619776902380476 ], [ 107.581, 10.57 ], [ 107.448, 10.473 ], [ 107.334, 10.454 ], [ 107.272, 10.378 ], [ 107.19, 10.405 ], [ 107.176, 10.477 ], [ 106.972, 10.474 ], [ 106.788, 10.393 ], [ 106.776, 10.275 ], [ 106.798, 10.157 ], [ 106.704, 10.084 ], [ 106.645, 9.973 ], [ 106.696, 9.897 ], [ 106.611, 9.817 ], [ 106.575, 9.739 ], [ 106.576, 9.649 ], [ 106.485, 9.547 ], [ 106.398, 9.542 ], [ 106.25, 9.631 ], [ 106.197, 9.541 ], [ 106.193, 9.369 ], [ 106.018, 9.315 ], [ 105.539, 9.129 ], [ 105.444, 9.041 ], [ 105.334, 8.84 ], [ 105.184, 8.741 ], [ 105.101, 8.634 ], [ 104.856, 8.566 ], [ 104.752, 8.591 ], [ 104.912, 8.685 ], [ 104.922, 8.809 ], [ 104.817, 8.771 ], [ 104.775, 8.818 ], [ 104.807, 9.046 ], [ 104.836, 9.556 ], [ 104.893, 9.851 ], [ 104.97, 9.854 ], [ 105.088, 9.997 ], [ 105.003, 10.092 ], [ 104.901, 10.097 ], [ 104.805, 10.207 ], [ 104.707, 10.222 ], [ 104.608, 10.154 ], [ 104.589, 10.261 ], [ 104.451, 10.42 ], [ 104.715823740446922, 10.669480697637983 ], [ 105.26642350999326, 10.674626489876733 ], [ 105.400214108200785, 10.582002229579219 ], [ 105.863335409688361, 10.576856437340469 ], [ 106.192666112968411, 10.659189113160481 ], [ 106.645495829978472, 11.112018830170552 ], [ 106.712391129082235, 11.374454234346841 ], [ 106.830744350573497, 11.410474780018093 ], [ 106.959389156542258, 11.539119585986864 ], [ 107.491978653252971, 11.757815756133775 ], [ 107.618563914056921, 12.158318491738928 ], [ 107.842296057529367, 12.424958169575953 ], [ 107.989407603922217, 12.473995351706897 ], [ 108.001666899454946, 12.743699853427104 ], [ 107.768740284332949, 13.368923925596675 ], [ 107.707514141983481, 14.123989979974555 ], [ 107.707514141983481, 14.736954756625227 ], [ 107.629871936941072, 14.998486394662848 ], [ 107.486846822389225, 15.243672305323113 ], [ 107.364253867059091, 15.656401921601232 ], [ 107.09454936533281, 15.975143605459582 ], [ 106.85344988651687, 16.097736560789716 ], [ 106.726770499342393, 16.265280266407565 ], [ 106.440720270238742, 16.833294292770525 ], [ 106.24865797355487, 17.192900295072249 ], [ 106.064768540559669, 17.352271137001424 ], [ 105.729681129323964, 17.801778639878584 ], [ 105.443630900220342, 18.118477107814758 ], [ 105.353729399644877, 18.355490154786356 ], [ 104.937, 18.731 ], [ 104.699900304550852, 19.364838820337798 ], [ 104.642690258730141, 20.280199553469469 ], [ 104.744851054838577, 20.835954284299412 ], [ 104.614085235819758, 20.946287944096532 ], [ 104.434282234668899, 21.068880899426667 ], [ 103.764107412197504, 21.371276855907666 ], [ 103.563872251824947, 21.677759244233002 ], [ 103.563872251824947, 22.143612474487515 ], [ 103.645600888711698, 22.629897863963713 ], [ 104.025639050235128, 22.72184258046131 ], [ 104.348467165937819, 22.88529985423482 ], [ 104.769369645904604, 22.999719945876279 ], [ 105.116716352673322, 23.163177219649789 ], [ 105.786891175144717, 23.257165152069561 ], [ 105.921743426007865, 23.032411400630981 ] ] ], [ [ [ 106.91, 20.819 ], [ 106.948, 20.87 ], [ 107.08, 20.8 ], [ 107.046, 20.704 ], [ 106.91, 20.819 ] ] ], [ [ [ 107.467, 21.277 ], [ 107.581, 21.212 ], [ 107.471, 21.096 ], [ 107.373, 21.06 ], [ 107.467, 21.277 ] ] ] ] } },
{ "type": "Feature", "properties": { "id": "koital_massa", "colorId": "italy", "name": null, "parent": "kingdom_of_italy" }, "geometry": { "type": "MultiPolygon", "coordinates": [ [ [ [ 10.106, 44.017 ], [ 9.99928541420655, 44.054615815859165 ], [ 10.003144640619636, 44.151099440261738 ], [ 10.093839229106173, 44.153029112357224 ], [ 10.200174246850157, 44.157853689153654 ], [ 10.352331778049415, 44.108510583953439 ], [ 10.402503252531329, 44.06026878156699 ], [ 10.344613089667581, 44.008167634989611 ], [ 10.158882150479718, 43.947382963982619 ], [ 10.106, 44.017 ] ] ] ] } },
{ "type": "Feature", "properties": { "id": "fr_senegal1783", "colorId": "france", "name": null, "parent": "france1768" }, "geometry": { "type": "MultiPolygon", "coordinates": [ [ [ [ -16.343, 16.942 ], [ -16.18050651473235, 16.915439715615243 ], [ -16.001214317317839, 16.807404673583424 ], [ -15.831116591565603, 16.648800037409043 ], [ -15.76215805409848, 16.439625807092114 ], [ -15.858700006552448, 16.041964907698389 ], [ -15.978228138162125, 15.892554743186301 ], [ -16.125339684758647, 15.793714172816763 ], [ -16.3092291180043, 15.773026611576627 ], [ -16.542, 15.809 ], [ -16.527, 15.977 ], [ -16.539, 16.267 ], [ -16.467, 16.493 ], [ -16.459, 16.644 ], [ -16.343, 16.942 ] ] ] ] } },
{ "type": "Feature", "properties": { "id": "australians1788", "colorId": null, "name": "австралийцы", "parent": null }, "geometry": { "type": "MultiPolygon", "coordinates": [ [ [ [ 129.051, -14.88 ], [ 129.221, -14.844 ], [ 129.410845724792239, -14.685116207842199 ], [ 129.358, -14.409 ], [ 129.373, -14.329 ], [ 129.493, -14.144 ], [ 129.547, -14.085 ], [ 129.718, -14.016 ], [ 129.715, -13.881 ], [ 129.789, -13.764 ], [ 129.838, -13.511 ], [ 129.891, -13.438 ], [ 130.119, -13.156 ], [ 130.13, -12.941 ], [ 130.319, -12.906 ], [ 130.352, -12.842 ], [ 130.354, -12.672 ], [ 130.448, -12.627 ], [ 130.559, -12.625 ], [ 130.62, -12.437 ], [ 130.674, -12.392 ], [ 130.898, -12.334 ], [ 131.0, -12.171 ], [ 131.106, -12.146 ], [ 131.232, -12.239 ], [ 131.328, -12.185 ], [ 131.493, -12.298 ], [ 131.784, -12.27 ], [ 131.905, -12.22 ], [ 132.046, -12.307 ], [ 132.216, -12.208 ], [ 132.38, -12.216 ], [ 132.44, -12.155 ], [ 132.577, -12.094 ], [ 132.627, -12.004 ], [ 132.651, -11.866 ], [ 132.593, -11.784 ], [ 132.495, -11.476 ], [ 132.37, -11.435 ], [ 132.085, -11.518 ], [ 131.926, -11.321 ], [ 131.768, -11.311 ], [ 131.847, -11.263 ], [ 131.882, -11.172 ], [ 131.982, -11.13 ], [ 132.115, -11.209 ], [ 132.272, -11.178 ], [ 132.941, -11.354 ], [ 133.185, -11.717 ], [ 133.364, -11.697 ], [ 133.324, -11.759 ], [ 133.59, -11.798 ], [ 133.803, -11.715 ], [ 133.939, -11.758 ], [ 134.068, -11.854 ], [ 134.429, -12.058 ], [ 134.594, -12.064 ], [ 134.769, -11.948 ], [ 134.861, -12.127 ], [ 134.967, -12.146 ], [ 135.07, -12.26 ], [ 135.071784978894954, -33.804254062283242 ], [ 134.841, -33.631 ], [ 134.868, -33.545 ], [ 134.814, -33.353 ], [ 134.677, -33.233 ], [ 134.446, -33.154 ], [ 134.334, -33.205 ], [ 134.279, -33.163 ], [ 134.191, -32.946 ], [ 134.074, -32.714 ], [ 133.854, -32.53 ], [ 133.896, -32.399 ], [ 133.826, -32.245 ], [ 133.692, -32.189 ], [ 133.552, -32.172 ], [ 133.412, -32.211 ], [ 133.148, -32.197 ], [ 133.056, -32.108 ], [ 132.977, -32.109 ], [ 132.798, -31.956 ], [ 132.587, -31.935 ], [ 132.476, -31.955 ], [ 132.483, -32.026 ], [ 132.234, -32.033 ], [ 132.078, -31.908 ], [ 131.783, -31.728 ], [ 131.536, -31.606 ], [ 131.178, -31.478 ], [ 130.834, -31.602 ], [ 130.157, -31.574 ], [ 128.99, -31.691 ], [ 128.655, -31.846 ], [ 128.017, -32.084 ], [ 127.766, -32.123 ], [ 127.532, -32.211 ], [ 127.289, -32.273 ], [ 127.053, -32.304 ], [ 126.678, -32.317 ], [ 126.372, -32.283 ], [ 126.186, -32.233 ], [ 125.87, -32.333 ], [ 125.537, -32.548 ], [ 125.338, -32.602 ], [ 125.0, -32.737 ], [ 124.902, -32.834 ], [ 124.709, -32.904 ], [ 124.357, -32.953 ], [ 124.117, -33.122 ], [ 124.008, -33.354 ], [ 123.952, -33.567 ], [ 123.757, -33.714 ], [ 123.739, -33.794 ], [ 123.527, -33.939 ], [ 123.344, -33.903 ], [ 123.267, -33.987 ], [ 123.147, -34.002 ], [ 123.085, -33.878 ], [ 122.575, -33.911 ], [ 122.56, -33.959 ], [ 122.312, -33.925 ], [ 122.258, -34.022 ], [ 122.074, -34.007 ], [ 122.106, -33.964 ], [ 122.016, -33.825 ], [ 121.813, -33.895 ], [ 121.628, -33.876 ], [ 121.533, -33.82 ], [ 121.334, -33.815 ], [ 121.166, -33.868 ], [ 120.572, -33.892 ], [ 120.423, -33.97 ], [ 120.002, -33.926 ], [ 119.806, -33.985 ], [ 119.572, -34.142 ], [ 119.475, -34.286 ], [ 119.484, -34.359 ], [ 119.385, -34.385 ], [ 119.402, -34.459 ], [ 119.27, -34.466 ], [ 119.261, -34.522 ], [ 119.117, -34.472 ], [ 118.84, -34.453 ], [ 118.875, -34.506 ], [ 118.727, -34.558 ], [ 118.757, -34.603 ], [ 118.613, -34.686 ], [ 118.48, -34.717 ], [ 118.387, -34.826 ], [ 118.385, -34.908 ], [ 118.168, -34.943 ], [ 118.12, -34.987 ], [ 117.849, -35.026 ], [ 117.949, -35.117 ], [ 117.684, -35.046 ], [ 117.62, -35.138 ], [ 117.36, -35.024 ], [ 117.172, -35.013 ], [ 116.845, -35.049 ], [ 116.736, -35.008 ], [ 116.638, -35.05 ], [ 116.465, -35.001 ], [ 116.375, -34.933 ], [ 116.096, -34.839 ], [ 115.979, -34.836 ], [ 115.934, -34.723 ], [ 115.745, -34.54 ], [ 115.335, -34.314 ], [ 115.165, -34.31 ], [ 115.119, -34.363 ], [ 115.018, -34.262 ], [ 114.971, -34.083 ], [ 114.957, -33.682 ], [ 114.989, -33.521 ], [ 115.119, -33.616 ], [ 115.283, -33.651 ], [ 115.434, -33.595 ], [ 115.667, -33.288 ], [ 115.675, -33.025 ], [ 115.601, -32.662 ], [ 115.63, -32.592 ], [ 115.749, -32.637 ], [ 115.757, -32.186 ], [ 115.744, -31.928 ], [ 115.68, -31.649 ], [ 115.455, -31.303 ], [ 115.313, -30.991 ], [ 115.181, -30.827 ], [ 115.101, -30.633 ], [ 114.975, -30.214 ], [ 114.943, -30.031 ], [ 114.967, -29.902 ], [ 114.946, -29.658 ], [ 114.979, -29.48 ], [ 114.832, -29.092 ], [ 114.653, -28.912 ], [ 114.577, -28.785 ], [ 114.59, -28.656 ], [ 114.531, -28.522 ], [ 114.31, -28.23 ], [ 114.166, -28.107 ], [ 114.097, -27.819 ], [ 114.144, -27.688 ], [ 114.013, -27.315 ], [ 113.764, -26.918 ], [ 113.591, -26.676 ], [ 113.629, -26.598 ], [ 113.812, -26.599 ], [ 113.887, -26.493 ], [ 114.104, -26.448 ], [ 114.234, -26.317 ], [ 114.192, -26.196 ], [ 114.259, -25.842 ], [ 114.155, -25.79 ], [ 113.802, -25.172 ], [ 113.713, -25.125 ], [ 113.611, -24.893 ], [ 113.604, -24.728 ], [ 113.439, -24.533 ], [ 113.391, -24.414 ], [ 113.385, -24.249 ], [ 113.433, -24.17 ], [ 113.415, -24.049 ], [ 113.599, -23.634 ], [ 113.75, -23.512 ], [ 113.782, -23.327 ], [ 113.748, -23.162 ], [ 113.812, -23.051 ], [ 113.76, -22.789 ], [ 113.659, -22.728 ], [ 113.647, -22.578 ], [ 113.898, -22.049 ], [ 114.011, -21.86 ], [ 114.159, -21.792 ], [ 114.647, -21.843 ], [ 114.929, -21.694 ], [ 115.105, -21.665 ], [ 115.455, -21.514 ], [ 115.603, -21.344 ], [ 115.806, -21.235 ], [ 115.937, -21.059 ], [ 116.152, -20.97 ], [ 116.219, -20.843 ], [ 116.435, -20.822 ], [ 116.587, -20.735 ], [ 116.82, -20.55 ], [ 116.787, -20.664 ], [ 116.88, -20.713 ], [ 117.154, -20.596 ], [ 117.198, -20.684 ], [ 117.354, -20.728 ], [ 117.911, -20.56 ], [ 117.941, -20.493 ], [ 118.136, -20.362 ], [ 118.369, -20.362 ], [ 118.606, -20.31 ], [ 118.702, -20.318 ], [ 118.832, -20.262 ], [ 118.975, -20.05 ], [ 119.118, -19.972 ], [ 119.212, -19.961 ], [ 119.567, -20.069 ], [ 119.802, -19.966 ], [ 120.238, -19.907 ], [ 120.954, -19.634 ], [ 121.194, -19.472 ], [ 121.519, -19.07 ], [ 121.824, -18.452 ], [ 121.91, -18.464 ], [ 122.324, -18.151 ], [ 122.361, -18.0 ], [ 122.17, -17.978 ], [ 122.207, -17.873 ], [ 122.205, -17.711 ], [ 122.143, -17.564 ], [ 122.172, -17.261 ], [ 122.276, -17.089 ], [ 122.473, -16.92 ], [ 122.571, -16.789 ], [ 122.759, -16.604 ], [ 122.886, -16.512 ], [ 122.916, -16.416 ], [ 123.54, -16.265 ], [ 123.595, -16.156 ], [ 123.724, -16.136 ], [ 123.828, -16.231 ], [ 123.911, -16.217 ], [ 124.126, -16.272 ], [ 124.223, -16.396 ], [ 124.342, -16.408 ], [ 124.404, -15.875 ], [ 124.377, -15.667 ], [ 124.418, -15.669 ], [ 124.39, -15.523 ], [ 124.473, -15.469 ], [ 124.664, -15.25 ], [ 124.863, -15.114 ], [ 125.0, -14.97 ], [ 125.266, -14.576 ], [ 125.356, -14.504 ], [ 125.501, -14.486 ], [ 125.584, -14.527 ], [ 126.061, -14.35 ], [ 126.063, -14.236 ], [ 126.191, -14.16 ], [ 126.294, -14.136 ], [ 126.432, -13.97 ], [ 126.83, -13.983 ], [ 126.747, -13.792 ], [ 126.953, -13.724 ], [ 127.072, -13.843 ], [ 127.13, -13.968 ], [ 127.237, -13.892 ], [ 127.333, -13.961 ], [ 127.344, -13.904 ], [ 127.489, -14.058 ], [ 127.666, -14.178 ], [ 127.874, -14.47 ], [ 128.175, -14.698 ], [ 128.396, -14.796 ], [ 128.532, -14.753 ], [ 128.749, -14.826 ], [ 129.051, -14.88 ] ] ] ] } },
{ "type": "Feature", "properties": { "id": "senior_juz", "colorId": "kazakhstan", "name": "Старший жуз", "parent": null }, "geometry": { "type": "MultiPolygon", "coordinates": [ [ [ [ 64.016397649203313, 45.853736246047461 ], [ 65.56483434082034, 46.391197247727561 ], [ 67.28416466566928, 46.443562638332097 ], [ 69.212956552936362, 46.827575502765363 ], [ 71.508306174435191, 46.766482547060072 ], [ 73.716380144926461, 47.106857585989552 ], [ 75.667165079206839, 46.627679831875213 ], [ 74.606646076036313, 46.374711996256551 ], [ 73.994698020695466, 45.750298439846745 ], [ 74.291219731804077, 45.253796970083471 ], [ 74.284323878057322, 44.088397686889195 ], [ 74.525678759192246, 43.447083288444979 ], [ 74.40155339175142, 43.074707186122545 ], [ 74.222261194336909, 42.874727427467903 ], [ 74.063656558162535, 42.709226937546816 ], [ 73.643009479613099, 42.61958083883956 ], [ 73.518884112172287, 42.523038886385592 ], [ 73.394758744731476, 42.460976202665186 ], [ 73.187883132330114, 42.164454491556576 ], [ 73.02927849615574, 41.895516195434809 ], [ 72.960319958688629, 41.909307902928248 ], [ 72.108682020969709, 43.20572840731009 ], [ 70.595042123566486, 43.412604019711438 ], [ 69.284829911691233, 43.598792070872662 ], [ 68.340097948391701, 43.791875975780592 ], [ 67.602241597493517, 43.957376465701678 ], [ 66.809218416621647, 44.019439149422091 ], [ 66.098945480710313, 44.784878915307111 ], [ 65.567964742213505, 45.081400626415729 ], [ 64.76114985384821, 45.184838432616402 ], [ 64.457732288992887, 45.522735266205288 ], [ 64.126731309150699, 45.605485511165831 ], [ 64.016397649203313, 45.853736246047461 ] ] ] ] } },
{ "type": "Feature", "properties": { "id": "den_iceland", "colorId": "denmark", "name": null, "parent": "denmark849" }, "geometry": { "type": "MultiPolygon", "coordinates": [ [ [ [ -15.302, 66.268 ], [ -15.015, 66.268 ], [ -15.179, 66.111 ], [ -15.076, 66.05 ], [ -14.677, 66.056 ], [ -14.398, 65.73 ], [ -13.61, 65.514 ], [ -13.527, 65.055 ], [ -13.986, 64.74 ], [ -14.442, 64.676 ], [ -14.545, 64.405 ], [ -15.992, 64.144 ], [ -16.783, 63.843 ], [ -17.006, 63.798 ], [ -17.591, 63.747 ], [ -17.965, 63.523 ], [ -18.732, 63.397 ], [ -20.186, 63.544 ], [ -21.168, 63.876 ], [ -22.718, 63.828 ], [ -22.69, 64.09 ], [ -22.543, 63.983 ], [ -22.199, 64.021 ], [ -21.915, 64.11 ], [ -21.963, 64.297 ], [ -22.1, 64.315 ], [ -22.34, 64.556 ], [ -22.32, 64.754 ], [ -23.946, 64.761 ], [ -24.06, 64.891 ], [ -23.85, 64.931 ], [ -23.224, 64.949 ], [ -23.21, 65.017 ], [ -22.757, 65.072 ], [ -22.674, 65.008 ], [ -22.49, 65.234 ], [ -22.547, 65.561 ], [ -23.183, 65.576 ], [ -23.247, 65.485 ], [ -23.898, 65.405 ], [ -23.968, 65.465 ], [ -24.54, 65.508 ], [ -24.278, 65.636 ], [ -24.087, 65.651 ], [ -24.05, 65.804 ], [ -23.821, 65.926 ], [ -23.793, 66.07 ], [ -23.461, 66.204 ], [ -23.135, 66.433 ], [ -22.575, 66.466 ], [ -22.269, 66.376 ], [ -22.217, 66.268 ], [ -21.979, 66.275 ], [ -21.319, 65.988 ], [ -21.278, 65.857 ], [ -21.483, 65.563 ], [ -21.055, 65.452 ], [ -20.689, 65.693 ], [ -20.501, 65.495 ], [ -20.263, 65.745 ], [ -20.449, 66.029 ], [ -20.092, 66.131 ], [ -19.708, 65.871 ], [ -19.363, 66.088 ], [ -19.078, 66.072 ], [ -19.078, 66.159 ], [ -18.854, 66.205 ], [ -18.545, 66.083 ], [ -18.54, 65.974 ], [ -18.228, 65.939 ], [ -18.297, 66.18 ], [ -17.913, 66.152 ], [ -17.598, 65.967 ], [ -17.419, 65.994 ], [ -17.217, 66.194 ], [ -16.992, 66.2 ], [ -16.933, 66.139 ], [ -16.487, 66.19 ], [ -16.422, 66.287 ], [ -16.543, 66.507 ], [ -16.023, 66.537 ], [ -15.938, 66.424 ], [ -15.707, 66.396 ], [ -15.775, 66.289 ], [ -15.38, 66.15 ], [ -15.302, 66.268 ] ] ] ] } },
{ "type": "Feature", "properties": { "id": "ru_georgia", "colorId": "russia", "name": null, "parent": "russia1783" }, "geometry": { "type": "MultiPolygon", "coordinates": [ [ [ [ 43.63582047666398, 41.357631339082928 ], [ 43.480150281335838, 41.627851300784627 ], [ 43.362663341465534, 41.780584322616022 ], [ 43.198181625647116, 41.927442997453895 ], [ 43.198181625647116, 42.109547754252866 ], [ 43.383223555942841, 42.244657735103715 ], [ 43.59176287421262, 42.329835766509667 ], [ 43.720998508069954, 42.462008573863763 ], [ 43.850234141927288, 42.573621166740544 ], [ 43.668129385128317, 42.629427463178942 ], [ 43.801, 42.746 ], [ 44.117276120676692, 42.745388308420679 ], [ 44.272, 42.702 ], [ 44.540469913665291, 42.735165709062208 ], [ 44.763695099418868, 42.655862024649757 ], [ 44.84299878383132, 42.735165709062208 ], [ 45.007480499649752, 42.65292485115301 ], [ 45.124967439520056, 42.691108106610855 ], [ 45.312946543312535, 42.541312258276221 ], [ 45.479, 42.542 ], [ 45.699, 42.508 ], [ 45.736, 42.448 ], [ 45.645011943168889, 42.368032736187068 ], [ 45.582229859675692, 42.179686485707492 ], [ 45.459805218150414, 42.024369722846892 ], [ 45.336443931286595, 41.671908903235988 ], [ 45.289449155338474, 40.767259466234677 ], [ 44.63979182136616, 40.768541572644729 ], [ 44.174321693463106, 40.827156329491778 ], [ 44.043300472275583, 40.865083525098697 ], [ 43.958909561307316, 40.831877283163337 ], [ 43.859045662417557, 40.993421825484994 ], [ 43.812050886469436, 41.169652235290449 ], [ 43.63582047666398, 41.357631339082928 ] ] ] ] } },
{ "type": "Feature", "properties": { "id": "palembang", "colorId": "palembang", "name": "Палембанг", "parent": null }, "geometry": { "type": "MultiPolygon", "coordinates": [ [ [ [ 106.895, -3.018 ], [ 106.723, -2.966 ], [ 106.813, -2.892 ], [ 106.909, -2.93 ], [ 106.895, -3.018 ] ] ], [ [ [ 104.538, -1.761 ], [ 104.537, -1.854 ], [ 104.637, -1.922 ], [ 104.692, -2.046 ], [ 104.773, -1.998 ], [ 104.874, -2.08 ], [ 104.876, -2.165 ], [ 104.743, -2.341 ], [ 104.709, -2.574 ], [ 104.768, -2.43 ], [ 104.883, -2.285 ], [ 104.929, -2.375 ], [ 105.002, -2.332 ], [ 105.117, -2.38 ], [ 105.202, -2.347 ], [ 105.624, -2.402 ], [ 105.608, -2.552 ], [ 105.673, -2.663 ], [ 105.778, -2.69 ], [ 105.792, -2.862 ], [ 105.879, -2.951 ], [ 106.016, -2.969 ], [ 106.054, -3.047 ], [ 106.073, -3.256 ], [ 105.929, -3.365 ], [ 105.881, -3.451 ], [ 105.82, -3.673 ], [ 105.952, -3.834 ], [ 105.87, -4.004 ], [ 105.813, -4.239 ], [ 105.836653760234014, -4.336571760812848 ], [ 105.299323072337714, -4.328381636010945 ], [ 104.798555441592868, -4.230100138388124 ], [ 104.372668951893971, -4.042897285773227 ], [ 104.148025528756094, -3.85569443315833 ], [ 104.021663603241038, -3.673171651858805 ], [ 103.937422319564334, -3.462568442667046 ], [ 103.698738682480339, -3.064762380860389 ], [ 103.792340108787798, -2.727797246153575 ], [ 103.573481904203021, -2.339164161488116 ], [ 103.680367637277058, -2.097809280353199 ], [ 103.852763980944843, -1.966788059165673 ], [ 103.935514225905393, -1.787495861751163 ], [ 104.156181545800166, -1.566828541856381 ], [ 104.454, -1.531 ], [ 104.538, -1.761 ] ] ], [ [ [ 105.751, -1.703 ], [ 105.72, -1.524 ], [ 105.876, -1.489 ], [ 106.046, -1.594 ], [ 106.035, -1.678 ], [ 106.175, -1.879 ], [ 106.163, -2.007 ], [ 106.264, -2.351 ], [ 106.354, -2.463 ], [ 106.769, -2.56 ], [ 106.675, -2.7 ], [ 106.613, -2.943 ], [ 106.738, -3.005 ], [ 106.707, -3.094 ], [ 106.517, -3.095 ], [ 106.447, -2.981 ], [ 106.094, -2.841 ], [ 105.987, -2.821 ], [ 105.902, -2.629 ], [ 105.944, -2.499 ], [ 105.829, -2.395 ], [ 105.796, -2.172 ], [ 105.607, -2.115 ], [ 105.566, -2.067 ], [ 105.45, -2.123 ], [ 105.306, -2.135 ], [ 105.23, -2.07 ], [ 105.147, -2.08 ], [ 105.154, -1.936 ], [ 105.376, -1.822 ], [ 105.395, -1.738 ], [ 105.35, -1.649 ], [ 105.46, -1.563 ], [ 105.594, -1.526 ], [ 105.703, -1.655 ], [ 105.652, -1.707 ], [ 105.813, -1.793 ], [ 105.751, -1.703 ] ] ] ] } },
{ "type": "Feature", "properties": { "id": "sp_peru1749", "colorId": "spain", "name": null, "parent": "spain" }, "geometry": { "type": "MultiPolygon", "coordinates": [ [ [ [ -68.253, -55.525 ], [ -69.788, -55.306 ], [ -70.031, -55.153 ], [ -69.886, -55.064 ], [ -68.441, -54.94 ], [ -67.999, -55.628 ], [ -68.072, -55.716 ], [ -68.253, -55.525 ] ] ], [ [ [ -67.302, -54.929 ], [ -67.062, -55.072 ], [ -67.271, -55.307 ], [ -68.082, -55.233 ], [ -68.345, -54.921 ], [ -67.302, -54.929 ] ] ], [ [ [ -69.918, -55.038 ], [ -69.836, -54.872 ], [ -69.164, -54.956 ], [ -69.918, -55.038 ] ] ], [ [ [ -64.311, -54.778 ], [ -64.676, -54.903 ], [ -64.759, -54.832 ], [ -64.324, -54.722 ], [ -63.888, -54.73 ], [ -64.26, -54.835 ], [ -64.311, -54.778 ] ] ], [ [ [ -68.28, -53.015 ], [ -68.521, -53.121 ], [ -68.551, -53.239 ], [ -68.451, -53.298 ], [ -68.111, -53.344 ], [ -67.984, -53.601 ], [ -67.558, -53.836 ], [ -67.572, -53.908 ], [ -67.298, -54.054 ], [ -66.767, -54.25 ], [ -66.482, -54.466 ], [ -65.844, -54.647 ], [ -65.698, -54.662 ], [ -65.309, -54.627 ], [ -65.156, -54.641 ], [ -65.332, -54.914 ], [ -65.429, -54.884 ], [ -65.686, -54.969 ], [ -65.719, -54.909 ], [ -65.988, -54.911 ], [ -65.993, -54.972 ], [ -66.317, -54.995 ], [ -66.541, -55.051 ], [ -66.803, -54.943 ], [ -67.031, -54.905 ], [ -68.078, -54.846 ], [ -68.302, -54.792 ], [ -68.328, -54.842 ], [ -68.52, -54.852 ], [ -68.642, -54.783 ], [ -68.654, -54.886 ], [ -68.738, -54.896 ], [ -69.648, -54.823 ], [ -70.08, -54.85 ], [ -71.962, -54.647 ], [ -72.002, -54.459 ], [ -70.933, -54.114 ], [ -70.474, -53.309 ], [ -70.416, -52.758 ], [ -70.129, -52.732 ], [ -70.001, -52.842 ], [ -69.734, -52.774 ], [ -69.584, -52.51 ], [ -69.418, -52.451 ], [ -69.14, -52.684 ], [ -68.779, -52.548 ], [ -68.628, -52.64 ], [ -68.286, -52.944 ], [ -68.28, -53.015 ] ] ], [ [ [ -74.19, -42.432 ], [ -74.147, -42.217 ], [ -74.053, -42.13 ], [ -74.064, -41.806 ], [ -73.866, -41.892 ], [ -73.578, -41.799 ], [ -73.578, -41.945 ], [ -73.386, -42.196 ], [ -73.517, -42.789 ], [ -73.494, -42.867 ], [ -73.731, -43.393 ], [ -74.085, -43.402 ], [ -74.335, -43.282 ], [ -74.401, -43.26 ], [ -74.338, -43.1 ], [ -74.23, -43.023 ], [ -74.128, -42.641 ], [ -74.19, -42.432 ] ] ], [ [ [ -53.317244907425298, -27.514705802496657 ], [ -53.243689134127038, -27.707789707404594 ], [ -53.308050435763015, -27.891679140650243 ], [ -53.478148161515243, -28.070971338064751 ], [ -53.611468000618345, -28.27784695046611 ], [ -53.47814816151525, -28.797334599385078 ], [ -53.34942555824329, -28.824918014371924 ], [ -53.30345319993188, -28.967432325137306 ], [ -53.386203444892423, -29.385780785771161 ], [ -53.57928734980036, -29.661614935639644 ], [ -53.703412717241179, -29.886879491365569 ], [ -53.703412717241179, -30.194894292052034 ], [ -53.910288329642533, -30.60864551685475 ], [ -53.983844102940793, -31.04078568498203 ], [ -54.186122479511013, -31.206286174903116 ], [ -54.23209483782243, -31.293633655694801 ], [ -54.374609148587808, -31.39937007981105 ], [ -54.544706874340029, -31.509703739758436 ], [ -54.483, -31.584 ], [ -54.464, -31.672 ], [ -54.135, -31.909 ], [ -54.069, -31.88 ], [ -53.772, -32.047 ], [ -53.671, -32.226 ], [ -53.649, -32.339 ], [ -53.416, -32.564 ], [ -53.186, -32.647 ], [ -53.111, -32.722 ], [ -53.299, -32.889 ], [ -53.327, -32.974 ], [ -53.512, -33.099 ], [ -53.537, -33.171 ], [ -53.514, -33.395 ], [ -53.54, -33.649 ], [ -53.379, -33.741 ], [ -53.473, -33.835 ], [ -53.539, -34.062 ], [ -53.711, -34.199 ], [ -53.765, -34.39 ], [ -53.972, -34.487 ], [ -54.146, -34.668 ], [ -54.26, -34.686 ], [ -54.239, -34.59 ], [ -54.345, -34.631 ], [ -54.306, -34.708 ], [ -54.939, -34.97 ], [ -55.082, -34.884 ], [ -55.26, -34.898 ], [ -55.377, -34.801 ], [ -55.792, -34.774 ], [ -56.07, -34.901 ], [ -56.311, -34.906 ], [ -56.421, -34.828 ], [ -56.376, -34.783 ], [ -56.574, -34.759 ], [ -56.795, -34.698 ], [ -57.12, -34.463 ], [ -57.203, -34.442 ], [ -57.538, -34.454 ], [ -57.624, -34.43 ], [ -57.855, -34.471 ], [ -57.898, -34.376 ], [ -58.077, -34.192 ], [ -58.196, -34.159 ], [ -58.317, -33.987 ], [ -58.389, -33.942 ], [ -58.435, -33.785 ], [ -58.413, -33.372 ], [ -58.349, -33.283 ], [ -58.367, -33.154 ], [ -58.174, -33.11 ], [ -58.077, -33.031 ], [ -58.048, -32.912 ], [ -58.12, -32.819 ], [ -58.2, -32.447 ], [ -58.223, -32.534 ], [ -58.179, -32.828 ], [ -58.138, -32.9 ], [ -58.147, -33.05 ], [ -58.241, -33.095 ], [ -58.383, -33.075 ], [ -58.433, -33.232 ], [ -58.412, -33.298 ], [ -58.522, -33.449 ], [ -58.549, -33.683 ], [ -58.395, -34.031 ], [ -58.379, -34.188 ], [ -58.48, -34.277 ], [ -58.57, -34.288 ], [ -58.455, -34.366 ], [ -58.511, -34.436 ], [ -58.474, -34.522 ], [ -58.315, -34.657 ], [ -58.155, -34.75 ], [ -57.871, -34.83 ], [ -57.759, -34.91 ], [ -57.522, -35.013 ], [ -57.249, -35.249 ], [ -57.134, -35.417 ], [ -57.145, -35.484 ], [ -57.353, -35.728 ], [ -57.393, -35.863 ], [ -57.366, -35.988 ], [ -57.248, -36.17 ], [ -57.108, -36.282 ], [ -56.929, -36.364 ], [ -56.768, -36.344 ], [ -56.698, -36.396 ], [ -56.665, -36.851 ], [ -56.686, -36.928 ], [ -56.889, -37.162 ], [ -57.056, -37.413 ], [ -57.309, -37.645 ], [ -57.512, -37.872 ], [ -57.536, -38.084 ], [ -57.594, -38.153 ], [ -58.156, -38.43 ], [ -58.567, -38.559 ], [ -58.729, -38.588 ], [ -59.063, -38.694 ], [ -59.632, -38.784 ], [ -59.889, -38.838 ], [ -60.866, -38.976 ], [ -61.143, -39.001 ], [ -61.428, -38.983 ], [ -61.518, -39.011 ], [ -61.731, -38.968 ], [ -61.839, -38.981 ], [ -62.027, -38.938 ], [ -62.157, -38.81 ], [ -62.39, -38.815 ], [ -62.32, -38.961 ], [ -62.358, -39.102 ], [ -62.257, -39.256 ], [ -62.284, -39.311 ], [ -62.136, -39.436 ], [ -62.061, -39.447 ], [ -62.114, -39.821 ], [ -62.164, -39.859 ], [ -62.305, -39.811 ], [ -62.369, -40.211 ], [ -62.49, -40.308 ], [ -62.415, -40.462 ], [ -62.325, -40.502 ], [ -62.229, -40.659 ], [ -62.338, -40.873 ], [ -62.729, -41.041 ], [ -63.1, -41.155 ], [ -63.779, -41.159 ], [ -64.062, -40.999 ], [ -64.174, -41.009 ], [ -64.417, -40.911 ], [ -64.735, -40.83 ], [ -64.772, -40.737 ], [ -64.89, -40.706 ], [ -65.122, -40.834 ], [ -65.175, -41.01 ], [ -65.061, -41.448 ], [ -64.993, -41.553 ], [ -65.037, -41.665 ], [ -65.0, -41.793 ], [ -65.07, -41.986 ], [ -65.005, -42.093 ], [ -64.857, -42.194 ], [ -64.602, -42.422 ], [ -64.615, -42.515 ], [ -64.823, -42.627 ], [ -64.946, -42.654 ], [ -64.997, -42.785 ], [ -64.645, -42.925 ], [ -64.433, -42.976 ], [ -64.448, -43.069 ], [ -64.765, -43.147 ], [ -65.032, -43.299 ], [ -65.032, -43.378 ], [ -65.275, -43.587 ], [ -65.334, -43.673 ], [ -65.318, -43.832 ], [ -65.215, -44.137 ], [ -65.305, -44.24 ], [ -65.217, -44.366 ], [ -65.332, -44.461 ], [ -65.395, -44.594 ], [ -65.543, -44.62 ], [ -65.686, -44.713 ], [ -65.715, -44.87 ], [ -65.534, -44.934 ], [ -65.603, -45.028 ], [ -65.964, -45.042 ], [ -66.2, -44.993 ], [ -66.588, -45.139 ], [ -66.524, -45.216 ], [ -66.869, -45.236 ], [ -67.065, -45.35 ], [ -67.332, -45.613 ], [ -67.377, -45.794 ], [ -67.548, -45.933 ], [ -67.622, -46.164 ], [ -67.541, -46.401 ], [ -67.423, -46.567 ], [ -67.13, -46.707 ], [ -66.786, -47.007 ], [ -66.2, -47.09 ], [ -65.98, -47.066 ], [ -65.745, -47.204 ], [ -65.713, -47.341 ], [ -65.736, -47.51 ], [ -65.846, -47.742 ], [ -65.902, -47.77 ], [ -65.853, -47.88 ], [ -65.762, -47.912 ], [ -65.927, -47.941 ], [ -65.968, -48.047 ], [ -65.903, -48.079 ], [ -66.132, -48.136 ], [ -66.301, -48.252 ], [ -66.341, -48.353 ], [ -66.651, -48.431 ], [ -66.866, -48.59 ], [ -67.114, -48.674 ], [ -67.198, -48.818 ], [ -67.406, -48.904 ], [ -67.557, -49.016 ], [ -67.732, -49.781 ], [ -67.833, -49.955 ], [ -68.076, -50.087 ], [ -68.438, -50.201 ], [ -68.876, -50.331 ], [ -69.077, -50.56 ], [ -69.15, -50.742 ], [ -69.137, -50.903 ], [ -69.168, -50.978 ], [ -69.063, -51.321 ], [ -68.964, -51.501 ], [ -68.982, -51.572 ], [ -68.936, -51.646 ], [ -68.685, -52.005 ], [ -68.366, -52.306 ], [ -68.449, -52.347 ], [ -68.898, -52.304 ], [ -69.13, -52.208 ], [ -69.442, -52.252 ], [ -69.497, -52.385 ], [ -69.847, -52.487 ], [ -70.857, -52.734 ], [ -71.034, -53.81 ], [ -71.336, -53.88 ], [ -72.053, -53.707 ], [ -72.284, -53.581 ], [ -72.365, -53.537 ], [ -72.523, -53.544 ], [ -72.721, -53.462 ], [ -72.763, -53.388 ], [ -72.944, -53.353 ], [ -73.199, -53.241 ], [ -73.182, -53.186 ], [ -73.444, -52.982 ], [ -73.314, -52.934 ], [ -73.383, -52.845 ], [ -73.564, -52.797 ], [ -73.616, -52.749 ], [ -73.7, -52.715 ], [ -73.54, -52.055 ], [ -73.904, -51.612 ], [ -74.13, -51.188 ], [ -74.232, -51.036 ], [ -74.256, -50.939 ], [ -74.536, -50.296 ], [ -74.348, -50.086 ], [ -74.316, -49.719 ], [ -74.461, -49.02 ], [ -74.372, -48.719 ], [ -74.442, -48.182 ], [ -74.625, -48.004 ], [ -74.612, -47.568 ], [ -74.119, -46.988 ], [ -73.989, -46.56 ], [ -73.832, -46.578 ], [ -73.619, -46.102 ], [ -73.406, -45.026 ], [ -73.284, -44.174 ], [ -73.111, -43.461 ], [ -73.085, -43.316 ], [ -72.912, -43.235 ], [ -72.934, -43.098 ], [ -72.865, -43.019 ], [ -72.842, -42.838 ], [ -72.865, -42.621 ], [ -72.737, -42.014 ], [ -73.201, -41.785 ], [ -73.76, -41.749 ], [ -73.947, -40.973 ], [ -73.728, -40.544 ], [ -73.714, -39.978 ], [ -73.406, -39.695 ], [ -73.242, -39.49 ], [ -73.283, -39.075 ], [ -73.543, -38.421 ], [ -73.463, -38.092 ], [ -73.503, -37.933 ], [ -73.668, -37.719 ], [ -73.672, -37.363 ], [ -73.608, -37.155 ], [ -73.467, -37.235 ], [ -73.283, -37.214 ], [ -73.209, -37.16 ], [ -73.002, -36.714 ], [ -72.832, -36.308 ], [ -72.838, -36.179 ], [ -72.78, -35.953 ], [ -72.598, -35.81 ], [ -72.647, -35.567 ], [ -72.53, -35.49 ], [ -72.398, -35.233 ], [ -72.231, -35.116 ], [ -72.188, -34.886 ], [ -72.057, -34.659 ], [ -72.048, -34.404 ], [ -71.995, -34.37 ], [ -72.027, -34.163 ], [ -71.86, -33.912 ], [ -71.808, -33.777 ], [ -71.688, -33.721 ], [ -71.625, -33.541 ], [ -71.706, -33.434 ], [ -71.672, -33.359 ], [ -71.762, -33.102 ], [ -71.568, -33.002 ], [ -71.518, -32.873 ], [ -71.548, -32.796 ], [ -71.446, -32.643 ], [ -71.477, -32.535 ], [ -71.412, -32.37 ], [ -71.544, -32.193 ], [ -71.501, -31.89 ], [ -71.668, -31.15 ], [ -71.655, -30.976 ], [ -71.707, -30.779 ], [ -71.713, -30.615 ], [ -71.677, -30.343 ], [ -71.635, -30.238 ], [ -71.518, -30.279 ], [ -71.446, -30.162 ], [ -71.383, -30.148 ], [ -71.412, -29.992 ], [ -71.287, -29.91 ], [ -71.335, -29.711 ], [ -71.288, -29.603 ], [ -71.336, -29.525 ], [ -71.307, -29.421 ], [ -71.376, -29.282 ], [ -71.494, -29.193 ], [ -71.488, -29.036 ], [ -71.522, -28.94 ], [ -71.488, -28.845 ], [ -71.391, -28.799 ], [ -71.302, -28.675 ], [ -71.307, -28.562 ], [ -71.174, -28.361 ], [ -71.138, -27.946 ], [ -71.039, -27.666 ], [ -70.912, -27.622 ], [ -70.892, -27.493 ], [ -70.946, -27.372 ], [ -70.96, -27.161 ], [ -70.871, -27.118 ], [ -70.789, -26.996 ], [ -70.823, -26.887 ], [ -70.732, -26.749 ], [ -70.692, -26.544 ], [ -70.699, -26.393 ], [ -70.631, -26.01 ], [ -70.74, -25.829 ], [ -70.635, -25.626 ], [ -70.651, -25.541 ], [ -70.531, -25.457 ], [ -70.445, -25.345 ], [ -70.437, -25.193 ], [ -70.497, -25.104 ], [ -70.473, -24.975 ], [ -70.521, -24.919 ], [ -70.576, -24.732 ], [ -70.583, -24.525 ], [ -70.5, -24.097 ], [ -70.526, -23.996 ], [ -70.499, -23.785 ], [ -70.405, -23.651 ], [ -70.413, -23.511 ], [ -70.497, -23.469 ], [ -70.539, -23.532 ], [ -70.632, -23.517 ], [ -70.585, -23.424 ], [ -70.581, -23.108 ], [ -70.506, -23.01 ], [ -70.451, -23.097 ], [ -70.373, -23.051 ], [ -70.297, -22.918 ], [ -70.313, -22.791 ], [ -70.27, -22.62 ], [ -70.213, -22.083 ], [ -70.15, -21.862 ], [ -70.152, -21.665 ], [ -70.104, -21.609 ], [ -70.059, -21.433 ], [ -70.08, -21.233 ], [ -70.168, -20.997 ], [ -70.127, -20.935 ], [ -70.194, -20.816 ], [ -70.206, -20.528 ], [ -70.192, -20.367 ], [ -70.131, -20.267 ], [ -70.16, -20.221 ], [ -70.123, -20.072 ], [ -70.151, -19.719 ], [ -70.214, -19.596 ], [ -70.226, -19.411 ], [ -70.288, -19.301 ], [ -70.277, -19.109 ], [ -70.357, -18.773 ], [ -70.304, -18.445 ], [ -70.395, -18.338 ], [ -70.683, -18.162 ], [ -70.915, -17.947 ], [ -71.219, -17.752 ], [ -71.385, -17.687 ], [ -71.36, -17.633 ], [ -71.4, -17.4 ], [ -71.515, -17.285 ], [ -71.808, -17.191 ], [ -72.293, -16.881 ], [ -72.362, -16.761 ], [ -72.588, -16.659 ], [ -72.692, -16.661 ], [ -73.193, -16.407 ], [ -73.296, -16.396 ], [ -73.42, -16.293 ], [ -73.7, -16.221 ], [ -74.442, -15.798 ], [ -74.463, -15.727 ], [ -74.848, -15.566 ], [ -75.189, -15.358 ], [ -75.167, -15.311 ], [ -75.263, -15.25 ], [ -75.241, -15.205 ], [ -75.362, -15.145 ], [ -75.551, -14.885 ], [ -75.839, -14.726 ], [ -75.931, -14.649 ], [ -75.981, -14.461 ], [ -76.144, -14.328 ], [ -76.149, -14.224 ], [ -76.292, -14.081 ], [ -76.277, -13.945 ], [ -76.262, -13.861 ], [ -76.181, -13.539 ], [ -76.221, -13.358 ], [ -76.483, -13.036 ], [ -76.812, -12.483 ], [ -76.791, -12.381 ], [ -76.854, -12.303 ], [ -77.038, -12.204 ], [ -77.054, -12.114 ], [ -77.175, -12.072 ], [ -77.146, -11.932 ], [ -77.32, -11.494 ], [ -77.647, -11.292 ], [ -77.595, -11.165 ], [ -77.671, -10.928 ], [ -78.056, -10.348 ], [ -78.105, -10.201 ], [ -78.167, -10.141 ], [ -78.235, -9.953 ], [ -78.229, -9.794 ], [ -78.37, -9.615 ], [ -78.427, -9.42 ], [ -78.655, -8.933 ], [ -78.94, -8.436 ], [ -78.902, -8.377 ], [ -78.986, -8.217 ], [ -79.125, -8.065 ], [ -79.3, -7.939 ], [ -79.435, -7.674 ], [ -79.583, -7.464 ], [ -79.613, -7.266 ], [ -79.708, -7.107 ], [ -79.932, -6.883 ], [ -79.965, -6.787 ], [ -80.119, -6.651 ], [ -80.298, -6.544 ], [ -80.791, -6.3 ], [ -81.101, -6.072 ], [ -81.15, -5.883 ], [ -81.075, -5.787 ], [ -80.94, -5.851 ], [ -80.864, -5.744 ], [ -80.856, -5.65 ], [ -80.932, -5.464 ], [ -81.198, -5.208 ], [ -81.171, -5.087 ], [ -81.338, -4.678 ], [ -81.329, -4.477 ], [ -81.28, -4.396 ], [ -81.253, -4.239 ], [ -80.993, -3.972 ], [ -80.536, -3.505 ], [ -80.368, -3.466 ], [ -80.341, -3.393 ], [ -80.266, -3.426 ], [ -80.225, -3.592 ], [ -80.222, -3.769 ], [ -80.165, -3.88 ], [ -80.305, -4.005 ], [ -80.481, -3.999 ], [ -80.514, -4.083 ], [ -80.47, -4.213 ], [ -80.345, -4.198 ], [ -80.489, -4.396 ], [ -80.408, -4.478 ], [ -80.14, -4.283 ], [ -79.982, -4.389 ], [ -79.904, -4.399 ], [ -79.833, -4.479 ], [ -79.658, -4.439 ], [ -79.507, -4.532 ], [ -79.528, -4.618 ], [ -79.451, -4.81 ], [ -79.303, -4.961 ], [ -79.104, -4.98 ], [ -79.064, -5.011 ], [ -78.98, -4.874 ], [ -78.9, -4.844 ], [ -78.929, -4.747 ], [ -78.853, -4.652 ], [ -78.673, -4.551 ], [ -78.108661112173408, -4.724820207424634 ], [ -77.266248275406369, -4.359774644825585 ], [ -77.083725494106844, -4.710779993478518 ], [ -76.760800573346145, -4.748220564001497 ], [ -75.398899820572765, -5.014984628977723 ], [ -75.099375256388925, -4.752900635316868 ], [ -74.827931120097332, -4.706099922163144 ], [ -74.331843560667849, -4.41125542929468 ], [ -74.101637806703138, -4.564800958239456 ], [ -74.018887561742602, -4.426883883305218 ], [ -73.922345609288641, -4.333789857724606 ], [ -73.601688410066529, -4.506186201392405 ], [ -73.467219262005642, -4.388956687698301 ], [ -73.336198040818118, -4.340685711471318 ], [ -73.215520600250656, -3.982101316642298 ], [ -72.987957426609171, -3.93727826728867 ], [ -73.094843159683208, -3.540766676852735 ], [ -72.646612666146936, -3.330443137578021 ], [ -72.09494436640999, -3.430433016905344 ], [ -71.632922165380307, -3.233901185124052 ], [ -71.577755335406607, -3.571798018712937 ], [ -70.922649229468973, -3.902798998555109 ], [ -70.729565324561037, -3.723506801140599 ], [ -70.546825200273176, -3.826944607341278 ], [ -70.391668490972151, -3.723506801140599 ], [ -70.27961086758809, -3.813152899847854 ], [ -70.183068915134115, -4.013132658502499 ], [ -69.965, -4.236 ], [ -69.989, -4.315 ], [ -70.063, -4.328 ], [ -70.157, -4.27 ], [ -70.206, -4.343 ], [ -70.307, -4.26 ], [ -70.311, -4.171 ], [ -70.43, -4.134 ], [ -70.585, -4.195 ], [ -70.631, -4.119 ], [ -70.712, -4.172 ], [ -70.832, -4.179 ], [ -70.843, -4.238 ], [ -70.969, -4.385 ], [ -71.17, -4.363 ], [ -71.288, -4.381 ], [ -71.363, -4.459 ], [ -71.506, -4.449 ], [ -71.665, -4.508 ], [ -71.774, -4.482 ], [ -72.071, -4.605 ], [ -72.251, -4.759 ], [ -72.397, -4.806 ], [ -72.404, -4.86 ], [ -72.627, -5.022 ], [ -72.918, -5.132 ], [ -72.897, -5.272 ], [ -72.973, -5.466 ], [ -72.96, -5.559 ], [ -73.001, -5.709 ], [ -73.14, -5.879 ], [ -73.235, -6.078 ], [ -73.178, -6.202 ], [ -73.132, -6.435 ], [ -73.199, -6.546 ], [ -73.371, -6.584 ], [ -73.685, -6.812 ], [ -73.765, -6.904 ], [ -73.812, -7.103 ], [ -62.914108013981476, -7.157606040840593 ], [ -62.842066922638956, -7.836850616355701 ], [ -63.053044404427744, -8.161035527396999 ], [ -63.459561991289064, -8.366867216947032 ], [ -64.288034541727967, -8.989508077835882 ], [ -64.69455212858928, -9.380588287980943 ], [ -65.255443482613117, -9.478358340517209 ], [ -65.276026651568131, -9.591565769769728 ], [ -65.085632338734342, -9.689335822305992 ], [ -65.304, -9.826 ], [ -65.333, -9.927 ], [ -65.288, -10.216 ], [ -65.411, -10.449 ], [ -65.45, -10.468 ], [ -65.436, -10.626 ], [ -65.381, -10.698 ], [ -65.4, -10.812 ], [ -65.319, -10.865 ], [ -65.303, -10.991 ], [ -65.395, -11.153 ], [ -65.389, -11.253 ], [ -65.326, -11.328 ], [ -65.353, -11.391 ], [ -65.292, -11.505 ], [ -65.223, -11.517 ], [ -65.196, -11.742 ], [ -65.066, -11.753 ], [ -64.997, -11.996 ], [ -64.793, -12.033 ], [ -64.716, -12.147 ], [ -64.469, -12.261 ], [ -64.49, -12.374 ], [ -64.396, -12.457 ], [ -64.215, -12.474 ], [ -64.145, -12.52 ], [ -63.921, -12.544 ], [ -63.801, -12.455 ], [ -63.658, -12.475 ], [ -63.496, -12.553 ], [ -63.393, -12.665 ], [ -63.236, -12.699 ], [ -63.137, -12.634 ], [ -63.075, -12.653 ], [ -62.975, -12.853 ], [ -62.929, -12.846 ], [ -62.807, -12.989 ], [ -62.687, -12.965 ], [ -62.642, -13.03 ], [ -62.458, -13.078 ], [ -62.427, -13.125 ], [ -62.172, -13.118 ], [ -62.003, -13.36 ], [ -61.869, -13.464 ], [ -61.848, -13.531 ], [ -61.588, -13.508 ], [ -61.459, -13.544 ], [ -61.348, -13.494 ], [ -61.149, -13.52 ], [ -61.047, -13.465 ], [ -61.022, -13.535 ], [ -60.897, -13.553 ], [ -60.566, -13.77 ], [ -60.473, -13.798 ], [ -60.388, -13.989 ], [ -60.191983919682372, -14.109571355392941 ], [ -59.92440272326732, -14.624150579268024 ], [ -59.99129802237109, -14.778524346430547 ], [ -59.852361631924808, -15.015230789413085 ], [ -59.193700225364708, -15.344561492693138 ], [ -58.535038818804615, -15.725350118360698 ], [ -57.927835334632022, -16.17817983537077 ], [ -57.763169982991997, -16.49721895417332 ], [ -57.763169982991997, -16.723633812678358 ], [ -57.372089772846934, -16.929465502228389 ], [ -57.372089772846934, -17.166171945210927 ], [ -57.258882343594415, -17.444044726103471 ], [ -57.351506603891927, -17.629293246698499 ], [ -57.166258083296896, -18.421745251466124 ], [ -57.475005617621946, -18.946616059818709 ], [ -57.176549667774403, -19.039240320116221 ], [ -57.145674914341896, -19.440612114738787 ], [ -57.86, -19.98 ], [ -58.159, -20.165 ], [ -58.083, -20.376 ], [ -57.989, -20.433 ], [ -58.009, -20.526 ], [ -57.981, -20.693 ], [ -57.858, -20.74 ], [ -57.456674626521092, -21.000261502904788 ], [ -55.539627284935179, -21.04163662538506 ], [ -53.698434334563096, -21.689846877575974 ], [ -53.346745793480785, -22.310473714780045 ], [ -53.339849939734073, -22.738016647076186 ], [ -53.53293384464201, -23.165559579372324 ], [ -53.746705310790084, -23.282789093066427 ], [ -53.905309946964458, -23.820665685309958 ], [ -54.005299826291775, -23.965478613990911 ], [ -54.270790195540187, -23.972374467737623 ], [ -54.335, -24.149 ], [ -54.261, -24.329 ], [ -54.335, -24.527 ], [ -54.321, -24.628 ], [ -54.407, -24.821 ], [ -54.462, -25.037 ], [ -54.43, -25.131 ], [ -54.212175438693137, -25.186044727158919 ], [ -53.936341288824657, -25.344649363333293 ], [ -53.50190250278181, -25.427399608293836 ], [ -53.074359570485669, -25.434295462040545 ], [ -52.605441515709259, -25.496358145760954 ], [ -52.308919804600649, -25.80667156436299 ], [ -52.164106875919693, -26.13077669045845 ], [ -52.260648828373661, -26.668653282701982 ], [ -52.757150298136921, -26.87552889510334 ], [ -53.074359570485669, -26.827257918876356 ], [ -53.598444455235779, -26.87552889510334 ], [ -53.685023773916605, -27.031996040226822 ], [ -53.625259708111763, -27.248066124290464 ], [ -53.317244907425298, -27.514705802496657 ] ] ] ] } },
{ "type": "Feature", "properties": { "id": "rh_bavaria", "colorId": "bavaria", "name": "Бавария", "parent": "rhine_conf" }, "geometry": { "type": "MultiPolygon", "coordinates": [ [ [ [ 10.682631190204948, 50.379670424224663 ], [ 10.837787899505965, 50.421045546704931 ], [ 11.217059855575121, 50.293472252390764 ], [ 11.254987051182034, 50.393462131718074 ], [ 11.220507782448475, 50.517587499158886 ], [ 11.399799979862985, 50.531379206652311 ], [ 11.441175102343257, 50.400357985464787 ], [ 11.958455507902432, 50.40837173406458 ], [ 12.076, 50.315 ], [ 12.247, 50.045 ], [ 12.468, 49.97 ], [ 12.524, 49.905 ], [ 12.384, 49.743 ], [ 12.623, 49.51 ], [ 12.644, 49.429 ], [ 12.798, 49.328 ], [ 13.0, 49.295 ], [ 13.179, 49.118 ], [ 13.3, 49.094 ], [ 13.482, 48.938 ], [ 13.609, 48.946 ], [ 13.816, 48.766 ], [ 13.802, 48.612 ], [ 13.717, 48.522 ], [ 13.506092643389021, 48.302048857036837 ], [ 13.513456523693094, 48.165817071411475 ], [ 13.351451157003476, 48.014857525177966 ], [ 13.233629072138299, 47.985402003961674 ], [ 13.233629072138299, 47.860216038792423 ], [ 13.447181600956432, 47.801304996359832 ], [ 13.51713846384513, 47.74975783423131 ], [ 13.461909361564576, 47.609844108453927 ], [ 13.601823087341973, 47.28951531522673 ], [ 13.682825770686783, 47.256377853858396 ], [ 13.763828454031593, 47.300561135682841 ], [ 13.911106060113063, 47.164329350057479 ], [ 13.863240838136587, 47.01336980382397 ], [ 13.782238154791779, 46.954458761391379 ], [ 13.583413386581785, 47.07964472656063 ], [ 13.318313695635137, 47.112782187928957 ], [ 13.067941765296636, 47.01336980382397 ], [ 12.898572518302945, 47.0870086068647 ], [ 12.758658792525546, 47.116464128080999 ], [ 12.607699246292038, 47.112782187928957 ], [ 12.460421640210567, 47.182739050817659 ], [ 12.232141350784286, 47.094372487168776 ], [ 12.165866428047625, 47.142237709145256 ], [ 12.088545684854852, 47.083326666712665 ], [ 11.970723599989675, 46.844000556830274 ], [ 12.072688925779023, 46.669405630335682 ], [ 12.002325877419157, 46.537474914660933 ], [ 11.852804399654444, 46.524281843093462 ], [ 11.30797437262305, 46.550365829705299 ], [ 10.983963639243813, 46.450953445600305 ], [ 10.623347852786043, 46.447925230306588 ], [ 10.426, 46.535 ], [ 10.467, 46.604 ], [ 10.369, 46.672 ], [ 10.454, 46.864 ], [ 10.368, 46.996 ], [ 10.111, 46.847 ], [ 9.862, 46.94 ], [ 9.858, 47.015 ], [ 9.581, 47.057 ], [ 9.477, 47.064 ], [ 9.521, 47.263 ], [ 9.65, 47.41 ], [ 9.547, 47.535 ], [ 9.704, 47.531 ], [ 9.753, 47.582 ], [ 9.975806181166973, 47.783381488587644 ], [ 9.975806181166973, 48.079903199696261 ], [ 9.913743497446566, 48.210924420883785 ], [ 9.89305593620643, 48.335049788324596 ], [ 9.948222766180125, 48.44538344827199 ], [ 10.086139841114363, 48.507446131992396 ], [ 10.113723256101212, 48.686738329406907 ], [ 10.189577647315042, 48.810863696847726 ], [ 10.210265208555178, 48.948780771781962 ], [ 10.037868864887381, 49.003947601755655 ], [ 9.962014473673548, 49.383219557824809 ], [ 10.030973011140668, 49.493553217772202 ], [ 9.994159444794363, 49.574654914870344 ], [ 10.130391230419724, 49.721932520951817 ], [ 10.321852118325637, 49.780843563384408 ], [ 10.402854801670447, 49.836072665664958 ], [ 10.454401963798961, 49.928121169465875 ], [ 10.612725390336543, 50.045943254331057 ], [ 10.631135091096727, 50.15271951874012 ], [ 10.686079117078304, 50.238305422417064 ], [ 10.73090216643193, 50.290024325517408 ], [ 10.682631190204948, 50.379670424224663 ] ] ] ] } },
{ "type": "Feature", "properties": { "id": "maldives1573", "colorId": "maldives", "name": "Мальдивы", "parent": null }, "geometry": { "type": "MultiPolygon", "coordinates": [ [ [ [ 73.546, 4.243 ], [ 73.511, 4.162 ], [ 73.432, 4.19 ], [ 73.512, 4.186 ], [ 73.546, 4.243 ] ] ] ] } },
{ "type": "Feature", "properties": { "id": "sp_marshall_is1589", "colorId": "spain", "name": null, "parent": "spain" }, "geometry": { "type": "MultiPolygon", "coordinates": [ [ [ [ 171.394, 7.11 ], [ 171.263, 7.068 ], [ 171.202, 7.072 ], [ 171.394, 7.11 ] ] ] ] } },
{ "type": "Feature", "properties": { "id": "ott_wallachia1517", "colorId": "turkey", "name": null, "parent": "ottoman" }, "geometry": { "type": "MultiPolygon", "coordinates": [ [ [ [ 23.153848740239006, 45.234401193489731 ], [ 23.475624334269753, 45.288030459161526 ], [ 23.747895990757311, 45.407664974890906 ], [ 24.176930116131643, 45.407664974890906 ], [ 24.704972116592359, 45.523174162491685 ], [ 24.944241148051123, 45.465419568691296 ], [ 25.200011492024284, 45.34991038109051 ], [ 25.398027242197053, 45.424166287405299 ], [ 25.612544304884221, 45.391163662376506 ], [ 26.091082367801746, 45.481920881205696 ], [ 26.330351399260508, 45.622182037578071 ], [ 26.43760993060409, 45.811947131493639 ], [ 26.437609930604093, 45.997586897280598 ], [ 26.264036241859433, 46.449521104211129 ], [ 26.096924002004751, 46.647417177723248 ], [ 26.101321692527243, 46.81452941757793 ], [ 25.881437166402662, 46.920073990117729 ], [ 25.784687974907847, 47.052004705792477 ], [ 25.626371116098149, 47.175140040422242 ], [ 25.278392726467661, 47.321817226560988 ], [ 25.474345812576136, 47.443514406354673 ], [ 25.748680133127987, 47.346569195332584 ], [ 26.114514764094725, 47.498370293825374 ], [ 26.227218196045513, 47.552835601762553 ], [ 26.453271061105333, 47.648114157963789 ], [ 26.239594180431325, 47.771477992578326 ], [ 26.053954414644352, 48.175760149181066 ], [ 26.152962289730738, 48.316021305553448 ], [ 26.268658982177982, 48.310792227360551 ], [ 26.313119659674019, 48.26633154986451 ], [ 26.618, 48.259 ], [ 26.805, 48.258 ], [ 26.998, 48.167 ], [ 27.17, 47.974 ], [ 27.304, 47.667 ], [ 27.563, 47.468 ], [ 27.572, 47.375 ], [ 27.723, 47.283 ], [ 27.807, 47.145 ], [ 28.028, 47.033 ], [ 28.234, 46.662 ], [ 28.246, 46.428 ], [ 28.086, 46.001 ], [ 28.168, 45.632 ], [ 28.062, 45.594 ], [ 28.199, 45.462 ], [ 28.33, 45.323 ], [ 28.577, 45.248 ], [ 28.779, 45.231 ], [ 28.79, 45.321 ], [ 28.966, 45.32 ], [ 29.322, 45.444 ], [ 29.57, 45.395 ], [ 29.65, 45.346 ], [ 29.659, 45.216 ], [ 29.618, 44.861 ], [ 29.562, 44.82 ], [ 29.156, 44.784 ], [ 29.001, 44.689 ], [ 28.975, 44.745 ], [ 29.098, 44.775 ], [ 29.052, 44.945 ], [ 28.973, 45.011 ], [ 28.864, 44.892 ], [ 28.946, 44.765 ], [ 28.789, 44.706 ], [ 28.784, 44.649 ], [ 28.924, 44.682 ], [ 28.733, 44.568 ], [ 28.746, 44.486 ], [ 28.91, 44.584 ], [ 28.844, 44.494 ], [ 28.641, 44.329 ], [ 28.631, 44.154 ], [ 28.671, 44.003 ], [ 28.578, 43.741 ], [ 28.150729565853133, 43.783273199022076 ], [ 27.956131760232875, 43.895414307345611 ], [ 27.929745617097925, 44.002058302516041 ], [ 27.725253007802067, 43.954783129399253 ], [ 27.662585917856557, 44.020198775921315 ], [ 27.430607742795122, 44.020748487236631 ], [ 27.232711669282995, 44.148281512388891 ], [ 26.898487189573625, 44.152679202911379 ], [ 26.810533379123793, 44.086713845074009 ], [ 26.634625758224125, 44.086713845074009 ], [ 26.151, 44.012 ], [ 25.934, 43.87 ], [ 25.781, 43.732 ], [ 25.557, 43.67 ], [ 25.36, 43.654 ], [ 25.252, 43.705 ], [ 24.964, 43.75 ], [ 24.706, 43.744 ], [ 24.5, 43.799 ], [ 24.159, 43.753 ], [ 23.325, 43.887 ], [ 22.92, 43.834 ], [ 22.851, 43.897 ], [ 22.886, 43.995 ], [ 23.023, 44.032 ], [ 23.031, 44.093 ], [ 22.692, 44.228 ], [ 22.682, 44.305 ], [ 22.505, 44.404 ], [ 22.484, 44.5 ], [ 22.621, 44.569 ], [ 22.765, 44.583 ], [ 22.426, 44.734 ], [ 22.473592494237113, 44.944861572204836 ], [ 22.547303617454229, 45.031735395996435 ], [ 22.625806739778284, 45.110641349631756 ], [ 22.898078396265845, 45.110641349631756 ], [ 22.988835615095027, 45.180771927817943 ], [ 23.153848740239006, 45.234401193489731 ] ] ] ] } },
{ "type": "Feature", "properties": { "id": "rozwi", "colorId": "rozwi", "name": "Розви", "parent": null }, "geometry": { "type": "MultiPolygon", "coordinates": [ [ [ [ 28.206294501758119, -21.103989455915162 ], [ 28.597374711903182, -21.031948364572649 ], [ 29.106808143539514, -21.140010001586418 ], [ 29.297202456373292, -21.042239949050153 ], [ 29.580221029504585, -21.001073611140146 ], [ 29.873531187113386, -20.754075583680105 ], [ 30.012467577559654, -20.507077556220068 ], [ 30.187424513677183, -20.296100074431283 ], [ 30.321215111884705, -19.971915163389983 ], [ 30.11023763009592, -19.493356485186158 ], [ 29.955863862933395, -19.292670587874877 ], [ 29.575075237265835, -19.133151028473602 ], [ 29.15826606592702, -19.035380975937336 ], [ 28.767185855781957, -18.855278247581058 ], [ 28.15998237160936, -18.67002972698603 ], [ 27.681423693405534, -18.819257701909802 ], [ 27.367530366841734, -19.019943599221083 ], [ 27.099949170426694, -19.385294848172393 ], [ 26.914700649831662, -19.971915163389983 ], [ 27.002179117890428, -20.512223348458821 ], [ 27.244031353111716, -20.815825090545118 ], [ 27.758610576986801, -20.965053065468886 ], [ 28.206294501758119, -21.103989455915162 ] ] ] ] } },
{ "type": "Feature", "properties": { "id": "br_bahamas1718", "colorId": "britain", "name": null, "parent": "britain" }, "geometry": { "type": "MultiPolygon", "coordinates": [ [ [ [ -75.094, 23.305 ], [ -75.077, 23.172 ], [ -74.946, 23.094 ], [ -74.859, 22.98 ], [ -74.84, 22.86 ], [ -74.991, 23.079 ], [ -75.132, 23.186 ], [ -75.12, 23.332 ], [ -75.25, 23.49 ], [ -75.312, 23.672 ], [ -75.195, 23.514 ], [ -75.094, 23.305 ] ] ], [ [ [ -75.988, 23.601 ], [ -75.99, 23.686 ], [ -75.798, 23.539 ], [ -75.675, 23.439 ], [ -75.813, 23.48 ], [ -75.988, 23.601 ] ] ], [ [ [ -77.666, 23.863 ], [ -77.813, 23.877 ], [ -77.86, 24.063 ], [ -77.942, 24.097 ], [ -77.84, 24.207 ], [ -77.675, 24.303 ], [ -77.631, 24.249 ], [ -77.759, 24.141 ], [ -77.71, 24.044 ], [ -77.608, 24.218 ], [ -77.549, 24.126 ], [ -77.525, 23.933 ], [ -77.517, 23.864 ], [ -77.597, 23.731 ], [ -77.675, 23.761 ], [ -77.594, 23.853 ], [ -77.72, 23.785 ], [ -77.666, 23.863 ] ] ], [ [ [ -75.613, 24.562 ], [ -75.476, 24.371 ], [ -75.315, 24.217 ], [ -75.29, 24.145 ], [ -75.521, 24.163 ], [ -75.415, 24.213 ], [ -75.572, 24.489 ], [ -75.757, 24.66 ], [ -75.709, 24.7 ], [ -75.626, 24.645 ], [ -75.613, 24.562 ] ] ], [ [ [ -77.977, 25.138 ], [ -77.987, 25.013 ], [ -77.873, 24.839 ], [ -77.737, 24.7 ], [ -77.728, 24.474 ], [ -77.909, 24.351 ], [ -78.052, 24.289 ], [ -78.134, 24.404 ], [ -78.134, 24.502 ], [ -78.226, 24.465 ], [ -78.352, 24.53 ], [ -78.443, 24.624 ], [ -78.354, 24.659 ], [ -78.319, 24.582 ], [ -78.197, 24.618 ], [ -78.292, 24.775 ], [ -78.208, 24.862 ], [ -78.158, 25.0 ], [ -78.214, 25.185 ], [ -78.045, 25.183 ], [ -77.977, 25.138 ] ] ], [ [ [ -77.48, 24.991 ], [ -77.562, 25.019 ], [ -77.456, 25.077 ], [ -77.264, 25.058 ], [ -77.48, 24.991 ] ] ], [ [ [ -76.461, 25.355 ], [ -76.336, 25.327 ], [ -76.161, 25.166 ], [ -76.113, 25.115 ], [ -76.137, 24.902 ], [ -76.194, 24.658 ], [ -76.317, 24.825 ], [ -76.219, 24.81 ], [ -76.154, 25.005 ], [ -76.165, 25.13 ], [ -76.346, 25.304 ], [ -76.531, 25.37 ], [ -76.591, 25.423 ], [ -76.769, 25.424 ], [ -76.73, 25.564 ], [ -76.461, 25.355 ] ] ], [ [ [ -77.27, 26.625 ], [ -77.059, 26.529 ], [ -77.015, 26.316 ], [ -77.174, 26.221 ], [ -77.191, 25.916 ], [ -77.227, 25.885 ], [ -77.315, 25.991 ], [ -77.388, 26.005 ], [ -77.223, 26.146 ], [ -77.256, 26.204 ], [ -77.23, 26.447 ], [ -77.161, 26.564 ], [ -77.312, 26.595 ], [ -77.37, 26.698 ], [ -77.427, 26.695 ], [ -77.517, 26.852 ], [ -77.812, 26.907 ], [ -77.774, 26.927 ], [ -77.511, 26.87 ], [ -77.328, 26.709 ], [ -77.27, 26.625 ] ] ], [ [ [ -78.714, 26.571 ], [ -78.576, 26.695 ], [ -78.642, 26.715 ], [ -78.594, 26.811 ], [ -78.539, 26.739 ], [ -78.287, 26.685 ], [ -77.972, 26.73 ], [ -77.915, 26.776 ], [ -77.929, 26.639 ], [ -78.041, 26.658 ], [ -78.293, 26.621 ], [ -78.59, 26.536 ], [ -78.727, 26.495 ], [ -78.835, 26.554 ], [ -78.998, 26.701 ], [ -78.714, 26.571 ] ] ], [ [ [ -73.006, 21.291 ], [ -73.034, 21.157 ], [ -73.13, 20.994 ], [ -73.31, 20.938 ], [ -73.347, 20.964 ], [ -73.645, 20.912 ], [ -73.703, 21.02 ], [ -73.647, 21.062 ], [ -73.515, 21.187 ], [ -73.39, 21.233 ], [ -73.255, 21.135 ], [ -73.161, 21.17 ], [ -73.053, 21.329 ], [ -73.006, 21.291 ] ] ], [ [ [ -73.0, 21.452 ], [ -73.076, 21.507 ], [ -72.992, 21.562 ], [ -72.91, 21.505 ], [ -73.0, 21.452 ] ] ], [ [ [ -71.679, 21.842 ], [ -71.645, 21.746 ], [ -71.803, 21.788 ], [ -71.809, 21.84 ], [ -71.679, 21.842 ] ] ], [ [ [ -72.022, 21.905 ], [ -71.911, 21.948 ], [ -71.877, 21.828 ], [ -72.022, 21.905 ] ] ], [ [ [ -72.797, 22.294 ], [ -72.88, 22.358 ], [ -73.139, 22.363 ], [ -73.132, 22.46 ], [ -72.755, 22.35 ], [ -72.797, 22.294 ] ] ], [ [ [ -73.908, 22.479 ], [ -73.913, 22.594 ], [ -73.996, 22.658 ], [ -73.955, 22.72 ], [ -73.852, 22.733 ], [ -73.865, 22.48 ], [ -74.014, 22.33 ], [ -74.184, 22.254 ], [ -74.181, 22.302 ], [ -73.908, 22.479 ] ] ], [ [ [ -74.016, 22.72 ], [ -74.091, 22.658 ], [ -74.287, 22.733 ], [ -74.352, 22.823 ], [ -74.229, 22.816 ], [ -74.194, 22.761 ], [ -74.016, 22.72 ] ] ], [ [ [ -74.9, 23.706 ], [ -74.777, 23.7 ], [ -74.819, 23.651 ], [ -74.942, 23.659 ], [ -74.9, 23.706 ] ] ], [ [ [ -74.469, 24.022 ], [ -74.558, 23.954 ], [ -74.53, 24.1 ], [ -74.458, 24.141 ], [ -74.469, 24.022 ] ] ] ] } },
{ "type": "Feature", "properties": { "id": "rhine_conf", "colorId": "germany", "name": "Рейнский союз", "parent": null }, "geometry": { "type": "MultiPolygon", "coordinates": [ [ [ [ 11.853822000162495, 51.706923012632785 ], [ 11.898005281986936, 51.618556448983902 ], [ 12.071056469132666, 51.497052423966686 ], [ 12.015827366852113, 51.449187201990206 ], [ 11.898005281986936, 51.449187201990206 ], [ 11.770634091188048, 51.539159578530082 ], [ 11.536500544324888, 51.516003513455701 ], [ 11.389845465520489, 51.562315643604457 ], [ 11.302366997461725, 51.554596955246332 ], [ 11.153139022537951, 51.495420344500701 ], [ 11.111972684627945, 51.407941876441932 ], [ 10.810943838661021, 51.317890512263794 ], [ 10.563945811200982, 51.328182096741294 ], [ 10.461029966425967, 51.266432589876288 ], [ 10.522779473290976, 51.232984940324407 ], [ 10.836672799854774, 51.176381225698151 ], [ 10.939588644629792, 51.209828875250025 ], [ 11.31008568581985, 51.235557836443782 ], [ 11.340960439252354, 51.171235433459401 ], [ 11.474751037459876, 51.088902757639389 ], [ 11.90957048163432, 51.042590627490625 ], [ 11.994476053573708, 50.98084112062562 ], [ 12.184870366407488, 51.124923303310645 ], [ 12.253052113570917, 51.124923303310624 ], [ 12.391988504017188, 51.040017731371236 ], [ 12.397134296255938, 50.944820574954342 ], [ 12.235041840735288, 50.888216860328086 ], [ 11.836242942232101, 50.885643964208711 ], [ 11.689587863427702, 50.795592600030574 ], [ 11.568661745817057, 50.738988885404311 ], [ 11.573807538055808, 50.620635663913042 ], [ 11.74104578581521, 50.620635663913042 ], [ 12.134698892079648, 50.723551508688061 ], [ 12.24533342521279, 50.661802001823048 ], [ 12.21703156789966, 50.615489871674292 ], [ 11.959741955962119, 50.564031949286786 ], [ 11.958455507902432, 50.40837173406458 ], [ 11.441175102343257, 50.400357985464787 ], [ 11.399799979862985, 50.531379206652311 ], [ 11.220507782448475, 50.517587499158886 ], [ 11.254987051182034, 50.393462131718074 ], [ 11.217059855575121, 50.293472252390764 ], [ 10.837787899505965, 50.421045546704931 ], [ 10.682631190204948, 50.379670424224663 ], [ 10.73090216643193, 50.290024325517408 ], [ 10.686079117078304, 50.238305422417064 ], [ 10.631135091096727, 50.15271951874012 ], [ 10.612725390336543, 50.045943254331057 ], [ 10.454401963798961, 49.928121169465875 ], [ 10.402854801670447, 49.836072665664958 ], [ 10.321852118325637, 49.780843563384408 ], [ 10.130391230419724, 49.721932520951817 ], [ 9.994159444794363, 49.574654914870344 ], [ 10.030973011140668, 49.493553217772202 ], [ 9.631013493831377, 49.465969802785352 ], [ 9.451721296416867, 49.576303462732746 ], [ 9.100032755334558, 49.679741268933427 ], [ 9.04141799848751, 49.596991023972883 ], [ 8.858677874199644, 49.596991023972883 ], [ 8.541468601850896, 49.503896998392278 ], [ 8.382863965676524, 49.517688705885696 ], [ 8.321920909321225, 49.703027084886756 ], [ 8.417651353274181, 49.747210366711187 ], [ 8.299829268409004, 49.877919242108497 ], [ 8.226190465368269, 50.003105207277748 ], [ 7.944522043737454, 50.003105207277748 ], [ 7.679422352790806, 50.091471770926631 ], [ 7.551084455412362, 50.315747473767054 ], [ 7.471324675711724, 50.405798837945198 ], [ 7.303864457283057, 50.479916456966507 ], [ 6.954080142839562, 50.86283823277833 ], [ 6.865713579190679, 51.069026881292388 ], [ 6.700026272349024, 51.234714188134042 ], [ 6.622705529156251, 51.381991794215516 ], [ 6.701867242425039, 51.464835447636318 ], [ 6.628228439384303, 51.538474250677055 ], [ 6.760778284857627, 51.645250515086119 ], [ 7.14738200082149, 51.674706036302396 ], [ 7.305705427359071, 51.752026779495175 ], [ 7.504530195569058, 51.88825856512053 ], [ 8.124016626149229, 51.935203302059051 ], [ 8.45539123983254, 52.141391950573109 ], [ 8.687353469410857, 52.21871269376588 ], [ 8.922997639141212, 52.406491641519757 ], [ 9.037137783854352, 52.550087307449189 ], [ 9.320647175561184, 52.664227452162329 ], [ 9.791935515021892, 52.988238185541569 ], [ 10.079126846880762, 53.028739527213972 ], [ 10.193266991593902, 53.124469971166924 ], [ 10.366318178739631, 53.176017133295439 ], [ 10.621835973886936, 53.434097570450128 ], [ 10.723465370602236, 53.423805985972542 ], [ 10.862401761048508, 53.323463037316898 ], [ 10.976895638360714, 53.310598556720024 ], [ 11.109399788508547, 53.215401400303129 ], [ 11.202024048806063, 53.19996402358688 ], [ 11.235471698357943, 53.115058451647492 ], [ 11.416860874773933, 53.120204243886292 ], [ 11.748886705829447, 52.969828484781402 ], [ 12.039759977840353, 52.874098040828443 ], [ 12.312223549091076, 52.748912075659192 ], [ 12.34167907030737, 52.656863571858274 ], [ 12.24963056650645, 52.575860888513468 ], [ 11.969803114951654, 52.388081940759591 ], [ 11.664202082332601, 52.229758514222006 ], [ 11.741522825525374, 52.192939112701637 ], [ 11.719431184613153, 52.130346130117005 ], [ 11.579517458835754, 51.983068524035552 ], [ 11.632905591040288, 51.865246439170363 ], [ 11.853822000162495, 51.706923012632785 ] ] ] ] } },
{ "type": "Feature", "properties": { "id": "fr_seychelles1768", "colorId": "france", "name": null, "parent": "france1768" }, "geometry": { "type": "MultiPolygon", "coordinates": [ [ [ [ 46.455, -9.426 ], [ 46.234, -9.452 ], [ 46.495, -9.358 ], [ 46.455, -9.426 ] ] ], [ [ [ 55.402, -4.661 ], [ 55.434, -4.563 ], [ 55.529, -4.68 ], [ 55.504, -4.796 ], [ 55.402, -4.661 ] ] ] ] } },
{ "type": "Feature", "properties": { "id": "piedmont_sardinia1720", "colorId": "savoy", "name": "Сардинское королевство", "parent": null }, "geometry": { "type": "MultiPolygon", "coordinates": [ [ [ [ 8.456, 39.074 ], [ 8.41, 38.962 ], [ 8.36, 39.118 ], [ 8.456, 39.074 ] ] ], [ [ [ 8.306, 39.193 ], [ 8.29, 39.099 ], [ 8.225, 39.157 ], [ 8.306, 39.193 ] ] ], [ [ [ 8.398, 39.905 ], [ 8.407, 40.022 ], [ 8.49, 40.104 ], [ 8.463, 40.315 ], [ 8.312, 40.578 ], [ 8.162, 40.564 ], [ 8.197, 40.691 ], [ 8.134, 40.729 ], [ 8.233, 40.91 ], [ 8.31, 40.851 ], [ 8.521, 40.827 ], [ 8.764, 40.914 ], [ 9.006, 41.122 ], [ 9.093, 41.135 ], [ 9.231, 41.263 ], [ 9.443, 41.133 ], [ 9.566, 41.119 ], [ 9.521, 41.032 ], [ 9.616, 41.02 ], [ 9.557, 40.931 ], [ 9.724, 40.845 ], [ 9.658, 40.8 ], [ 9.792, 40.557 ], [ 9.827, 40.52 ], [ 9.749, 40.377 ], [ 9.626, 40.263 ], [ 9.655, 40.145 ], [ 9.732, 40.084 ], [ 9.649, 39.639 ], [ 9.645, 39.484 ], [ 9.558, 39.14 ], [ 9.443, 39.124 ], [ 9.292, 39.221 ], [ 9.079, 39.212 ], [ 9.018, 39.146 ], [ 9.015, 38.99 ], [ 8.853, 38.878 ], [ 8.717, 38.933 ], [ 8.6, 38.899 ], [ 8.56, 39.057 ], [ 8.442, 39.118 ], [ 8.372, 39.231 ], [ 8.426, 39.283 ], [ 8.374, 39.379 ], [ 8.463, 39.577 ], [ 8.446, 39.763 ], [ 8.5, 39.716 ], [ 8.545, 39.879 ], [ 8.398, 39.905 ] ] ] ] } },
{ "type": "Feature", "properties": { "id": "rajput", "colorId": "rajput", "name": "Раджпуты", "parent": null }, "geometry": { "type": "MultiPolygon", "coordinates": [ [ [ [ 74.193363104657337, 30.468641687609928 ], [ 74.6048345144184, 29.75326269724804 ], [ 75.095759868023308, 29.18378928706635 ], [ 75.121942553548905, 28.993964817005786 ], [ 75.913968790698164, 28.470311106493888 ], [ 76.431076829828655, 27.887746353549399 ], [ 76.542353243312434, 27.645556512437647 ], [ 76.84345412685677, 27.239724886790928 ], [ 77.223103066977899, 26.899349974958191 ], [ 77.645298871078126, 26.807710575618611 ], [ 77.767218379196947, 26.825886416388009 ], [ 77.546120064507633, 26.406963293818773 ], [ 77.103923435128991, 26.284777383069411 ], [ 76.824641353416169, 26.086952575189496 ], [ 77.051558044807848, 25.708758089536712 ], [ 77.051558044807848, 25.423657631121539 ], [ 76.749002456285623, 25.167649056218117 ], [ 75.771515170290741, 24.888366974505292 ], [ 74.49729067247597, 24.376349824698448 ], [ 73.525621763183437, 24.545082749066612 ], [ 71.855747649608844, 24.411260084912552 ], [ 71.495008294063112, 24.49853573544781 ], [ 71.337912123099642, 24.399623331507851 ], [ 70.692072309138737, 24.271619044056138 ], [ 70.198365167395579, 24.391095918841152 ], [ 70.216754110720146, 25.200209425122019 ], [ 70.10642045077276, 25.494432518315062 ], [ 70.10642045077276, 25.779461139845822 ], [ 69.986892319163076, 26.413879684543318 ], [ 69.848975244228839, 26.662130419424944 ], [ 69.697266461801192, 26.846019852670594 ], [ 69.807600121748578, 27.002325870929397 ], [ 69.853572480059995, 27.301146199953582 ], [ 70.005281262487657, 27.466646689874668 ], [ 70.179976224071027, 27.595369293146625 ], [ 70.465004845601783, 27.69191124560059 ], [ 70.869561598742209, 27.779258726392275 ], [ 71.439618841803721, 28.036703932936184 ], [ 71.908536896580131, 28.211398894519554 ], [ 72.069440150670076, 28.28955190364896 ], [ 72.331482593045138, 28.671122477633688 ], [ 72.588927799589044, 29.222790777370637 ], [ 72.896942600275494, 29.56298622887509 ], [ 73.131401627663706, 29.92157062370411 ], [ 73.259699045540998, 30.098546862616807 ], [ 73.59025545030164, 30.255642975770378 ], [ 74.193363104657337, 30.468641687609928 ] ] ] ] } },
{ "type": "Feature", "properties": { "id": "papuan", "colorId": null, "name": "папуа", "parent": null }, "geometry": { "type": "MultiPolygon", "coordinates": [ [ [ [ 143.475, -8.525 ], [ 143.608, -8.638 ], [ 143.653, -8.706 ], [ 143.412, -8.596 ], [ 143.271, -8.469 ], [ 143.475, -8.525 ] ] ], [ [ [ 143.53, -8.486 ], [ 143.379, -8.426 ], [ 143.317, -8.372 ], [ 143.574, -8.374 ], [ 143.612, -8.462 ], [ 143.53, -8.486 ] ] ], [ [ [ 138.564, -8.307 ], [ 138.689, -8.181 ], [ 138.831, -8.186 ], [ 138.897, -8.337 ], [ 138.894, -8.405 ], [ 138.558, -8.367 ], [ 138.564, -8.307 ] ] ], [ [ [ 138.661, -8.169 ], [ 138.603, -8.255 ], [ 138.444, -8.379 ], [ 138.293, -8.419 ], [ 138.178, -8.385 ], [ 137.849, -8.378 ], [ 137.638, -8.426 ], [ 137.759, -8.073 ], [ 137.801, -8.042 ], [ 137.895, -7.816 ], [ 138.028, -7.61 ], [ 138.244, -7.456 ], [ 138.395, -7.405 ], [ 138.621, -7.365 ], [ 138.805, -7.374 ], [ 138.939, -7.542 ], [ 139.076, -7.576 ], [ 138.989, -7.738 ], [ 138.983, -7.83 ], [ 138.884, -7.933 ], [ 138.904, -8.076 ], [ 138.661, -8.169 ] ] ], [ [ [ 132.553, -3.107 ], [ 132.326, -2.947 ], [ 132.188, -2.917 ], [ 132.075, -2.958 ], [ 131.978, -2.915 ], [ 132.044, -2.803 ], [ 131.966, -2.793 ], [ 132.202, -2.676 ], [ 132.586, -2.717 ], [ 132.737, -2.81 ], [ 132.835, -2.736 ], [ 133.034, -2.479 ], [ 133.173, -2.422 ], [ 133.312, -2.443 ], [ 133.411, -2.567 ], [ 133.438, -2.503 ], [ 133.519, -2.59 ], [ 133.607, -2.532 ], [ 133.667, -2.563 ], [ 133.682, -2.717 ], [ 133.713, -2.512 ], [ 133.817, -2.649 ], [ 133.82, -2.477 ], [ 133.747, -2.438 ], [ 133.987, -2.406 ], [ 133.895, -2.363 ], [ 133.95, -2.293 ], [ 133.792, -2.26 ], [ 133.95, -2.169 ], [ 133.94, -2.108 ], [ 133.71, -2.176 ], [ 133.646, -2.236 ], [ 133.446, -2.238 ], [ 133.296, -2.204 ], [ 132.944, -2.283 ], [ 132.816, -2.245 ], [ 132.699, -2.305 ], [ 132.56, -2.186 ], [ 132.348, -2.27 ], [ 132.215, -2.166 ], [ 132.073, -2.105 ], [ 131.973, -1.965 ], [ 131.928, -1.806 ], [ 132.018, -1.683 ], [ 131.917, -1.707 ], [ 131.897, -1.601 ], [ 131.964, -1.539 ], [ 131.805, -1.608 ], [ 131.811, -1.52 ], [ 131.723, -1.572 ], [ 131.704, -1.511 ], [ 131.573, -1.48 ], [ 131.428, -1.498 ], [ 131.373, -1.395 ], [ 131.275, -1.392 ], [ 131.324, -1.469 ], [ 131.206, -1.524 ], [ 131.126, -1.453 ], [ 130.96, -1.446 ], [ 131.03, -1.276 ], [ 131.182, -1.217 ], [ 131.254, -1.08 ], [ 131.243, -0.819 ], [ 131.545, -0.737 ], [ 131.517, -0.785 ], [ 131.884, -0.682 ], [ 132.1, -0.47 ], [ 132.27, -0.385 ], [ 132.437, -0.347 ], [ 132.709, -0.36 ], [ 132.905, -0.453 ], [ 132.975, -0.445 ], [ 133.155, -0.532 ], [ 133.392, -0.723 ], [ 133.745, -0.751 ], [ 133.977, -0.723 ], [ 134.172, -0.864 ], [ 134.036, -0.958 ], [ 134.127, -1.148 ], [ 134.204, -1.213 ], [ 134.282, -1.35 ], [ 134.207, -1.574 ], [ 134.087, -1.683 ], [ 134.156, -2.039 ], [ 134.152, -2.175 ], [ 134.193, -2.379 ], [ 134.33, -2.522 ], [ 134.484, -2.539 ], [ 134.556, -2.465 ], [ 134.658, -2.563 ], [ 134.667, -2.826 ], [ 134.701, -2.959 ], [ 134.772, -2.978 ], [ 134.851, -2.9 ], [ 134.819, -3.136 ], [ 134.881, -3.243 ], [ 134.964, -3.238 ], [ 134.985, -3.33 ], [ 135.322, -3.386 ], [ 135.47, -3.363 ], [ 135.639, -3.178 ], [ 135.767, -3.109 ], [ 135.746, -3.077 ], [ 135.91, -2.986 ], [ 135.965, -2.776 ], [ 136.072, -2.673 ], [ 136.266, -2.56 ], [ 136.404, -2.22 ], [ 136.759, -2.249 ], [ 137.024, -2.118 ], [ 137.226, -2.074 ], [ 137.205, -1.95 ], [ 137.102, -1.888 ], [ 137.143, -1.787 ], [ 137.349, -1.71 ], [ 137.532, -1.598 ], [ 137.794, -1.484 ], [ 137.925, -1.484 ], [ 138.075, -1.61 ], [ 138.665, -1.789 ], [ 138.803, -1.921 ], [ 139.865, -2.372 ], [ 140.166, -2.325 ], [ 140.21, -2.402 ], [ 140.332, -2.456 ], [ 140.389, -2.397 ], [ 140.608, -2.439 ], [ 140.745, -2.499 ], [ 140.699, -2.608 ], [ 140.974, -2.601 ], [ 141.043, -2.59 ], [ 141.276, -2.642 ], [ 141.296, -2.676 ], [ 141.801, -2.9 ], [ 141.906, -2.967 ], [ 142.0, -2.956 ], [ 142.063, -3.06 ], [ 143.029, -3.356 ], [ 143.125, -3.348 ], [ 143.478, -3.421 ], [ 143.619, -3.545 ], [ 143.818, -3.622 ], [ 143.996, -3.793 ], [ 144.167, -3.801 ], [ 144.25, -3.868 ], [ 144.276, -3.807 ], [ 144.513, -3.818 ], [ 144.551, -3.968 ], [ 144.868, -4.099 ], [ 144.877, -4.172 ], [ 144.996, -4.239 ], [ 145.051, -4.342 ], [ 145.181, -4.39 ], [ 145.346, -4.39 ], [ 145.69, -4.768 ], [ 145.812, -4.861 ], [ 145.785, -4.969 ], [ 145.811, -5.067 ], [ 145.727, -5.422 ], [ 145.76, -5.477 ], [ 145.969, -5.465 ], [ 146.173, -5.549 ], [ 146.461, -5.599 ], [ 146.798, -5.834 ], [ 146.933, -5.842 ], [ 147.042, -5.939 ], [ 147.244, -5.966 ], [ 147.289, -5.931 ], [ 147.449, -5.962 ], [ 147.622, -6.107 ], [ 147.726, -6.272 ], [ 147.827, -6.335 ], [ 147.868, -6.476 ], [ 147.854, -6.691 ], [ 147.6, -6.727 ], [ 147.195, -6.739 ], [ 147.132, -6.711 ], [ 146.977, -6.74 ], [ 146.942, -6.836 ], [ 146.956, -6.955 ], [ 147.058, -7.055 ], [ 147.069, -7.146 ], [ 147.141, -7.213 ], [ 147.188, -7.463 ], [ 147.355, -7.515 ], [ 147.581, -7.704 ], [ 147.607, -7.817 ], [ 147.683, -7.811 ], [ 147.727, -7.932 ], [ 147.876, -7.937 ], [ 147.999, -8.055 ], [ 148.114, -8.055 ], [ 148.211, -8.306 ], [ 148.238, -8.569 ], [ 148.437, -8.666 ], [ 148.487, -8.747 ], [ 148.496, -8.883 ], [ 148.559, -9.032 ], [ 148.621, -9.084 ], [ 148.758, -9.104 ], [ 148.892, -9.051 ], [ 149.069, -9.035 ], [ 149.142, -8.975 ], [ 149.318, -9.023 ], [ 149.337, -9.125 ], [ 149.248, -9.212 ], [ 149.183, -9.368 ], [ 149.227, -9.487 ], [ 149.451, -9.577 ], [ 149.62, -9.621 ], [ 149.731, -9.598 ], [ 150.012, -9.642 ], [ 150.056, -9.715 ], [ 149.731, -9.809 ], [ 149.725, -9.848 ], [ 149.939, -10.062 ], [ 150.188, -10.091 ], [ 150.301, -10.179 ], [ 150.602, -10.207 ], [ 150.627, -10.278 ], [ 150.874, -10.225 ], [ 150.689, -10.325 ], [ 150.598, -10.344 ], [ 150.4, -10.3 ], [ 150.347, -10.365 ], [ 150.647, -10.477 ], [ 150.693, -10.557 ], [ 150.487, -10.622 ], [ 150.43, -10.688 ], [ 150.319, -10.662 ], [ 150.211, -10.701 ], [ 149.896, -10.544 ], [ 150.082, -10.461 ], [ 149.962, -10.428 ], [ 149.912, -10.475 ], [ 149.872, -10.396 ], [ 149.748, -10.338 ], [ 149.461, -10.352 ], [ 149.368, -10.276 ], [ 149.327, -10.31 ], [ 149.067, -10.235 ], [ 148.978, -10.276 ], [ 148.738, -10.23 ], [ 148.745, -10.136 ], [ 148.683, -10.105 ], [ 148.639, -10.188 ], [ 148.402, -10.2 ], [ 148.155, -10.071 ], [ 147.977, -10.166 ], [ 147.913, -10.089 ], [ 147.762, -10.06 ], [ 147.621, -9.989 ], [ 147.518, -9.879 ], [ 147.491, -9.768 ], [ 147.345, -9.58 ], [ 147.053, -9.46 ], [ 146.983, -9.301 ], [ 146.916, -9.26 ], [ 146.909, -9.104 ], [ 146.627, -9.023 ], [ 146.558, -8.941 ], [ 146.566, -8.818 ], [ 146.435, -8.611 ], [ 146.277, -8.435 ], [ 146.222, -8.26 ], [ 146.117, -8.2 ], [ 146.079, -8.087 ], [ 145.798, -8.007 ], [ 145.772, -7.927 ], [ 145.408, -7.932 ], [ 145.322, -7.862 ], [ 144.996, -7.817 ], [ 144.88, -7.782 ], [ 144.852, -7.569 ], [ 144.825, -7.683 ], [ 144.771, -7.681 ], [ 144.654, -7.561 ], [ 144.661, -7.634 ], [ 144.585, -7.652 ], [ 144.517, -7.508 ], [ 144.514, -7.672 ], [ 144.407, -7.514 ], [ 144.441, -7.686 ], [ 144.508, -7.798 ], [ 144.344, -7.659 ], [ 144.229, -7.666 ], [ 144.276, -7.768 ], [ 144.215, -7.796 ], [ 143.924, -7.694 ], [ 143.828, -7.632 ], [ 143.766, -7.506 ], [ 143.76, -7.583 ], [ 143.856, -7.808 ], [ 143.957, -7.972 ], [ 143.804, -7.933 ], [ 143.914, -8.008 ], [ 143.767, -8.04 ], [ 143.651, -7.981 ], [ 143.448, -7.982 ], [ 143.548, -8.032 ], [ 143.628, -8.186 ], [ 143.592, -8.242 ], [ 143.338, -8.248 ], [ 142.98, -8.336 ], [ 142.715, -8.268 ], [ 142.632, -8.309 ], [ 142.769, -8.33 ], [ 142.9, -8.413 ], [ 143.132, -8.486 ], [ 143.262, -8.592 ], [ 143.4, -8.782 ], [ 143.406, -8.962 ], [ 143.315, -9.024 ], [ 143.173, -9.043 ], [ 142.653, -9.33 ], [ 142.577, -9.324 ], [ 142.465, -9.24 ], [ 142.223, -9.161 ], [ 141.868, -9.22 ], [ 141.783, -9.2 ], [ 141.635, -9.232 ], [ 141.51, -9.215 ], [ 141.422, -9.15 ], [ 141.31, -9.152 ], [ 141.232, -9.213 ], [ 141.115, -9.218 ], [ 140.977, -9.106 ], [ 140.857, -9.049 ], [ 140.622, -8.807 ], [ 140.507, -8.638 ], [ 140.252, -8.409 ], [ 140.032, -8.246 ], [ 139.971, -8.142 ], [ 139.631, -8.125 ], [ 139.515, -8.179 ], [ 139.357, -8.199 ], [ 139.283, -8.173 ], [ 139.224, -8.074 ], [ 139.09, -8.134 ], [ 138.914, -8.292 ], [ 138.839, -8.138 ], [ 138.921, -8.08 ], [ 138.911, -7.923 ], [ 138.994, -7.865 ], [ 139.007, -7.754 ], [ 139.093, -7.56 ], [ 138.958, -7.507 ], [ 138.886, -7.361 ], [ 138.688, -7.193 ], [ 138.762, -7.114 ], [ 138.572, -6.942 ], [ 138.581, -6.891 ], [ 138.673, -6.695 ], [ 138.709, -6.63 ], [ 138.466, -6.402 ], [ 138.39, -6.234 ], [ 138.365, -6.092 ], [ 138.158, -5.774 ], [ 138.071, -5.729 ], [ 138.075, -5.42 ], [ 137.987, -5.47 ], [ 137.925, -5.329 ], [ 137.822, -5.363 ], [ 137.706, -5.222 ], [ 137.58, -5.182 ], [ 137.465, -5.096 ], [ 137.404, -5.098 ], [ 136.822, -4.928 ], [ 136.355, -4.677 ], [ 136.036, -4.586 ], [ 135.97, -4.52 ], [ 135.725, -4.495 ], [ 135.43, -4.43 ], [ 135.228, -4.461 ], [ 134.823, -4.259 ], [ 134.658, -4.133 ], [ 134.525, -4.026 ], [ 134.43, -3.908 ], [ 134.334, -3.869 ], [ 134.315, -4.02 ], [ 134.144, -3.875 ], [ 134.193, -3.836 ], [ 134.127, -3.745 ], [ 134.092, -3.824 ], [ 133.959, -3.838 ], [ 133.844, -3.638 ], [ 133.829, -3.722 ], [ 133.708, -3.61 ], [ 133.409, -3.722 ], [ 133.456, -3.847 ], [ 133.269, -4.052 ], [ 133.079, -4.061 ], [ 132.969, -4.112 ], [ 132.796, -3.941 ], [ 132.826, -3.938 ], [ 132.731, -3.682 ], [ 132.756, -3.628 ], [ 132.881, -3.643 ], [ 132.932, -3.554 ], [ 132.832, -3.461 ], [ 132.812, -3.282 ], [ 132.692, -3.338 ], [ 132.602, -3.232 ], [ 132.553, -3.107 ] ] ], [ [ [ 134.521, -2.407 ], [ 134.581, -2.308 ], [ 134.581, -2.416 ], [ 134.521, -2.407 ] ] ], [ [ [ 131.035, -0.915 ], [ 131.057, -1.001 ], [ 131.073, -1.078 ], [ 130.983, -1.349 ], [ 130.853, -1.331 ], [ 130.77, -1.248 ], [ 130.649, -0.988 ], [ 130.892, -0.89 ], [ 131.035, -0.915 ] ] ], [ [ [ 130.618, -0.908 ], [ 130.441, -0.893 ], [ 130.448, -0.819 ], [ 130.733, -0.826 ], [ 130.801, -0.77 ], [ 130.917, -0.778 ], [ 130.819, -0.87 ], [ 130.618, -0.908 ] ] ] ] } },
{ "type": "Feature", "properties": { "id": "koital_modena", "colorId": "italy", "name": null, "parent": "kingdom_of_italy" }, "geometry": { "type": "MultiPolygon", "coordinates": [ [ [ [ 11.169862847313912, 44.907519830840016 ], [ 11.319090822237683, 44.948686168750022 ], [ 10.993066425589705, 44.731930740994713 ], [ 10.931316918535043, 44.643165824603635 ], [ 10.931316918535043, 44.500370089539729 ], [ 10.850270690525797, 44.349855666093987 ], [ 10.852200362621256, 44.268809438084752 ], [ 10.803958560234793, 44.215743455459645 ], [ 10.705461771518268, 44.214642549203646 ], [ 10.70353209942281, 44.093073207189775 ], [ 10.390925219958579, 44.150963370053525 ], [ 10.352331778049415, 44.108510583953439 ], [ 10.200174246850157, 44.157853689153654 ], [ 10.093839229106173, 44.153029112357224 ], [ 10.003144640619636, 44.151099440261738 ], [ 9.736849891446402, 44.220567635698231 ], [ 9.65194431924624, 44.374941403334887 ], [ 9.914880853919509, 44.360173996212104 ], [ 10.093839229106173, 44.27459845437108 ], [ 10.228916275788247, 44.394238124289487 ], [ 10.267509717697411, 44.459846975535065 ], [ 10.398727420188571, 44.602642710598978 ], [ 10.394868075997655, 44.865078115581291 ], [ 10.434014557172546, 44.928102999795023 ], [ 10.521493025231308, 44.87664507740751 ], [ 10.727324714781341, 44.917811415317516 ], [ 10.881698481943866, 44.88179086964626 ], [ 11.046363833583891, 44.948686168750022 ], [ 11.169862847313912, 44.907519830840016 ] ] ] ] } },
{ "type": "Feature", "properties": { "id": "luba", "colorId": "yeke", "name": "Луба", "parent": null }, "geometry": { "type": "MultiPolygon", "coordinates": [ [ [ [ 29.349419913983063, -8.53151030403447 ], [ 29.703468805044409, -7.534383099013068 ], [ 29.662093682564137, -7.120631874210353 ], [ 29.275925872748267, -6.444838207032583 ], [ 28.918023329720931, -6.140650395123926 ], [ 28.426579266139221, -5.910884339423387 ], [ 27.762810660782112, -6.019384976837531 ], [ 26.537391697045909, -6.587417725652751 ], [ 26.10338914738934, -6.900154857022928 ], [ 25.375796637670966, -7.429893263221391 ], [ 24.999235601939532, -8.240456848609396 ], [ 25.256074545232707, -8.831161277161222 ], [ 26.019336457914058, -9.164735001962701 ], [ 27.738089209433547, -9.390886679794214 ], [ 28.704887632163256, -9.283464632824245 ], [ 29.083691692531037, -9.046005371101158 ], [ 29.349419913983063, -8.53151030403447 ] ] ] ] } },
{ "type": "Feature", "properties": { "id": "joseon", "colorId": "korea", "name": "Чосон", "parent": null }, "geometry": { "type": "MultiPolygon", "coordinates": [ [ [ [ 126.946, 33.478 ], [ 126.841, 33.31 ], [ 126.286, 33.2 ], [ 126.171, 33.269 ], [ 126.206, 33.376 ], [ 126.311, 33.464 ], [ 126.485, 33.521 ], [ 126.792, 33.564 ], [ 126.946, 33.478 ] ] ], [ [ [ 126.764, 34.309 ], [ 126.689, 34.301 ], [ 126.654, 34.395 ], [ 126.764, 34.309 ] ] ], [ [ [ 126.336, 34.403 ], [ 126.21, 34.359 ], [ 126.103, 34.403 ], [ 126.264, 34.576 ], [ 126.38, 34.498 ], [ 126.336, 34.403 ] ] ], [ [ [ 128.07, 34.815 ], [ 128.06, 34.708 ], [ 127.954, 34.76 ], [ 127.868, 34.722 ], [ 127.829, 34.869 ], [ 127.902, 34.94 ], [ 127.962, 34.807 ], [ 128.07, 34.815 ] ] ], [ [ [ 128.749, 34.869 ], [ 128.678, 34.725 ], [ 128.529, 34.808 ], [ 128.536, 34.904 ], [ 128.646, 34.891 ], [ 128.624, 34.954 ], [ 128.725, 35.009 ], [ 128.749, 34.869 ] ] ], [ [ [ 126.364, 36.411 ], [ 126.315, 36.582 ], [ 126.36, 36.609 ], [ 126.405, 36.459 ], [ 126.364, 36.411 ] ] ], [ [ [ 126.443, 37.421 ], [ 126.356, 37.466 ], [ 126.563, 37.514 ], [ 126.443, 37.421 ] ] ], [ [ [ 130.811, 37.487 ], [ 130.904, 37.546 ], [ 130.897, 37.463 ], [ 130.811, 37.487 ] ] ], [ [ [ 126.37, 37.785 ], [ 126.425, 37.824 ], [ 126.521, 37.751 ], [ 126.508, 37.597 ], [ 126.41, 37.602 ], [ 126.37, 37.785 ] ] ], [ [ [ 124.058172514233092, 40.021147002931485 ], [ 124.265048126634454, 40.296981152799958 ], [ 124.471923739035816, 40.462481642721045 ], [ 125.349995782783793, 40.848649452536918 ], [ 125.929247497507603, 41.239414498183926 ], [ 126.085553515766406, 41.469276289740989 ], [ 126.471721325582266, 41.643971251324359 ], [ 126.724569296295044, 41.648568487155501 ], [ 126.931444908696406, 41.570415478026099 ], [ 127.225668001889446, 41.432498403091856 ], [ 127.662405405847863, 41.427901167260714 ], [ 127.76124597621741, 41.510651412221272 ], [ 127.676197113341303, 41.634776779662083 ], [ 127.719870853737149, 41.793381415836464 ], [ 128.211775087669253, 41.871534424965859 ], [ 128.772637859068482, 42.276091178106292 ], [ 128.846193632366749, 42.404813781378245 ], [ 129.112833310572938, 42.528939148819063 ], [ 129.168000140546638, 42.662258987922158 ], [ 129.42314672917496, 42.853044274914517 ], [ 130.052968038041342, 42.526640530903485 ], [ 130.25984365044269, 42.388723455969249 ], [ 130.407, 42.325 ], [ 130.307, 42.183 ], [ 130.202, 42.174 ], [ 130.199, 42.101 ], [ 130.073, 42.078 ], [ 129.954, 41.892 ], [ 129.897, 41.904 ], [ 129.843, 41.759 ], [ 129.775, 41.759 ], [ 129.649, 41.549 ], [ 129.659, 41.465 ], [ 129.806, 41.376 ], [ 129.712, 41.123 ], [ 129.756, 40.939 ], [ 129.717, 40.835 ], [ 129.352, 40.745 ], [ 129.303, 40.674 ], [ 129.218, 40.696 ], [ 129.173, 40.569 ], [ 129.078, 40.473 ], [ 128.976, 40.46 ], [ 128.861, 40.372 ], [ 128.619, 40.297 ], [ 128.665, 40.201 ], [ 128.164, 40.018 ], [ 128.007, 40.045 ], [ 127.875, 39.893 ], [ 127.624, 39.831 ], [ 127.521, 39.747 ], [ 127.575, 39.595 ], [ 127.52, 39.51 ], [ 127.563, 39.344 ], [ 127.483, 39.437 ], [ 127.378, 39.371 ], [ 127.372, 39.24 ], [ 127.452, 39.166 ], [ 127.77, 39.109 ], [ 128.015, 38.858 ], [ 128.091, 38.844 ], [ 128.21, 38.728 ], [ 128.283, 38.755 ], [ 128.365, 38.624 ], [ 128.632, 38.145 ], [ 128.924, 37.802 ], [ 129.064, 37.679 ], [ 129.148, 37.505 ], [ 129.331, 37.282 ], [ 129.471, 36.772 ], [ 129.423, 36.617 ], [ 129.441, 36.408 ], [ 129.382, 36.202 ], [ 129.433, 35.996 ], [ 129.555, 36.082 ], [ 129.498, 35.748 ], [ 129.443, 35.636 ], [ 129.455, 35.513 ], [ 129.358, 35.452 ], [ 129.36, 35.354 ], [ 129.269, 35.317 ], [ 129.194, 35.156 ], [ 129.12, 35.15 ], [ 128.965, 35.044 ], [ 128.918, 35.082 ], [ 128.478, 35.099 ], [ 128.371, 35.007 ], [ 128.435, 34.843 ], [ 128.224, 34.938 ], [ 128.207, 34.891 ], [ 128.064, 34.928 ], [ 128.054, 35.036 ], [ 127.83, 34.945 ], [ 127.744, 34.96 ], [ 127.576, 34.897 ], [ 127.657, 34.812 ], [ 127.775, 34.829 ], [ 127.75, 34.737 ], [ 127.656, 34.731 ], [ 127.641, 34.618 ], [ 127.556, 34.685 ], [ 127.584, 34.746 ], [ 127.522, 34.859 ], [ 127.382, 34.828 ], [ 127.362, 34.773 ], [ 127.504, 34.591 ], [ 127.344, 34.578 ], [ 127.439, 34.541 ], [ 127.316, 34.445 ], [ 127.223, 34.547 ], [ 127.13, 34.564 ], [ 127.241, 34.671 ], [ 127.358, 34.698 ], [ 127.248, 34.767 ], [ 127.214, 34.706 ], [ 127.01, 34.612 ], [ 126.898, 34.418 ], [ 126.761, 34.479 ], [ 126.63, 34.389 ], [ 126.603, 34.3 ], [ 126.48, 34.349 ], [ 126.466, 34.472 ], [ 126.527, 34.569 ], [ 126.391, 34.534 ], [ 126.271, 34.642 ], [ 126.29, 34.75 ], [ 126.37, 34.609 ], [ 126.465, 34.585 ], [ 126.379, 34.711 ], [ 126.603, 34.633 ], [ 126.508, 34.718 ], [ 126.501, 34.808 ], [ 126.37, 34.801 ], [ 126.425, 34.891 ], [ 126.374, 35.017 ], [ 126.269, 35.137 ], [ 126.411, 35.061 ], [ 126.452, 35.1 ], [ 126.357, 35.26 ], [ 126.493, 35.525 ], [ 126.655, 35.596 ], [ 126.513, 35.577 ], [ 126.468, 35.64 ], [ 126.629, 35.775 ], [ 126.791, 35.791 ], [ 126.701, 35.84 ], [ 126.806, 35.867 ], [ 126.612, 35.89 ], [ 126.521, 35.971 ], [ 126.692, 36.0 ], [ 126.589, 36.131 ], [ 126.497, 36.16 ], [ 126.573, 36.343 ], [ 126.527, 36.37 ], [ 126.458, 36.596 ], [ 126.512, 36.603 ], [ 126.441, 36.724 ], [ 126.424, 36.607 ], [ 126.343, 36.74 ], [ 126.229, 36.685 ], [ 126.128, 36.761 ], [ 126.213, 36.857 ], [ 126.323, 36.883 ], [ 126.357, 36.789 ], [ 126.445, 37.003 ], [ 126.484, 36.841 ], [ 126.519, 37.055 ], [ 126.796, 36.956 ], [ 126.851, 36.754 ], [ 126.913, 36.93 ], [ 126.755, 37.049 ], [ 126.802, 37.185 ], [ 126.703, 37.125 ], [ 126.658, 37.254 ], [ 126.792, 37.223 ], [ 126.823, 37.296 ], [ 126.615, 37.38 ], [ 126.604, 37.549 ], [ 126.531, 37.755 ], [ 126.701, 37.743 ], [ 126.667, 37.828 ], [ 126.576, 37.778 ], [ 126.398, 37.892 ], [ 126.149, 37.822 ], [ 126.158, 37.733 ], [ 125.959, 37.912 ], [ 125.986, 37.823 ], [ 125.896, 37.865 ], [ 125.804, 37.989 ], [ 125.597, 38.032 ], [ 125.719, 37.953 ], [ 125.631, 37.925 ], [ 125.62, 37.765 ], [ 125.504, 37.779 ], [ 125.335, 37.686 ], [ 125.377, 37.782 ], [ 125.327, 37.813 ], [ 125.24, 37.823 ], [ 125.24, 37.93 ], [ 125.158, 37.868 ], [ 125.013, 37.906 ], [ 125.014, 38.062 ], [ 124.885, 38.132 ], [ 124.677, 38.115 ], [ 124.856, 38.227 ], [ 124.884, 38.355 ], [ 125.021, 38.515 ], [ 124.998, 38.593 ], [ 125.128, 38.58 ], [ 125.138, 38.662 ], [ 125.137, 38.804 ], [ 125.199, 38.986 ], [ 125.445, 39.311 ], [ 125.459, 39.385 ], [ 125.346, 39.46 ], [ 125.286, 39.521 ], [ 125.117, 39.566 ], [ 124.866, 39.714 ], [ 124.76, 39.748 ], [ 124.649, 39.612 ], [ 124.564, 39.814 ], [ 124.434, 39.831 ], [ 124.322, 39.913 ], [ 124.41, 40.036 ], [ 124.37, 40.098 ], [ 124.287, 39.929 ], [ 124.118, 39.833 ], [ 123.986, 39.81 ], [ 124.058172514233092, 40.021147002931485 ] ] ] ] } },
{ "type": "Feature", "properties": { "id": "fr_luxembourg1795", "colorId": "france", "name": null, "parent": "france1768" }, "geometry": { "type": "MultiPolygon", "coordinates": [ [ [ [ 6.117, 50.12 ], [ 6.096, 50.049 ], [ 6.223, 49.887 ], [ 6.5, 49.794 ], [ 6.492, 49.701 ], [ 6.351, 49.567 ], [ 6.345, 49.455 ], [ 6.136, 49.495 ], [ 5.961, 49.441 ], [ 5.791, 49.538 ], [ 5.478, 49.495 ], [ 5.402, 49.602 ], [ 5.298, 49.613 ], [ 4.95, 49.796 ], [ 4.955296076287173, 50.095273547939108 ], [ 5.250481633958003, 50.095273547939108 ], [ 5.357386673763115, 50.213347771007442 ], [ 5.360577868981177, 50.318657213203522 ], [ 5.587152729463653, 50.325039603639645 ], [ 5.78341123537453, 50.197391794917131 ], [ 5.864176691373096, 50.255370733875104 ], [ 5.998, 50.175 ], [ 6.117, 50.12 ] ] ] ] } },
{ "type": "Feature", "properties": { "id": "surakarta1755", "colorId": "surakarta", "name": "Суракарта", "parent": null }, "geometry": { "type": "MultiPolygon", "coordinates": [ [ [ [ 109.788370093427048, -7.567945264932484 ], [ 109.874568265260947, -7.430028189998247 ], [ 110.077995950788946, -7.236944285090313 ], [ 110.426236564997893, -7.054204160802446 ], [ 110.739997910473292, -6.974901842715259 ], [ 111.126165720289151, -7.10247513702943 ], [ 111.291666210210238, -7.195569162610041 ], [ 111.474406334498113, -7.205912943230109 ], [ 112.067449756715334, -7.423132336251534 ], [ 112.329492199090396, -7.419684409378179 ], [ 112.515680250251606, -7.485195019971941 ], [ 112.626013910199006, -7.667935144259808 ], [ 112.58808671459208, -7.812748072940758 ], [ 112.58808671459208, -7.974800635988489 ], [ 112.539815738365093, -8.116165637796081 ], [ 112.377763175317369, -8.026519539088827 ], [ 112.112272806068958, -8.033415392835538 ], [ 111.591635848192212, -7.943769294128283 ], [ 111.28477035646354, -7.805852219194046 ], [ 111.064103036568753, -7.805852219194046 ], [ 110.84343571667398, -7.729997827980214 ], [ 110.650351811766043, -7.62311209490618 ], [ 110.098683512029083, -7.574841118679196 ], [ 109.788370093427048, -7.567945264932484 ] ] ] ] } },
{ "type": "Feature", "properties": { "id": "maratha", "colorId": "maratha", "name": "Маратхи", "parent": null }, "geometry": { "type": "MultiPolygon", "coordinates": [ [ [ [ 84.836546072552821, 22.0664542738653 ], [ 84.125513538662872, 21.558082127736839 ], [ 83.974963096890704, 21.283163929718093 ], [ 83.850595340644134, 20.864240961308571 ], [ 83.18293685974146, 20.118034423829116 ], [ 83.058569103494889, 19.849661897191769 ], [ 82.698557177517955, 19.561652356410224 ], [ 82.528369721601592, 19.496195642596238 ], [ 82.417093308117813, 19.254005801484485 ], [ 82.122538095954866, 18.86781118998196 ], [ 81.854165569317516, 18.736897762353983 ], [ 81.664341099256959, 18.566710306437617 ], [ 81.350148872949831, 18.046329431616414 ], [ 81.31742051604283, 17.840140783102356 ], [ 81.124323210291564, 17.905597496916343 ], [ 80.957408590065896, 18.039783760235018 ], [ 80.656307706521545, 18.550346127984117 ], [ 80.482847414914488, 18.78599029771447 ], [ 80.33229697314232, 19.362009379277556 ], [ 80.109744146174762, 19.499468478286925 ], [ 79.965739375783983, 19.630381905914902 ], [ 79.916646840423482, 19.771113840614973 ], [ 79.772642070032717, 19.852934732882456 ], [ 79.288262387809212, 19.905300103933648 ], [ 78.869339419399694, 20.114761588138407 ], [ 78.623876742597233, 20.167126959189595 ], [ 77.930035576168976, 20.00021233896393 ], [ 77.691118570747918, 19.856207568573158 ], [ 77.504566936378055, 19.312916843917062 ], [ 77.540568128975764, 19.021634467444819 ], [ 77.632207528315348, 18.841628504456356 ], [ 77.576569321573459, 18.648531198705093 ], [ 77.625661856933945, 18.062693610069907 ], [ 77.442383058254791, 17.650316313041788 ], [ 77.249285752503525, 17.614315120444093 ], [ 76.935093526196383, 17.044841710262407 ], [ 76.777997413042812, 16.940110968160027 ], [ 76.611082792817143, 16.468822628699318 ], [ 76.611082792817143, 16.285543830020153 ], [ 76.722359206300922, 15.761890119508255 ], [ 76.869636812382396, 15.735707433982661 ], [ 76.755087563207923, 15.447697893201116 ], [ 76.450713843972878, 15.323330136954542 ], [ 76.123430274902944, 15.287328944356849 ], [ 75.711052977874829, 14.917498511307818 ], [ 75.485227315216576, 14.832404783349634 ], [ 75.256128816867616, 14.832404783349634 ], [ 75.321585530681602, 14.17129197382836 ], [ 75.072850018188461, 13.732731991274646 ], [ 74.667018392541749, 13.605091399337379 ], [ 74.66, 13.66 ], [ 74.584, 13.904 ], [ 74.505, 14.01 ], [ 74.389, 14.463 ], [ 74.343, 14.564 ], [ 74.301, 14.527 ], [ 74.263, 14.702 ], [ 74.096, 14.793 ], [ 74.239573970234673, 14.796200974124384 ], [ 74.323815253911391, 15.04424475383912 ], [ 74.398696394957341, 15.182306857642606 ], [ 74.426776822849575, 15.467791207880325 ], [ 74.333175396542131, 15.59415313339538 ], [ 74.148312579584925, 15.638613810891417 ], [ 73.989190154862257, 15.71817502325275 ], [ 73.672512628763883, 15.709277882329653 ], [ 73.588, 15.903 ], [ 73.447, 16.069 ], [ 73.42, 16.217 ], [ 73.307, 16.563 ], [ 73.322, 16.692 ], [ 73.275, 16.849 ], [ 73.276, 17.079 ], [ 73.211, 17.275 ], [ 73.249, 17.285 ], [ 73.165, 17.413 ], [ 73.123, 17.723 ], [ 72.981, 18.081 ], [ 72.977, 18.243 ], [ 73.074, 18.224 ], [ 72.91, 18.368 ], [ 72.91, 18.559 ], [ 72.852, 18.77 ], [ 72.982, 18.871 ], [ 72.897, 18.894 ], [ 72.988, 18.999 ], [ 72.975, 19.163 ], [ 72.934, 19.034 ], [ 72.796, 18.985 ], [ 72.818, 19.175 ], [ 72.785, 19.314 ], [ 72.973, 19.294 ], [ 72.788, 19.345 ], [ 72.747, 19.468 ], [ 72.796, 19.527 ], [ 72.718, 19.607 ], [ 72.65, 19.842 ], [ 72.708, 20.013 ], [ 72.748, 20.28 ], [ 72.879, 20.512 ], [ 72.899, 20.732 ], [ 72.945, 20.77 ], [ 72.837, 20.836 ], [ 72.865, 20.897 ], [ 72.767, 21.039 ], [ 72.85, 21.048 ], [ 72.816, 21.121 ], [ 72.7, 21.075 ], [ 72.721, 21.199 ], [ 72.606, 21.267 ], [ 72.565, 21.386 ], [ 72.62, 21.487 ], [ 72.81, 21.635 ], [ 72.936, 21.658 ], [ 73.126, 21.767 ], [ 72.927, 21.685 ], [ 72.616, 21.685 ], [ 72.532, 21.714 ], [ 72.623, 21.967 ], [ 72.559, 21.915 ], [ 72.502, 21.976 ], [ 72.542, 22.157 ], [ 72.634, 22.21 ], [ 72.748, 22.164 ], [ 72.847, 22.24 ], [ 72.553, 22.282 ], [ 72.479, 22.233 ], [ 72.392, 22.253 ], [ 72.397, 22.367 ], [ 72.306, 22.23 ], [ 72.308, 22.079 ], [ 72.258, 22.012 ], [ 72.128, 21.984 ], [ 72.169, 21.841 ], [ 72.004, 21.858 ], [ 72.022, 21.774 ], [ 72.166, 21.794 ], [ 72.296, 21.654 ], [ 72.242, 21.481 ], [ 72.105, 21.315 ], [ 72.105, 21.205 ], [ 71.462, 20.885 ], [ 71.319, 20.849 ], [ 70.982, 20.71 ], [ 70.84, 20.702 ], [ 70.542, 20.808 ], [ 70.337, 20.927 ], [ 70.054, 21.153 ], [ 69.815, 21.434 ], [ 69.63, 21.616 ], [ 69.198, 21.98 ], [ 68.994, 22.204 ], [ 68.945, 22.295 ], [ 68.974, 22.405 ], [ 69.074, 22.482 ], [ 69.072, 22.399 ], [ 69.206, 22.399 ], [ 69.212, 22.274 ], [ 69.485, 22.348 ], [ 69.548, 22.452 ], [ 69.616, 22.356 ], [ 69.733, 22.48 ], [ 69.789, 22.423 ], [ 69.962, 22.535 ], [ 70.178, 22.562 ], [ 70.375, 22.903 ], [ 70.527, 23.024 ], [ 70.467, 23.13 ], [ 70.399, 23.069 ], [ 70.399, 22.946 ], [ 70.233, 23.0 ], [ 70.204, 22.952 ], [ 69.833, 22.858 ], [ 69.716, 22.747 ], [ 69.239, 22.842 ], [ 68.866, 23.02 ], [ 68.623, 23.192 ], [ 68.607, 23.326 ], [ 68.424, 23.446 ], [ 68.486, 23.514 ], [ 68.428, 23.631 ], [ 68.539, 23.684 ], [ 68.822, 23.878 ], [ 69.839780772566556, 24.106067297310393 ], [ 70.198365167395579, 24.391095918841152 ], [ 70.692072309138737, 24.271619044056138 ], [ 71.337912123099642, 24.399623331507851 ], [ 71.495008294063112, 24.49853573544781 ], [ 71.855747649608844, 24.411260084912552 ], [ 73.525621763183437, 24.545082749066612 ], [ 74.49729067247597, 24.376349824698448 ], [ 75.771515170290741, 24.888366974505292 ], [ 76.749002456285623, 25.167649056218117 ], [ 77.051558044807848, 25.423657631121539 ], [ 77.051558044807848, 25.708758089536712 ], [ 76.824641353416169, 26.086952575189496 ], [ 77.103923435128991, 26.284777383069411 ], [ 77.546120064507633, 26.406963293818773 ], [ 77.767218379196947, 26.825886416388009 ], [ 78.279235529003799, 27.058621484482028 ], [ 78.727250535084792, 26.930617197030315 ], [ 79.041442877011718, 26.726974012448046 ], [ 79.233449308189279, 26.54078595797283 ], [ 79.600007040437362, 26.354597903497616 ], [ 80.018930163006601, 26.098589328594194 ], [ 80.519310559408737, 25.982221794547179 ], [ 80.705498613883961, 25.784396986667264 ], [ 80.926596928573275, 25.74948672645316 ], [ 81.2291525170955, 25.540025165168544 ], [ 81.717896160092948, 25.30147172037217 ], [ 82.142637659364524, 24.923277234719393 ], [ 82.503377014910257, 24.719634050137124 ], [ 82.805932603432481, 24.719634050137124 ], [ 83.166671958978228, 24.643995153006561 ], [ 83.859058786557938, 24.707997296732415 ], [ 84.341984052853022, 24.61490326949481 ], [ 84.469988340304738, 24.364713071293735 ], [ 84.958731983302172, 24.24252716054438 ], [ 85.499841016620778, 24.283255797460836 ], [ 85.802396605143002, 24.155251510009123 ], [ 85.965311152808809, 24.009792092450361 ], [ 85.895490632380614, 23.841059168082197 ], [ 85.965311152808809, 23.596687346583476 ], [ 85.895490632380614, 23.381407408596509 ], [ 85.651118810881883, 23.154490717204837 ], [ 85.453294003001972, 22.723930841230903 ], [ 85.150738414479747, 22.380646615792223 ], [ 84.836546072552821, 22.0664542738653 ] ] ] ] } },
{ "type": "Feature", "properties": { "id": "assam", "colorId": "assam", "name": "Ассам", "parent": null }, "geometry": { "type": "MultiPolygon", "coordinates": [ [ [ [ 93.326665599213072, 26.935086259078751 ], [ 93.611946090247528, 26.508629042674169 ], [ 93.606774199848942, 26.260378303541813 ], [ 93.410242364702484, 25.913861646836232 ], [ 92.908568996039179, 25.800080058067234 ], [ 92.727552832088506, 25.727673592486962 ], [ 92.184504340236472, 25.727673592486962 ], [ 91.892328019897008, 25.666249169683763 ], [ 91.471680941347572, 25.735207707150884 ], [ 91.154471668998823, 25.6869367309239 ], [ 91.061377643418183, 25.945531246425581 ], [ 90.975179471584283, 26.062760760119687 ], [ 90.50281348993451, 26.479959911795763 ], [ 90.089, 26.742 ], [ 90.177, 26.832 ], [ 90.383, 26.892 ], [ 90.588, 26.78 ], [ 90.717, 26.767 ], [ 91.198, 26.802 ], [ 91.276, 26.774 ], [ 91.406, 26.87 ], [ 91.521, 26.798 ], [ 91.702, 26.803 ], [ 91.795, 26.854 ], [ 91.879, 26.803 ], [ 91.893, 26.881 ], [ 92.036, 26.855 ], [ 92.084, 26.937 ], [ 92.312975098446429, 26.817856745384656 ], [ 92.774997299476126, 26.941982112825471 ], [ 93.326665599213072, 26.935086259078751 ] ] ] ] } },
{ "type": "Feature", "properties": { "id": "sweden", "colorId": "sweden", "name": "Швеция", "parent": null }, "geometry": { "type": "MultiPolygon", "coordinates": [ [ [ [ 13.291215697738911, 53.67209046149231 ], [ 13.028780293562619, 53.713256799402316 ], [ 12.93358313714573, 53.821318436416085 ], [ 12.825521500131963, 53.852193189848592 ], [ 12.887271006996972, 53.960254826862361 ], [ 12.766344889386328, 53.978265099697985 ], [ 12.529638446403791, 54.212398646561148 ], [ 12.342, 54.304 ], [ 12.502, 54.474 ], [ 12.695, 54.434 ], [ 12.363, 54.31 ], [ 12.677, 54.392 ], [ 12.876, 54.365 ], [ 13.034, 54.434 ], [ 13.115, 54.28 ], [ 13.289, 54.234 ], [ 13.465, 54.098 ], [ 13.698, 54.153 ], [ 13.729, 54.144 ], [ 13.808, 54.105 ], [ 13.773, 54.046 ], [ 13.746, 54.036 ], [ 13.906, 53.943 ], [ 13.819, 53.878 ], [ 13.51828907014265, 53.83186272287714 ], [ 13.483310638698295, 53.737973249000213 ], [ 13.404423126991428, 53.713256799402316 ], [ 13.291215697738911, 53.67209046149231 ] ] ], [ [ [ 13.698, 54.392 ], [ 13.766, 54.345 ], [ 13.5, 54.345 ], [ 13.268, 54.256 ], [ 13.115, 54.338 ], [ 13.251, 54.387 ], [ 13.166, 54.549 ], [ 13.369, 54.585 ], [ 13.431, 54.493 ], [ 13.5, 54.557 ], [ 13.395, 54.604 ], [ 13.64, 54.586 ], [ 13.575, 54.472 ], [ 13.698, 54.392 ] ] ], [ [ [ 16.413, 56.229 ], [ 16.399, 56.545 ], [ 16.621, 56.872 ], [ 16.717, 56.892 ], [ 16.888, 57.118 ], [ 16.966, 57.305 ], [ 17.125, 57.319 ], [ 16.883, 56.916 ], [ 16.782, 56.811 ], [ 16.643, 56.568 ], [ 16.566, 56.346 ], [ 16.413, 56.229 ] ] ], [ [ [ 18.667, 57.297 ], [ 18.714, 57.243 ], [ 18.386, 57.127 ], [ 18.299, 56.942 ], [ 18.139, 56.922 ], [ 18.266, 57.041 ], [ 18.099, 57.259 ], [ 18.179, 57.38 ], [ 18.112, 57.511 ], [ 18.463, 57.803 ], [ 18.742, 57.918 ], [ 19.04, 57.868 ], [ 18.941, 57.73 ], [ 18.807, 57.734 ], [ 18.762, 57.617 ], [ 18.79, 57.449 ], [ 18.93, 57.405 ], [ 18.667, 57.297 ] ] ], [ [ [ 16.609, 67.647 ], [ 16.808, 67.911 ], [ 17.321, 68.105 ], [ 17.895, 67.97 ], [ 18.167, 68.158 ], [ 18.172, 68.536 ], [ 18.436, 68.574 ], [ 18.645, 68.501 ], [ 19.038, 68.506 ], [ 19.931, 68.35 ], [ 20.246, 68.477 ], [ 19.962, 68.541 ], [ 20.237, 68.659 ], [ 20.357, 68.805 ], [ 20.341, 68.91 ], [ 20.102, 69.022 ], [ 20.623, 69.036 ], [ 20.935, 68.967 ], [ 21.464, 68.687 ], [ 21.919, 68.568 ], [ 22.072, 68.477 ], [ 22.303, 68.476 ], [ 22.808, 68.395 ], [ 23.052, 68.298 ], [ 23.152, 68.13 ], [ 23.661, 67.933 ], [ 23.499, 67.882 ], [ 23.554, 67.587 ], [ 23.431, 67.486 ], [ 23.765, 67.42 ], [ 23.735, 67.29 ], [ 23.581, 67.153 ], [ 24.001, 66.812 ], [ 23.892, 66.751 ], [ 23.882, 66.564 ], [ 23.642, 66.436 ], [ 23.724, 66.207 ], [ 24.02, 66.049 ], [ 24.163, 65.823 ], [ 23.926, 65.76 ], [ 23.69, 65.83 ], [ 23.374, 65.823 ], [ 23.13, 65.715 ], [ 22.685, 65.862 ], [ 22.678, 65.765 ], [ 22.477, 65.857 ], [ 22.319, 65.802 ], [ 22.388, 65.673 ], [ 22.258, 65.693 ], [ 22.405, 65.542 ], [ 22.177, 65.54 ], [ 21.577, 65.238 ], [ 21.619, 65.148 ], [ 21.378, 64.96 ], [ 21.256, 64.957 ], [ 21.181, 64.836 ], [ 21.042, 64.82 ], [ 21.492, 64.454 ], [ 21.373, 64.33 ], [ 21.244, 64.307 ], [ 20.948, 64.13 ], [ 20.786, 63.879 ], [ 20.543, 63.775 ], [ 20.503, 63.822 ], [ 20.308, 63.654 ], [ 20.074, 63.666 ], [ 19.753, 63.524 ], [ 19.687, 63.431 ], [ 19.133, 63.308 ], [ 19.037, 63.178 ], [ 18.913, 63.212 ], [ 18.643, 63.147 ], [ 18.393, 62.945 ], [ 18.471, 62.868 ], [ 18.077, 62.774 ], [ 17.926, 62.822 ], [ 18.043, 62.626 ], [ 17.823, 62.486 ], [ 17.55, 62.448 ], [ 17.438, 62.537 ], [ 17.337, 62.404 ], [ 17.509, 62.218 ], [ 17.469, 62.062 ], [ 17.355, 61.955 ], [ 17.399, 61.722 ], [ 17.056, 61.582 ], [ 17.177, 61.487 ], [ 17.104, 61.399 ], [ 17.202, 61.337 ], [ 17.152, 61.204 ], [ 17.168, 60.992 ], [ 17.312, 60.745 ], [ 17.191, 60.702 ], [ 17.414, 60.638 ], [ 17.575, 60.648 ], [ 17.638, 60.515 ], [ 17.919, 60.6 ], [ 17.967, 60.512 ], [ 18.326, 60.356 ], [ 18.448, 60.341 ], [ 18.564, 60.228 ], [ 18.331, 60.286 ], [ 18.42, 60.194 ], [ 18.82, 60.114 ], [ 18.949, 59.9 ], [ 18.79, 59.779 ], [ 19.042, 59.785 ], [ 18.66, 59.636 ], [ 18.687, 59.606 ], [ 18.413, 59.491 ], [ 18.427, 59.436 ], [ 18.612, 59.375 ], [ 18.62, 59.308 ], [ 18.276, 59.313 ], [ 18.414, 59.14 ], [ 18.043, 59.06 ], [ 17.9, 58.916 ], [ 17.749, 58.924 ], [ 17.591, 58.867 ], [ 17.46, 58.791 ], [ 17.162, 58.732 ], [ 16.924, 58.625 ], [ 16.789, 58.607 ], [ 16.94, 58.491 ], [ 16.715, 58.395 ], [ 16.799, 58.324 ], [ 16.777, 58.131 ], [ 16.66, 57.99 ], [ 16.577, 57.71 ], [ 16.689, 57.472 ], [ 16.548, 57.383 ], [ 16.465, 57.177 ], [ 16.583, 57.045 ], [ 16.44, 57.014 ], [ 16.468, 56.949 ], [ 16.357, 56.758 ], [ 16.379, 56.676 ], [ 16.255, 56.65 ], [ 16.095, 56.419 ], [ 16.038, 56.255 ], [ 15.852, 56.086 ], [ 15.827, 56.159 ], [ 15.573, 56.206 ], [ 15.321, 56.14 ], [ 14.953, 56.173 ], [ 14.686, 56.147 ], [ 14.768, 56.031 ], [ 14.479, 56.032 ], [ 14.209, 55.821 ], [ 14.196, 55.726 ], [ 14.363, 55.524 ], [ 14.181, 55.391 ], [ 13.882, 55.433 ], [ 13.63, 55.418 ], [ 13.281, 55.345 ], [ 12.953, 55.425 ], [ 12.929, 55.579 ], [ 13.061, 55.674 ], [ 12.923, 55.749 ], [ 12.61, 56.117 ], [ 12.505, 56.275 ], [ 12.797, 56.228 ], [ 12.829, 56.279 ], [ 12.622, 56.419 ], [ 12.89, 56.455 ], [ 12.939, 56.527 ], [ 12.872, 56.649 ], [ 12.732, 56.647 ], [ 12.598, 56.821 ], [ 12.375, 56.912 ], [ 12.271, 57.043 ], [ 12.059, 57.459 ], [ 11.934, 57.361 ], [ 11.917, 57.621 ], [ 11.706, 57.722 ], [ 11.802, 57.774 ], [ 11.687, 57.838 ], [ 11.581, 58.251 ], [ 11.504, 58.28 ], [ 11.522, 58.336 ], [ 11.415, 58.432 ], [ 11.232, 58.34 ], [ 11.286, 58.58 ], [ 11.179, 58.736 ], [ 11.232, 58.8 ], [ 11.117, 58.969 ], [ 11.22, 59.09 ], [ 11.355, 59.092 ], [ 11.438, 58.992 ], [ 11.452, 58.896 ], [ 11.664, 58.92 ], [ 11.812, 59.25 ], [ 11.677, 59.559 ], [ 11.904, 59.77 ], [ 11.85, 59.872 ], [ 12.144, 59.898 ], [ 12.447, 60.051 ], [ 12.511, 60.118 ], [ 12.487, 60.296 ], [ 12.594, 60.395 ], [ 12.594, 60.515 ], [ 12.377, 60.754 ], [ 12.256, 60.981 ], [ 12.512, 61.049 ], [ 12.683, 61.04 ], [ 12.82, 61.205 ], [ 12.877, 61.371 ], [ 12.614, 61.547 ], [ 12.416, 61.582 ], [ 12.162, 61.725 ], [ 12.317, 62.234 ], [ 12.286, 62.335 ], [ 12.091, 62.586 ], [ 12.156, 62.734 ], [ 12.104, 62.923 ], [ 12.223, 63.001 ], [ 11.992, 63.289 ], [ 12.205, 63.455 ], [ 12.17, 63.598 ], [ 12.293, 63.657 ], [ 12.682, 63.956 ], [ 12.982, 64.059 ], [ 13.234, 64.091 ], [ 13.939, 64.01 ], [ 14.161, 64.205 ], [ 14.116, 64.441 ], [ 13.643, 64.584 ], [ 14.311, 65.084 ], [ 14.4, 65.255 ], [ 14.514, 65.318 ], [ 14.561, 65.701 ], [ 14.644, 65.843 ], [ 14.541, 66.125 ], [ 15.053, 66.153 ], [ 15.482, 66.275 ], [ 15.426, 66.491 ], [ 15.669, 66.599 ], [ 16.039, 66.888 ], [ 16.416, 67.053 ], [ 16.438, 67.2 ], [ 16.127, 67.423 ], [ 16.2, 67.508 ], [ 16.483, 67.558 ], [ 16.609, 67.647 ] ] ] ] } },
{ "type": "Feature", "properties": { "id": "rh_baden", "colorId": "baden", "name": "Баден", "parent": "rhine_conf" }, "geometry": { "type": "MultiPolygon", "coordinates": [ [ [ [ 8.2, 48.959 ], [ 8.458718356890355, 49.290125532244204 ], [ 8.382863965676524, 49.517688705885696 ], [ 8.541468601850896, 49.503896998392278 ], [ 8.858677874199644, 49.596991023972883 ], [ 9.04141799848751, 49.596991023972883 ], [ 9.100032755334558, 49.679741268933427 ], [ 9.451721296416867, 49.576303462732746 ], [ 9.631013493831377, 49.465969802785352 ], [ 9.17933507342175, 49.269437971004052 ], [ 9.055209705980937, 49.138416749816528 ], [ 8.686281530531849, 49.06945821234941 ], [ 8.589739578077884, 48.910853576175029 ], [ 8.551812382470969, 48.707425890647031 ], [ 8.410447380663374, 48.652259060673337 ], [ 8.279426159475847, 48.555717108219369 ], [ 8.210467622008728, 48.414352106411776 ], [ 8.313905428209406, 48.16265344465679 ], [ 8.406999453790018, 48.062663565329466 ], [ 8.575947870584459, 48.007496735355772 ], [ 8.769031775492394, 47.879923441041598 ], [ 8.913844704173345, 47.928194417268585 ], [ 9.175887146548398, 47.824756611067905 ], [ 9.273, 47.65 ], [ 9.017, 47.679 ], [ 8.906, 47.652 ], [ 8.602, 47.795 ], [ 8.464, 47.764 ], [ 8.391, 47.665 ], [ 8.568, 47.663 ], [ 8.449, 47.584 ], [ 8.179, 47.616 ], [ 8.087, 47.567 ], [ 7.82, 47.595 ], [ 7.683, 47.544 ], [ 7.586, 47.585 ], [ 7.526, 47.783 ], [ 7.619, 48.003 ], [ 7.573, 48.095 ], [ 7.752, 48.355 ], [ 7.81, 48.615 ], [ 7.97, 48.757 ], [ 8.103, 48.821 ], [ 8.2, 48.959 ] ] ] ] } },
{ "type": "Feature", "properties": { "id": "sp_filippines1645", "colorId": "spain", "name": null, "parent": "spain" }, "geometry": { "type": "MultiPolygon", "coordinates": [ [ [ [ 119.483, 4.851 ], [ 119.497, 4.734 ], [ 119.457, 4.656 ], [ 119.435, 4.903 ], [ 119.483, 4.851 ] ] ], [ [ [ 119.813, 5.123 ], [ 119.965, 5.223 ], [ 120.087, 5.259 ], [ 120.199, 5.35 ], [ 120.252, 5.267 ], [ 120.227, 5.129 ], [ 120.121, 5.218 ], [ 119.954, 5.076 ], [ 119.83, 5.049 ], [ 119.813, 5.123 ] ] ], [ [ [ 121.382, 6.006 ], [ 121.419, 5.948 ], [ 121.281, 5.859 ], [ 121.228, 5.942 ], [ 121.081, 5.888 ], [ 121.008, 5.924 ], [ 120.934, 5.886 ], [ 120.872, 5.961 ], [ 121.042, 6.097 ], [ 121.179, 6.064 ], [ 121.218, 5.999 ], [ 121.382, 6.006 ] ] ], [ [ [ 121.777, 6.077 ], [ 121.902, 6.034 ], [ 121.868, 6.0 ], [ 121.777, 6.077 ] ] ], [ [ [ 120.588, 6.381 ], [ 120.583, 6.261 ], [ 120.495, 6.249 ], [ 120.588, 6.381 ] ] ], [ [ [ 117.002, 7.824 ], [ 116.955, 7.926 ], [ 116.962, 8.062 ], [ 117.085, 8.058 ], [ 117.087, 7.872 ], [ 117.002, 7.824 ] ] ], [ [ [ 117.343, 8.197 ], [ 117.27, 8.268 ], [ 117.325, 8.323 ], [ 117.343, 8.197 ] ] ], [ [ [ 117.797, 9.163 ], [ 117.904, 9.261 ], [ 118.003, 9.233 ], [ 118.344, 9.603 ], [ 118.36, 9.658 ], [ 118.531, 9.774 ], [ 118.772, 10.131 ], [ 118.801, 10.049 ], [ 118.822, 10.195 ], [ 118.934, 10.21 ], [ 119.025, 10.31 ], [ 119.012, 10.405 ], [ 119.127, 10.395 ], [ 119.278, 10.508 ], [ 119.345, 10.724 ], [ 119.223, 10.851 ], [ 119.223, 10.942 ], [ 119.469, 10.741 ], [ 119.457, 10.831 ], [ 119.319, 10.943 ], [ 119.335, 11.103 ], [ 119.406, 11.05 ], [ 119.388, 11.187 ], [ 119.502, 11.423 ], [ 119.569, 11.262 ], [ 119.516, 11.117 ], [ 119.572, 11.015 ], [ 119.505, 10.971 ], [ 119.519, 10.838 ], [ 119.593, 10.837 ], [ 119.591, 10.672 ], [ 119.672, 10.553 ], [ 119.725, 10.519 ], [ 119.563, 10.373 ], [ 119.356, 10.329 ], [ 119.237, 10.179 ], [ 119.196, 10.056 ], [ 118.875, 9.972 ], [ 118.75, 9.888 ], [ 118.778, 9.734 ], [ 118.498, 9.314 ], [ 118.365, 9.193 ], [ 118.132, 9.127 ], [ 118.014, 8.888 ], [ 117.774, 8.703 ], [ 117.566, 8.661 ], [ 117.513, 8.507 ], [ 117.319, 8.452 ], [ 117.198, 8.335 ], [ 117.222, 8.5 ], [ 117.292, 8.641 ], [ 117.45, 8.791 ], [ 117.656, 9.058 ], [ 117.768, 9.086 ], [ 117.797, 9.163 ] ] ], [ [ [ 119.85, 10.645 ], [ 119.95, 10.604 ], [ 120.011, 10.565 ], [ 119.915, 10.481 ], [ 119.806, 10.446 ], [ 119.778, 10.535 ], [ 119.85, 10.645 ] ] ], [ [ [ 119.771, 11.406 ], [ 119.867, 11.516 ], [ 119.87, 11.441 ], [ 119.771, 11.406 ] ] ], [ [ [ 120.025, 11.893 ], [ 120.08, 11.789 ], [ 119.967, 11.664 ], [ 119.922, 11.838 ], [ 119.854, 11.954 ], [ 119.92, 11.982 ], [ 120.025, 11.893 ] ] ], [ [ [ 120.285, 11.93 ], [ 120.268, 11.816 ], [ 120.203, 11.948 ], [ 120.285, 11.93 ] ] ], [ [ [ 120.196, 12.112 ], [ 120.224, 12.219 ], [ 120.348, 12.029 ], [ 120.238, 11.988 ], [ 120.142, 12.029 ], [ 120.135, 11.975 ], [ 119.984, 12.026 ], [ 119.895, 12.208 ], [ 119.885, 12.323 ], [ 120.021, 12.253 ], [ 120.196, 12.112 ] ] ], [ [ [ 120.798, 12.729 ], [ 120.758, 13.002 ], [ 120.642, 13.183 ], [ 120.48, 13.301 ], [ 120.44, 13.427 ], [ 120.34, 13.386 ], [ 120.357, 13.518 ], [ 120.565, 13.513 ], [ 120.737, 13.468 ], [ 120.957, 13.503 ], [ 121.122, 13.372 ], [ 121.197, 13.441 ], [ 121.431, 13.224 ], [ 121.448, 13.139 ], [ 121.549, 13.091 ], [ 121.49, 13.037 ], [ 121.486, 12.768 ], [ 121.526, 12.704 ], [ 121.546, 12.644 ], [ 121.438, 12.522 ], [ 121.384, 12.369 ], [ 121.245, 12.214 ], [ 121.114, 12.251 ], [ 121.087, 12.324 ], [ 120.916, 12.512 ], [ 120.912, 12.635 ], [ 120.798, 12.729 ] ] ], [ [ [ 120.238, 13.805 ], [ 120.261, 13.712 ], [ 120.092, 13.795 ], [ 120.104, 13.866 ], [ 120.238, 13.805 ] ] ], [ [ [ 121.388, 18.903 ], [ 121.478, 18.882 ], [ 121.319, 18.843 ], [ 121.388, 18.903 ] ] ], [ [ [ 121.259, 19.046 ], [ 121.197, 19.065 ], [ 121.211, 19.177 ], [ 121.259, 19.046 ] ] ], [ [ [ 121.498, 19.259 ], [ 121.35, 19.37 ], [ 121.517, 19.394 ], [ 121.526, 19.321 ], [ 121.498, 19.259 ] ] ], [ [ [ 121.877, 20.77 ], [ 121.803, 20.691 ], [ 121.838, 20.82 ], [ 121.877, 20.77 ] ] ], [ [ [ 122.067, 6.741 ], [ 122.297, 6.633 ], [ 122.189, 6.451 ], [ 121.962, 6.405 ], [ 121.814, 6.593 ], [ 121.839, 6.669 ], [ 121.94, 6.677 ], [ 122.067, 6.741 ] ] ], [ [ [ 122.817, 7.295 ], [ 122.794, 7.384 ], [ 122.905, 7.438 ], [ 122.972, 7.384 ], [ 122.817, 7.295 ] ] ], [ [ [ 123.614, 9.289 ], [ 123.704, 9.233 ], [ 123.698, 9.165 ], [ 123.64, 9.099 ], [ 123.475, 9.197 ], [ 123.614, 9.289 ] ] ], [ [ [ 122.951, 10.827 ], [ 123.003, 10.913 ], [ 123.214, 10.996 ], [ 123.522, 10.92 ], [ 123.574, 10.831 ], [ 123.486, 10.549 ], [ 123.39, 10.437 ], [ 123.29, 10.094 ], [ 123.157, 9.868 ], [ 123.17, 9.696 ], [ 123.135, 9.618 ], [ 123.321, 9.343 ], [ 123.299, 9.215 ], [ 123.23, 9.108 ], [ 123.033, 9.035 ], [ 122.934, 9.121 ], [ 122.869, 9.323 ], [ 122.599, 9.433 ], [ 122.497, 9.562 ], [ 122.395, 9.837 ], [ 122.475, 9.974 ], [ 122.708, 9.986 ], [ 122.879, 10.118 ], [ 122.869, 10.351 ], [ 122.824, 10.533 ], [ 122.91, 10.598 ], [ 122.972, 10.721 ], [ 122.951, 10.827 ] ] ], [ [ [ 124.047, 10.834 ], [ 124.021, 10.748 ], [ 124.051, 10.627 ], [ 124.04, 10.484 ], [ 123.973, 10.327 ], [ 123.808, 10.237 ], [ 123.643, 10.039 ], [ 123.602, 9.868 ], [ 123.488, 9.566 ], [ 123.37, 9.426 ], [ 123.314, 9.508 ], [ 123.423, 10.038 ], [ 123.508, 10.122 ], [ 123.597, 10.318 ], [ 123.707, 10.462 ], [ 123.765, 10.64 ], [ 123.849, 10.753 ], [ 123.935, 10.97 ], [ 123.952, 11.157 ], [ 124.075, 11.269 ], [ 124.041, 11.13 ], [ 124.047, 10.834 ] ] ], [ [ [ 122.711, 10.735 ], [ 122.737, 10.64 ], [ 122.634, 10.444 ], [ 122.531, 10.423 ], [ 122.482, 10.503 ], [ 122.67, 10.762 ], [ 122.711, 10.735 ] ] ], [ [ [ 122.855, 11.591 ], [ 122.945, 11.522 ], [ 122.901, 11.438 ], [ 123.118, 11.548 ], [ 123.17, 11.481 ], [ 123.114, 11.267 ], [ 123.131, 11.183 ], [ 123.041, 11.163 ], [ 123.015, 11.092 ], [ 122.839, 11.018 ], [ 122.78, 10.957 ], [ 122.761, 10.811 ], [ 122.631, 10.774 ], [ 122.59, 10.699 ], [ 122.227, 10.642 ], [ 122.102, 10.569 ], [ 122.04, 10.467 ], [ 121.95, 10.433 ], [ 121.932, 10.509 ], [ 121.985, 10.625 ], [ 121.937, 10.776 ], [ 122.045, 11.017 ], [ 122.053, 11.234 ], [ 122.107, 11.658 ], [ 122.084, 11.725 ], [ 121.854, 11.769 ], [ 121.897, 11.894 ], [ 121.964, 11.934 ], [ 122.118, 11.824 ], [ 122.388, 11.727 ], [ 122.604, 11.517 ], [ 122.725, 11.612 ], [ 122.855, 11.591 ] ] ], [ [ [ 123.746, 11.292 ], [ 123.801, 11.179 ], [ 123.734, 11.154 ], [ 123.746, 11.292 ] ] ], [ [ [ 123.882, 12.213 ], [ 124.055, 11.954 ], [ 124.055, 11.8 ], [ 124.021, 11.783 ], [ 123.856, 11.913 ], [ 123.764, 11.916 ], [ 123.746, 11.981 ], [ 123.615, 12.079 ], [ 123.54, 12.194 ], [ 123.424, 12.201 ], [ 123.355, 12.095 ], [ 123.181, 11.931 ], [ 123.216, 12.133 ], [ 123.218, 12.228 ], [ 123.273, 12.424 ], [ 123.242, 12.595 ], [ 123.356, 12.496 ], [ 123.448, 12.512 ], [ 123.547, 12.461 ], [ 123.704, 12.321 ], [ 123.794, 12.187 ], [ 123.882, 12.213 ] ] ], [ [ [ 122.432, 12.41 ], [ 122.481, 12.493 ], [ 122.649, 12.473 ], [ 122.688, 12.403 ], [ 122.612, 12.277 ], [ 122.432, 12.41 ] ] ], [ [ [ 121.991, 12.571 ], [ 122.115, 12.666 ], [ 122.136, 12.561 ], [ 122.081, 12.315 ], [ 122.019, 12.156 ], [ 122.002, 12.244 ], [ 121.921, 12.303 ], [ 121.993, 12.442 ], [ 121.991, 12.571 ] ] ], [ [ [ 123.583, 12.624 ], [ 123.609, 12.687 ], [ 123.705, 12.625 ], [ 123.787, 12.376 ], [ 123.782, 12.341 ], [ 123.583, 12.624 ] ] ], [ [ [ 122.945, 13.111 ], [ 123.04, 13.128 ], [ 123.16, 12.938 ], [ 123.28, 12.865 ], [ 123.185, 12.858 ], [ 123.035, 13.004 ], [ 122.951, 13.044 ], [ 122.945, 13.111 ] ] ], [ [ [ 122.102, 13.417 ], [ 122.12, 13.357 ], [ 121.993, 13.202 ], [ 121.817, 13.342 ], [ 121.814, 13.451 ], [ 121.873, 13.569 ], [ 122.115, 13.465 ], [ 122.102, 13.417 ] ] ], [ [ [ 122.235, 14.798 ], [ 122.242, 14.741 ], [ 122.105, 14.838 ], [ 122.235, 14.798 ] ] ], [ [ [ 121.94, 14.64 ], [ 121.882, 14.884 ], [ 121.818, 14.946 ], [ 121.844, 15.045 ], [ 122.005, 15.011 ], [ 121.972, 14.906 ], [ 122.026, 14.736 ], [ 121.94, 14.64 ] ] ], [ [ [ 122.319, 13.592 ], [ 122.208, 13.614 ], [ 122.118, 13.752 ], [ 121.725, 13.969 ], [ 121.69, 13.926 ], [ 121.485, 13.852 ], [ 121.433, 13.796 ], [ 121.43, 13.657 ], [ 121.279, 13.595 ], [ 121.034, 13.642 ], [ 121.04, 13.759 ], [ 120.929, 13.784 ], [ 120.895, 13.906 ], [ 120.705, 13.927 ], [ 120.723, 13.855 ], [ 120.628, 13.811 ], [ 120.601, 13.969 ], [ 120.619, 14.104 ], [ 120.402, 14.456 ], [ 120.367, 14.621 ], [ 120.242, 14.73 ], [ 120.176, 14.757 ], [ 120.08, 14.804 ], [ 120.053, 15.062 ], [ 120.005, 15.269 ], [ 119.888, 15.429 ], [ 119.964, 15.514 ], [ 119.904, 15.597 ], [ 119.899, 15.853 ], [ 119.828, 15.956 ], [ 119.771, 15.915 ], [ 119.756, 16.203 ], [ 119.813, 16.367 ], [ 119.926, 16.345 ], [ 119.902, 16.251 ], [ 120.091, 16.153 ], [ 120.106, 16.07 ], [ 120.299, 16.017 ], [ 120.402, 16.165 ], [ 120.336, 16.292 ], [ 120.307, 16.545 ], [ 120.312, 16.778 ], [ 120.427, 16.962 ], [ 120.403, 17.222 ], [ 120.442, 17.368 ], [ 120.402, 17.519 ], [ 120.334, 17.556 ], [ 120.353, 17.678 ], [ 120.477, 18.005 ], [ 120.47, 18.091 ], [ 120.586, 18.364 ], [ 120.562, 18.47 ], [ 120.611, 18.539 ], [ 120.771, 18.561 ], [ 120.851, 18.639 ], [ 120.927, 18.566 ], [ 121.107, 18.643 ], [ 121.592, 18.385 ], [ 121.853, 18.288 ], [ 121.975, 18.286 ], [ 122.112, 18.393 ], [ 122.153, 18.519 ], [ 122.22, 18.522 ], [ 122.297, 18.404 ], [ 122.307, 18.251 ], [ 122.18, 18.121 ], [ 122.183, 17.984 ], [ 122.14, 17.798 ], [ 122.157, 17.619 ], [ 122.251, 17.36 ], [ 122.382, 17.347 ], [ 122.417, 17.146 ], [ 122.529, 17.091 ], [ 122.465, 16.895 ], [ 122.345, 16.643 ], [ 122.205, 16.424 ], [ 122.232, 16.319 ], [ 122.081, 16.148 ], [ 122.067, 16.19 ], [ 121.752, 16.077 ], [ 121.578, 15.932 ], [ 121.555, 15.829 ], [ 121.632, 15.757 ], [ 121.629, 15.661 ], [ 121.488, 15.52 ], [ 121.379, 15.308 ], [ 121.488, 15.163 ], [ 121.508, 15.063 ], [ 121.726, 14.72 ], [ 121.629, 14.703 ], [ 121.611, 14.613 ], [ 121.662, 14.417 ], [ 121.735, 14.329 ], [ 121.732, 14.195 ], [ 122.186, 14.111 ], [ 122.244, 14.196 ], [ 122.3, 14.092 ], [ 122.366, 14.261 ], [ 122.471, 14.346 ], [ 122.691, 14.291 ], [ 122.68, 14.351 ], [ 122.853, 14.279 ], [ 123.012, 14.106 ], [ 123.084, 13.974 ], [ 123.218, 13.993 ], [ 123.252, 14.068 ], [ 123.345, 14.094 ], [ 123.445, 13.962 ], [ 123.681, 13.885 ], [ 123.712, 13.934 ], [ 123.804, 13.838 ], [ 123.973, 13.729 ], [ 123.859, 13.743 ], [ 123.797, 13.688 ], [ 123.588, 13.729 ], [ 123.528, 13.627 ], [ 123.667, 13.486 ], [ 123.822, 13.243 ], [ 123.768, 13.224 ], [ 123.746, 13.064 ], [ 123.871, 13.143 ], [ 124.082, 13.01 ], [ 124.185, 13.057 ], [ 124.116, 12.916 ], [ 124.143, 12.797 ], [ 124.095, 12.557 ], [ 123.983, 12.547 ], [ 123.879, 12.645 ], [ 123.842, 12.801 ], [ 123.794, 12.831 ], [ 123.598, 12.897 ], [ 123.441, 13.037 ], [ 123.31, 13.012 ], [ 123.279, 13.12 ], [ 123.301, 13.236 ], [ 123.191, 13.359 ], [ 123.169, 13.449 ], [ 122.972, 13.528 ], [ 122.815, 13.654 ], [ 122.863, 13.695 ], [ 122.767, 13.8 ], [ 122.666, 13.819 ], [ 122.537, 13.961 ], [ 122.416, 13.962 ], [ 122.51, 13.82 ], [ 122.498, 13.652 ], [ 122.643, 13.458 ], [ 122.691, 13.229 ], [ 122.588, 13.174 ], [ 122.505, 13.239 ], [ 122.501, 13.368 ], [ 122.319, 13.592 ] ] ], [ [ [ 121.902, 19.005 ], [ 121.971, 18.985 ], [ 121.866, 18.822 ], [ 121.834, 18.834 ], [ 121.902, 19.005 ] ] ], [ [ [ 121.977, 19.577 ], [ 121.961, 19.492 ], [ 121.897, 19.557 ], [ 121.977, 19.577 ] ] ], [ [ [ 125.754, 6.917 ], [ 125.674, 7.07 ], [ 125.707, 7.192 ], [ 125.782, 7.135 ], [ 125.791, 6.948 ], [ 125.754, 6.917 ] ] ], [ [ [ 126.158, 8.528 ], [ 126.37, 8.542 ], [ 126.412, 8.466 ], [ 126.333, 8.347 ], [ 126.388, 8.293 ], [ 126.362, 8.187 ], [ 126.463, 8.23 ], [ 126.406, 7.833 ], [ 126.487, 7.747 ], [ 126.583, 7.719 ], [ 126.569, 7.626 ], [ 126.609, 7.465 ], [ 126.569, 7.301 ], [ 126.61, 7.277 ], [ 126.476, 7.066 ], [ 126.466, 7.003 ], [ 126.349, 7.0 ], [ 126.309, 6.798 ], [ 126.255, 6.767 ], [ 126.206, 6.299 ], [ 126.095, 6.514 ], [ 126.079, 6.843 ], [ 125.977, 6.94 ], [ 125.987, 7.006 ], [ 125.903, 7.101 ], [ 125.807, 7.351 ], [ 125.657, 7.237 ], [ 125.658, 7.129 ], [ 125.51, 7.016 ], [ 125.389, 6.768 ], [ 125.397, 6.598 ], [ 125.574, 6.517 ], [ 125.707, 6.15 ], [ 125.667, 5.95 ], [ 125.388, 5.574 ], [ 125.302, 5.592 ], [ 125.279, 5.716 ], [ 125.181, 5.798 ], [ 125.278, 5.979 ], [ 125.251, 6.093 ], [ 125.155, 6.1 ], [ 125.069, 5.862 ], [ 124.939, 5.864 ], [ 124.596, 5.999 ], [ 124.422, 6.11 ], [ 124.246, 6.187 ], [ 124.055, 6.438 ], [ 124.037, 6.8 ], [ 123.966, 6.821 ], [ 123.975, 6.965 ], [ 124.029, 7.115 ], [ 124.184, 7.226 ], [ 124.247, 7.404 ], [ 124.188, 7.41 ], [ 124.065, 7.603 ], [ 123.911, 7.699 ], [ 123.794, 7.711 ], [ 123.704, 7.809 ], [ 123.587, 7.839 ], [ 123.445, 7.801 ], [ 123.486, 7.664 ], [ 123.354, 7.572 ], [ 123.452, 7.453 ], [ 123.419, 7.372 ], [ 123.28, 7.52 ], [ 123.17, 7.486 ], [ 122.996, 7.467 ], [ 122.917, 7.548 ], [ 122.837, 7.458 ], [ 122.794, 7.671 ], [ 122.815, 7.743 ], [ 122.704, 7.788 ], [ 122.511, 7.696 ], [ 122.434, 7.579 ], [ 122.486, 7.579 ], [ 122.348, 7.453 ], [ 122.379, 7.392 ], [ 122.266, 7.249 ], [ 122.244, 7.099 ], [ 122.119, 6.896 ], [ 121.937, 6.979 ], [ 121.899, 7.057 ], [ 121.933, 7.218 ], [ 122.047, 7.301 ], [ 122.046, 7.443 ], [ 122.114, 7.603 ], [ 122.129, 7.815 ], [ 122.292, 8.01 ], [ 122.6, 8.093 ], [ 122.679, 8.164 ], [ 122.759, 8.116 ], [ 122.925, 8.15 ], [ 123.014, 8.232 ], [ 122.958, 8.308 ], [ 123.082, 8.519 ], [ 123.331, 8.547 ], [ 123.436, 8.649 ], [ 123.39, 8.719 ], [ 123.513, 8.699 ], [ 123.522, 8.623 ], [ 123.629, 8.651 ], [ 123.759, 8.607 ], [ 123.845, 8.452 ], [ 123.969, 8.168 ], [ 124.232, 8.213 ], [ 124.322, 8.515 ], [ 124.406, 8.608 ], [ 124.663, 8.476 ], [ 124.753, 8.5 ], [ 124.751, 8.693 ], [ 124.788, 8.734 ], [ 124.781, 8.949 ], [ 124.821, 9.015 ], [ 124.915, 8.994 ], [ 125.116, 8.831 ], [ 125.187, 8.876 ], [ 125.179, 8.998 ], [ 125.219, 9.088 ], [ 125.312, 8.994 ], [ 125.462, 8.985 ], [ 125.527, 9.026 ], [ 125.542, 9.189 ], [ 125.466, 9.408 ], [ 125.399, 9.681 ], [ 125.459, 9.823 ], [ 125.589, 9.755 ], [ 125.62, 9.63 ], [ 125.934, 9.492 ], [ 126.012, 9.294 ], [ 126.076, 9.239 ], [ 126.22, 9.306 ], [ 126.179, 9.093 ], [ 126.313, 8.956 ], [ 126.345, 8.853 ], [ 126.3, 8.768 ], [ 126.111, 8.607 ], [ 126.158, 8.528 ] ] ], [ [ [ 124.672, 9.125 ], [ 124.647, 9.219 ], [ 124.709, 9.25 ], [ 124.784, 9.2 ], [ 124.801, 9.096 ], [ 124.672, 9.125 ] ] ], [ [ [ 123.805, 9.56 ], [ 123.727, 9.591 ], [ 123.841, 9.642 ], [ 123.805, 9.56 ] ] ], [ [ [ 125.927, 9.739 ], [ 125.99, 9.686 ], [ 125.979, 9.575 ], [ 125.925, 9.59 ], [ 125.927, 9.739 ] ] ], [ [ [ 124.565, 9.871 ], [ 124.624, 9.802 ], [ 124.585, 9.732 ], [ 124.5, 9.768 ], [ 124.41, 9.658 ], [ 124.294, 9.607 ], [ 124.065, 9.595 ], [ 123.892, 9.632 ], [ 123.809, 9.803 ], [ 123.886, 9.915 ], [ 124.051, 9.979 ], [ 124.185, 10.144 ], [ 124.331, 10.162 ], [ 124.589, 10.024 ], [ 124.565, 9.871 ] ] ], [ [ [ 126.081, 10.056 ], [ 126.166, 9.829 ], [ 126.12, 9.759 ], [ 125.966, 9.85 ], [ 126.081, 10.056 ] ] ], [ [ [ 125.239, 10.104 ], [ 125.295, 9.971 ], [ 125.267, 9.925 ], [ 125.146, 10.071 ], [ 125.149, 10.166 ], [ 125.239, 10.104 ] ] ], [ [ [ 125.597, 10.09 ], [ 125.497, 10.103 ], [ 125.542, 10.2 ], [ 125.522, 10.317 ], [ 125.657, 10.456 ], [ 125.658, 10.262 ], [ 125.707, 10.069 ], [ 125.681, 9.958 ], [ 125.72, 9.912 ], [ 125.583, 10.01 ], [ 125.597, 10.09 ] ] ], [ [ [ 124.284, 10.604 ], [ 124.38, 10.691 ], [ 124.39, 10.641 ], [ 124.284, 10.604 ] ] ], [ [ [ 125.684, 10.753 ], [ 125.731, 10.808 ], [ 125.822, 10.735 ], [ 125.769, 10.7 ], [ 125.684, 10.753 ] ] ], [ [ [ 124.744, 11.329 ], [ 124.846, 11.433 ], [ 124.984, 11.381 ], [ 124.966, 11.294 ], [ 125.042, 11.248 ], [ 125.053, 10.968 ], [ 125.006, 10.797 ], [ 125.194, 10.603 ], [ 125.199, 10.433 ], [ 125.274, 10.323 ], [ 125.229, 10.254 ], [ 125.141, 10.279 ], [ 125.151, 10.185 ], [ 125.089, 10.229 ], [ 125.032, 10.02 ], [ 124.883, 10.135 ], [ 124.78, 10.152 ], [ 124.794, 10.303 ], [ 124.739, 10.395 ], [ 124.798, 10.659 ], [ 124.779, 10.821 ], [ 124.622, 11.002 ], [ 124.55, 10.983 ], [ 124.528, 10.878 ], [ 124.402, 10.93 ], [ 124.418, 11.129 ], [ 124.404, 11.303 ], [ 124.311, 11.467 ], [ 124.329, 11.557 ], [ 124.49, 11.447 ], [ 124.63, 11.304 ], [ 124.744, 11.329 ] ] ], [ [ [ 124.349, 11.68 ], [ 124.496, 11.695 ], [ 124.6, 11.563 ], [ 124.609, 11.487 ], [ 124.486, 11.488 ], [ 124.413, 11.546 ], [ 124.349, 11.68 ] ] ], [ [ [ 124.741, 11.651 ], [ 124.815, 11.632 ], [ 124.832, 11.536 ], [ 124.741, 11.651 ] ] ], [ [ [ 124.391, 12.222 ], [ 124.276, 12.533 ], [ 124.358, 12.545 ], [ 124.679, 12.516 ], [ 124.98, 12.561 ], [ 125.062, 12.53 ], [ 125.166, 12.578 ], [ 125.35, 12.399 ], [ 125.35, 12.29 ], [ 125.5, 12.249 ], [ 125.538, 12.172 ], [ 125.457, 12.107 ], [ 125.524, 12.046 ], [ 125.452, 11.964 ], [ 125.457, 11.786 ], [ 125.521, 11.46 ], [ 125.638, 11.368 ], [ 125.566, 11.268 ], [ 125.713, 11.149 ], [ 125.78, 11.052 ], [ 125.72, 11.049 ], [ 125.652, 11.149 ], [ 125.44, 11.098 ], [ 125.317, 11.15 ], [ 125.247, 11.092 ], [ 125.199, 11.228 ], [ 125.133, 11.282 ], [ 125.001, 11.29 ], [ 125.003, 11.42 ], [ 124.911, 11.502 ], [ 124.828, 11.509 ], [ 124.949, 11.57 ], [ 125.054, 11.738 ], [ 124.892, 11.761 ], [ 124.808, 11.899 ], [ 124.74, 11.926 ], [ 124.68, 12.03 ], [ 124.493, 12.098 ], [ 124.391, 12.222 ] ] ], [ [ [ 124.086, 13.26 ], [ 124.025, 13.222 ], [ 123.915, 13.29 ], [ 124.086, 13.26 ] ] ], [ [ [ 124.293, 13.604 ], [ 124.17, 13.53 ], [ 124.047, 13.606 ], [ 124.026, 13.67 ], [ 124.122, 13.78 ], [ 124.125, 14.049 ], [ 124.201, 14.092 ], [ 124.277, 13.956 ], [ 124.418, 13.873 ], [ 124.333, 13.572 ], [ 124.293, 13.604 ] ] ] ] } },
{ "type": "Feature", "properties": { "id": "austria1806", "colorId": "austria", "name": "Австрия", "parent": null }, "geometry": { "type": "MultiPolygon", "coordinates": [ [ [ [ 15.45936189404453, 45.91891309363097 ], [ 15.280787796670749, 45.975062680949598 ], [ 15.067235267852617, 46.092884765814773 ], [ 14.699041252648938, 46.129704167335142 ], [ 14.301391716228965, 46.380076097673644 ], [ 14.154114110147493, 46.424259379498082 ], [ 14.014200384370096, 46.586264746187702 ], [ 13.903742179808992, 46.689359070444731 ], [ 13.782238154791779, 46.954458761391379 ], [ 13.863240838136587, 47.01336980382397 ], [ 13.911106060113063, 47.164329350057479 ], [ 13.763828454031593, 47.300561135682841 ], [ 13.682825770686783, 47.256377853858396 ], [ 13.601823087341973, 47.28951531522673 ], [ 13.461909361564576, 47.609844108453927 ], [ 13.51713846384513, 47.74975783423131 ], [ 13.447181600956432, 47.801304996359832 ], [ 13.233629072138299, 47.860216038792423 ], [ 13.233629072138299, 47.985402003961674 ], [ 13.351451157003476, 48.014857525177966 ], [ 13.513456523693094, 48.165817071411475 ], [ 13.506092643389021, 48.302048857036837 ], [ 13.717, 48.522 ], [ 13.802, 48.612 ], [ 13.816, 48.766 ], [ 13.982, 48.706 ], [ 14.075, 48.592 ], [ 14.316, 48.558 ], [ 14.458, 48.643 ], [ 14.696, 48.59 ], [ 14.8, 48.777 ], [ 14.919, 48.762 ], [ 14.982, 49.008 ], [ 15.263, 48.983 ], [ 15.681, 48.858 ], [ 15.818, 48.872 ], [ 16.032, 48.758 ], [ 16.358, 48.727 ], [ 16.436, 48.795 ], [ 16.873, 48.719 ], [ 16.945, 48.604 ], [ 16.844, 48.366 ], [ 16.951, 48.277 ], [ 16.982, 48.161 ], [ 17.090047959272781, 48.109174790311073 ], [ 17.016336836055665, 48.022300966519474 ], [ 16.479298652616677, 47.903836661349111 ], [ 16.289755764344093, 47.782739816063845 ], [ 16.052827154003367, 47.319412755841974 ], [ 16.052827154003367, 46.908736497918042 ], [ 16.094, 46.863 ], [ 16.272, 46.864 ], [ 16.411, 46.668 ], [ 16.368, 46.643 ], [ 16.515, 46.502 ], [ 16.865, 46.359 ], [ 16.975, 46.211 ], [ 17.197, 46.121 ], [ 17.345, 45.956 ], [ 17.591, 45.936 ], [ 17.657, 45.845 ], [ 17.87, 45.773 ], [ 18.211, 45.785 ], [ 18.412, 45.743 ], [ 18.674, 45.91 ], [ 18.763, 45.884 ], [ 18.901, 45.931 ], [ 18.849, 45.81 ], [ 18.968, 45.669 ], [ 18.942, 45.539 ], [ 19.018, 45.567 ], [ 18.976, 45.391 ], [ 19.104, 45.299 ], [ 19.397, 45.223 ], [ 19.627816630033465, 45.160729861626407 ], [ 19.851582539799708, 45.229175904613733 ], [ 20.070083369336164, 45.179157642430667 ], [ 20.199077834966115, 45.129139380247636 ], [ 20.28068657852792, 45.031735395996428 ], [ 20.322807220366272, 44.905373470481372 ], [ 20.239304417383565, 44.883748302558715 ], [ 20.173299167325972, 44.743487146186332 ], [ 19.975283417153204, 44.673356568000145 ], [ 19.707137088794244, 44.821868380629724 ], [ 19.744265041951639, 44.912625599458906 ], [ 19.513246666750074, 44.945628224487706 ], [ 19.369, 44.887 ], [ 19.174, 44.925 ], [ 19.016, 44.866 ], [ 18.89, 44.861 ], [ 18.773, 44.942 ], [ 18.789, 45.006 ], [ 18.689, 45.08 ], [ 18.541, 45.055 ], [ 18.238, 45.157 ], [ 18.193, 45.109 ], [ 18.019, 45.149 ], [ 17.836, 45.064 ], [ 17.685, 45.164 ], [ 17.572, 45.12 ], [ 17.269, 45.19 ], [ 17.187, 45.149 ], [ 16.924, 45.285 ], [ 16.751722887409443, 45.322438789001012 ], [ 16.707539605585001, 45.392395651889707 ], [ 16.530806478287236, 45.432896993562117 ], [ 16.383528872205762, 45.554401018579327 ], [ 16.328299769925213, 45.664859223140432 ], [ 16.188386044147812, 45.764271607245426 ], [ 15.941696053961349, 45.786363248157649 ], [ 15.669232482710626, 45.91891309363097 ], [ 15.45936189404453, 45.91891309363097 ] ] ] ] } },
{ "type": "Feature", "properties": { "id": "sp_cuba1589", "colorId": "spain", "name": null, "parent": "spain" }, "geometry": { "type": "MultiPolygon", "coordinates": [ [ [ [ -80.992, 22.054 ], [ -81.104, 22.096 ], [ -81.136, 22.23 ], [ -81.205, 22.278 ], [ -81.197, 22.091 ], [ -81.239, 22.151 ], [ -81.374, 22.104 ], [ -81.396, 22.171 ], [ -81.651, 22.213 ], [ -81.824, 22.189 ], [ -81.88, 22.26 ], [ -82.088, 22.342 ], [ -82.119, 22.432 ], [ -81.841, 22.431 ], [ -81.684, 22.464 ], [ -81.643, 22.573 ], [ -81.878, 22.68 ], [ -82.099, 22.655 ], [ -82.199, 22.686 ], [ -82.633, 22.68 ], [ -82.781, 22.696 ], [ -82.801, 22.623 ], [ -83.086, 22.463 ], [ -83.167, 22.34 ], [ -83.26, 22.342 ], [ -83.415, 22.186 ], [ -83.561, 22.205 ], [ -83.925, 22.172 ], [ -84.002, 22.058 ], [ -83.965, 22.013 ], [ -84.042, 21.918 ], [ -84.142, 21.94 ], [ -84.305, 21.885 ], [ -84.423, 21.792 ], [ -84.521, 21.787 ], [ -84.474, 21.905 ], [ -84.536, 21.94 ], [ -84.66, 21.912 ], [ -84.8, 21.832 ], [ -84.947, 21.86 ], [ -84.583, 22.008 ], [ -84.308, 22.037 ], [ -84.336, 22.131 ], [ -84.446, 22.205 ], [ -84.374, 22.381 ], [ -84.145, 22.569 ], [ -84.078, 22.666 ], [ -83.873, 22.751 ], [ -83.669, 22.795 ], [ -83.541, 22.874 ], [ -83.393, 22.877 ], [ -83.246, 22.994 ], [ -83.161, 22.98 ], [ -82.918, 23.032 ], [ -82.576, 23.054 ], [ -82.407, 23.147 ], [ -82.219, 23.194 ], [ -81.986, 23.171 ], [ -81.581, 23.158 ], [ -81.553, 23.054 ], [ -81.286, 23.145 ], [ -81.121, 23.039 ], [ -81.078, 23.104 ], [ -80.959, 23.059 ], [ -80.759, 23.097 ], [ -80.622, 23.09 ], [ -80.557, 23.007 ], [ -80.28, 22.912 ], [ -80.025, 22.947 ], [ -79.988, 22.884 ], [ -79.652, 22.759 ], [ -79.627, 22.657 ], [ -79.512, 22.535 ], [ -79.342, 22.413 ], [ -79.239, 22.376 ], [ -78.982, 22.405 ], [ -78.782, 22.391 ], [ -78.758, 22.322 ], [ -78.676, 22.357 ], [ -78.484, 22.26 ], [ -78.381, 22.247 ], [ -78.301, 22.164 ], [ -78.065, 22.087 ], [ -77.985, 21.97 ], [ -77.761, 21.813 ], [ -77.525, 21.754 ], [ -77.456, 21.777 ], [ -77.43, 21.658 ], [ -77.337, 21.65 ], [ -77.459, 21.809 ], [ -77.614, 21.884 ], [ -77.556, 21.929 ], [ -77.508, 21.862 ], [ -77.195, 21.671 ], [ -77.134, 21.664 ], [ -77.154, 21.555 ], [ -77.25, 21.61 ], [ -77.258, 21.476 ], [ -77.153, 21.495 ], [ -77.107, 21.603 ], [ -76.963, 21.473 ], [ -76.637, 21.321 ], [ -76.735, 21.286 ], [ -76.552, 21.267 ], [ -76.537, 21.185 ], [ -76.456, 21.226 ], [ -76.507, 21.288 ], [ -76.388, 21.284 ], [ -76.138, 21.167 ], [ -76.117, 21.091 ], [ -76.002, 21.078 ], [ -75.822, 21.137 ], [ -75.684, 21.103 ], [ -75.578, 21.013 ], [ -75.649, 20.899 ], [ -75.744, 20.902 ], [ -75.784, 20.746 ], [ -75.709, 20.691 ], [ -75.633, 20.781 ], [ -75.613, 20.718 ], [ -75.498, 20.693 ], [ -75.44, 20.741 ], [ -75.195, 20.691 ], [ -74.998, 20.701 ], [ -74.772, 20.626 ], [ -74.605, 20.486 ], [ -74.495, 20.355 ], [ -74.401, 20.307 ], [ -74.214, 20.311 ], [ -74.142, 20.183 ], [ -74.267, 20.068 ], [ -74.393, 20.081 ], [ -74.58, 20.048 ], [ -74.813, 20.037 ], [ -74.978, 19.923 ], [ -75.095, 19.897 ], [ -75.164, 19.914 ], [ -75.137, 19.972 ], [ -75.16, 19.971 ], [ -75.233, 19.9 ], [ -75.605, 19.892 ], [ -75.722, 19.958 ], [ -75.98, 19.952 ], [ -76.248, 19.991 ], [ -76.524, 19.944 ], [ -76.866, 19.938 ], [ -76.959, 19.891 ], [ -77.298, 19.907 ], [ -77.359, 19.864 ], [ -77.737, 19.856 ], [ -77.62, 20.02 ], [ -77.401, 20.198 ], [ -77.182, 20.295 ], [ -77.082, 20.465 ], [ -77.24, 20.563 ], [ -77.195, 20.637 ], [ -77.315, 20.709 ], [ -77.493, 20.677 ], [ -77.778, 20.701 ], [ -77.878, 20.732 ], [ -78.066, 20.712 ], [ -78.272, 20.901 ], [ -78.404, 20.958 ], [ -78.495, 21.048 ], [ -78.504, 21.147 ], [ -78.608, 21.494 ], [ -78.767, 21.64 ], [ -79.249, 21.552 ], [ -79.54, 21.622 ], [ -79.639, 21.688 ], [ -79.895, 21.699 ], [ -79.895, 21.76 ], [ -80.004, 21.756 ], [ -80.067, 21.817 ], [ -80.27, 21.887 ], [ -80.451, 22.069 ], [ -80.396, 22.101 ], [ -80.484, 22.192 ], [ -80.538, 22.164 ], [ -80.514, 22.056 ], [ -80.992, 22.054 ] ] ], [ [ [ -82.568, 21.637 ], [ -82.595, 21.542 ], [ -82.836, 21.445 ], [ -83.079, 21.469 ], [ -83.192, 21.63 ], [ -83.024, 21.548 ], [ -82.988, 21.62 ], [ -83.073, 21.761 ], [ -83.075, 21.843 ], [ -82.959, 21.925 ], [ -82.859, 21.934 ], [ -82.69, 21.882 ], [ -82.693, 21.824 ], [ -82.592, 21.729 ], [ -82.568, 21.637 ] ] ], [ [ [ -77.709, 21.912 ], [ -77.902, 22.015 ], [ -77.947, 22.073 ], [ -77.809, 22.1 ], [ -77.634, 22.054 ], [ -77.709, 21.912 ] ] ], [ [ [ -78.046, 22.199 ], [ -77.902, 22.233 ], [ -77.826, 22.158 ], [ -77.863, 22.099 ], [ -77.997, 22.147 ], [ -78.046, 22.199 ] ] ], [ [ [ -78.197, 22.329 ], [ -78.299, 22.42 ], [ -78.1, 22.397 ], [ -78.028, 22.266 ], [ -78.197, 22.329 ] ] ], [ [ [ -78.426, 22.463 ], [ -78.638, 22.492 ], [ -78.68, 22.554 ], [ -78.352, 22.543 ], [ -78.282, 22.457 ], [ -78.43, 22.419 ], [ -78.426, 22.463 ] ] ], [ [ [ -79.358, 22.638 ], [ -79.491, 22.702 ], [ -79.591, 22.795 ], [ -79.372, 22.677 ], [ -79.358, 22.638 ] ] ] ] } },
{ "type": "Feature", "properties": { "id": "sennar", "colorId": "sennar", "name": "Сеннар", "parent": null }, "geometry": { "type": "MultiPolygon", "coordinates": [ [ [ [ 29.666160158649415, 18.897843232750937 ], [ 30.333334020067621, 19.215914492264268 ], [ 30.736741471157703, 19.510712244983942 ], [ 31.42718883936957, 19.735689477322641 ], [ 32.296066426332814, 19.906361860476135 ], [ 33.490773108407282, 19.852057011290931 ], [ 33.940727573084679, 19.727931641724755 ], [ 34.592385763307121, 19.122820465089635 ], [ 35.150949926354919, 18.253942878126384 ], [ 35.507810363857686, 17.819504084644763 ], [ 35.616420062228087, 16.764438443332249 ], [ 35.500052528259793, 15.895560856368999 ], [ 35.321622309508413, 15.25166050174445 ], [ 35.321622309508406, 14.506908284347373 ], [ 34.910457022820445, 13.575968012601036 ], [ 33.971758915476222, 12.691574754442016 ], [ 32.893419767370041, 12.241620289764624 ], [ 31.559072044533625, 12.41229267291812 ], [ 30.480732896427451, 13.19583406830462 ], [ 29.953200075771193, 14.181079189236161 ], [ 30.16266163691412, 14.894800064241686 ], [ 30.294544842078185, 15.856771678379568 ], [ 29.836832541802906, 16.694617922951274 ], [ 29.34808889913608, 17.935871618613056 ], [ 29.410151583919166, 18.393583918888339 ], [ 29.666160158649415, 18.897843232750937 ] ] ] ] } },
{ "type": "Feature", "properties": { "id": "oman_zanzibar1747", "colorId": "oman", "name": null, "parent": "oman1747" }, "geometry": { "type": "MultiPolygon", "coordinates": [ [ [ [ 39.719, -8.093 ], [ 39.742, -7.995 ], [ 39.801, -8.007 ], [ 39.719, -8.093 ] ] ], [ [ [ 39.896, -7.638 ], [ 39.893, -7.754 ], [ 39.823, -7.914 ], [ 39.65, -7.994 ], [ 39.587, -7.945 ], [ 39.715, -7.812 ], [ 39.845, -7.738 ], [ 39.896, -7.638 ] ] ], [ [ [ 39.213, -6.114 ], [ 39.186, -5.994 ], [ 39.28, -5.842 ], [ 39.313, -5.718 ], [ 39.431, -6.186 ], [ 39.525, -6.175 ], [ 39.543, -6.321 ], [ 39.57, -6.421 ], [ 39.508, -6.463 ], [ 39.3, -6.239 ], [ 39.264, -6.302 ], [ 39.177, -6.158 ], [ 39.213, -6.114 ] ] ], [ [ [ 40.129, -3.252 ], [ 39.971, -3.376 ], [ 39.857, -3.618 ], [ 39.867, -3.695 ], [ 39.786, -3.917 ], [ 39.54, -4.43 ], [ 39.444, -4.52 ], [ 39.406, -4.615 ], [ 39.3, -4.595 ], [ 39.191, -4.678 ], [ 39.216, -4.796 ], [ 39.175, -4.926 ], [ 39.109, -4.917 ], [ 39.139, -5.103 ], [ 38.981, -5.417 ], [ 38.985, -5.505 ], [ 38.833, -5.816 ], [ 38.778, -6.031 ], [ 38.857, -6.164 ], [ 38.852, -6.349 ], [ 38.923, -6.445 ], [ 39.041, -6.47 ], [ 39.28, -6.727 ], [ 39.294, -6.815 ], [ 39.465, -6.858 ], [ 39.551, -6.994 ], [ 39.548, -7.118 ], [ 39.478, -7.151 ], [ 39.328, -7.309 ], [ 39.354, -7.349 ], [ 39.275, -7.596 ], [ 39.305, -7.792 ], [ 39.396, -7.78 ], [ 39.454, -8.01 ], [ 39.28, -8.309 ], [ 39.303, -8.505 ], [ 39.362, -8.611 ], [ 39.354, -8.714 ], [ 39.439, -8.755 ], [ 39.521, -8.923 ], [ 39.449, -8.859 ], [ 39.389, -8.899 ], [ 39.492, -8.938 ], [ 39.499, -9.124 ], [ 39.557, -9.094 ], [ 39.644, -9.189 ], [ 39.616, -9.425 ], [ 39.681, -9.505 ], [ 39.752, -9.749 ], [ 39.807, -9.852 ], [ 39.714, -9.952 ], [ 39.914, -10.034 ], [ 39.975, -10.133 ], [ 40.133, -10.17 ], [ 40.118, -10.257 ], [ 40.232, -10.297 ], [ 40.232, -10.2 ], [ 40.339, -10.349 ], [ 40.449, -10.345 ], [ 40.437, -10.475 ], [ 40.363686005913969, -10.571222065638331 ], [ 39.811563658973704, -10.53489822702384 ], [ 39.441060505105895, -10.338749498505587 ], [ 39.099616422129678, -10.069953092758352 ], [ 38.445787327068835, -8.268290697479589 ], [ 38.423993023900145, -7.614461602418749 ], [ 38.278697669442181, -6.299538644574168 ], [ 38.264168133996385, -5.565797104561442 ], [ 38.389833783489969, -5.142776417806292 ], [ 39.493170381461177, -2.846201721288442 ], [ 39.583071882036613, -2.462077127920687 ], [ 39.820084929008203, -2.053433943486906 ], [ 40.14699947655523, -1.751037987005908 ], [ 40.563815524677686, -1.546716394789017 ], [ 41.462830530432008, -1.256579733841033 ], [ 41.816880098375094, -1.37248540264074 ], [ 41.652, -1.565 ], [ 41.535, -1.696 ], [ 41.283, -1.969 ], [ 40.925, -2.217 ], [ 40.795, -2.29 ], [ 40.829, -2.375 ], [ 40.616, -2.553 ], [ 40.524, -2.525 ], [ 40.39, -2.56 ], [ 40.244, -2.657 ], [ 40.175, -2.763 ], [ 40.163, -2.934 ], [ 40.225, -2.994 ], [ 40.119, -3.184 ], [ 40.129, -3.252 ] ] ], [ [ [ 39.774, -5.26 ], [ 39.691, -5.137 ], [ 39.684, -4.89 ], [ 39.814, -4.969 ], [ 39.856, -5.253 ], [ 39.796, -5.407 ], [ 39.643, -5.414 ], [ 39.664, -5.287 ], [ 39.774, -5.26 ] ] ] ] } },
{ "type": "Feature", "properties": { "id": "ott_albania1517", "colorId": "turkey", "name": null, "parent": "ottoman" }, "geometry": { "type": "MultiPolygon", "coordinates": [ [ [ [ 20.393, 39.835 ], [ 20.273, 39.796 ], [ 20.299, 39.728 ], [ 20.164, 39.644 ], [ 20.0, 39.694 ], [ 20.016, 39.845 ], [ 19.855, 40.05 ], [ 19.476, 40.214 ], [ 19.29, 40.427 ], [ 19.414, 40.334 ], [ 19.479, 40.454 ], [ 19.31, 40.644 ], [ 19.414, 40.869 ], [ 19.507, 40.905 ], [ 19.448, 41.009 ], [ 19.442, 41.144 ], [ 19.517, 41.256 ], [ 19.396, 41.402 ], [ 19.517, 41.513 ], [ 19.441, 41.585 ], [ 19.565, 41.585 ], [ 19.585, 41.819 ], [ 19.365, 41.852 ], [ 19.375, 42.095 ], [ 19.272, 42.181 ], [ 19.259600068052645, 42.360281175777494 ], [ 19.422314617384838, 42.593358773469554 ], [ 19.699, 42.655 ], [ 19.822504454931583, 42.663721821829427 ], [ 19.87087905067899, 42.575768011379587 ], [ 19.972025932696301, 42.536188796677166 ], [ 20.2, 42.428 ], [ 20.23, 42.327 ], [ 20.333, 42.318 ], [ 20.501, 42.211 ], [ 20.599, 41.948 ], [ 20.567, 41.873 ], [ 20.5, 41.734 ], [ 20.529, 41.575 ], [ 20.444, 41.55 ], [ 20.54, 41.401 ], [ 20.478, 41.32 ], [ 20.577, 41.094 ], [ 20.664, 41.059 ], [ 20.766, 40.894 ], [ 20.94, 40.907 ], [ 20.965, 40.849 ], [ 20.944, 40.765 ], [ 21.037, 40.64 ], [ 21.014, 40.549 ], [ 20.912, 40.46 ], [ 20.827, 40.465 ], [ 20.707, 40.288 ], [ 20.64, 40.09 ], [ 20.433, 40.064 ], [ 20.31, 39.99 ], [ 20.393, 39.835 ] ] ] ] } },
{ "type": "Feature", "properties": { "id": "eskimos", "colorId": null, "name": "эскимосы", "parent": null }, "geometry": { "type": "MultiPolygon", "coordinates": [ [ [ [ -33.232, 67.543 ], [ -33.948, 66.752 ], [ -34.654, 66.371 ], [ -36.074, 65.935 ], [ -40.604, 64.683 ], [ -41.512501342048203, 64.928345348863758 ], [ -43.412382460499188, 62.895914384939452 ], [ -45.282808057733874, 62.012248748450631 ], [ -47.462516627739646, 62.365715003046162 ], [ -50.614257397883136, 65.016711912512648 ], [ -53.65, 66.124 ], [ -53.965, 67.078 ], [ -53.34, 68.272 ], [ -51.569, 68.524 ], [ -51.087, 68.951 ], [ -51.439, 69.966 ], [ -54.185, 70.477 ], [ -55.288, 71.381 ], [ -55.905, 71.682 ], [ -55.552, 72.038 ], [ -55.663, 73.057 ], [ -56.713, 74.348 ], [ -57.083, 74.924 ], [ -58.159, 75.067 ], [ -59.64, 75.812 ], [ -63.477, 76.377 ], [ -64.672, 76.272 ], [ -66.487, 75.947 ], [ -68.433, 76.079 ], [ -68.438, 76.144 ], [ -69.637, 76.383 ], [ -69.918, 76.75 ], [ -71.346, 76.992 ], [ -71.193, 77.137 ], [ -71.631, 77.863 ], [ -72.242, 77.939 ], [ -72.297, 78.056 ], [ -72.895, 78.154 ], [ -72.661, 78.291 ], [ -72.59, 78.521 ], [ -71.942, 78.558 ], [ -65.978, 79.104 ], [ -64.86, 79.508 ], [ -65.306, 80.096 ], [ -67.462, 80.185 ], [ -67.455, 80.343 ], [ -62.977, 81.228 ], [ -61.546, 81.066 ], [ -61.296, 81.371 ], [ -61.454, 81.745 ], [ -46.845, 82.976 ], [ -32.491, 83.634 ], [ -25.65, 83.298 ], [ -16.485, 81.749 ], [ -13.92, 81.812 ], [ -12.028, 81.637 ], [ -11.396, 81.461 ], [ -12.538, 81.187 ], [ -14.295, 80.784 ], [ -15.321, 80.715 ], [ -16.447, 80.219 ], [ -17.873, 80.161 ], [ -19.566, 79.386 ], [ -19.357, 77.733 ], [ -18.266, 76.921 ], [ -18.628, 76.702 ], [ -19.391, 76.831 ], [ -19.672, 76.127 ], [ -19.345, 75.733 ], [ -19.627, 74.239 ], [ -20.201, 74.28 ], [ -20.543, 73.449 ], [ -21.543, 73.49 ], [ -22.644, 71.675 ], [ -21.75, 71.49 ], [ -21.638, 70.445 ], [ -22.38, 69.971 ], [ -29.378, 68.201 ], [ -31.996, 68.05 ], [ -33.232, 67.543 ] ] ] ] } },
{ "type": "Feature", "properties": { "id": "ott_kosovo1517", "colorId": "turkey", "name": null, "parent": "ottoman" }, "geometry": { "type": "MultiPolygon", "coordinates": [ [ [ [ 21.098, 42.196 ], [ 21.144562202852516, 42.161625965728923 ], [ 21.287137762047795, 42.057898534468158 ], [ 21.497529496606369, 42.255914284640923 ], [ 21.621289340464351, 42.367298144113107 ], [ 21.667335629116856, 42.487814200929741 ], [ 21.662937938594361, 42.610949535559506 ], [ 21.555194520793314, 42.69450565548685 ], [ 21.293531934705062, 42.738482560711766 ], [ 21.26274810104762, 42.830834061684094 ], [ 21.130817385372868, 42.879208657431505 ], [ 21.095635861192935, 42.984753229971304 ], [ 20.959307454995692, 43.125479326691035 ], [ 20.839, 43.17 ], [ 20.699843714168683, 43.187046994005918 ], [ 20.598, 43.185 ], [ 20.669, 43.11 ], [ 20.596, 43.007 ], [ 20.476, 42.966 ], [ 20.476, 42.856 ], [ 20.345, 42.827 ], [ 20.183, 42.743 ], [ 20.311497659634053, 42.687011074079543 ], [ 20.484761441035225, 42.521997948935571 ], [ 20.501, 42.211 ], [ 20.599, 41.948 ], [ 20.567, 41.873 ], [ 20.681, 41.844 ], [ 20.75, 41.907 ], [ 20.765, 42.064 ], [ 21.098, 42.196 ] ] ] ] } },
{ "type": "Feature", "properties": { "id": "sp_caroline1589", "colorId": "spain", "name": null, "parent": "spain" }, "geometry": { "type": "MultiPolygon", "coordinates": [ [ [ [ 163.019, 5.273 ], [ 162.916, 5.287 ], [ 163.026, 5.341 ], [ 163.019, 5.273 ] ] ], [ [ [ 158.126, 6.907 ], [ 158.181, 6.979 ], [ 158.291, 6.938 ], [ 158.339, 6.869 ], [ 158.292, 6.795 ], [ 158.194, 6.793 ], [ 158.126, 6.907 ] ] ] ] } },
{ "type": "Feature", "properties": { "id": "ethiopia1543", "colorId": "ethiopia", "name": "Эфиопия", "parent": null }, "geometry": { "type": "MultiPolygon", "coordinates": [ [ [ [ 39.811, 15.079 ], [ 39.857, 15.193 ], [ 39.79, 15.257 ], [ 39.776, 15.403 ], [ 39.875, 15.504 ], [ 40.072, 15.351 ], [ 40.027, 15.237 ], [ 40.159, 14.982 ], [ 40.287, 14.913 ], [ 40.39, 15.003 ], [ 40.527, 14.997 ], [ 40.734, 14.818 ], [ 40.766, 14.695 ], [ 40.884, 14.715 ], [ 40.945, 14.677 ], [ 41.156, 14.642 ], [ 41.307, 14.489 ], [ 41.336, 14.402 ], [ 41.621, 14.064 ], [ 41.677, 13.94 ], [ 41.806, 13.93 ], [ 41.981, 13.838 ], [ 41.795580207738382, 13.545326011966049 ], [ 41.649052571973534, 13.291955308456021 ], [ 41.426208459247846, 12.715002742631979 ], [ 41.323191760948468, 11.219196718898223 ], [ 41.261000049545622, 10.987391249123966 ], [ 41.023540787825652, 10.772547155186851 ], [ 40.893503573074241, 10.710355443784001 ], [ 40.752158774431393, 10.1280148733755 ], [ 40.933080116694228, 9.443906047944157 ], [ 41.08437256782193, 9.030252686007469 ], [ 40.880050975605045, 8.646128092639715 ], [ 40.332469108463776, 8.588918046818986 ], [ 39.813492264232877, 8.588918046818986 ], [ 38.947168713233253, 8.821844661946239 ], [ 38.326031072893905, 9.148759209493264 ], [ 37.770276342063973, 9.622785303436451 ], [ 37.288077384432107, 10.186712897955069 ], [ 37.091928655903892, 10.374688762794609 ], [ 36.756841244668195, 10.554491763945473 ], [ 36.532087493229618, 10.689344014808619 ], [ 36.041715671909081, 11.310481655147967 ], [ 36.056363994172251, 12.621421774883057 ], [ 36.459771438354899, 13.500643127588827 ], [ 36.666647050756254, 13.761823588245539 ], [ 36.83214754067734, 14.51433362835548 ], [ 37.256399956090917, 15.429574922368637 ], [ 37.442488361891385, 15.633344821614951 ], [ 38.095757404676277, 16.335456409654789 ], [ 38.81618494718672, 16.88493504377292 ], [ 39.056, 17.034 ], [ 39.163, 16.628 ], [ 39.197, 16.299 ], [ 39.236, 16.109 ], [ 39.313, 15.894 ], [ 39.427, 15.82 ], [ 39.478, 15.661 ], [ 39.458, 15.525 ], [ 39.587, 15.531 ], [ 39.718, 15.264 ], [ 39.698, 15.124 ], [ 39.811, 15.079 ] ] ], [ [ [ 40.026, 15.883 ], [ 40.136, 15.806 ], [ 40.164, 15.644 ], [ 40.244, 15.702 ], [ 40.386, 15.641 ], [ 40.414, 15.598 ], [ 40.287, 15.573 ], [ 40.123, 15.614 ], [ 40.061, 15.592 ], [ 39.971, 15.661 ], [ 40.081, 15.661 ], [ 39.93, 15.74 ], [ 40.026, 15.883 ] ] ], [ [ [ 39.99, 16.018 ], [ 40.095, 16.047 ], [ 40.097, 15.981 ], [ 39.99, 16.018 ] ] ] ] } },
{ "type": "Feature", "properties": { "id": "sikhs", "colorId": "sikhs", "name": "Сикхи", "parent": null }, "geometry": { "type": "MultiPolygon", "coordinates": [ [ [ [ 72.51676534375224, 33.602117469510482 ], [ 72.85714025558498, 33.657755676252371 ], [ 73.236789195706109, 33.536660755696495 ], [ 73.721168877929614, 33.22246852938936 ], [ 74.199002888771716, 33.0260983879474 ], [ 74.833933012767389, 32.973733016896205 ], [ 75.318312694990894, 32.770817204072848 ], [ 75.750327006163218, 32.463170649147109 ], [ 76.35252877325189, 31.576232176967586 ], [ 76.427619718592013, 31.383491618007039 ], [ 76.427619718592013, 31.286949665553074 ], [ 76.593120208513113, 31.107657468138562 ], [ 76.340272237800335, 31.015712751515736 ], [ 75.954104427984461, 31.070879581489432 ], [ 75.724242636427405, 31.006518279853456 ], [ 75.430019543234351, 30.896184619906066 ], [ 74.938115309302233, 30.965143157373188 ], [ 74.501377905343816, 30.836420554101231 ], [ 74.193363104657337, 30.468641687609928 ], [ 73.59025545030164, 30.255642975770378 ], [ 73.259699045540998, 30.098546862616807 ], [ 73.18115098896422, 30.190186261956391 ], [ 72.624768921545325, 30.245824468698277 ], [ 72.395670423196378, 30.527288338098419 ], [ 72.153480582084626, 30.939665635126538 ], [ 71.90474506959147, 31.031305034466122 ], [ 71.656009557098301, 31.352042932154667 ], [ 71.544733143614508, 31.960790370624746 ], [ 71.701829256768079, 32.216071554499294 ], [ 71.898199398210053, 32.947550331370607 ], [ 72.51676534375224, 33.602117469510482 ] ] ] ] } },
{ "type": "Feature", "properties": { "id": "br_australia1788", "colorId": "britain", "name": null, "parent": "britain" }, "geometry": { "type": "MultiPolygon", "coordinates": [ [ [ [ 145.791, -41.017 ], [ 145.916, -41.041 ], [ 146.214, -41.155 ], [ 146.424, -41.166 ], [ 147.018, -40.977 ], [ 147.171, -41.007 ], [ 147.286, -40.941 ], [ 147.445, -41.008 ], [ 147.597, -40.847 ], [ 147.669, -40.826 ], [ 147.82, -40.893 ], [ 147.916, -40.853 ], [ 147.984, -40.737 ], [ 148.209, -40.841 ], [ 148.331, -41.002 ], [ 148.272, -41.203 ], [ 148.333, -41.292 ], [ 148.279, -41.45 ], [ 148.315, -41.607 ], [ 148.261, -41.8 ], [ 148.327, -41.916 ], [ 148.299, -42.051 ], [ 148.155, -42.08 ], [ 148.093, -42.1 ], [ 148.005, -42.312 ], [ 148.006, -42.514 ], [ 147.953, -42.72 ], [ 147.981, -42.871 ], [ 147.7, -43.163 ], [ 147.1, -43.299 ], [ 146.856, -43.64 ], [ 146.711, -43.629 ], [ 146.558, -43.525 ], [ 146.306, -43.53 ], [ 146.209, -43.492 ], [ 146.024, -43.553 ], [ 146.0, -43.419 ], [ 145.832, -43.293 ], [ 145.688, -43.05 ], [ 145.51, -42.958 ], [ 145.353, -42.651 ], [ 145.265, -42.604 ], [ 145.189, -42.196 ], [ 145.207, -41.967 ], [ 144.926, -41.709 ], [ 144.767, -41.336 ], [ 144.682, -41.223 ], [ 144.675, -41.081 ], [ 144.606, -40.997 ], [ 144.697, -40.887 ], [ 144.689, -40.705 ], [ 144.985, -40.745 ], [ 145.119, -40.821 ], [ 145.267, -40.785 ], [ 145.342, -40.844 ], [ 145.712, -40.93 ], [ 145.791, -41.017 ] ] ], [ [ [ 148.013, -40.378 ], [ 148.323, -40.304 ], [ 148.43, -40.373 ], [ 148.485, -40.428 ], [ 148.341, -40.504 ], [ 148.002, -40.427 ], [ 148.013, -40.378 ] ] ], [ [ [ 148.167, -39.936 ], [ 148.299, -39.962 ], [ 148.307, -40.238 ], [ 148.203, -40.209 ], [ 148.124, -40.271 ], [ 148.015, -40.151 ], [ 147.881, -39.895 ], [ 147.758, -39.879 ], [ 147.953, -39.712 ], [ 148.167, -39.936 ] ] ], [ [ [ 144.084, -39.626 ], [ 144.126, -39.808 ], [ 144.105, -39.893 ], [ 144.112, -40.031 ], [ 143.923, -40.127 ], [ 143.838, -39.935 ], [ 143.862, -39.701 ], [ 143.986, -39.571 ], [ 144.084, -39.626 ] ] ], [ [ [ 145.4, -16.443 ], [ 145.968, -17.242 ], [ 146.071, -17.392 ], [ 146.068, -17.516 ], [ 146.148, -17.633 ], [ 146.084, -17.796 ], [ 146.114, -17.864 ], [ 146.004, -18.156 ], [ 146.024, -18.263 ], [ 146.183, -18.38 ], [ 146.214, -18.492 ], [ 146.339, -18.527 ], [ 146.277, -18.874 ], [ 146.447, -19.06 ], [ 146.655, -19.183 ], [ 146.746, -19.173 ], [ 146.905, -19.305 ], [ 147.01, -19.253 ], [ 147.134, -19.411 ], [ 147.421, -19.413 ], [ 147.445, -19.342 ], [ 147.55, -19.521 ], [ 147.599, -19.703 ], [ 147.684, -19.828 ], [ 147.785, -19.835 ], [ 147.859, -19.825 ], [ 147.949, -19.908 ], [ 148.072, -19.877 ], [ 148.13, -19.936 ], [ 148.279, -19.966 ], [ 148.437, -20.075 ], [ 148.56, -20.053 ], [ 148.611, -20.214 ], [ 148.683, -20.185 ], [ 148.683, -20.274 ], [ 148.757, -20.23 ], [ 148.849, -20.349 ], [ 148.808, -20.433 ], [ 148.655, -20.555 ], [ 148.71, -20.679 ], [ 148.854, -20.832 ], [ 148.971, -20.871 ], [ 149.027, -20.976 ], [ 149.151, -20.996 ], [ 149.231, -21.09 ], [ 149.196, -21.181 ], [ 149.226, -21.273 ], [ 149.293, -21.282 ], [ 149.341, -21.424 ], [ 149.395, -21.504 ], [ 149.478, -21.718 ], [ 149.435, -21.79 ], [ 149.483, -21.951 ], [ 149.609, -22.244 ], [ 149.924, -22.298 ], [ 149.99, -22.163 ], [ 150.054, -22.142 ], [ 150.216, -22.395 ], [ 150.3, -22.418 ], [ 150.535, -22.427 ], [ 150.568, -22.323 ], [ 150.76, -22.47 ], [ 150.783, -22.543 ], [ 150.826, -22.698 ], [ 150.774, -22.967 ], [ 150.764, -23.159 ], [ 150.787, -23.309 ], [ 150.814, -23.411 ], [ 150.937, -23.543 ], [ 151.126, -23.675 ], [ 151.187, -23.804 ], [ 151.278, -23.824 ], [ 151.448, -24.009 ], [ 151.692, -24.098 ], [ 151.811, -24.142 ], [ 151.933, -24.211 ], [ 152.059, -24.514 ], [ 152.15, -24.619 ], [ 152.306, -24.724 ], [ 152.405, -24.749 ], [ 152.491, -24.848 ], [ 152.506, -24.999 ], [ 152.677, -25.242 ], [ 152.914, -25.288 ], [ 152.966, -25.497 ], [ 152.905, -25.561 ], [ 152.943, -25.753 ], [ 153.021, -25.825 ], [ 153.028, -25.969 ], [ 153.25, -27.473 ], [ 153.315, -27.655 ], [ 153.446, -27.81 ], [ 153.449, -28.073 ], [ 153.591, -28.268 ], [ 153.576, -28.59 ], [ 153.631, -28.662 ], [ 153.606, -28.867 ], [ 153.051, -30.473 ], [ 152.988, -30.735 ], [ 153.028, -30.876 ], [ 153.086, -30.895 ], [ 153.06, -31.077 ], [ 152.981, -31.166 ], [ 152.935, -31.483 ], [ 152.845, -31.569 ], [ 152.747, -31.843 ], [ 152.609, -31.946 ], [ 152.51, -32.162 ], [ 152.565, -32.206 ], [ 152.54, -32.442 ], [ 152.402, -32.489 ], [ 152.188, -32.669 ], [ 152.198, -32.73 ], [ 152.109, -32.794 ], [ 151.834, -32.865 ], [ 151.341, -33.617 ], [ 151.281, -33.952 ], [ 151.232, -34.024 ], [ 150.925, -34.33 ], [ 150.873, -34.546 ], [ 150.897, -34.601 ], [ 150.834, -34.782 ], [ 150.729, -34.87 ], [ 150.241, -35.81 ], [ 150.153, -35.894 ], [ 150.123, -36.153 ], [ 150.142, -36.32 ], [ 150.079, -36.386 ], [ 150.066, -36.567 ], [ 149.904, -36.928 ], [ 149.944, -37.053 ], [ 149.876, -37.096 ], [ 149.998, -37.15 ], [ 150.054, -37.276 ], [ 149.951, -37.284 ], [ 149.985, -37.496 ], [ 149.779, -37.556 ], [ 149.667, -37.7 ], [ 149.479, -37.786 ], [ 148.786, -37.798 ], [ 148.306, -37.823 ], [ 147.917, -37.919 ], [ 147.589, -38.081 ], [ 146.483, -38.924 ], [ 146.182, -38.868 ], [ 146.092, -38.82 ], [ 145.921, -38.907 ], [ 145.809, -38.65 ], [ 145.571, -38.662 ], [ 145.514, -38.578 ], [ 144.945, -38.51 ], [ 144.653, -38.286 ], [ 144.402, -38.301 ], [ 144.053, -38.486 ], [ 143.845, -38.691 ], [ 143.705, -38.728 ], [ 143.537, -38.858 ], [ 143.334, -38.756 ], [ 143.242, -38.763 ], [ 143.06, -38.636 ], [ 142.81, -38.578 ], [ 142.654, -38.473 ], [ 142.398, -38.367 ], [ 142.225, -38.406 ], [ 141.947, -38.283 ], [ 141.762, -38.262 ], [ 141.618, -38.338 ], [ 141.654, -38.4 ], [ 141.371, -38.386 ], [ 141.375, -38.291 ], [ 140.951, -38.054 ], [ 140.714, -38.071 ], [ 140.602, -38.038 ], [ 140.36, -37.882 ], [ 140.241, -37.666 ], [ 140.11, -37.57 ], [ 140.114, -37.518 ], [ 139.988, -37.487 ], [ 139.742, -37.181 ], [ 139.788, -37.126 ], [ 139.672, -36.953 ], [ 139.785, -36.902 ], [ 139.864, -36.767 ], [ 139.854, -36.622 ], [ 139.567, -36.075 ], [ 138.918, -35.577 ], [ 138.746, -35.539 ], [ 138.531, -35.646 ], [ 138.202, -35.672 ], [ 138.107, -35.621 ], [ 138.123, -35.555 ], [ 138.030659574336539, -35.393115508307702 ], [ 137.890257434875366, -35.287813903711822 ], [ 137.671, -35.181 ], [ 137.561, -35.131 ], [ 137.403, -35.124 ], [ 137.239, -35.172 ], [ 137.169, -35.242 ], [ 137.04, -35.227 ], [ 136.874, -35.295 ], [ 136.647698500643997, -35.112311229385355 ], [ 136.303713258964137, -34.992969410843358 ], [ 135.965, -35.008 ], [ 135.822, -34.874 ], [ 135.741, -34.861 ], [ 135.633, -34.953 ], [ 135.604, -34.88 ], [ 135.43, -34.713 ], [ 135.389, -34.569 ], [ 135.346, -34.276 ], [ 135.273, -34.116 ], [ 135.26, -33.998 ], [ 135.19, -33.893 ], [ 135.071784978894954, -33.804254062283242 ], [ 135.07, -12.26 ], [ 135.258, -12.222 ], [ 135.223, -12.191 ], [ 135.366, -12.088 ], [ 135.588, -12.099 ], [ 135.732, -12.311 ], [ 135.889, -12.146 ], [ 135.935, -12.214 ], [ 136.06, -12.232 ], [ 136.18, -12.188 ], [ 136.3, -12.051 ], [ 136.451, -11.942 ], [ 136.691, -12.283 ], [ 136.766, -12.243 ], [ 136.761, -12.164 ], [ 136.876, -12.223 ], [ 136.928, -12.349 ], [ 136.69, -12.713 ], [ 136.567, -13.058 ], [ 136.478, -13.228 ], [ 136.388, -13.226 ], [ 136.159, -13.263 ], [ 136.086, -13.23 ], [ 135.978, -13.232 ], [ 135.883, -13.326 ], [ 135.965, -13.449 ], [ 135.855, -13.456 ], [ 135.845, -13.6 ], [ 135.901, -13.739 ], [ 136.053, -13.688 ], [ 135.991, -13.901 ], [ 135.923, -13.96 ], [ 135.909, -14.195 ], [ 135.759, -14.265 ], [ 135.532, -14.581 ], [ 135.523, -14.652 ], [ 135.378, -14.712 ], [ 135.47, -14.948 ], [ 135.861, -15.176 ], [ 135.952, -15.264 ], [ 136.24, -15.424 ], [ 136.268, -15.545 ], [ 136.417, -15.622 ], [ 136.529, -15.719 ], [ 136.595, -15.711 ], [ 136.723, -15.862 ], [ 136.705, -15.915 ], [ 136.907, -15.936 ], [ 136.992, -15.864 ], [ 137.198, -15.985 ], [ 137.361, -16.122 ], [ 137.746, -16.252 ], [ 137.867, -16.437 ], [ 138.184, -16.697 ], [ 138.493, -16.794 ], [ 138.657, -16.78 ], [ 138.753, -16.841 ], [ 139.037, -16.916 ], [ 139.158, -17.033 ], [ 139.142, -17.117 ], [ 139.209, -17.286 ], [ 139.274, -17.348 ], [ 139.439, -17.376 ], [ 139.641, -17.532 ], [ 139.925, -17.621 ], [ 140.0, -17.706 ], [ 140.24, -17.702 ], [ 140.507, -17.636 ], [ 140.755, -17.478 ], [ 140.833, -17.451 ], [ 140.96, -17.074 ], [ 140.947, -17.018 ], [ 141.084, -16.8 ], [ 141.199, -16.703 ], [ 141.304, -16.442 ], [ 141.35, -16.224 ], [ 141.431, -16.062 ], [ 141.379, -15.938 ], [ 141.487, -15.479 ], [ 141.639, -15.141 ], [ 141.666, -15.011 ], [ 141.604, -14.878 ], [ 141.522, -14.484 ], [ 141.592, -14.245 ], [ 141.584, -14.076 ], [ 141.485, -13.949 ], [ 141.474, -13.776 ], [ 141.527, -13.571 ], [ 141.693, -13.241 ], [ 141.636, -13.16 ], [ 141.585, -12.977 ], [ 141.755, -12.818 ], [ 141.82, -12.666 ], [ 141.811, -12.584 ], [ 141.694, -12.503 ], [ 141.595, -12.526 ], [ 141.967, -11.811 ], [ 142.132, -11.338 ], [ 142.145, -10.983 ], [ 142.175, -10.93 ], [ 142.323, -10.902 ], [ 142.449, -10.715 ], [ 142.54, -10.689 ], [ 142.615, -10.745 ], [ 142.666, -11.003 ], [ 142.742, -10.975 ], [ 142.801, -11.278 ], [ 142.87, -11.391 ], [ 142.821, -11.478 ], [ 142.873, -11.851 ], [ 142.992, -11.934 ], [ 143.123, -11.911 ], [ 143.204, -11.983 ], [ 143.086, -12.149 ], [ 143.077, -12.329 ], [ 143.253, -12.389 ], [ 143.323, -12.558 ], [ 143.434, -12.613 ], [ 143.495, -12.922 ], [ 143.527, -13.33 ], [ 143.53, -13.75 ], [ 143.783, -14.402 ], [ 143.941, -14.511 ], [ 144.162, -14.373 ], [ 144.185, -14.263 ], [ 144.304, -14.313 ], [ 144.448, -14.244 ], [ 144.479, -14.16 ], [ 144.633, -14.34 ], [ 144.619, -14.484 ], [ 144.678, -14.556 ], [ 144.886, -14.61 ], [ 144.942, -14.726 ], [ 145.031, -14.806 ], [ 145.223, -14.833 ], [ 145.277, -14.947 ], [ 145.346, -14.943 ], [ 145.247, -15.095 ], [ 145.274, -15.536 ], [ 145.434, -16.201 ], [ 145.462, -16.273 ], [ 145.4, -16.443 ] ] ], [ [ [ 151.028, -23.445 ], [ 151.195, -23.534 ], [ 151.27, -23.666 ], [ 151.298, -23.748 ], [ 151.214, -23.778 ], [ 150.98, -23.487 ], [ 151.028, -23.445 ] ] ], [ [ [ 142.637, -9.374 ], [ 142.755, -9.37 ], [ 142.642, -9.428 ], [ 142.637, -9.374 ] ] ] ] } },
{ "type": "Feature", "properties": { "id": "ott_bosnia1517", "colorId": "turkey", "name": null, "parent": "ottoman" }, "geometry": { "type": "MultiPolygon", "coordinates": [ [ [ [ 17.836, 45.064 ], [ 18.019, 45.149 ], [ 18.193, 45.109 ], [ 18.238, 45.157 ], [ 18.541, 45.055 ], [ 18.689, 45.08 ], [ 18.789, 45.006 ], [ 18.773, 44.942 ], [ 18.89, 44.861 ], [ 19.016, 44.866 ], [ 19.174, 44.925 ], [ 19.369, 44.887 ], [ 19.328, 44.734 ], [ 19.13, 44.518 ], [ 19.107, 44.383 ], [ 19.177, 44.287 ], [ 19.324, 44.264 ], [ 19.362, 44.191 ], [ 19.619, 44.036 ], [ 19.50687946769612, 43.967634920331697 ], [ 19.361818741372037, 43.956968690454929 ], [ 19.218891261023309, 44.035898791543033 ], [ 19.229557490900081, 43.961235182405638 ], [ 19.385284447100933, 43.867372359490055 ], [ 19.462, 43.762 ], [ 19.534455725708384, 43.749951380884859 ], [ 19.538853416230875, 43.600429903120144 ], [ 19.482, 43.561 ], [ 19.35968549539669, 43.564451430989763 ], [ 19.233823982850797, 43.504720543679852 ], [ 19.103695978354185, 43.543118971236218 ], [ 18.945835776177979, 43.538852479285509 ], [ 18.928769808375147, 43.462055624172763 ], [ 19.026899123241435, 43.41939070466568 ], [ 19.067430796773166, 43.235931550785224 ], [ 19.001300171537189, 43.231665058834515 ], [ 18.854106199237751, 43.355393325405053 ], [ 18.659980815480523, 43.21459909103168 ], [ 18.600249928170609, 43.129269252017515 ], [ 18.681313275234064, 43.058872134830828 ], [ 18.632248617800919, 43.024740199225164 ], [ 18.506387105255026, 43.029006691175866 ], [ 18.465268708013255, 42.895958590451997 ], [ 18.467, 42.769 ], [ 18.55, 42.639 ], [ 18.282995437853206, 42.643054983074911 ], [ 17.885334538459485, 42.829243034236129 ], [ 17.617832878534951, 42.924061023253429 ], [ 17.506062582390332, 43.00278868686172 ], [ 17.535944615292749, 43.059104825793199 ], [ 17.137709061420136, 43.391829769072039 ], [ 16.788319138253399, 43.532045461921847 ], [ 16.608864810177501, 43.712712026276833 ], [ 16.535471167540624, 43.729726602660925 ], [ 16.526276695878341, 43.828567173030464 ], [ 16.252741163925435, 44.017053842107259 ], [ 16.020580754452798, 44.253811487411035 ], [ 16.013684900706085, 44.410117505669838 ], [ 15.701072864188477, 44.685951655538318 ], [ 15.696475628357335, 44.943396862082224 ], [ 15.78, 45.16 ], [ 15.825, 45.211 ], [ 15.998, 45.219 ], [ 16.213, 45.031 ], [ 16.341, 45.006 ], [ 16.482, 45.2 ], [ 16.587, 45.221 ], [ 16.786, 45.179 ], [ 16.924, 45.285 ], [ 17.187, 45.149 ], [ 17.269, 45.19 ], [ 17.572, 45.12 ], [ 17.685, 45.164 ], [ 17.836, 45.064 ] ] ] ] } },
{ "type": "Feature", "properties": { "id": "spain", "colorId": "spain", "name": "Испания", "parent": null }, "geometry": { "type": "MultiPolygon", "coordinates": [ [ [ [ -17.934, 27.852 ], [ -17.879, 27.815 ], [ -17.979, 27.643 ], [ -18.16, 27.722 ], [ -17.934, 27.852 ] ] ], [ [ [ -15.392, 28.03 ], [ -15.378, 27.852 ], [ -15.578, 27.734 ], [ -15.786, 27.844 ], [ -15.816, 27.996 ], [ -15.725, 28.057 ], [ -15.706, 28.167 ], [ -15.435, 28.141 ], [ -15.392, 28.03 ] ] ], [ [ [ -17.233, 28.019 ], [ -17.343, 28.098 ], [ -17.31, 28.207 ], [ -17.213, 28.205 ], [ -17.098, 28.101 ], [ -17.233, 28.019 ] ] ], [ [ [ -16.837, 28.209 ], [ -16.916, 28.355 ], [ -16.507, 28.424 ], [ -16.408, 28.52 ], [ -16.141, 28.583 ], [ -16.127, 28.544 ], [ -16.356, 28.381 ], [ -16.428, 28.15 ], [ -16.546, 28.024 ], [ -16.676, 27.997 ], [ -16.837, 28.209 ] ] ], [ [ [ -14.214, 28.235 ], [ -14.146, 28.423 ], [ -13.973, 28.736 ], [ -13.836, 28.715 ], [ -13.848, 28.397 ], [ -13.967, 28.228 ], [ -14.212, 28.161 ], [ -14.301, 28.068 ], [ -14.495, 28.068 ], [ -14.27, 28.176 ], [ -14.214, 28.235 ] ] ], [ [ [ -18.002, 28.75 ], [ -17.911, 28.856 ], [ -17.756, 28.819 ], [ -17.721, 28.731 ], [ -17.831, 28.455 ], [ -18.002, 28.75 ] ] ], [ [ [ -13.775, 28.84 ], [ -13.86, 28.859 ], [ -13.832, 29.0 ], [ -13.751, 29.081 ], [ -13.526, 29.15 ], [ -13.483, 29.24 ], [ -13.418, 29.209 ], [ -13.482, 28.999 ], [ -13.709, 28.915 ], [ -13.775, 28.84 ] ] ], [ [ [ -5.399, 35.925 ], [ -5.319, 35.877 ], [ -5.341, 35.847 ], [ -5.399, 35.925 ] ] ], [ [ [ 1.383, 38.642 ], [ 1.431, 38.755 ], [ 1.526, 38.678 ], [ 1.383, 38.642 ] ] ], [ [ [ 1.606, 39.091 ], [ 1.623, 39.029 ], [ 1.415, 38.891 ], [ 1.403, 38.832 ], [ 1.212, 38.903 ], [ 1.357, 39.078 ], [ 1.537, 39.118 ], [ 1.606, 39.091 ] ] ], [ [ [ 2.57, 39.713 ], [ 2.704, 39.814 ], [ 2.933, 39.914 ], [ 3.179, 39.969 ], [ 3.095, 39.881 ], [ 3.163, 39.769 ], [ 3.355, 39.784 ], [ 3.474, 39.75 ], [ 3.406, 39.592 ], [ 3.221, 39.36 ], [ 3.061, 39.269 ], [ 2.959, 39.363 ], [ 2.762, 39.4 ], [ 2.755, 39.503 ], [ 2.655, 39.565 ], [ 2.493, 39.47 ], [ 2.392, 39.524 ], [ 2.358, 39.612 ], [ 2.57, 39.713 ] ] ], [ [ [ -0.424, 42.791 ], [ -0.323, 42.843 ], [ -0.161, 42.795 ], [ -0.039, 42.685 ], [ 0.169, 42.726 ], [ 0.275, 42.669 ], [ 0.644, 42.684 ], [ 0.783293239440351, 42.616959603890493 ], [ 0.707813466323597, 42.466000057656984 ], [ 0.763042568604149, 42.408929985300404 ], [ 0.700449586019523, 42.084919251921171 ], [ 0.597355261762493, 41.849275082190815 ], [ 0.479533176897316, 41.794045979910273 ], [ 0.313845870055661, 41.659655164360927 ], [ 0.444554745452967, 41.560242780255948 ], [ 0.354347211728065, 41.457148455998919 ], [ 0.343301391271955, 41.203094585508381 ], [ 0.30280004959955, 41.133137722619679 ], [ 0.225479306406778, 41.116568991935516 ], [ 0.214433485950668, 41.050294069198848 ], [ 0.29175422914344, 40.954563625245889 ], [ 0.254934827623072, 40.814649899468492 ], [ 0.199705725342521, 40.715237515363498 ], [ 0.269662588231219, 40.619507071410538 ], [ 0.525097186278771, 40.51503201959644 ], [ 0.351, 40.285 ], [ 0.066, 40.032 ], [ -0.194, 39.715 ], [ -0.323, 39.516 ], [ -0.301, 39.322 ], [ -0.215, 39.182 ], [ -0.21, 39.079 ], [ -0.121, 38.951 ], [ -0.01, 38.87 ], [ 0.111, 38.85 ], [ 0.228, 38.735 ], [ -0.015, 38.624 ], [ -0.09, 38.535 ], [ -0.345, 38.462 ], [ -0.414, 38.365 ], [ -0.51, 38.338 ], [ -0.504, 38.207 ], [ -0.609, 38.178 ], [ -0.655, 37.989 ], [ -0.718, 37.943 ], [ -0.853, 37.724 ], [ -0.705, 37.62 ], [ -0.925, 37.556 ], [ -1.07, 37.583 ], [ -1.106, 37.532 ], [ -1.243, 37.579 ], [ -1.471, 37.482 ], [ -1.488, 37.433 ], [ -1.671, 37.363 ], [ -1.813, 37.207 ], [ -1.899, 36.95 ], [ -2.003, 36.887 ], [ -2.127, 36.736 ], [ -2.204, 36.737 ], [ -2.362, 36.837 ], [ -2.577, 36.811 ], [ -2.659, 36.695 ], [ -2.757, 36.68 ], [ -2.933, 36.752 ], [ -3.33, 36.745 ], [ -3.415, 36.696 ], [ -3.601, 36.743 ], [ -4.057, 36.748 ], [ -4.225, 36.712 ], [ -4.433, 36.711 ], [ -4.525, 36.581 ], [ -4.723, 36.493 ], [ -4.903, 36.507 ], [ -5.187, 36.411 ], [ -5.339, 36.141 ], [ -5.358, 36.141 ], [ -5.425, 36.18 ], [ -5.446, 36.057 ], [ -5.612, 36.006 ], [ -5.796, 36.086 ], [ -5.917, 36.184 ], [ -6.037, 36.19 ], [ -6.159, 36.304 ], [ -6.231, 36.473 ], [ -6.235, 36.576 ], [ -6.395, 36.637 ], [ -6.433, 36.751 ], [ -6.388, 36.808 ], [ -6.5, 36.96 ], [ -6.893, 37.167 ], [ -7.086, 37.206 ], [ -7.414, 37.193 ], [ -7.476, 37.494 ], [ -7.53, 37.567 ], [ -7.426, 37.751 ], [ -7.334, 37.812 ], [ -7.273, 37.977 ], [ -7.123, 38.04 ], [ -7.024, 38.023 ], [ -6.948, 38.197 ], [ -7.104, 38.174 ], [ -7.167, 38.272 ], [ -7.359, 38.446 ], [ -7.27, 38.738 ], [ -7.056, 38.855 ], [ -6.973, 39.014 ], [ -7.039, 39.109 ], [ -7.167, 39.113 ], [ -7.327, 39.341 ], [ -7.314, 39.457 ], [ -7.516, 39.594 ], [ -7.557, 39.68 ], [ -7.036, 39.689 ], [ -6.924, 39.872 ], [ -6.88, 40.009 ], [ -7.043, 40.181 ], [ -6.896, 40.255 ], [ -6.794, 40.356 ], [ -6.857, 40.442 ], [ -6.814, 40.647 ], [ -6.837, 40.84 ], [ -6.942, 41.016 ], [ -6.818, 41.054 ], [ -6.647, 41.268 ], [ -6.496, 41.295 ], [ -6.321, 41.42 ], [ -6.206, 41.57 ], [ -6.272, 41.628 ], [ -6.577, 41.74 ], [ -6.524, 41.867 ], [ -6.568, 41.926 ], [ -7.145, 41.987 ], [ -7.251, 41.864 ], [ -7.622, 41.832 ], [ -7.722, 41.899 ], [ -8.049, 41.816 ], [ -8.18, 41.811 ], [ -8.232, 41.886 ], [ -8.095, 42.041 ], [ -8.191, 42.062 ], [ -8.222, 42.154 ], [ -8.347, 42.102 ], [ -8.627, 42.051 ], [ -8.751, 41.969 ], [ -8.865, 41.889 ], [ -8.899, 42.102 ], [ -8.868, 42.256 ], [ -8.868, 42.415 ], [ -9.012, 42.531 ], [ -9.071, 42.596 ], [ -9.03, 42.708 ], [ -9.135, 42.813 ], [ -9.135, 42.918 ], [ -9.292, 42.923 ], [ -9.28, 43.055 ], [ -9.138, 43.202 ], [ -8.959, 43.227 ], [ -8.988, 43.283 ], [ -8.841, 43.339 ], [ -8.693, 43.293 ], [ -8.558, 43.313 ], [ -8.331, 43.406 ], [ -8.333, 43.472 ], [ -8.313, 43.567 ], [ -8.087, 43.656 ], [ -8.059, 43.709 ], [ -7.881, 43.763 ], [ -7.847, 43.712 ], [ -7.641, 43.753 ], [ -7.367, 43.68 ], [ -7.23, 43.569 ], [ -7.032, 43.553 ], [ -6.649, 43.579 ], [ -6.51, 43.547 ], [ -6.223, 43.596 ], [ -5.907, 43.588 ], [ -5.852, 43.663 ], [ -5.709, 43.569 ], [ -5.424, 43.561 ], [ -5.178, 43.489 ], [ -4.953, 43.47 ], [ -4.735, 43.417 ], [ -4.386, 43.384 ], [ -4.029, 43.438 ], [ -3.923, 43.483 ], [ -3.756, 43.472 ], [ -3.554, 43.517 ], [ -3.09, 43.367 ], [ -2.93, 43.438 ], [ -2.756, 43.45 ], [ -2.367, 43.316 ], [ -2.128, 43.287 ], [ -1.794, 43.386 ], [ -1.747, 43.291 ], [ -1.404, 43.243 ], [ -1.488, 43.082 ], [ -1.383, 43.029 ], [ -1.275, 43.047 ], [ -0.981, 42.957 ], [ -0.76, 42.947 ], [ -0.73, 42.878 ], [ -0.583, 42.796 ], [ -0.424, 42.791 ] ] ], [ [ [ 3.822, 40.048 ], [ 4.105, 40.079 ], [ 4.303, 39.926 ], [ 4.248, 39.816 ], [ 4.015, 39.926 ], [ 3.831, 39.936 ], [ 3.822, 40.048 ] ] ] ] } },
{ "type": "Feature", "properties": { "id": "br_reunion1810", "colorId": "britain", "name": null, "parent": "britain" }, "geometry": { "type": "MultiPolygon", "coordinates": [ [ [ [ 55.287, -20.912 ], [ 55.408, -20.863 ], [ 55.578, -20.875 ], [ 55.703, -20.949 ], [ 55.788, -21.103 ], [ 55.855, -21.157 ], [ 55.821, -21.325 ], [ 55.707, -21.367 ], [ 55.554, -21.364 ], [ 55.355, -21.275 ], [ 55.225, -21.048 ], [ 55.287, -20.912 ] ] ] ] } },
{ "type": "Feature", "properties": { "id": "merina", "colorId": "merina", "name": "Имерина", "parent": null }, "geometry": { "type": "MultiPolygon", "coordinates": [ [ [ [ 46.7610659613579, -17.790913745175182 ], [ 46.957597796504345, -17.744366731587863 ], [ 47.221364206832476, -17.754710512385046 ], [ 47.712693794698602, -17.884007772349815 ], [ 47.955772643432368, -17.89952344354559 ], [ 48.379728825051899, -18.000550494653584 ], [ 48.428821360412392, -18.457111073506148 ], [ 48.129356894713396, -19.507691330220641 ], [ 47.786447455927558, -20.011886048536059 ], [ 47.734418839975845, -20.099757472381967 ], [ 47.276221672186161, -20.392130903257296 ], [ 46.896572590303272, -20.389949011982107 ], [ 46.524945839373473, -19.991687771352357 ], [ 46.414612179426079, -19.708957767737168 ], [ 46.524945839373473, -18.384953848368479 ], [ 46.642175353067572, -18.005681892299325 ], [ 46.7610659613579, -17.790913745175182 ] ] ] ] } },
{ "type": "Feature", "properties": { "id": "sulu", "colorId": "sulu", "name": "Сулу", "parent": null }, "geometry": { "type": "MultiPolygon", "coordinates": [ [ [ [ 117.741, 4.026 ], [ 117.665, 3.983 ], [ 117.594, 4.064 ], [ 117.661, 4.149 ], [ 117.699, 4.111 ], [ 117.741, 4.026 ] ] ], [ [ [ 117.935, 4.06 ], [ 117.839, 4.04 ], [ 117.704, 4.163 ], [ 117.644, 4.215 ], [ 117.702, 4.268 ], [ 117.907, 4.157 ], [ 117.935, 4.06 ] ] ], [ [ [ 118.51, 4.649 ], [ 118.572, 4.601 ], [ 118.346, 4.67 ], [ 118.476, 4.694 ], [ 118.51, 4.649 ] ] ], [ [ [ 115.249, 5.365 ], [ 115.259, 5.291 ], [ 115.159, 5.252 ], [ 115.249, 5.365 ] ] ], [ [ [ 117.675, 5.989 ], [ 117.774, 5.908 ], [ 117.884, 5.955 ], [ 118.017, 6.061 ], [ 118.125, 5.864 ], [ 118.059, 5.809 ], [ 117.908, 5.785 ], [ 117.965, 5.686 ], [ 118.134, 5.69 ], [ 118.161, 5.793 ], [ 118.262, 5.828 ], [ 118.411, 5.796 ], [ 118.594, 5.682 ], [ 118.737, 5.548 ], [ 118.919, 5.455 ], [ 118.948, 5.389 ], [ 119.205, 5.443 ], [ 119.274, 5.361 ], [ 119.267, 5.201 ], [ 119.156, 5.106 ], [ 118.681, 4.944 ], [ 118.585, 4.972 ], [ 118.509, 4.931 ], [ 118.357, 5.039 ], [ 118.217, 4.966 ], [ 118.136, 4.882 ], [ 118.219, 4.756 ], [ 118.334, 4.652 ], [ 118.49, 4.575 ], [ 118.645, 4.444 ], [ 118.543, 4.36 ], [ 118.137, 4.299 ], [ 118.005, 4.232 ], [ 117.892, 4.257 ], [ 117.73, 4.355 ], [ 117.671, 4.426 ], [ 117.606, 4.382 ], [ 117.652, 4.285 ], [ 117.567, 4.16 ], [ 117.508, 4.123 ], [ 117.373, 4.17 ], [ 117.396, 4.099 ], [ 117.52, 4.049 ], [ 117.777, 3.799 ], [ 117.734, 3.752 ], [ 117.826, 3.704 ], [ 117.749, 3.637 ], [ 117.547, 3.664 ], [ 117.469, 3.792 ], [ 117.524, 3.625 ], [ 117.091, 3.646 ], [ 116.831567092705868, 3.735620772565784 ], [ 116.716765824985984, 3.991053593242502 ], [ 116.577, 4.332 ], [ 116.527343733248173, 4.579410090306855 ], [ 116.174329835009559, 4.932423988545466 ], [ 115.557, 5.067 ], [ 115.605, 5.212 ], [ 115.49, 5.223 ], [ 115.36, 5.32 ], [ 115.404, 5.424 ], [ 115.55, 5.54 ], [ 115.585, 5.616 ], [ 115.674, 5.529 ], [ 115.849, 5.56 ], [ 115.92, 5.747 ], [ 116.051, 5.842 ], [ 116.142, 6.073 ], [ 116.106, 6.126 ], [ 116.293, 6.276 ], [ 116.348, 6.38 ], [ 116.503, 6.495 ], [ 116.645, 6.717 ], [ 116.669, 6.876 ], [ 116.777, 7.027 ], [ 116.832, 6.973 ], [ 117.029, 6.91 ], [ 117.144, 7.004 ], [ 117.257, 6.938 ], [ 117.228, 6.838 ], [ 117.309, 6.629 ], [ 117.442, 6.553 ], [ 117.534, 6.621 ], [ 117.558, 6.54 ], [ 117.641, 6.522 ], [ 117.744, 6.39 ], [ 117.723, 6.255 ], [ 117.6, 6.198 ], [ 117.675, 5.989 ] ] ], [ [ [ 117.247, 7.183 ], [ 117.153, 7.173 ], [ 117.072, 7.102 ], [ 117.064, 7.271 ], [ 117.171, 7.343 ], [ 117.27, 7.349 ], [ 117.247, 7.183 ] ] ], [ [ [ 116.886, 7.229 ], [ 117.003, 7.356 ], [ 117.02, 7.295 ], [ 116.886, 7.229 ] ] ] ] } },
{ "type": "Feature", "properties": { "id": "brunei1363", "colorId": "brunei", "name": "Бруней", "parent": null }, "geometry": { "type": "MultiPolygon", "coordinates": [ [ [ [ 113.999, 4.601 ], [ 114.252, 4.593 ], [ 114.529, 4.694 ], [ 114.723, 4.876 ], [ 115.058, 5.054 ], [ 114.982, 4.889 ], [ 115.03, 4.821 ], [ 115.146, 4.909 ], [ 115.199, 4.951 ], [ 115.358, 4.903 ], [ 115.557, 5.067 ], [ 116.174329835009559, 4.932423988545466 ], [ 116.527343733248173, 4.579410090306855 ], [ 116.34620307879571, 4.456131318821712 ], [ 116.287588321948661, 4.325110097634186 ], [ 116.046233440813751, 4.238911925800287 ], [ 115.801430632805477, 3.873431677224555 ], [ 114.863594523252644, 3.080408496352685 ], [ 114.484322567183483, 2.156364094293287 ], [ 114.056779634887363, 1.915009213158369 ], [ 113.63958048321129, 1.580560306442841 ], [ 113.329267064609255, 1.515049695849078 ], [ 113.056880841614131, 1.577112379569485 ], [ 112.598306567457783, 1.570216525822773 ], [ 112.329368271336023, 1.490914207735585 ], [ 111.577558566196288, 1.223032570556532 ], [ 111.439140473612781, 1.377805538632587 ], [ 111.24607316291997, 1.395357112331934 ], [ 111.08651340201682, 1.443225040602879 ], [ 110.968, 1.503 ], [ 111.007, 1.555 ], [ 111.038, 1.677 ], [ 111.096, 1.774 ], [ 111.211, 2.074 ], [ 111.271, 2.154 ], [ 111.185, 2.145 ], [ 111.209, 2.389 ], [ 111.246, 2.436 ], [ 111.423, 2.54 ], [ 111.44, 2.68 ], [ 111.67, 2.843 ], [ 112.014, 2.886 ], [ 113.008, 3.162 ], [ 113.069, 3.279 ], [ 113.278, 3.484 ], [ 113.434, 3.753 ], [ 113.737, 4.001 ], [ 113.947, 4.274 ], [ 113.999, 4.601 ] ] ] ] } },
{ "type": "Feature", "properties": { "id": "br_antilles1707", "colorId": "britain", "name": null, "parent": "britain" }, "geometry": { "type": "MultiPolygon", "coordinates": [ [ [ [ -61.613, 12.214 ], [ -61.614, 12.08 ], [ -61.75, 12.036 ], [ -61.73, 12.167 ], [ -61.613, 12.214 ] ] ], [ [ [ -70.049, 12.632 ], [ -69.997, 12.578 ], [ -69.888, 12.418 ], [ -70.058, 12.537 ], [ -70.049, 12.632 ] ] ], [ [ [ -62.219, 16.689 ], [ -62.202, 16.819 ], [ -62.147, 16.744 ], [ -62.219, 16.689 ] ] ], [ [ [ -61.884, 17.049 ], [ -61.894, 17.101 ], [ -61.793, 17.165 ], [ -61.672, 17.058 ], [ -61.852, 17.008 ], [ -61.884, 17.049 ] ] ], [ [ [ -62.599, 17.203 ], [ -62.538, 17.162 ], [ -62.612, 17.104 ], [ -62.599, 17.203 ] ] ], [ [ [ -62.82, 17.416 ], [ -62.65, 17.266 ], [ -62.861, 17.362 ], [ -62.82, 17.416 ] ] ], [ [ [ -61.873, 17.711 ], [ -61.754, 17.669 ], [ -61.771, 17.546 ], [ -61.839, 17.593 ], [ -61.873, 17.711 ] ] ], [ [ [ -63.007, 18.273 ], [ -63.1, 18.176 ], [ -63.142, 18.198 ], [ -63.007, 18.273 ] ] ], [ [ [ -64.527, 18.449 ], [ -64.635, 18.406 ], [ -64.662, 18.44 ], [ -64.527, 18.449 ] ] ], [ [ [ -61.707, 10.084 ], [ -61.929, 10.056 ], [ -61.712, 10.164 ], [ -61.612, 10.248 ], [ -61.507, 10.241 ], [ -61.458, 10.302 ], [ -61.488, 10.43 ], [ -61.489, 10.631 ], [ -61.668, 10.707 ], [ -61.602, 10.748 ], [ -61.433, 10.757 ], [ -61.367, 10.803 ], [ -60.907, 10.837 ], [ -61.002, 10.699 ], [ -61.037, 10.625 ], [ -61.028, 10.409 ], [ -60.961, 10.33 ], [ -60.996, 10.138 ], [ -61.192, 10.074 ], [ -61.707, 10.084 ] ] ], [ [ [ -60.848, 11.164 ], [ -60.669, 11.303 ], [ -60.531, 11.351 ], [ -60.533, 11.267 ], [ -60.803, 11.143 ], [ -60.848, 11.164 ] ] ], [ [ [ -61.124, 13.308 ], [ -61.167, 13.146 ], [ -61.271, 13.187 ], [ -61.27, 13.29 ], [ -61.212, 13.369 ], [ -61.124, 13.308 ] ] ], [ [ [ -60.948, 14.102 ], [ -60.887, 14.01 ], [ -60.892, 13.833 ], [ -60.941, 13.722 ], [ -61.078, 13.806 ], [ -61.059, 13.931 ], [ -60.948, 14.102 ] ] ], [ [ [ -60.961, 14.75 ], [ -60.879, 14.777 ], [ -60.935, 14.688 ], [ -60.848, 14.596 ], [ -60.81, 14.462 ], [ -61.07, 14.467 ], [ -61.106, 14.517 ], [ -61.016, 14.613 ], [ -61.16, 14.667 ], [ -61.229, 14.822 ], [ -61.171, 14.876 ], [ -61.002, 14.811 ], [ -60.961, 14.75 ] ] ], [ [ [ -61.257, 15.285 ], [ -61.363, 15.202 ], [ -61.421, 15.415 ], [ -61.472, 15.481 ], [ -61.469, 15.634 ], [ -61.308, 15.579 ], [ -61.267, 15.508 ], [ -61.257, 15.285 ] ] ], [ [ [ -61.268, 16.009 ], [ -61.194, 15.932 ], [ -61.305, 15.878 ], [ -61.268, 16.009 ] ] ], [ [ [ -61.771, 16.349 ], [ -61.552, 16.286 ], [ -61.558, 16.086 ], [ -61.597, 15.997 ], [ -61.695, 15.949 ], [ -61.769, 16.088 ], [ -61.797, 16.251 ], [ -61.771, 16.349 ] ] ], [ [ [ -61.544, 16.285 ], [ -61.496, 16.381 ], [ -61.534, 16.449 ], [ -61.459, 16.512 ], [ -61.394, 16.389 ], [ -61.188, 16.264 ], [ -61.503, 16.213 ], [ -61.544, 16.285 ] ] ] ] } },
{ "type": "Feature", "properties": { "id": "sp_puerto_rico1589", "colorId": "spain", "name": null, "parent": "spain" }, "geometry": { "type": "MultiPolygon", "coordinates": [ [ [ [ -64.876, 17.776 ], [ -64.772, 17.793 ], [ -64.69, 17.745 ], [ -64.559, 17.752 ], [ -64.876, 17.689 ], [ -64.876, 17.776 ] ] ], [ [ [ -65.479, 18.157 ], [ -65.299, 18.154 ], [ -65.348, 18.115 ], [ -65.565, 18.094 ], [ -65.479, 18.157 ] ] ], [ [ [ -65.848, 18.438 ], [ -65.738, 18.382 ], [ -65.629, 18.391 ], [ -65.629, 18.279 ], [ -65.592, 18.231 ], [ -65.738, 18.183 ], [ -65.83, 18.027 ], [ -66.196, 17.928 ], [ -66.469, 17.993 ], [ -66.593, 17.964 ], [ -66.766, 17.984 ], [ -66.924, 17.95 ], [ -67.112, 17.95 ], [ -67.214, 17.994 ], [ -67.152, 18.203 ], [ -67.269, 18.369 ], [ -67.159, 18.421 ], [ -67.102, 18.523 ], [ -66.907, 18.485 ], [ -66.641, 18.496 ], [ -66.258, 18.482 ], [ -66.108, 18.421 ], [ -66.122, 18.473 ], [ -65.848, 18.438 ] ] ], [ [ [ -65.041, 18.354 ], [ -64.929, 18.38 ], [ -64.872, 18.315 ], [ -65.041, 18.354 ] ] ] ] } },
{ "type": "Feature", "properties": { "id": "usa1803", "colorId": "usa", "name": "США", "parent": null }, "geometry": { "type": "MultiPolygon", "coordinates": [ [ [ [ -75.736, 35.188 ], [ -75.516, 35.291 ], [ -75.469, 35.565 ], [ -75.476, 35.695 ], [ -75.452, 35.583 ], [ -75.516, 35.26 ], [ -75.736, 35.188 ] ] ], [ [ [ -96.727717167013125, 32.863906839252344 ], [ -97.199005679903522, 32.933727359680546 ], [ -97.792480103543269, 33.335195352142733 ], [ -98.381590744656236, 33.426834785204761 ], [ -98.787422519645176, 33.326467787089214 ], [ -99.271802380115858, 33.431198567731521 ], [ -100.009281627138776, 33.400652090044183 ], [ -100.72494196152789, 33.461745045418859 ], [ -101.017315390820997, 33.575203391114698 ], [ -101.231140734632348, 33.754118474711973 ], [ -101.300961255060557, 33.863213037881039 ], [ -101.510422816345169, 34.020309208844502 ], [ -102.265357193475154, 34.14685890212062 ], [ -102.810830009320512, 34.347592898351714 ], [ -103.290846087264427, 34.40432207119963 ], [ -103.674858949619562, 34.295227508030557 ], [ -104.085054507135268, 34.330137768244661 ], [ -104.39924684906218, 34.570145807216619 ], [ -104.495250064650961, 34.600692284903964 ], [ -104.783259711417315, 34.96725001715204 ], [ -104.853080231845524, 35.093799710428165 ], [ -105.289458484521802, 35.27271479402544 ], [ -105.525102740967, 35.648000091327049 ], [ -105.372370352530311, 36.232746949913263 ], [ -105.202182833986569, 36.773855983231854 ], [ -105.350551439896506, 37.210234235908139 ], [ -105.551285436127586, 37.550609272995644 ], [ -106.042808134393653, 38.201007159861284 ], [ -106.208750285732918, 38.564803414720444 ], [ -106.001322596558836, 38.925408474361561 ], [ -105.507647610860019, 39.902688054920787 ], [ -105.551285436127642, 40.277973352222389 ], [ -106.170942554927976, 40.208152831794187 ], [ -106.589865677497215, 40.286700917275923 ], [ -106.808054803835347, 40.565982998988737 ], [ -106.899694236897346, 40.980542339031203 ], [ -107.138611330237623, 41.346009125647569 ], [ -107.789905872356982, 41.320917376118679 ], [ -108.562295379594005, 41.438739504341278 ], [ -109.456870797580393, 41.486741112135668 ], [ -109.967433353211646, 41.901300452178141 ], [ -110.088528318329281, 42.220947522263501 ], [ -109.813610019143255, 42.583141471984817 ], [ -110.023677812736466, 43.217031876466379 ], [ -110.302959889478288, 43.615267430338989 ], [ -110.535694953429811, 44.023846764831674 ], [ -110.820148920481671, 44.303128841573503 ], [ -111.208040693734233, 44.494488783044758 ], [ -111.264931487144608, 44.618614150485577 ], [ -111.378713073965358, 44.680676834205983 ], [ -111.479564935011027, 44.641887656880719 ], [ -111.526111947801326, 44.515176344284903 ], [ -111.616620028226919, 44.463457441184559 ], [ -111.670924876482275, 44.507418508819853 ], [ -111.802808079388143, 44.44535582509944 ], [ -111.903659940433798, 44.528106070059984 ], [ -111.986410185394362, 44.468629331494597 ], [ -112.294137658841393, 44.466043386339578 ], [ -112.379473848956948, 44.357433689828866 ], [ -112.679443486938922, 44.460871496029547 ], [ -112.798396964069681, 44.40398070261918 ], [ -112.793225073759643, 44.318644512503617 ], [ -112.852701812325037, 44.272097499713311 ], [ -112.873389373565175, 44.365191525293923 ], [ -113.015616357091105, 44.396222867154123 ], [ -113.113882272981755, 44.688434669671032 ], [ -113.269038982282765, 44.768598969476564 ], [ -113.323343830538121, 44.719466011531239 ], [ -113.364718953018397, 44.789286530716694 ], [ -113.45522703344399, 44.809974091956832 ], [ -113.496602155924265, 44.872036775677238 ], [ -113.413851910963714, 44.93409945939765 ], [ -113.514703772009369, 45.014263759203182 ], [ -113.718993439255712, 45.265100439239831 ], [ -113.825017190611405, 45.557312241756748 ], [ -113.902595545261917, 45.559898186911759 ], [ -113.848290697006561, 45.67885166404254 ], [ -113.682790207085475, 45.78487541539824 ], [ -113.486258375304189, 45.875383495823833 ], [ -113.082850931121541, 45.932274289234208 ], [ -112.97424123461083, 45.859867824893733 ], [ -112.839772086549942, 45.689195444662609 ], [ -112.720818609419169, 45.603859254547054 ], [ -112.524286777637869, 45.523694954741522 ], [ -112.400161410197057, 45.565070077221797 ], [ -112.312239274926483, 45.709883005902746 ], [ -112.371716013491877, 45.849524044273664 ], [ -112.325169000701578, 46.227072036906137 ], [ -112.41826302628219, 46.705471890584278 ], [ -112.731162390039202, 47.00802747372127 ], [ -112.679443486938851, 47.760537513831217 ], [ -113.062163369881389, 48.148429287083779 ], [ -113.553492949334611, 48.551836731266427 ], [ -113.548321059024659, 48.996619297929271 ], [ -113.383658924888451, 49.2544202021164 ], [ -113.104061563509717, 49.510717783380244 ], [ -112.666025697349696, 49.608576859862801 ], [ -112.246629655281595, 49.42217861894364 ], [ -111.384537791030482, 49.478098091219387 ], [ -111.186489660053851, 49.778665254701536 ], [ -110.841652914353404, 50.007003099827507 ], [ -110.471186410526613, 50.10020222028708 ], [ -110.117029752780212, 50.102532198298576 ], [ -109.774522985091252, 50.013993033861972 ], [ -109.466965887574617, 49.89982411129899 ], [ -109.012620175334206, 49.843904639023236 ], [ -108.76797248412781, 49.727405738448759 ], [ -108.299646903818427, 49.368589124679367 ], [ -107.819671433451575, 49.417518662920656 ], [ -107.27678655677451, 49.571297211678953 ], [ -106.479934076845126, 49.722745782425761 ], [ -105.568912674352745, 49.568967233667458 ], [ -105.184466302456983, 49.433828509001081 ], [ -104.802349908572708, 49.589937035770859 ], [ -104.310724548148428, 49.520037695426176 ], [ -103.933268110287145, 49.224130487967017 ], [ -103.243594618886235, 48.855993962151679 ], [ -102.721679544312579, 48.804734445898902 ], [ -102.304613480255952, 48.576396600772945 ], [ -101.68017937317677, 48.473877568267405 ], [ -101.360972385602722, 48.287479327348244 ], [ -100.920606541431212, 48.143020690635886 ], [ -100.603729531868652, 47.877403197326089 ], [ -100.237922984064795, 47.700324868452888 ], [ -99.874446414272441, 47.786534054877997 ], [ -99.40379085595157, 47.858763373234183 ], [ -98.846926111205576, 47.821483725050349 ], [ -98.427530069137475, 47.723624648567792 ], [ -98.220162026114906, 47.597805835947362 ], [ -98.078033367414037, 47.218019420074569 ], [ -98.078033367414008, 46.821923158121358 ], [ -97.854355478311021, 46.39320720400729 ], [ -97.40233974408207, 46.006430854100039 ], [ -97.104102558611416, 45.624314460215764 ], [ -96.680046560520339, 45.498495647595327 ], [ -96.260650518452223, 45.601014680100867 ], [ -96.120851837762856, 45.997110942054078 ], [ -95.617576587281121, 46.39320720400729 ], [ -95.454478126476857, 46.868522718351144 ], [ -95.449818170453881, 47.101520519500085 ], [ -95.375258874086228, 47.390437792924779 ], [ -95.142261072937274, 47.595475857935853 ], [ -95.177, 48.993 ], [ -95.161, 49.369 ], [ -94.983, 49.356 ], [ -94.827, 49.293 ], [ -94.811, 49.167 ], [ -94.711, 48.915 ], [ -94.711, 48.808 ], [ -94.593, 48.726 ], [ -94.312, 48.714 ], [ -94.232, 48.652 ], [ -93.875, 48.636 ], [ -93.757, 48.517 ], [ -93.492, 48.542 ], [ -93.451, 48.597 ], [ -93.258, 48.63 ], [ -92.98, 48.618 ], [ -92.649, 48.536 ], [ -92.704, 48.445 ], [ -92.527, 48.446 ], [ -92.385, 48.232 ], [ -92.303, 48.311 ], [ -92.043, 48.335 ], [ -91.957, 48.228 ], [ -91.765, 48.187 ], [ -91.693, 48.098 ], [ -91.428, 48.036 ], [ -91.276, 48.065 ], [ -90.923, 48.227 ], [ -90.841, 48.22 ], [ -90.786, 48.1 ], [ -90.532, 48.085 ], [ -90.179, 48.116 ], [ -90.073, 48.101 ], [ -89.98, 48.01 ], [ -89.34, 47.984 ], [ -88.643, 48.257 ], [ -88.347, 48.299 ], [ -84.879, 46.898 ], [ -84.773, 46.633 ], [ -84.589, 46.475 ], [ -84.423, 46.512 ], [ -84.11, 46.526 ], [ -84.159, 46.433 ], [ -84.087, 46.201 ], [ -83.965, 46.063 ], [ -83.839, 46.119 ], [ -83.614, 46.116 ], [ -83.466, 45.993 ], [ -83.637, 45.774 ], [ -83.484, 45.772 ], [ -82.532, 45.294 ], [ -82.148, 43.611 ], [ -82.154, 43.55 ], [ -82.411, 43.051 ], [ -82.511, 42.647 ], [ -82.8, 42.418 ], [ -83.04, 42.332 ], [ -83.129, 42.24 ], [ -83.157, 42.0 ], [ -83.068, 41.848 ], [ -82.711, 41.68 ], [ -82.425, 41.677 ], [ -79.019, 42.803 ], [ -78.915, 42.948 ], [ -79.032, 43.013 ], [ -79.054, 43.26 ], [ -79.174, 43.465 ], [ -78.688, 43.632 ], [ -76.842, 43.626 ], [ -76.797, 43.645 ], [ -76.455, 44.084 ], [ -76.169, 44.242 ], [ -76.067, 44.348 ], [ -75.87, 44.409 ], [ -75.7, 44.582 ], [ -75.27, 44.864 ], [ -74.868, 45.01 ], [ -74.713, 44.999 ], [ -71.504, 45.014 ], [ -71.334, 45.289 ], [ -71.142, 45.252 ], [ -71.017, 45.343 ], [ -70.907, 45.246 ], [ -70.834, 45.393 ], [ -70.723, 45.471 ], [ -70.687, 45.573 ], [ -70.407, 45.732 ], [ -70.417, 45.794 ], [ -70.263, 45.957 ], [ -70.311, 46.072 ], [ -70.281, 46.212 ], [ -70.188, 46.358 ], [ -70.074, 46.42 ], [ -70.008, 46.704 ], [ -69.268, 47.44 ], [ -69.07, 47.432 ], [ -69.04, 47.249 ], [ -68.906, 47.19 ], [ -68.644, 47.245 ], [ -68.54, 47.3 ], [ -68.386, 47.302 ], [ -68.348, 47.359 ], [ -68.197, 47.341 ], [ -67.962, 47.198 ], [ -67.805, 47.036 ], [ -67.785, 45.96 ], [ -67.8, 45.7 ], [ -67.66, 45.637 ], [ -67.45, 45.611 ], [ -67.493, 45.493 ], [ -67.429, 45.387 ], [ -67.475, 45.282 ], [ -67.356, 45.166 ], [ -67.176, 45.179 ], [ -67.04, 44.973 ], [ -67.117, 44.948 ], [ -66.977, 44.816 ], [ -67.196, 44.644 ], [ -67.373, 44.686 ], [ -67.409, 44.596 ], [ -67.539, 44.646 ], [ -67.569, 44.539 ], [ -67.714, 44.501 ], [ -67.902, 44.397 ], [ -68.061, 44.328 ], [ -68.541, 44.237 ], [ -69.076, 44.053 ], [ -69.263, 43.93 ], [ -69.369, 43.973 ], [ -69.513, 43.835 ], [ -69.705, 43.842 ], [ -69.828, 43.698 ], [ -69.876, 43.814 ], [ -69.993, 43.726 ], [ -69.951, 43.849 ], [ -70.109, 43.807 ], [ -70.239, 43.7 ], [ -70.205, 43.561 ], [ -70.356, 43.527 ], [ -70.363, 43.445 ], [ -70.582, 43.275 ], [ -70.569, 43.229 ], [ -70.803, 42.914 ], [ -70.818, 42.824 ], [ -70.701, 42.653 ], [ -70.597, 42.634 ], [ -70.878, 42.538 ], [ -70.899, 42.318 ], [ -70.716, 42.212 ], [ -70.648, 42.065 ], [ -70.715, 42.003 ], [ -70.566, 41.955 ], [ -70.533, 41.816 ], [ -70.275, 41.715 ], [ -70.021, 41.791 ], [ -69.987, 41.914 ], [ -69.943, 41.858 ], [ -69.939, 41.674 ], [ -70.185, 41.661 ], [ -70.686, 41.531 ], [ -70.658, 41.722 ], [ -70.72, 41.746 ], [ -70.774, 41.646 ], [ -70.905, 41.64 ], [ -70.925, 41.551 ], [ -71.074, 41.539 ], [ -71.186, 41.469 ], [ -71.498, 41.366 ], [ -71.871, 41.303 ], [ -71.973, 41.344 ], [ -72.347, 41.307 ], [ -72.508, 41.256 ], [ -72.605, 41.284 ], [ -72.892, 41.245 ], [ -73.108, 41.149 ], [ -73.184, 41.174 ], [ -73.65, 40.997 ], [ -73.764, 40.91 ], [ -73.798, 40.813 ], [ -73.927, 40.805 ], [ -74.032, 40.714 ], [ -74.21, 40.634 ], [ -74.283, 40.497 ], [ -74.197, 40.441 ], [ -73.993, 40.402 ], [ -73.972, 40.328 ], [ -74.064, 40.031 ], [ -74.104, 40.014 ], [ -74.168, 39.699 ], [ -74.33, 39.562 ], [ -74.469, 39.399 ], [ -74.413, 39.357 ], [ -74.53, 39.311 ], [ -74.654, 39.201 ], [ -74.746, 39.055 ], [ -75.044, 38.454 ], [ -75.434, 37.962 ], [ -75.963, 36.709 ], [ -75.973, 36.5 ], [ -76.037, 36.501 ], [ -75.88, 36.301 ], [ -75.786, 36.082 ], [ -75.722, 35.829 ], [ -75.725, 35.698 ], [ -75.784, 35.576 ], [ -75.886, 35.637 ], [ -76.065, 35.384 ], [ -76.497, 35.312 ], [ -76.44, 34.939 ], [ -76.325, 34.976 ], [ -76.336, 34.899 ], [ -76.523, 34.732 ], [ -76.616, 34.816 ], [ -76.702, 34.726 ], [ -77.137, 34.682 ], [ -77.379, 34.527 ], [ -77.668, 34.376 ], [ -78.032, 33.892 ], [ -78.385, 33.923 ], [ -78.574071633101056, 33.850972704214463 ], [ -78.763, 33.779 ], [ -79.133, 33.417 ], [ -79.183, 33.241 ], [ -79.183, 33.184 ], [ -79.491, 32.991 ], [ -79.589, 32.914 ], [ -79.871, 32.708 ], [ -79.995, 32.619 ], [ -80.201, 32.569 ], [ -80.43, 32.41 ], [ -80.471, 32.323 ], [ -80.637, 32.267 ], [ -80.888, 32.069 ], [ -80.836, 32.003 ], [ -81.04, 31.827 ], [ -81.27, 31.275 ], [ -81.386, 31.142 ], [ -81.424, 31.025 ], [ -81.44, 30.701 ], [ -81.95283477470808, 30.845221912005986 ], [ -82.057565555917151, 30.731763565696159 ], [ -82.005200165312615, 30.583394958983305 ], [ -82.075020686118663, 30.40447987441781 ], [ -82.205934162630001, 30.413207439518565 ], [ -82.275754683436048, 30.583394958983305 ], [ -84.942025821716996, 30.709944652944273 ], [ -85.029301472724555, 30.984862953618087 ], [ -86.272979499582291, 30.910678650261662 ], [ -86.90136418683673, 30.954316475765442 ], [ -91.65788716674875, 30.932497563013552 ], [ -91.65788716674875, 30.840858129455611 ], [ -91.522609907687027, 30.771037608649564 ], [ -91.522609907687027, 30.65321547978936 ], [ -91.400423996276444, 30.644487914688604 ], [ -91.256419172113979, 30.448117699921593 ], [ -91.243327824462838, 30.216837224751558 ], [ -90.876770090231091, 29.972465401930389 ], [ -90.545122616402367, 29.994284314682279 ], [ -89.457, 29.829 ], [ -89.818, 29.316 ], [ -90.229, 29.087 ], [ -91.632489686252725, 29.411063914951249 ], [ -91.727707687554798, 29.688819536155822 ], [ -92.377911287561119, 30.13392535629438 ], [ -93.189574841931417, 30.853949477106749 ], [ -93.258510058236652, 31.30603647719801 ], [ -93.398151099093056, 31.406403475313553 ], [ -93.607612660377669, 31.690049339553138 ], [ -93.808346656608762, 31.991150333899775 ], [ -94.192359518963897, 32.104608679595607 ], [ -94.419276210355562, 32.21370324276468 ], [ -95.348761888556069, 32.418801021522533 ], [ -95.846233096607037, 32.593352322593049 ], [ -96.273883784229795, 32.671900408074777 ], [ -96.727717167013125, 32.863906839252344 ] ] ], [ [ [ -74.054, 40.603 ], [ -74.243, 40.499 ], [ -74.192, 40.628 ], [ -74.126, 40.633 ], [ -74.054, 40.603 ] ] ], [ [ [ -73.372, 40.662 ], [ -73.813, 40.584 ], [ -73.988, 40.569 ], [ -74.036, 40.639 ], [ -73.909, 40.789 ], [ -73.779, 40.792 ], [ -73.72, 40.866 ], [ -73.486, 40.946 ], [ -73.225, 40.908 ], [ -73.099, 40.97 ], [ -72.781, 40.965 ], [ -72.606, 40.99 ], [ -72.343, 41.141 ], [ -72.391, 41.031 ], [ -72.625, 40.908 ], [ -72.457, 40.91 ], [ -72.332, 41.031 ], [ -72.109, 41.001 ], [ -71.919, 41.065 ], [ -71.857, 41.072 ], [ -72.407, 40.862 ], [ -72.879, 40.746 ], [ -73.233, 40.715 ], [ -73.372, 40.662 ] ] ], [ [ [ -69.958, 41.276 ], [ -70.138, 41.247 ], [ -70.278, 41.308 ], [ -70.082, 41.293 ], [ -70.054, 41.393 ], [ -69.958, 41.276 ] ] ], [ [ [ -70.576, 41.428 ], [ -70.507, 41.363 ], [ -70.782, 41.354 ], [ -70.66, 41.457 ], [ -70.576, 41.428 ] ] ] ] } },
{ "type": "Feature", "properties": { "id": "br_gibraltar", "colorId": "britain", "name": null, "parent": "britain" }, "geometry": { "type": "MultiPolygon", "coordinates": [ [ [ [ -5.358, 36.141 ], [ -5.339, 36.141 ], [ -5.342, 36.111 ], [ -5.358, 36.141 ] ] ] ] } },
{ "type": "Feature", "properties": { "id": "tuareg", "colorId": null, "name": "туареги", "parent": null }, "geometry": { "type": "MultiPolygon", "coordinates": [ [ [ [ -16.43, 20.644 ], [ -16.529, 20.739 ], [ -16.542, 20.561 ], [ -16.665, 20.671 ], [ -16.775, 20.938 ], [ -16.918, 21.159 ], [ -17.016, 21.031 ], [ -17.004, 20.932 ], [ -17.057, 20.767 ], [ -17.1, 20.838 ], [ -17.014, 21.42 ], [ -16.971, 21.593 ], [ -16.967, 21.781 ], [ -16.921, 21.931 ], [ -16.817, 22.131 ], [ -16.707, 22.275 ], [ -16.522, 22.315 ], [ -16.429, 22.51 ], [ -16.357, 22.583 ], [ -16.29, 22.9 ], [ -16.173, 22.973 ], [ -16.16, 23.082 ], [ -16.22, 23.076 ], [ -16.135, 23.185 ], [ -15.967, 23.513 ], [ -15.83, 23.686 ], [ -15.765, 23.857 ], [ -15.862, 23.836 ], [ -15.948, 23.684 ], [ -16.01, 23.655 ], [ -15.841, 23.903 ], [ -15.62, 24.026 ], [ -15.445, 24.222 ], [ -15.298, 24.345 ], [ -15.172, 24.494 ], [ -15.015, 24.562 ], [ -14.908, 24.685 ], [ -14.836, 24.919 ], [ -14.85, 25.214 ], [ -14.782, 25.447 ], [ -14.715, 25.526 ], [ -14.621, 25.784 ], [ -14.52, 25.924 ], [ -14.493, 26.133 ], [ -14.41, 26.26 ], [ -14.299, 26.302 ], [ -14.18, 26.424 ], [ -13.924, 26.501 ], [ -13.62, 26.689 ], [ -13.501, 26.858 ], [ -13.402, 27.177 ], [ -13.301, 27.324 ], [ -13.171, 27.685 ], [ -13.061, 27.743 ], [ -12.968, 27.915 ], [ -12.839, 27.97 ], [ -12.514, 27.995 ], [ -12.335, 28.047 ], [ -12.061, 28.089 ], [ -11.091061072923846, 28.116711284742212 ], [ -10.200528742119289, 28.290420060380637 ], [ -9.42653521016075, 28.32560158456057 ], [ -8.166596875466867, 28.793955625205946 ], [ -6.629604037856031, 29.469001120408425 ], [ -5.741270552312707, 29.987928602062446 ], [ -5.604942146115463, 29.987928602062446 ], [ -5.398250691558355, 30.168233913484606 ], [ -4.325214204070381, 30.608002965733778 ], [ -3.964603581226061, 30.889455159173242 ], [ -3.852462472902522, 30.926835528614419 ], [ -3.61058949416548, 31.329224211422407 ], [ -3.249978871321161, 31.544711047024489 ], [ -3.030094345196576, 31.914117050913791 ], [ -2.62550681712734, 32.547384486152595 ], [ -2.176942383833187, 32.925585871086888 ], [ -1.605242615909266, 33.110288873031536 ], [ -1.323790422469798, 33.435717971695922 ], [ -0.639550787559133, 33.516058301866551 ], [ -0.428077939326633, 33.626391961813937 ], [ 2.072818352814237, 33.76430903674818 ], [ 2.458986162630107, 33.948198469993834 ], [ 3.470378045481195, 34.242421563186873 ], [ 4.638075946591087, 34.490672298068503 ], [ 5.962079865959783, 34.56422807136677 ], [ 6.922919753725303, 34.510554297503667 ], [ 7.755594093640917, 34.388152893499623 ], [ 8.810659716887837, 34.220928440141847 ], [ 9.431286554091912, 33.734770750998656 ], [ 9.658849727733404, 33.489967942990383 ], [ 10.117424001889749, 33.296884038082446 ], [ 10.441529127985209, 33.110695986921229 ], [ 11.220760601363656, 32.821070129559324 ], [ 12.234451102130304, 32.503860857210569 ], [ 13.392954531577907, 32.538340125944131 ], [ 13.83428917136747, 32.393527197263182 ], [ 14.254936249916899, 32.338360367289482 ], [ 14.634208205986052, 32.193547438608533 ], [ 14.827292110893987, 32.165964023621683 ], [ 14.979000893321651, 32.000463533700596 ], [ 15.034167723295345, 31.738421091325545 ], [ 15.247939189443414, 31.372940842749813 ], [ 15.654794560499418, 31.035044009160931 ], [ 15.958212125354743, 30.904022787973396 ], [ 15.172084798229585, 28.614599344065002 ], [ 14.036301425992287, 25.023114252721747 ], [ 12.746083315120813, 21.710614009334915 ], [ 11.125827787000272, 18.123151169415586 ], [ 10.481688081377998, 14.992585691809268 ], [ 10.542042778513562, 13.127228930518388 ], [ 9.018059394121401, 13.686816579474884 ], [ 7.851259615446152, 13.984469584238978 ], [ 7.065455682868945, 14.472620512052092 ], [ 6.172496668576662, 14.722649036053932 ], [ 5.339068255237199, 14.508338872623783 ], [ 4.636607163993937, 14.127343026525743 ], [ 3.684117548748836, 13.972563464048417 ], [ 2.371970940475577, 14.840575746031293 ], [ 2.27076891885576, 15.316820553653958 ], [ 1.812383291518945, 15.650191918989824 ], [ 1.127781380561363, 15.656144979085107 ], [ 0.770597774844364, 15.602567438227558 ], [ 0.282446847031132, 15.364445034416224 ], [ 0.056230563410366, 15.090604270033191 ], [ -3.040925083173715, 14.432341272224413 ], [ -6.931144015669314, 14.494090779089422 ], [ -12.480040525396028, 14.674349434383517 ], [ -14.527800233437047, 15.552359291681839 ], [ -15.76215805409848, 16.439625807092114 ], [ -15.831116591565603, 16.648800037409043 ], [ -16.001214317317839, 16.807404673583424 ], [ -16.18050651473235, 16.915439715615243 ], [ -16.343, 16.942 ], [ -16.173, 17.262 ], [ -16.049, 17.667 ], [ -16.024, 17.96 ], [ -16.069, 18.484 ], [ -16.132, 18.629 ], [ -16.205, 18.983 ], [ -16.368, 19.222 ], [ -16.467, 19.259 ], [ -16.522, 19.396 ], [ -16.408, 19.389 ], [ -16.323, 19.458 ], [ -16.35, 19.547 ], [ -16.467, 19.464 ], [ -16.234, 19.794 ], [ -16.298, 19.923 ], [ -16.214, 20.033 ], [ -16.261, 20.136 ], [ -16.2, 20.215 ], [ -16.295, 20.331 ], [ -16.43, 20.644 ] ] ] ] } },
{ "type": "Feature", "properties": { "id": "naples1734", "colorId": "naples", "name": "Неаполь", "parent": null }, "geometry": { "type": "MultiPolygon", "coordinates": [ [ [ [ 13.070669567975198, 42.026117778605588 ], [ 12.978699011816207, 42.321770293767401 ], [ 12.909230816379711, 42.37966045663115 ], [ 12.909230816379711, 42.599643075513384 ], [ 12.955542946670709, 42.707704712859048 ], [ 13.152369500407447, 42.769454219913712 ], [ 13.235470042214311, 42.834367731262233 ], [ 13.329899333189603, 42.900671922404868 ], [ 13.600053426553753, 42.900671922404868 ], [ 13.781442603526827, 42.997155527177775 ], [ 13.835, 43.127 ], [ 13.945, 42.798 ], [ 14.075, 42.599 ], [ 14.221, 42.47 ], [ 14.387, 42.373 ], [ 14.56, 42.226 ], [ 14.694, 42.185 ], [ 14.741, 42.085 ], [ 14.994, 42.011 ], [ 15.123, 41.934 ], [ 15.446, 41.907 ], [ 16.027, 41.944 ], [ 16.14, 41.92 ], [ 16.193, 41.791 ], [ 15.925, 41.64 ], [ 15.912, 41.503 ], [ 16.022, 41.428 ], [ 16.594, 41.207 ], [ 17.057, 41.082 ], [ 17.276, 40.98 ], [ 17.476, 40.83 ], [ 18.007, 40.651 ], [ 18.037, 40.557 ], [ 18.238, 40.458 ], [ 18.437, 40.268 ], [ 18.517, 40.114 ], [ 18.434, 40.023 ], [ 18.368, 39.797 ], [ 18.072, 39.912 ], [ 17.967, 40.057 ], [ 17.997, 40.12 ], [ 17.848, 40.29 ], [ 17.512, 40.304 ], [ 17.213, 40.406 ], [ 17.228, 40.474 ], [ 17.05, 40.519 ], [ 16.912, 40.445 ], [ 16.738, 40.211 ], [ 16.605, 40.084 ], [ 16.632, 39.966 ], [ 16.492, 39.805 ], [ 16.516, 39.69 ], [ 16.625, 39.625 ], [ 16.75, 39.62 ], [ 16.846, 39.553 ], [ 17.159, 39.406 ], [ 17.122, 39.338 ], [ 17.122, 39.121 ], [ 17.206, 39.029 ], [ 17.104, 38.899 ], [ 16.981, 38.937 ], [ 16.839, 38.918 ], [ 16.611, 38.817 ], [ 16.539, 38.723 ], [ 16.57, 38.43 ], [ 16.34, 38.301 ], [ 16.169, 38.143 ], [ 16.09, 37.949 ], [ 16.001, 37.919 ], [ 15.761, 37.925 ], [ 15.666, 37.967 ], [ 15.624, 38.092 ], [ 15.651, 38.241 ], [ 15.786, 38.278 ], [ 15.905, 38.474 ], [ 15.844, 38.66 ], [ 16.003, 38.725 ], [ 16.179, 38.748 ], [ 16.22, 38.899 ], [ 16.083, 39.075 ], [ 15.995, 39.439 ], [ 15.868, 39.564 ], [ 15.806, 39.696 ], [ 15.782, 39.869 ], [ 15.61, 40.073 ], [ 15.41, 39.994 ], [ 15.343, 40.004 ], [ 15.127, 40.17 ], [ 14.911, 40.242 ], [ 14.998, 40.398 ], [ 14.889, 40.573 ], [ 14.752, 40.677 ], [ 14.544, 40.614 ], [ 14.33, 40.584 ], [ 14.474, 40.73 ], [ 14.294, 40.839 ], [ 14.203, 40.801 ], [ 14.096, 40.834 ], [ 13.852, 41.147 ], [ 13.722, 41.252 ], [ 13.575, 41.208 ], [ 13.324, 41.295 ], [ 13.277545180376556, 41.371011672667954 ], [ 13.408566401564084, 41.543408016335754 ], [ 13.567171037738458, 41.577887285069309 ], [ 13.567171037738458, 41.812346312457521 ], [ 13.408566401564084, 41.915784118658195 ], [ 13.070669567975198, 42.026117778605588 ] ] ] ] } },
{ "type": "Feature", "properties": { "id": "san_marino", "colorId": "san_marino", "name": "Сан-Марино", "parent": null }, "geometry": { "type": "MultiPolygon", "coordinates": [ [ [ [ 12.429, 43.892 ], [ 12.386, 43.925 ], [ 12.482, 43.983 ], [ 12.429, 43.892 ] ] ] ] } },
{ "type": "Feature", "properties": { "id": "nap_sicily1734", "colorId": "naples", "name": null, "parent": "naples1734" }, "geometry": { "type": "MultiPolygon", "coordinates": [ [ [ [ 14.395, 36.945 ], [ 14.487, 36.793 ], [ 14.781, 36.699 ], [ 14.882, 36.731 ], [ 15.074, 36.659 ], [ 15.135, 36.688 ], [ 15.094, 36.8 ], [ 15.175, 36.944 ], [ 15.332, 37.012 ], [ 15.303, 37.101 ], [ 15.183, 37.207 ], [ 15.252, 37.258 ], [ 15.111, 37.322 ], [ 15.097, 37.494 ], [ 15.164, 37.568 ], [ 15.207, 37.748 ], [ 15.5, 38.085 ], [ 15.584, 38.24 ], [ 15.529, 38.303 ], [ 15.292, 38.207 ], [ 15.241, 38.241 ], [ 15.088, 38.128 ], [ 14.907, 38.188 ], [ 14.734, 38.158 ], [ 14.635, 38.081 ], [ 14.273, 38.015 ], [ 14.021, 38.049 ], [ 13.791, 37.974 ], [ 13.547, 38.056 ], [ 13.514, 38.111 ], [ 13.391, 38.103 ], [ 13.318, 38.221 ], [ 13.101, 38.19 ], [ 13.027, 38.062 ], [ 12.901, 38.028 ], [ 12.761, 38.181 ], [ 12.725, 38.126 ], [ 12.504, 38.011 ], [ 12.427, 37.809 ], [ 12.489, 37.683 ], [ 12.659, 37.565 ], [ 12.943, 37.569 ], [ 13.026, 37.493 ], [ 13.174, 37.487 ], [ 13.453, 37.299 ], [ 13.569, 37.274 ], [ 13.683, 37.189 ], [ 13.894, 37.101 ], [ 14.089, 37.118 ], [ 14.279, 37.044 ], [ 14.395, 36.945 ] ] ] ] } },
{ "type": "Feature", "properties": { "id": "fr_belgium1795", "colorId": "france", "name": null, "parent": "france1768" }, "geometry": { "type": "MultiPolygon", "coordinates": [ [ [ [ 2.522, 51.088 ], [ 2.832665681912712, 51.21267921884639 ], [ 3.125, 51.33 ], [ 3.349, 51.375 ], [ 3.392, 51.247 ], [ 3.635, 51.288 ], [ 3.809, 51.205 ], [ 4.119, 51.272 ], [ 4.221, 51.368 ], [ 4.261, 51.369 ], [ 4.392, 51.35 ], [ 4.377, 51.443 ], [ 4.483, 51.474 ], [ 4.63, 51.418 ], [ 4.764, 51.496 ], [ 4.91, 51.392 ], [ 5.012, 51.474 ], [ 5.215, 51.259 ], [ 5.472, 51.288 ], [ 5.598321912726875, 51.224956655133411 ], [ 5.620660279253316, 51.301545340366928 ], [ 6.00360370542088, 51.387707611254626 ], [ 6.208, 51.388 ], [ 6.065, 51.232 ], [ 6.147, 51.152 ], [ 5.92, 51.03 ], [ 6.064, 50.908 ], [ 5.995, 50.75 ], [ 5.995218688203524, 50.655516831339447 ], [ 5.866516727030783, 50.543195119770509 ], [ 5.864176691373096, 50.255370733875104 ], [ 5.78341123537453, 50.197391794917131 ], [ 5.587152729463653, 50.325039603639645 ], [ 5.360577868981177, 50.318657213203522 ], [ 5.357386673763115, 50.213347771007442 ], [ 5.250481633958003, 50.095273547939108 ], [ 4.955296076287173, 50.095273547939108 ], [ 4.95, 49.796 ], [ 4.858, 49.787 ], [ 4.788, 49.974 ], [ 4.872, 50.14 ], [ 4.682, 50.084 ], [ 4.657, 49.989 ], [ 4.435, 49.932 ], [ 4.14, 49.975 ], [ 4.21, 50.06 ], [ 4.126, 50.128 ], [ 4.204, 50.252 ], [ 4.023, 50.338 ], [ 3.662, 50.319 ], [ 3.644, 50.446 ], [ 3.463, 50.519 ], [ 3.271, 50.527 ], [ 3.146, 50.769 ], [ 2.941803574166441, 50.745839573298412 ], [ 2.787, 50.723 ], [ 2.59, 50.842 ], [ 2.608, 50.961 ], [ 2.522, 51.088 ] ] ] ] } },
{ "type": "Feature", "properties": { "id": "berau", "colorId": "berau", "name": "Беро", "parent": null }, "geometry": { "type": "MultiPolygon", "coordinates": [ [ [ [ 118.613, 1.351 ], [ 118.729, 1.254 ], [ 118.857, 1.058 ], [ 119.006, 1.038 ], [ 119.003, 0.962 ], [ 118.798, 0.805 ], [ 118.686, 0.846 ], [ 118.565, 0.804 ], [ 118.188, 0.875 ], [ 118.069, 0.929 ], [ 117.99, 1.079 ], [ 117.901, 1.079 ], [ 118.03, 0.859 ], [ 117.840279181644888, 0.963747959088892 ], [ 117.562645197673405, 1.174366843481052 ], [ 117.377555875025749, 1.349882580474519 ], [ 117.0616275484375, 1.748781982732397 ], [ 116.943553325369166, 1.981739233650998 ], [ 116.847817468827273, 2.406168197653382 ], [ 116.857397377942803, 2.725369616630904 ], [ 116.886097694872745, 3.098473736720492 ], [ 117.091, 3.646 ], [ 117.217, 3.603 ], [ 117.228, 3.505 ], [ 117.325, 3.436 ], [ 117.447, 3.435 ], [ 117.37, 3.305 ], [ 117.353, 3.183 ], [ 117.454, 3.171 ], [ 117.482, 3.101 ], [ 117.617, 3.086 ], [ 117.565, 2.984 ], [ 117.688, 2.971 ], [ 117.544, 2.929 ], [ 117.736, 2.902 ], [ 117.633, 2.812 ], [ 117.784, 2.758 ], [ 117.826, 2.607 ], [ 117.979, 2.467 ], [ 118.091, 2.262 ], [ 117.941, 2.163 ], [ 117.9, 2.05 ], [ 117.741, 2.045 ], [ 117.873, 1.99 ], [ 117.863, 1.886 ], [ 117.924, 1.819 ], [ 118.046, 1.783 ], [ 118.127, 1.655 ], [ 118.425, 1.486 ], [ 118.4, 1.454 ], [ 118.613, 1.351 ] ] ], [ [ [ 117.572, 3.313 ], [ 117.542, 3.428 ], [ 117.625, 3.438 ], [ 117.682, 3.416 ], [ 117.667, 3.272 ], [ 117.572, 3.313 ] ] ], [ [ [ 117.394, 3.566 ], [ 117.517, 3.477 ], [ 117.255, 3.507 ], [ 117.268, 3.593 ], [ 117.394, 3.566 ] ] ] ] } },
{ "type": "Feature", "properties": { "id": "persia1796", "colorId": "iran", "name": "Персия", "parent": null }, "geometry": { "type": "MultiPolygon", "coordinates": [ [ [ [ 54.037, 26.488 ], [ 53.903, 26.536 ], [ 54.033, 26.55 ], [ 54.037, 26.488 ] ] ], [ [ [ 56.041, 26.976 ], [ 56.212, 27.003 ], [ 56.287, 26.955 ], [ 56.194, 26.925 ], [ 56.081, 26.785 ], [ 55.947, 26.696 ], [ 55.877, 26.743 ], [ 55.706, 26.695 ], [ 55.503, 26.595 ], [ 55.298, 26.544 ], [ 55.285, 26.66 ], [ 55.352, 26.647 ], [ 55.774, 26.797 ], [ 55.758, 26.954 ], [ 55.898, 26.907 ], [ 56.041, 26.976 ] ] ], [ [ [ 48.529441028500692, 30.432370103024972 ], [ 48.365459235388599, 30.556129946883157 ], [ 48.198383446180046, 30.772709673634985 ], [ 48.074623602321857, 30.998571388676179 ], [ 47.963239742849495, 31.39769688511883 ], [ 47.919923797499131, 31.87417228397285 ], [ 47.595054207371383, 32.233075831161592 ], [ 47.406320445487651, 32.496065499360242 ], [ 47.089185845601023, 32.6538593002794 ], [ 46.946862025164108, 32.808559105102134 ], [ 46.686966353061919, 32.988010878696507 ], [ 46.315686821487354, 33.275752515666788 ], [ 46.015569200131246, 33.585152125312256 ], [ 45.813949367323623, 33.904517643125935 ], [ 46.314136780398982, 33.743757056332718 ], [ 46.799104379209517, 33.821446377278072 ], [ 47.249561243314119, 33.752415325376326 ], [ 47.430914006784803, 33.85069682299914 ], [ 47.757348981032031, 33.819106341620376 ], [ 47.857970514312534, 33.911537750098987 ], [ 47.939871762331556, 33.923237928387415 ], [ 48.03698324212553, 34.353804489401675 ], [ 47.868500674772136, 34.49186659320516 ], [ 47.653217394265006, 34.466126200970606 ], [ 47.329122455675467, 34.539837324187722 ], [ 47.688317929130299, 34.961043742571242 ], [ 47.684807875643756, 35.225467771889782 ], [ 47.511060228060565, 35.801116543680578 ], [ 47.480639764510649, 36.105321179179789 ], [ 47.174095093353749, 36.190732480685334 ], [ 46.904405983805425, 36.188977453942073 ], [ 46.665722346721431, 36.373255261984859 ], [ 46.647587070374357, 36.476216830923057 ], [ 46.444003968155656, 36.506637294472974 ], [ 46.152669528773714, 36.7002752451465 ], [ 46.137459296998756, 36.887478097761402 ], [ 45.858410044819678, 37.040165424425439 ], [ 45.26872105908275, 37.20104287589136 ], [ 44.898995425168323, 37.459616816065683 ], [ 44.930585906547087, 37.829342449980103 ], [ 44.841664551555006, 38.373400740392142 ], [ 44.790183767085907, 38.612084377476137 ], [ 44.858044801158812, 39.06371125940958 ], [ 44.581920593551835, 39.145612507428595 ], [ 44.551500130001919, 39.316435110439691 ], [ 44.656801734597792, 39.370255930566472 ], [ 44.783163660112848, 39.309415003466633 ], [ 45.281528930601169, 39.519296723684903 ], [ 45.832774519547336, 39.837601316838615 ], [ 45.889665312957703, 40.24100876102127 ], [ 45.724164823036617, 40.434092665929199 ], [ 45.374, 40.675 ], [ 45.289449155338474, 40.767259466234677 ], [ 45.336443931286595, 41.671908903235988 ], [ 45.459805218150414, 42.024369722846892 ], [ 45.582229859675692, 42.179686485707492 ], [ 45.939096439531738, 42.01447047651488 ], [ 46.467787668948091, 42.011166156331022 ], [ 46.983261617629047, 41.905427910447749 ], [ 47.544996048883924, 41.822819905851453 ], [ 47.730037979179649, 41.888906309528494 ], [ 47.952302318030824, 41.891990899680621 ], [ 48.131512881517736, 42.293685532050439 ], [ 48.304, 42.103 ], [ 48.416, 41.915 ], [ 48.579, 41.845 ], [ 48.655, 41.801 ], [ 49.042, 41.414 ], [ 49.136, 41.275 ], [ 49.195, 41.057 ], [ 49.382, 40.867 ], [ 49.539, 40.788 ], [ 49.511, 40.688 ], [ 49.59, 40.625 ], [ 49.859, 40.567 ], [ 50.052, 40.584 ], [ 50.238, 40.496 ], [ 50.361, 40.365 ], [ 50.388, 40.221 ], [ 50.274, 40.327 ], [ 50.148, 40.357 ], [ 50.004, 40.324 ], [ 49.893, 40.369 ], [ 49.778, 40.276 ], [ 49.577, 40.217 ], [ 49.443, 40.078 ], [ 49.484, 39.989 ], [ 49.423, 39.926 ], [ 49.424, 39.71 ], [ 49.318, 39.621 ], [ 49.296, 39.477 ], [ 49.409, 39.386 ], [ 49.237, 39.279 ], [ 49.194, 39.016 ], [ 49.079, 38.963 ], [ 49.136, 39.102 ], [ 48.968, 39.184 ], [ 48.953, 39.032 ], [ 48.868, 38.864 ], [ 48.874, 38.434 ], [ 48.866, 38.317 ], [ 48.94, 37.925 ], [ 49.014, 37.739 ], [ 49.132, 37.623 ], [ 49.442, 37.495 ], [ 49.935, 37.454 ], [ 50.149, 37.404 ], [ 50.322, 37.153 ], [ 50.479, 37.035 ], [ 51.089, 36.737 ], [ 51.909, 36.583 ], [ 52.779, 36.74 ], [ 53.116, 36.822 ], [ 53.492, 36.888 ], [ 54.004, 36.915 ], [ 53.818, 36.875 ], [ 53.609, 36.877 ], [ 53.701, 36.817 ], [ 53.889, 36.794 ], [ 54.014, 36.821 ], [ 54.034, 36.949 ], [ 53.914, 37.343 ], [ 53.825, 37.745 ], [ 53.807, 38.032 ], [ 53.859, 38.206 ], [ 53.863, 38.381 ], [ 53.827, 38.525 ], [ 54.069983574194815, 38.59864544597594 ], [ 55.001690034703834, 38.606818309664611 ], [ 55.851667858326095, 38.480138922490134 ], [ 58.12372396377792, 39.256560972914322 ], [ 59.088121879041651, 39.34850568941193 ], [ 60.06273587391621, 39.528308690562788 ], [ 60.978096607047874, 39.536481554251466 ], [ 61.975185977066303, 39.732630282779681 ], [ 62.522767844207529, 39.491530803963748 ], [ 62.569761810417468, 38.833615277025366 ], [ 62.300057308691173, 38.261514818818071 ], [ 61.899586987946066, 37.624031451101374 ], [ 61.662573940974475, 37.337981221997723 ], [ 61.114992073833207, 36.847609400677186 ], [ 60.976053391125731, 36.569732035262213 ], [ 61.008744845880436, 35.319283890894845 ], [ 61.116, 35.06 ], [ 61.245511194412124, 34.538273510997463 ], [ 61.100698265731175, 34.046369277065345 ], [ 61.100698265731175, 33.641812523924905 ], [ 61.183448510691719, 33.384367317380999 ], [ 61.082309322406594, 32.979810564240566 ], [ 61.174254039029421, 32.336197547880786 ], [ 61.183448510691697, 31.692584531521007 ], [ 60.962781190796917, 31.058165986823511 ], [ 61.0593231432509, 30.386969555476885 ], [ 61.62938038631242, 29.403161087612656 ], [ 61.748908517922089, 28.833103844551129 ], [ 62.049, 28.486 ], [ 62.268396166841065, 28.281435544814187 ], [ 62.507452430060404, 27.798725782544349 ], [ 62.124, 26.374 ], [ 62.094, 26.315 ], [ 62.012599194452648, 26.087686723664739 ], [ 61.7507723391967, 25.636035398348227 ], [ 61.62, 25.285 ], [ 61.588, 25.202 ], [ 61.483, 25.194 ], [ 61.497, 25.125 ], [ 61.412, 25.059 ], [ 61.185, 25.123 ], [ 61.031, 25.21 ], [ 60.633, 25.275 ], [ 60.55, 25.447 ], [ 60.395, 25.378 ], [ 60.467, 25.29 ], [ 60.271, 25.38 ], [ 60.209, 25.32 ], [ 60.082, 25.366 ], [ 59.904, 25.33 ], [ 59.775, 25.39 ], [ 59.538, 25.4 ], [ 59.454, 25.462 ], [ 59.024, 25.403 ], [ 58.924, 25.513 ], [ 58.814, 25.564 ], [ 58.419, 25.612 ], [ 58.17, 25.544 ], [ 58.046, 25.575 ], [ 57.963, 25.693 ], [ 57.772, 25.636 ], [ 57.735, 25.748 ], [ 57.632, 25.735 ], [ 57.326, 25.777 ], [ 57.254, 25.959 ], [ 57.165, 26.095 ], [ 57.213, 26.166 ], [ 57.133, 26.264 ], [ 57.076, 26.447 ], [ 57.09, 26.619 ], [ 57.025, 26.851 ], [ 56.844, 27.04 ], [ 56.809, 27.14 ], [ 56.583, 27.153 ], [ 56.353, 27.202 ], [ 56.124, 27.161 ], [ 55.939, 27.027 ], [ 55.685, 27.003 ], [ 55.609, 26.954 ], [ 55.554, 26.811 ], [ 55.484, 26.768 ], [ 55.271, 26.793 ], [ 55.103, 26.701 ], [ 54.802, 26.498 ], [ 54.62, 26.508 ], [ 54.561, 26.585 ], [ 54.389, 26.605 ], [ 54.308, 26.715 ], [ 54.15, 26.708 ], [ 53.995, 26.746 ], [ 53.716, 26.709 ], [ 53.492, 26.854 ], [ 53.412, 26.994 ], [ 53.072, 27.097 ], [ 52.848, 27.215 ], [ 52.579, 27.393 ], [ 52.679, 27.425 ], [ 52.423, 27.647 ], [ 52.245, 27.681 ], [ 52.011, 27.833 ], [ 51.723, 27.825 ], [ 51.585, 27.849 ], [ 51.38, 27.991 ], [ 51.265, 28.161 ], [ 51.265, 28.27 ], [ 51.142, 28.401 ], [ 51.073, 28.565 ], [ 51.059, 28.736 ], [ 50.979, 28.817 ], [ 50.876, 28.832 ], [ 50.813, 28.915 ], [ 50.932, 29.031 ], [ 50.84, 29.141 ], [ 50.644, 29.143 ], [ 50.689, 29.291 ], [ 50.655, 29.449 ], [ 50.456, 29.634 ], [ 50.397, 29.655 ], [ 50.244, 29.867 ], [ 50.145, 29.938 ], [ 50.128, 30.121 ], [ 50.073, 30.196 ], [ 49.915, 30.204 ], [ 49.601, 30.03 ], [ 49.532, 30.023 ], [ 49.48, 30.156 ], [ 49.245, 30.156 ], [ 49.221, 30.265 ], [ 49.161, 30.224 ], [ 49.004, 30.309 ], [ 48.949, 30.401 ], [ 49.062, 30.408 ], [ 49.203, 30.347 ], [ 49.257, 30.422 ], [ 49.211, 30.506 ], [ 48.981, 30.516 ], [ 49.017, 30.415 ], [ 48.935, 30.419 ], [ 48.862, 30.346 ], [ 48.921, 30.25 ], [ 48.935, 30.08 ], [ 48.877, 30.024 ], [ 48.767678727927702, 30.184850415308595 ], [ 48.563474985561697, 30.345738212324239 ], [ 48.529441028500692, 30.432370103024972 ] ] ] ] } },
{ "type": "Feature", "properties": { "id": "kandy", "colorId": "ceylon", "name": "Канди", "parent": null }, "geometry": { "type": "MultiPolygon", "coordinates": [ [ [ [ 81.026148857888046, 7.308743424602101 ], [ 81.16606258366545, 7.146738057912482 ], [ 81.224973626098034, 7.051007613959525 ], [ 81.16606258366545, 6.763816282100656 ], [ 80.969078785531494, 6.719633000276215 ], [ 80.873348341578534, 6.601810915411038 ], [ 80.687410363900668, 6.54289987297845 ], [ 80.483062685462627, 6.638630316931406 ], [ 80.392855151737734, 6.736201730960381 ], [ 80.30448858808883, 6.992096571526937 ], [ 80.459130074474388, 7.20564910034507 ], [ 80.457289104398413, 8.135338988734357 ], [ 80.554860518427361, 8.277093684587772 ], [ 80.687410363900682, 8.277093684587772 ], [ 80.860461551046413, 8.100360557290006 ], [ 81.000375276823817, 7.767144973530677 ], [ 80.9985343067478, 7.375018347338762 ], [ 81.026148857888046, 7.308743424602101 ] ] ] ] } },
{ "type": "Feature", "properties": { "id": "aut_poland1806", "colorId": "austria", "name": null, "parent": "austria1806" }, "geometry": { "type": "MultiPolygon", "coordinates": [ [ [ [ 26.185011939233341, 49.464360343752858 ], [ 26.141035034008425, 49.376406533303019 ], [ 26.132239652963442, 48.857479051649001 ], [ 26.001839928476347, 48.606866983416502 ], [ 26.037453102129941, 48.54291435262639 ], [ 26.152962289730738, 48.316021305553448 ], [ 26.053954414644352, 48.175760149181066 ], [ 26.239594180431325, 47.771477992578326 ], [ 26.453271061105333, 47.648114157963789 ], [ 26.227218196045513, 47.552835601762553 ], [ 26.114514764094725, 47.498370293825374 ], [ 25.748680133127987, 47.346569195332584 ], [ 25.474345812576136, 47.443514406354673 ], [ 25.278392726467661, 47.321817226560988 ], [ 25.206199484217187, 47.387822476618567 ], [ 25.299019367110674, 47.511582320476528 ], [ 25.294894038982076, 47.631216836205908 ], [ 25.179384851381293, 47.668344789363303 ], [ 24.931865163665332, 47.878736523921873 ], [ 24.770977366649959, 47.961243086493859 ], [ 24.770977366649955, 48.076752274094659 ], [ 24.684345475949371, 48.196386789824039 ], [ 24.758601382264157, 48.245890727367232 ], [ 24.75035072600696, 48.324271961810616 ], [ 24.626590882148978, 48.357274586839416 ], [ 24.527583007062596, 48.406778524382609 ], [ 24.478079069519403, 48.33252261806782 ], [ 24.395572506947413, 48.365525243096613 ], [ 24.275937991218029, 48.536726360433477 ], [ 24.123300850459852, 48.454219797861491 ], [ 24.040794287887863, 48.56972898546227 ], [ 23.958287725315877, 48.557353001076471 ], [ 23.900533131515484, 48.635734235519863 ], [ 23.704857414725531, 48.687830472705159 ], [ 23.480213991587654, 48.828232612166325 ], [ 22.981786396500492, 48.923004056302617 ], [ 22.830854096579731, 49.017775500438908 ], [ 22.652130175316696, 49.07994138767819 ], [ 22.216, 49.14 ], [ 22.012, 49.211 ], [ 21.993, 49.278 ], [ 21.82, 49.377 ], [ 21.758, 49.349 ], [ 21.601, 49.426 ], [ 21.428, 49.41 ], [ 21.261, 49.449 ], [ 21.033, 49.4 ], [ 20.942, 49.296 ], [ 20.778, 49.331 ], [ 20.69, 49.4 ], [ 20.307, 49.387 ], [ 20.13, 49.304 ], [ 20.05, 49.173 ], [ 19.906, 49.223 ], [ 19.748, 49.206 ], [ 19.807, 49.275 ], [ 19.769, 49.393 ], [ 19.627, 49.402 ], [ 19.443, 49.602 ], [ 19.249, 49.516 ], [ 19.173, 49.402 ], [ 18.962, 49.389 ], [ 18.932, 49.504 ], [ 18.959151440849642, 49.682117508961909 ], [ 19.080248286134903, 49.774256412983306 ], [ 19.082880826249799, 49.892720718153669 ], [ 19.148694329122225, 49.971696921600575 ], [ 19.067085585560417, 50.042775504702796 ], [ 19.177652270386091, 50.132281868609297 ], [ 19.217982117279256, 50.047806003443696 ], [ 19.42485772968061, 50.003844935808402 ], [ 19.623975506616919, 49.993501155188333 ], [ 19.758444654677799, 49.980571429413246 ], [ 19.838608954483327, 50.024532497048533 ], [ 19.952390541304073, 50.019360606738502 ], [ 20.031952307096741, 50.11713727468662 ], [ 20.453158725480254, 50.211908718822905 ], [ 20.590050811454898, 50.306680162959196 ], [ 21.16394455650244, 50.396186526865691 ], [ 21.379812845923993, 50.49622305123178 ], [ 21.727308141090397, 50.759477062721473 ], [ 22.232755843150617, 50.601524655827653 ], [ 22.253816164069793, 50.433042088474252 ], [ 22.338057447746497, 50.33827064433796 ], [ 22.796119427738574, 50.275089681580432 ], [ 23.180470284513532, 50.369861125716724 ], [ 23.423262291108554, 50.37468228190864 ], [ 23.9289967011951, 50.5549875933308 ], [ 24.065325107392344, 50.678122927960565 ], [ 24.368765753444269, 50.590169117510733 ], [ 24.452321873371613, 50.511010688105877 ], [ 24.702990233153638, 50.423056877656045 ], [ 25.006430879205567, 50.502215307060894 ], [ 25.072396237042941, 50.396670734521095 ], [ 25.076793927565433, 50.260342328323851 ], [ 25.173543119060252, 50.097627778991658 ], [ 25.270292310555067, 50.058048564289237 ], [ 25.446199931454736, 49.904129396002027 ], [ 25.604516790264437, 49.666654107787473 ], [ 26.009104318333673, 49.644665655175018 ], [ 26.185011939233341, 49.464360343752858 ] ] ] ] } },
{ "type": "Feature", "properties": { "id": "sp_palau1589", "colorId": "spain", "name": null, "parent": "spain" }, "geometry": { "type": "MultiPolygon", "coordinates": [ [ [ [ 134.648, 7.719 ], [ 134.658, 7.591 ], [ 134.592, 7.367 ], [ 134.524, 7.361 ], [ 134.488, 7.47 ], [ 134.569, 7.614 ], [ 134.635, 7.629 ], [ 134.648, 7.719 ] ] ] ] } },
{ "type": "Feature", "properties": { "id": "ru_poland1795", "colorId": "russia", "name": null, "parent": "russia1783" }, "geometry": { "type": "MultiPolygon", "coordinates": [ [ [ [ 24.049131462955362, 53.518989030308944 ], [ 24.250374529516378, 53.579829957408791 ], [ 24.390776668977551, 53.528349172939691 ], [ 24.521818665807977, 53.425387604001486 ], [ 24.741782017630484, 53.172663752971388 ], [ 24.966425440768361, 52.816978333003085 ], [ 24.966425440768351, 52.575954660261402 ], [ 24.821343229991808, 52.248349668185334 ], [ 24.713701589738243, 52.126667813985655 ], [ 24.587339664223187, 52.084547172147303 ], [ 24.294835207012408, 51.887984176901675 ], [ 24.292495171354723, 51.816613089342248 ], [ 24.145072924920498, 51.700781324286751 ], [ 23.929789644413368, 51.625900183240795 ], [ 24.028071142036186, 51.513578471671856 ], [ 23.728546577852349, 51.087691981972959 ], [ 23.615497037254464, 51.219561677792832 ], [ 23.505038832693362, 51.458887787675224 ], [ 23.453491670564848, 51.797626281662609 ], [ 23.512402712997435, 51.992769109720555 ], [ 23.440604880032716, 52.160297386638227 ], [ 23.265712722810964, 52.287324321883489 ], [ 23.133162877337647, 52.327825663555906 ], [ 22.923292288671551, 52.596607294654589 ], [ 23.026386612928579, 52.72915714012791 ], [ 22.930656168975624, 52.924299968185856 ], [ 22.930656168975624, 53.156262197764171 ], [ 23.063206014448948, 53.310903684149721 ], [ 23.136844817489681, 53.458181290231195 ], [ 23.576444260102747, 53.776392952654426 ], [ 23.576444260102747, 53.64067088450863 ], [ 23.679405829040942, 53.518989030308944 ], [ 24.049131462955362, 53.518989030308944 ] ] ] ] } },
{ "type": "Feature", "properties": { "id": "yogyakarta1755", "colorId": "yogyakarta", "name": "Джокьякарта", "parent": null }, "geometry": { "type": "MultiPolygon", "coordinates": [ [ [ [ 109.657, -7.782 ], [ 109.702171921593148, -7.647247583019672 ], [ 109.788370093427048, -7.567945264932484 ], [ 110.098683512029083, -7.574841118679196 ], [ 110.650351811766043, -7.62311209490618 ], [ 110.84343571667398, -7.729997827980214 ], [ 111.064103036568753, -7.805852219194046 ], [ 111.28477035646354, -7.805852219194046 ], [ 111.591635848192212, -7.943769294128283 ], [ 112.112272806068958, -8.033415392835538 ], [ 112.377763175317369, -8.026519539088827 ], [ 112.539815738365093, -8.116165637796081 ], [ 112.342, -8.333 ], [ 111.927, -8.303 ], [ 111.792, -8.257 ], [ 111.673, -8.368 ], [ 111.631, -8.324 ], [ 111.449, -8.313 ], [ 111.442, -8.276 ], [ 111.266, -8.249 ], [ 111.171, -8.283 ], [ 111.058, -8.255 ], [ 110.691, -8.176 ], [ 110.477, -8.112 ], [ 110.034, -7.885 ], [ 109.906, -7.838 ], [ 109.657, -7.782 ] ] ] ] } },
{ "type": "Feature", "properties": { "id": "new_spain1589", "colorId": "spain", "name": null, "parent": "spain" }, "geometry": { "type": "MultiPolygon", "coordinates": [ [ [ [ -81.746, 7.349 ], [ -81.883, 7.517 ], [ -81.739, 7.644 ], [ -81.671, 7.51 ], [ -81.719, 7.453 ], [ -81.664, 7.397 ], [ -81.588, 7.335 ], [ -81.746, 7.349 ] ] ], [ [ [ -78.892, 8.458 ], [ -78.836, 8.398 ], [ -78.858, 8.296 ], [ -78.97, 8.305 ], [ -78.971, 8.458 ], [ -78.892, 8.458 ] ] ], [ [ [ -86.607, 16.285 ], [ -86.531, 16.356 ], [ -86.312, 16.413 ], [ -86.607, 16.285 ] ] ], [ [ [ -87.008, 20.436 ], [ -86.937, 20.547 ], [ -86.749, 20.592 ], [ -86.797, 20.477 ], [ -86.995, 20.261 ], [ -87.008, 20.436 ] ] ], [ [ [ -82.659, 8.323 ], [ -82.809, 8.296 ], [ -82.877, 8.219 ], [ -82.849, 8.068 ], [ -82.898, 8.035 ], [ -82.968, 8.221 ], [ -83.151, 8.369 ], [ -83.1, 8.431 ], [ -83.171, 8.637 ], [ -83.24, 8.624 ], [ -83.384, 8.74 ], [ -83.482, 8.713 ], [ -83.405, 8.589 ], [ -83.287, 8.542 ], [ -83.287, 8.377 ], [ -83.462, 8.443 ], [ -83.576, 8.445 ], [ -83.74, 8.624 ], [ -83.668, 8.683 ], [ -83.588, 8.835 ], [ -83.63, 9.035 ], [ -83.787, 9.199 ], [ -83.918, 9.295 ], [ -84.179, 9.398 ], [ -84.208, 9.465 ], [ -84.458, 9.526 ], [ -84.522, 9.519 ], [ -84.678, 9.651 ], [ -84.635, 9.783 ], [ -84.734, 9.967 ], [ -84.898, 10.015 ], [ -85.09, 10.172 ], [ -85.176, 10.166 ], [ -85.254, 10.241 ], [ -85.226, 10.089 ], [ -85.145, 9.999 ], [ -84.911, 9.905 ], [ -84.865, 9.823 ], [ -85.063, 9.665 ], [ -85.118, 9.555 ], [ -85.276, 9.782 ], [ -85.44, 9.865 ], [ -85.639, 9.905 ], [ -85.779, 10.08 ], [ -85.875, 10.355 ], [ -85.776, 10.447 ], [ -85.782, 10.543 ], [ -85.701, 10.562 ], [ -85.665, 10.779 ], [ -85.909, 10.886 ], [ -85.829, 10.949 ], [ -85.711, 10.928 ], [ -85.746, 11.021 ], [ -85.702, 11.081 ], [ -85.786, 11.112 ], [ -85.928, 11.311 ], [ -86.336, 11.611 ], [ -86.496, 11.759 ], [ -86.69, 12.024 ], [ -86.798, 12.219 ], [ -87.002, 12.341 ], [ -87.345, 12.619 ], [ -87.463, 12.786 ], [ -87.647, 12.872 ], [ -87.667, 12.982 ], [ -87.584, 13.057 ], [ -87.435, 12.922 ], [ -87.314, 12.982 ], [ -87.269, 13.029 ], [ -87.419, 13.111 ], [ -87.512, 13.287 ], [ -87.379, 13.372 ], [ -87.447, 13.42 ], [ -87.482, 13.359 ], [ -87.599, 13.384 ], [ -87.619, 13.451 ], [ -87.721, 13.359 ], [ -87.817, 13.407 ], [ -87.874, 13.365 ], [ -87.798, 13.266 ], [ -87.928, 13.159 ], [ -88.208, 13.16 ], [ -88.435, 13.184 ], [ -88.527, 13.198 ], [ -88.786, 13.245 ], [ -89.251, 13.472 ], [ -89.527, 13.494 ], [ -89.68, 13.535 ], [ -89.808, 13.527 ], [ -89.837, 13.597 ], [ -90.098, 13.731 ], [ -90.401, 13.859 ], [ -90.707, 13.929 ], [ -90.91, 13.911 ], [ -91.316, 13.956 ], [ -91.552, 14.057 ], [ -91.763, 14.18 ], [ -92.246, 14.546 ], [ -92.7, 14.999 ], [ -92.84, 15.182 ], [ -92.983, 15.266 ], [ -93.229, 15.502 ], [ -93.656, 15.839 ], [ -93.964, 15.998 ], [ -94.44, 16.187 ], [ -94.701, 16.196 ], [ -94.806, 16.237 ], [ -95.233, 16.158 ], [ -95.353, 16.079 ], [ -95.434, 15.975 ], [ -95.96, 15.828 ], [ -96.237, 15.683 ], [ -96.431, 15.696 ], [ -96.556, 15.659 ], [ -96.845, 15.733 ], [ -97.022, 15.807 ], [ -97.161, 15.904 ], [ -97.266, 15.936 ], [ -97.773, 15.979 ], [ -98.172, 16.209 ], [ -98.445, 16.278 ], [ -98.582, 16.361 ], [ -98.777, 16.555 ], [ -98.857, 16.528 ], [ -99.374, 16.668 ], [ -99.605, 16.683 ], [ -99.741, 16.731 ], [ -99.992, 16.91 ], [ -101.059, 17.264 ], [ -101.182, 17.413 ], [ -101.456, 17.526 ], [ -101.496, 17.614 ], [ -101.644, 17.668 ], [ -101.672, 17.74 ], [ -101.811, 17.89 ], [ -102.037, 17.991 ], [ -102.191, 17.916 ], [ -102.597, 18.049 ], [ -102.742, 18.067 ], [ -103.024, 18.186 ], [ -103.362, 18.267 ], [ -103.498, 18.333 ], [ -103.575, 18.492 ], [ -103.71, 18.601 ], [ -103.7, 18.654 ], [ -103.98, 18.875 ], [ -104.332, 19.022 ], [ -104.304, 19.082 ], [ -104.636, 19.159 ], [ -104.807, 19.229 ], [ -105.017, 19.368 ], [ -105.088, 19.561 ], [ -105.251, 19.666 ], [ -105.526, 20.032 ], [ -105.553, 20.201 ], [ -105.699, 20.407 ], [ -105.576, 20.488 ], [ -105.329, 20.514 ], [ -105.234, 20.636 ], [ -105.362, 20.763 ], [ -105.478, 20.751 ], [ -105.455, 20.867 ], [ -105.31, 21.031 ], [ -105.234, 21.061 ], [ -105.216, 21.204 ], [ -105.243, 21.342 ], [ -105.2, 21.493 ], [ -105.414, 21.601 ], [ -105.632, 21.956 ], [ -105.655, 22.256 ], [ -105.733, 22.504 ], [ -105.8, 22.638 ], [ -105.943, 22.782 ], [ -106.032, 22.83 ], [ -106.22, 23.052 ], [ -106.43, 23.23 ], [ -106.523, 23.408 ], [ -106.612, 23.469 ], [ -106.813, 23.7 ], [ -106.902, 23.847 ], [ -107.036, 23.981 ], [ -107.378, 24.207 ], [ -107.404, 24.253 ], [ -107.775, 24.477 ], [ -107.937, 24.639 ], [ -107.995, 24.648 ], [ -108.036, 24.785 ], [ -108.05, 24.823 ], [ -108.156, 24.883 ], [ -108.284, 25.107 ], [ -108.386, 25.162 ], [ -108.451, 25.269 ], [ -108.78, 25.433 ], [ -108.888, 25.49 ], [ -109.035, 25.465 ], [ -109.116, 25.536 ], [ -109.131, 25.583 ], [ -109.171, 25.649 ], [ -109.301, 25.659 ], [ -109.288, 25.717 ], [ -109.441, 25.793 ], [ -109.433, 26.022 ], [ -109.225, 26.334 ], [ -109.256, 26.498 ], [ -109.531, 26.684 ], [ -109.768, 26.707 ], [ -109.856, 26.801 ], [ -109.982, 27.115 ], [ -110.091, 27.103 ], [ -110.288, 27.148 ], [ -110.524, 27.3 ], [ -110.587, 27.449 ], [ -110.627, 27.609 ], [ -110.579, 27.668 ], [ -110.616, 27.812 ], [ -110.808, 27.928 ], [ -110.886, 27.839 ], [ -110.999, 27.964 ], [ -111.059, 27.937 ], [ -111.251, 28.052 ], [ -111.474, 28.381 ], [ -111.708, 28.46 ], [ -111.761, 28.584 ], [ -111.949, 28.757 ], [ -111.925, 28.802 ], [ -112.152, 28.987 ], [ -112.42, 29.376 ], [ -112.751, 29.924 ], [ -113.129, 30.812 ], [ -113.049, 31.157 ], [ -113.229, 31.245 ], [ -113.549, 31.296 ], [ -113.66, 31.498 ], [ -113.775, 31.563 ], [ -113.94, 31.6 ], [ -114.029, 31.492 ], [ -114.159, 31.495 ], [ -114.494, 31.677 ], [ -114.781, 31.656 ], [ -114.853, 31.527 ], [ -114.889, 31.163 ], [ -114.832, 31.007 ], [ -114.72, 30.941 ], [ -114.698, 30.637 ], [ -114.63, 30.425 ], [ -114.66, 30.183 ], [ -114.533, 29.968 ], [ -114.428, 29.907 ], [ -114.392, 29.783 ], [ -114.208, 29.745 ], [ -114.046, 29.596 ], [ -113.771, 29.408 ], [ -113.623, 29.253 ], [ -113.354, 28.8 ], [ -113.26, 28.84 ], [ -113.194, 28.744 ], [ -113.103, 28.505 ], [ -113.002, 28.456 ], [ -112.846, 28.441 ], [ -112.872, 28.284 ], [ -112.786, 28.196 ], [ -112.799, 28.017 ], [ -112.773, 27.864 ], [ -112.598, 27.654 ], [ -112.373, 27.564 ], [ -112.213, 27.21 ], [ -111.95, 27.093 ], [ -111.818, 26.896 ], [ -111.56, 26.696 ], [ -111.569, 26.576 ], [ -111.442, 26.518 ], [ -111.462, 26.4 ], [ -111.318, 26.074 ], [ -111.36, 25.964 ], [ -111.307, 25.779 ], [ -111.213, 25.702 ], [ -111.114, 25.526 ], [ -111.019, 25.515 ], [ -111.025, 25.447 ], [ -110.904, 25.143 ], [ -110.758, 25.012 ], [ -110.657, 24.807 ], [ -110.724, 24.681 ], [ -110.739, 24.555 ], [ -110.682, 24.361 ], [ -110.562, 24.213 ], [ -110.35, 24.114 ], [ -110.301, 24.217 ], [ -110.339, 24.316 ], [ -110.233, 24.343 ], [ -110.173, 24.253 ], [ -110.007, 24.159 ], [ -109.988, 24.046 ], [ -109.828, 24.063 ], [ -109.824, 23.91 ], [ -109.698, 23.798 ], [ -109.68, 23.648 ], [ -109.476, 23.56 ], [ -109.426, 23.459 ], [ -109.426, 23.297 ], [ -109.532, 23.108 ], [ -109.713, 23.031 ], [ -109.895, 22.874 ], [ -110.098, 23.018 ], [ -110.167, 23.321 ], [ -110.307, 23.541 ], [ -110.577, 23.682 ], [ -111.04, 24.104 ], [ -111.444, 24.324 ], [ -111.699, 24.536 ], [ -111.803, 24.546 ], [ -111.849, 24.654 ], [ -111.967, 24.778 ], [ -112.088, 24.773 ], [ -112.145, 24.874 ], [ -112.131, 25.172 ], [ -112.078, 25.259 ], [ -112.063, 25.625 ], [ -112.198, 25.995 ], [ -112.293, 26.05 ], [ -112.343, 26.178 ], [ -112.443, 26.261 ], [ -112.498, 26.235 ], [ -113.061, 26.599 ], [ -113.164, 26.789 ], [ -113.286, 26.75 ], [ -113.364, 26.795 ], [ -113.504, 26.793 ], [ -113.543, 26.719 ], [ -113.637, 26.726 ], [ -113.725, 26.8 ], [ -113.816, 26.949 ], [ -114.005, 26.977 ], [ -114.114, 27.105 ], [ -114.237, 27.153 ], [ -114.294, 27.125 ], [ -114.488, 27.238 ], [ -114.9, 27.664 ], [ -115.034, 27.759 ], [ -115.056, 27.86 ], [ -114.604, 27.774 ], [ -114.499, 27.774 ], [ -114.325, 27.875 ], [ -114.057, 28.206 ], [ -114.125, 28.256 ], [ -114.043, 28.458 ], [ -114.166, 28.647 ], [ -114.272, 28.659 ], [ -114.477, 28.929 ], [ -114.592, 28.965 ], [ -114.631, 29.094 ], [ -114.722, 29.118 ], [ -114.972, 29.378 ], [ -115.187, 29.429 ], [ -115.286, 29.53 ], [ -115.499, 29.611 ], [ -115.698, 29.756 ], [ -115.7, 29.898 ], [ -115.807, 29.956 ], [ -115.783, 30.093 ], [ -115.837, 30.346 ], [ -116.049, 30.48 ], [ -116.037, 30.73 ], [ -116.068, 30.813 ], [ -116.176, 30.86 ], [ -116.25, 30.957 ], [ -116.335, 30.956 ], [ -116.309, 31.149 ], [ -116.342, 31.22 ], [ -116.53, 31.44 ], [ -116.676, 31.553 ], [ -116.62, 31.858 ], [ -116.842, 31.987 ], [ -117.025, 32.277 ], [ -117.125, 32.532 ], [ -117.133, 32.69 ], [ -117.257, 32.702 ], [ -117.254, 32.885 ], [ -117.322, 33.109 ], [ -117.509, 33.335 ], [ -118.091, 33.731 ], [ -118.255, 33.765 ], [ -118.291, 33.703 ], [ -118.412, 33.742 ], [ -118.391, 33.836 ], [ -118.544, 34.039 ], [ -118.807, 33.999 ], [ -119.21, 34.152 ], [ -119.269, 34.255 ], [ -119.617, 34.421 ], [ -119.879, 34.407 ], [ -120.133, 34.473 ], [ -120.473, 34.45 ], [ -120.648, 34.586 ], [ -120.616, 34.858 ], [ -120.673, 34.908 ], [ -120.645, 35.139 ], [ -120.766, 35.16 ], [ -120.898, 35.25 ], [ -120.831, 35.336 ], [ -120.908, 35.448 ], [ -121.005, 35.461 ], [ -121.169, 35.637 ], [ -121.288, 35.665 ], [ -121.729, 36.198 ], [ -121.9, 36.304 ], [ -121.978, 36.575 ], [ -121.814, 36.683 ], [ -121.79, 36.806 ], [ -121.937, 36.978 ], [ -122.154, 36.977 ], [ -122.404, 37.195 ], [ -122.4, 37.36 ], [ -122.52, 37.531 ], [ -122.515, 37.781 ], [ -122.7, 37.892 ], [ -122.907, 38.032 ], [ -123.027, 37.994 ], [ -122.95, 38.144 ], [ -122.975, 38.266 ], [ -123.062, 38.296 ], [ -123.129, 38.449 ], [ -123.337, 38.567 ], [ -123.726, 38.919 ], [ -123.689, 39.028 ], [ -123.825, 39.347 ], [ -123.77, 39.545 ], [ -123.854, 39.834 ], [ -124.116, 40.107 ], [ -124.364, 40.261 ], [ -124.409, 40.444 ], [ -124.111, 41.042 ], [ -124.124, 41.182 ], [ -124.062, 41.436 ], [ -124.159, 41.737 ], [ -124.263, 41.776 ], [ -124.217, 42.006 ], [ -124.36, 42.113 ], [ -124.433, 42.329 ], [ -124.394, 42.567 ], [ -124.415, 42.662 ], [ -124.548, 42.845 ], [ -124.445, 43.03 ], [ -124.377, 43.34 ], [ -124.325, 43.363 ], [ -123.753713300887171, 43.450443249178917 ], [ -123.068599444185423, 43.336984903483078 ], [ -122.514399063286547, 43.201707645153427 ], [ -122.160932678618735, 43.297710860742214 ], [ -121.53691177729165, 43.393714076330994 ], [ -121.056895699347734, 43.288983295688688 ], [ -120.114318673566956, 43.371895163697182 ], [ -119.616847465515988, 43.341348686009837 ], [ -119.372475644017271, 43.079521734404061 ], [ -118.892459566073356, 43.066430386823775 ], [ -118.355714315281531, 43.009701213975859 ], [ -118.089523581148995, 42.730419132263037 ], [ -117.714238283847394, 42.590778091406627 ], [ -117.155674120421736, 42.555867831192515 ], [ -116.906938516396252, 42.254766836845882 ], [ -116.042909576097202, 42.045305275561262 ], [ -115.698170756482938, 42.001667450293631 ], [ -115.218154678539022, 41.827116149223116 ], [ -114.786140208389497, 41.827116149223123 ], [ -114.266850087704725, 41.910028017231618 ], [ -113.769378879653758, 42.128217143569763 ], [ -113.446458972673298, 42.477319745710787 ], [ -113.328636844450685, 42.547140266139003 ], [ -112.831165636399732, 42.630052134147491 ], [ -111.892952393145706, 43.45044324917891 ], [ -111.792585395030201, 43.712270200784673 ], [ -111.491484400683575, 43.638085897829704 ], [ -111.103107755801673, 43.642449680356471 ], [ -110.932920237257932, 43.90427663196224 ], [ -110.820148920481671, 44.303128841573503 ], [ -110.535694953429811, 44.023846764831674 ], [ -110.302959889478288, 43.615267430338989 ], [ -110.023677812736466, 43.217031876466379 ], [ -109.813610019143255, 42.583141471984817 ], [ -110.088528318329281, 42.220947522263501 ], [ -109.967433353211646, 41.901300452178141 ], [ -109.456870797580393, 41.486741112135668 ], [ -108.562295379594005, 41.438739504341278 ], [ -107.789905872356982, 41.320917376118679 ], [ -107.138611330237623, 41.346009125647569 ], [ -106.899694236897346, 40.980542339031203 ], [ -106.808054803835347, 40.565982998988737 ], [ -106.589865677497215, 40.286700917275923 ], [ -106.170942554927976, 40.208152831794187 ], [ -105.551285436127642, 40.277973352222389 ], [ -105.507647610860019, 39.902688054920787 ], [ -106.001322596558836, 38.925408474361561 ], [ -106.208750285732918, 38.564803414720444 ], [ -106.042808134393653, 38.201007159861284 ], [ -105.551285436127586, 37.550609272995644 ], [ -105.350551439896506, 37.210234235908139 ], [ -105.202182833986569, 36.773855983231854 ], [ -105.372370352530311, 36.232746949913263 ], [ -105.525102740967, 35.648000091327049 ], [ -105.289458484521802, 35.27271479402544 ], [ -104.853080231845524, 35.093799710428165 ], [ -104.783259711417315, 34.96725001715204 ], [ -104.495250064650961, 34.600692284903964 ], [ -104.39924684906218, 34.570145807216619 ], [ -104.085054507135268, 34.330137768244661 ], [ -103.674858949619562, 34.295227508030557 ], [ -103.290846087264427, 34.40432207119963 ], [ -102.810830009320512, 34.347592898351714 ], [ -102.265357193475154, 34.14685890212062 ], [ -101.510422816345169, 34.020309208844502 ], [ -101.300961255060557, 33.863213037881039 ], [ -101.231140734632348, 33.754118474711973 ], [ -101.017315390820997, 33.575203391114698 ], [ -100.72494196152789, 33.461745045418859 ], [ -100.009281627138776, 33.400652090044183 ], [ -99.271802380115858, 33.431198567731521 ], [ -98.787422519645176, 33.326467787089214 ], [ -98.381590744656236, 33.426834785204761 ], [ -97.792480103543269, 33.335195352142733 ], [ -97.199005679903522, 32.933727359680546 ], [ -96.727717167013125, 32.863906839252344 ], [ -96.273883784229795, 32.671900408074777 ], [ -95.846233096607037, 32.593352322593049 ], [ -95.348761888556069, 32.418801021522533 ], [ -94.419276210355562, 32.21370324276468 ], [ -94.192359518963897, 32.104608679595607 ], [ -93.808346656608762, 31.991150333899775 ], [ -93.607612660377669, 31.690049339553138 ], [ -93.398151099093056, 31.406403475313553 ], [ -93.258510058236652, 31.30603647719801 ], [ -93.189574841931417, 30.853949477106749 ], [ -92.377911287561119, 30.13392535629438 ], [ -91.727707687554798, 29.688819536155822 ], [ -91.632489686252725, 29.411063914951249 ], [ -93.2, 29.773 ], [ -93.739, 29.737 ], [ -93.876, 29.675 ], [ -94.06, 29.682 ], [ -94.889, 29.376 ], [ -95.065, 29.204 ], [ -95.163, 29.201 ], [ -95.159, 29.046 ], [ -95.379, 28.881 ], [ -95.602, 28.764 ], [ -95.817, 28.732 ], [ -96.026, 28.651 ], [ -96.22, 28.637 ], [ -96.52, 28.549 ], [ -96.404, 28.435 ], [ -96.654, 28.319 ], [ -96.782, 28.242 ], [ -96.945, 28.126 ], [ -97.025, 28.041 ], [ -97.184, 27.837 ], [ -97.263, 27.679 ], [ -97.44, 27.272 ], [ -97.481, 27.022 ], [ -97.488, 26.775 ], [ -97.425, 26.535 ], [ -97.352, 26.354 ], [ -97.311, 26.123 ], [ -97.152, 26.075 ], [ -97.139, 25.966 ], [ -97.165, 25.723 ], [ -97.319, 25.39 ], [ -97.459, 25.179 ], [ -97.651, 24.516 ], [ -97.717, 24.008 ], [ -97.722, 23.739 ], [ -97.769, 23.26 ], [ -97.742, 22.972 ], [ -97.891, 22.596 ], [ -97.85, 22.535 ], [ -97.774, 22.253 ], [ -97.761, 22.096 ], [ -97.61, 21.836 ], [ -97.316, 21.561 ], [ -97.338, 21.055 ], [ -97.197, 20.81 ], [ -97.151, 20.647 ], [ -97.034, 20.515 ], [ -96.676, 20.158 ], [ -96.456, 19.869 ], [ -96.36, 19.537 ], [ -96.278, 19.315 ], [ -96.157, 19.225 ], [ -96.088, 19.115 ], [ -95.977, 19.058 ], [ -95.942, 18.939 ], [ -95.844, 18.833 ], [ -95.959, 18.856 ], [ -95.807, 18.752 ], [ -95.568, 18.683 ], [ -95.728, 18.757 ], [ -95.495, 18.707 ], [ -95.208, 18.709 ], [ -95.003, 18.555 ], [ -94.808, 18.524 ], [ -94.581, 18.19 ], [ -94.467, 18.144 ], [ -94.207, 18.19 ], [ -93.861, 18.307 ], [ -93.767, 18.281 ], [ -93.684, 18.355 ], [ -93.593, 18.345 ], [ -93.58, 18.416 ], [ -93.445, 18.442 ], [ -93.101, 18.443 ], [ -92.856, 18.466 ], [ -92.696, 18.616 ], [ -92.405, 18.671 ], [ -92.06, 18.702 ], [ -91.948, 18.691 ], [ -91.822560450920776, 18.677942181618938 ], [ -91.603182108012689, 18.774468652498495 ], [ -91.431, 18.88 ], [ -91.162, 19.016 ], [ -90.936, 19.163 ], [ -90.73, 19.376 ], [ -90.709, 19.687 ], [ -90.665, 19.782 ], [ -90.478, 19.922 ], [ -90.497, 20.067 ], [ -90.474, 20.409 ], [ -90.49, 20.534 ], [ -90.449, 20.742 ], [ -90.332, 21.032 ], [ -90.099, 21.164 ], [ -89.786, 21.285 ], [ -89.123, 21.363 ], [ -88.703, 21.459 ], [ -88.605, 21.534 ], [ -88.448, 21.575 ], [ -88.283, 21.557 ], [ -88.129, 21.616 ], [ -87.962, 21.6 ], [ -87.71, 21.537 ], [ -87.811, 21.521 ], [ -87.502, 21.499 ], [ -87.493, 21.468 ], [ -87.238, 21.443 ], [ -87.135, 21.558 ], [ -87.272, 21.561 ], [ -87.134, 21.619 ], [ -86.998, 21.566 ], [ -86.925, 21.446 ], [ -86.828, 21.433 ], [ -86.815, 21.205 ], [ -86.742, 21.164 ], [ -86.823, 21.02 ], [ -86.875, 20.855 ], [ -87.067, 20.619 ], [ -87.235, 20.493 ], [ -87.444, 20.191 ], [ -87.475, 19.876 ], [ -87.742, 19.615 ], [ -87.66, 19.568 ], [ -87.674, 19.506 ], [ -87.565, 19.568 ], [ -87.441, 19.554 ], [ -87.433, 19.492 ], [ -87.656, 19.373 ], [ -87.688, 19.242 ], [ -87.639, 19.221 ], [ -87.567, 19.317 ], [ -87.481, 19.32 ], [ -87.606, 19.02 ], [ -87.662, 18.767 ], [ -87.723, 18.681 ], [ -87.771, 18.406 ], [ -87.845, 18.197 ], [ -87.866, 18.328 ], [ -87.935, 18.443 ], [ -88.078, 18.499 ], [ -88.002, 18.69 ], [ -88.036, 18.875 ], [ -88.138, 18.762 ], [ -88.304, 18.481 ], [ -88.489, 18.485 ], [ -88.617, 18.235 ], [ -88.697, 18.178 ], [ -88.736, 18.052 ], [ -88.88, 17.888 ], [ -88.871471263844768, 17.770844182914818 ], [ -88.742174003879995, 17.445015087803601 ], [ -88.73441616828211, 16.684747199210765 ], [ -88.912846387033497, 16.457184021672767 ], [ -89.021456085403898, 16.250308405729136 ], [ -89.047315537396855, 16.084807912974231 ], [ -89.005940414208126, 15.971026324205233 ], [ -88.914, 15.894 ], [ -88.787, 15.859 ], [ -88.598, 15.706 ], [ -88.55, 15.839 ], [ -88.489, 15.847 ], [ -88.62, 15.953 ], [ -88.221, 15.726 ], [ -88.145, 15.685 ], [ -87.951, 15.867 ], [ -87.722, 15.923 ], [ -87.617, 15.895 ], [ -87.51, 15.799 ], [ -87.345, 15.85 ], [ -87.152, 15.797 ], [ -86.879, 15.764 ], [ -86.471, 15.804 ], [ -86.338, 15.781 ], [ -86.207, 15.874 ], [ -85.995, 15.901 ], [ -85.919, 16.004 ], [ -85.692, 15.972 ], [ -85.489, 15.87 ], [ -85.254, 15.884 ], [ -85.076, 15.986 ], [ -85.0, 15.988 ], [ -84.677, 15.876 ], [ -84.681, 15.794 ], [ -84.477, 15.779 ], [ -84.642, 15.863 ], [ -84.295, 15.811 ], [ -83.894, 15.485 ], [ -84.004, 15.538 ], [ -84.089, 15.483 ], [ -84.083, 15.36 ], [ -83.922, 15.248 ], [ -83.822, 15.271 ], [ -83.988, 15.352 ], [ -83.994, 15.422 ], [ -83.775, 15.286 ], [ -83.769, 15.219 ], [ -83.634, 15.256 ], [ -83.623, 15.296 ], [ -83.528, 15.284 ], [ -83.555, 15.168 ], [ -83.482, 15.216 ], [ -83.517, 15.29 ], [ -83.548, 15.292 ], [ -83.725, 15.376 ], [ -83.703, 15.402 ], [ -83.356, 15.23 ], [ -83.254, 15.045 ], [ -83.13, 14.997 ], [ -83.18, 14.986 ], [ -83.287, 14.826 ], [ -83.299, 14.771 ], [ -83.192, 14.387 ], [ -83.219, 14.25 ], [ -83.431, 13.957 ], [ -83.494, 13.738 ], [ -83.57, 13.287 ], [ -83.508, 12.903 ], [ -83.541, 12.581 ], [ -83.492, 12.4 ], [ -83.617, 12.348 ], [ -83.686, 12.137 ], [ -83.679, 12.009 ], [ -83.836, 11.871 ], [ -83.743, 11.805 ], [ -83.7, 11.85 ], [ -83.653, 11.612 ], [ -83.761, 11.557 ], [ -83.794, 11.444 ], [ -83.868, 11.375 ], [ -83.837, 11.143 ], [ -83.696, 10.937 ], [ -83.687, 10.938 ], [ -83.665, 10.935 ], [ -83.624, 10.903 ], [ -83.609, 10.746 ], [ -83.575, 10.768 ], [ -83.466, 10.495 ], [ -83.204, 10.129 ], [ -83.085, 10.002 ], [ -83.026, 10.005 ], [ -82.95, 9.868 ], [ -82.772, 9.661 ], [ -82.636, 9.635 ], [ -82.574, 9.576 ], [ -82.369, 9.415 ], [ -82.351, 9.207 ], [ -82.25, 9.172 ], [ -82.246, 9.014 ], [ -82.098, 8.931 ], [ -81.959, 8.932 ], [ -81.904, 8.971 ], [ -81.937, 9.138 ], [ -81.815, 9.117 ], [ -81.539, 8.813 ], [ -81.304, 8.782 ], [ -81.088, 8.809 ], [ -80.822, 8.891 ], [ -80.727, 8.997 ], [ -80.408, 9.142 ], [ -80.293, 9.151 ], [ -80.101, 9.222 ], [ -79.944, 9.364 ], [ -79.875, 9.343 ], [ -79.691, 9.496 ], [ -79.63, 9.608 ], [ -79.533, 9.624 ], [ -79.194, 9.54 ], [ -78.971, 9.573 ], [ -79.055, 9.532 ], [ -79.058, 9.458 ], [ -78.903, 9.423 ], [ -78.561, 9.438 ], [ -78.438, 9.404 ], [ -78.208, 9.29 ], [ -78.025, 9.226 ], [ -77.89, 9.077 ], [ -77.878, 9.119 ], [ -77.744, 8.964 ], [ -77.71, 8.881 ], [ -77.629, 8.844 ], [ -77.477, 8.67 ], [ -77.374, 8.665 ], [ -77.489, 8.474 ], [ -77.422, 8.456 ], [ -77.363, 8.272 ], [ -77.324, 8.261 ], [ -77.169, 7.935 ], [ -77.322, 7.881 ], [ -77.38, 7.774 ], [ -77.34, 7.707 ], [ -77.613, 7.537 ], [ -77.74, 7.719 ], [ -77.771, 7.669 ], [ -77.734, 7.552 ], [ -77.82, 7.477 ], [ -77.896, 7.235 ], [ -78.014, 7.341 ], [ -78.01, 7.383 ], [ -78.166, 7.513 ], [ -78.174, 7.575 ], [ -78.292, 7.691 ], [ -78.329, 7.843 ], [ -78.395, 7.917 ], [ -78.434, 8.046 ], [ -78.286, 8.081 ], [ -78.237, 8.154 ], [ -78.306, 8.254 ], [ -78.45, 8.391 ], [ -78.532, 8.576 ], [ -78.504, 8.634 ], [ -78.604, 8.665 ], [ -78.874, 8.891 ], [ -79.083, 8.989 ], [ -79.273, 9.019 ], [ -79.482, 8.998 ], [ -79.559, 8.914 ], [ -79.704, 8.87 ], [ -79.756, 8.796 ], [ -79.739, 8.716 ], [ -79.826, 8.639 ], [ -79.774, 8.58 ], [ -80.081, 8.372 ], [ -80.225, 8.301 ], [ -80.386, 8.311 ], [ -80.47, 8.221 ], [ -80.456, 8.036 ], [ -80.349, 7.989 ], [ -80.3, 7.883 ], [ -80.144, 7.753 ], [ -80.052, 7.637 ], [ -79.995, 7.503 ], [ -80.018, 7.457 ], [ -80.259, 7.425 ], [ -80.358, 7.382 ], [ -80.348, 7.318 ], [ -80.445, 7.246 ], [ -80.848, 7.219 ], [ -80.93, 7.256 ], [ -80.896, 7.328 ], [ -80.946, 7.556 ], [ -81.035, 7.68 ], [ -81.165, 7.789 ], [ -81.218, 7.726 ], [ -81.195, 7.639 ], [ -81.526, 7.711 ], [ -81.588, 7.804 ], [ -81.677, 8.068 ], [ -81.774, 8.123 ], [ -82.116, 8.233 ], [ -82.197, 8.202 ], [ -82.225, 8.34 ], [ -82.512, 8.276 ], [ -82.659, 8.323 ] ] ] ] } },
{ "type": "Feature", "properties": { "id": "melanesia1200m", "colorId": null, "name": "Меланезия", "parent": null }, "geometry": { "type": "MultiPolygon", "coordinates": [ [ [ [ -178.293, -17.883 ], [ -178.239, -17.934 ], [ -178.352, -17.946 ], [ -178.293, -17.883 ] ] ], [ [ [ -178.911, -17.215 ], [ -178.981, -17.295 ], [ -178.965, -17.177 ], [ -178.911, -17.215 ] ] ], [ [ [ -180.0, -16.964 ], [ -180.0, -16.787 ], [ -179.916, -16.695 ], [ -179.821, -16.78 ], [ -179.872, -16.864 ], [ -180.0, -16.964 ] ] ], [ [ [ 157.55, -8.692 ], [ 157.615, -8.734 ], [ 157.622, -8.796 ], [ 157.477, -8.74 ], [ 157.55, -8.692 ] ] ], [ [ [ 158.208, -8.679 ], [ 158.229, -8.775 ], [ 158.154, -8.797 ], [ 158.208, -8.679 ] ] ], [ [ [ 157.879, -8.683 ], [ 157.9, -8.562 ], [ 158.057, -8.528 ], [ 158.135, -8.567 ], [ 158.068, -8.605 ], [ 158.106, -8.691 ], [ 158.013, -8.765 ], [ 157.879, -8.683 ] ] ], [ [ [ 157.312, -8.696 ], [ 157.201, -8.566 ], [ 157.348, -8.413 ], [ 157.414, -8.498 ], [ 157.359, -8.577 ], [ 157.312, -8.696 ] ] ], [ [ [ 157.567, -8.276 ], [ 157.345, -8.275 ], [ 157.228, -8.317 ], [ 157.222, -8.224 ], [ 157.317, -8.186 ], [ 157.383, -8.032 ], [ 157.503, -7.96 ], [ 157.612, -8.066 ], [ 157.613, -8.169 ], [ 157.667, -8.241 ], [ 157.746, -8.229 ], [ 157.838, -8.337 ], [ 157.903, -8.499 ], [ 157.886, -8.583 ], [ 157.797, -8.562 ], [ 157.578, -8.436 ], [ 157.627, -8.378 ], [ 157.567, -8.276 ] ] ], [ [ [ 157.167, -8.167 ], [ 157.208, -8.289 ], [ 157.098, -8.159 ], [ 157.167, -8.167 ] ] ], [ [ [ 156.611, -8.073 ], [ 156.578, -8.187 ], [ 156.532, -7.949 ], [ 156.611, -8.073 ] ] ], [ [ [ 157.002, -8.087 ], [ 156.947, -7.98 ], [ 157.002, -7.875 ], [ 157.091, -7.851 ], [ 157.191, -7.953 ], [ 157.202, -8.048 ], [ 157.146, -8.149 ], [ 157.105, -8.125 ], [ 157.002, -8.087 ] ] ], [ [ [ 156.619, -7.813 ], [ 156.516, -7.72 ], [ 156.504, -7.63 ], [ 156.611, -7.569 ], [ 156.685, -7.666 ], [ 156.807, -7.72 ], [ 156.66, -7.939 ], [ 156.619, -7.813 ] ] ], [ [ [ 158.379, -7.563 ], [ 158.486, -7.61 ], [ 158.362, -7.638 ], [ 158.379, -7.563 ] ] ], [ [ [ 158.365, -7.548 ], [ 158.266, -7.488 ], [ 158.435, -7.528 ], [ 158.365, -7.548 ] ] ], [ [ [ 157.776, -7.408 ], [ 157.797, -7.473 ], [ 157.679, -7.448 ], [ 157.776, -7.408 ] ] ], [ [ [ 157.476, -7.412 ], [ 157.612, -7.404 ], [ 157.619, -7.452 ], [ 157.476, -7.412 ] ] ], [ [ [ 155.674, -7.076 ], [ 155.735, -6.966 ], [ 155.817, -7.021 ], [ 155.858, -7.093 ], [ 155.735, -7.124 ], [ 155.674, -7.076 ] ] ], [ [ [ 157.043, -6.897 ], [ 157.12, -6.981 ], [ 157.153, -7.124 ], [ 157.386, -7.323 ], [ 157.53, -7.333 ], [ 157.442, -7.414 ], [ 157.201, -7.337 ], [ 157.104, -7.332 ], [ 157.057, -7.268 ], [ 156.928, -7.209 ], [ 156.687, -6.897 ], [ 156.461, -6.733 ], [ 156.488, -6.603 ], [ 156.67, -6.675 ], [ 156.78, -6.776 ], [ 157.043, -6.897 ] ] ], [ [ [ 155.279, -5.884 ], [ 155.404, -6.006 ], [ 155.452, -6.137 ], [ 155.569, -6.211 ], [ 155.623, -6.191 ], [ 155.759, -6.344 ], [ 155.813, -6.365 ], [ 155.917, -6.518 ], [ 155.933, -6.641 ], [ 155.968, -6.727 ], [ 155.912, -6.809 ], [ 155.816, -6.782 ], [ 155.718, -6.873 ], [ 155.524, -6.839 ], [ 155.361, -6.746 ], [ 155.187, -6.554 ], [ 155.235, -6.363 ], [ 155.182, -6.292 ], [ 154.979, -6.193 ], [ 154.96, -6.131 ], [ 154.756, -5.948 ], [ 154.7, -5.767 ], [ 154.77, -5.559 ], [ 154.698, -5.452 ], [ 154.733, -5.427 ], [ 154.892, -5.555 ], [ 155.018, -5.541 ], [ 155.192, -5.766 ], [ 155.213, -5.87 ], [ 155.279, -5.884 ] ] ], [ [ [ 154.536, -5.137 ], [ 154.624, -5.013 ], [ 154.679, -5.047 ], [ 154.727, -5.211 ], [ 154.689, -5.427 ], [ 154.632, -5.459 ], [ 154.536, -5.137 ] ] ], [ [ [ 167.521, -22.57 ], [ 167.507, -22.671 ], [ 167.419, -22.645 ], [ 167.45, -22.538 ], [ 167.521, -22.57 ] ] ], [ [ [ 165.837, -21.402 ], [ 165.908, -21.378 ], [ 166.055, -21.459 ], [ 166.219, -21.597 ], [ 166.37, -21.659 ], [ 166.573, -21.875 ], [ 166.778, -22.015 ], [ 166.874, -22.035 ], [ 167.034, -22.237 ], [ 167.013, -22.316 ], [ 166.916, -22.396 ], [ 166.753, -22.387 ], [ 166.712, -22.316 ], [ 166.506, -22.234 ], [ 166.437, -22.308 ], [ 166.432, -22.172 ], [ 166.35, -22.2 ], [ 166.219, -22.152 ], [ 166.116, -22.028 ], [ 166.061, -21.903 ], [ 166.003, -21.964 ], [ 165.764, -21.811 ], [ 165.725, -21.72 ], [ 165.678, -21.761 ], [ 165.291, -21.577 ], [ 165.117, -21.398 ], [ 164.986, -21.302 ], [ 164.972, -21.35 ], [ 164.834, -21.183 ], [ 164.807, -21.082 ], [ 164.719, -21.066 ], [ 164.657, -20.946 ], [ 164.519, -20.891 ], [ 164.366, -20.758 ], [ 164.287, -20.576 ], [ 164.193, -20.526 ], [ 164.171, -20.339 ], [ 163.995, -20.264 ], [ 164.056, -20.228 ], [ 163.992, -20.083 ], [ 164.244, -20.285 ], [ 164.316, -20.235 ], [ 164.496, -20.3 ], [ 164.581, -20.391 ], [ 164.725, -20.473 ], [ 164.828, -20.583 ], [ 165.062, -20.734 ], [ 165.218, -20.764 ], [ 165.328, -20.928 ], [ 165.413, -20.949 ], [ 165.407, -21.055 ], [ 165.615, -21.206 ], [ 165.623, -21.268 ], [ 165.781, -21.316 ], [ 165.837, -21.402 ] ] ], [ [ [ 167.386, -20.942 ], [ 167.432, -21.028 ], [ 167.423, -21.148 ], [ 167.331, -21.164 ], [ 167.268, -21.091 ], [ 167.146, -21.073 ], [ 167.021, -20.912 ], [ 167.133, -20.89 ], [ 167.185, -20.788 ], [ 167.044, -20.768 ], [ 167.059, -20.716 ], [ 167.213, -20.672 ], [ 167.308, -20.731 ], [ 167.285, -20.902 ], [ 167.386, -20.942 ] ] ], [ [ [ 166.637, -20.425 ], [ 166.579, -20.55 ], [ 166.63, -20.596 ], [ 166.575, -20.685 ], [ 166.494, -20.713 ], [ 166.637, -20.425 ] ] ], [ [ [ 167.375, -16.193 ], [ 167.322, -16.115 ], [ 167.233, -16.17 ], [ 167.147, -16.083 ], [ 167.185, -15.891 ], [ 167.336, -15.909 ], [ 167.424, -16.112 ], [ 167.535, -16.163 ], [ 167.813, -16.42 ], [ 167.844, -16.458 ], [ 167.744, -16.546 ], [ 167.622, -16.494 ], [ 167.501, -16.587 ], [ 167.385, -16.368 ], [ 167.375, -16.193 ] ] ], [ [ [ 167.127, -15.622 ], [ 167.234, -15.642 ], [ 167.206, -15.751 ], [ 167.072, -15.676 ], [ 167.127, -15.622 ] ] ], [ [ [ 166.616, -15.385 ], [ 166.65, -15.265 ], [ 166.523, -14.832 ], [ 166.556, -14.646 ], [ 166.61, -14.635 ], [ 166.737, -14.83 ], [ 166.802, -15.152 ], [ 166.92, -15.156 ], [ 166.963, -15.104 ], [ 166.965, -14.951 ], [ 167.054, -14.96 ], [ 167.089, -15.141 ], [ 167.139, -15.146 ], [ 167.165, -15.333 ], [ 167.233, -15.524 ], [ 167.141, -15.536 ], [ 167.053, -15.592 ], [ 166.946, -15.577 ], [ 166.793, -15.656 ], [ 166.616, -15.385 ] ] ], [ [ [ 167.453, -13.919 ], [ 167.389, -13.804 ], [ 167.489, -13.708 ], [ 167.581, -13.849 ], [ 167.453, -13.919 ] ] ], [ [ [ 160.003, -11.461 ], [ 160.504, -11.736 ], [ 160.582, -11.795 ], [ 160.483, -11.845 ], [ 160.38, -11.777 ], [ 160.271, -11.633 ], [ 160.168, -11.653 ], [ 160.024, -11.601 ], [ 159.963, -11.521 ], [ 160.003, -11.461 ] ] ], [ [ [ 166.924, -11.641 ], [ 166.984, -11.71 ], [ 166.843, -11.713 ], [ 166.767, -11.633 ], [ 166.806, -11.592 ], [ 166.924, -11.641 ] ] ], [ [ [ 166.027, -10.647 ], [ 166.148, -10.694 ], [ 166.055, -10.767 ], [ 165.934, -10.776 ], [ 165.862, -10.869 ], [ 165.756, -10.812 ], [ 165.753, -10.752 ], [ 165.878, -10.657 ], [ 166.027, -10.647 ] ] ], [ [ [ 161.49, -10.42 ], [ 161.511, -10.365 ], [ 161.285, -10.324 ], [ 161.292, -10.226 ], [ 161.396, -10.204 ], [ 161.502, -10.251 ], [ 161.735, -10.405 ], [ 161.836, -10.447 ], [ 162.114, -10.456 ], [ 162.278, -10.68 ], [ 162.272, -10.814 ], [ 162.375, -10.824 ], [ 162.101, -10.821 ], [ 161.792, -10.735 ], [ 161.637, -10.631 ], [ 161.49, -10.42 ] ] ], [ [ [ 159.616, -9.295 ], [ 159.709, -9.248 ], [ 159.94, -9.433 ], [ 160.366, -9.413 ], [ 160.504, -9.536 ], [ 160.654, -9.611 ], [ 160.673, -9.698 ], [ 160.785, -9.727 ], [ 160.826, -9.837 ], [ 160.799, -9.884 ], [ 160.645, -9.937 ], [ 160.433, -9.889 ], [ 160.32, -9.815 ], [ 160.031, -9.824 ], [ 159.836, -9.794 ], [ 159.723, -9.707 ], [ 159.599, -9.512 ], [ 159.616, -9.295 ] ] ], [ [ [ 161.559, -9.789 ], [ 161.395, -9.649 ], [ 161.395, -9.413 ], [ 161.415, -9.386 ], [ 161.545, -9.605 ], [ 161.559, -9.789 ] ] ], [ [ [ 160.315, -9.062 ], [ 160.414, -9.132 ], [ 160.366, -9.186 ], [ 160.254, -9.159 ], [ 160.315, -9.062 ] ] ], [ [ [ 159.041, -9.057 ], [ 159.167, -9.018 ], [ 159.1, -9.118 ], [ 159.041, -9.057 ] ] ], [ [ [ 160.295, -9.039 ], [ 160.264, -9.132 ], [ 160.097, -9.057 ], [ 160.148, -8.99 ], [ 160.295, -9.039 ] ] ], [ [ [ 160.703, -8.365 ], [ 160.747, -8.31 ], [ 160.997, -8.604 ], [ 160.942, -8.692 ], [ 160.947, -8.814 ], [ 161.169, -8.975 ], [ 161.202, -9.138 ], [ 161.381, -9.509 ], [ 161.361, -9.618 ], [ 161.299, -9.581 ], [ 161.237, -9.448 ], [ 160.868, -9.152 ], [ 160.764, -8.947 ], [ 160.654, -8.604 ], [ 160.72, -8.553 ], [ 160.594, -8.385 ], [ 160.601, -8.325 ], [ 160.703, -8.365 ] ] ], [ [ [ 159.558, -8.389 ], [ 159.644, -8.4 ], [ 159.689, -8.508 ], [ 159.636, -8.529 ], [ 159.539, -8.459 ], [ 159.558, -8.389 ] ] ], [ [ [ 159.797, -8.392 ], [ 159.859, -8.511 ], [ 159.825, -8.542 ], [ 159.627, -8.358 ], [ 159.345, -8.261 ], [ 159.12, -8.117 ], [ 158.846, -7.973 ], [ 158.58, -7.741 ], [ 158.585, -7.669 ], [ 158.455, -7.576 ], [ 158.452, -7.532 ], [ 158.606, -7.586 ], [ 158.752, -7.593 ], [ 158.872, -7.734 ], [ 159.127, -7.92 ], [ 159.168, -7.905 ], [ 159.432, -8.032 ], [ 159.842, -8.326 ], [ 159.797, -8.392 ] ] ], [ [ [ 168.127, -21.622 ], [ 168.035, -21.658 ], [ 167.864, -21.604 ], [ 167.892, -21.542 ], [ 167.808, -21.384 ], [ 167.905, -21.393 ], [ 167.988, -21.336 ], [ 168.008, -21.453 ], [ 168.137, -21.432 ], [ 168.127, -21.622 ] ] ], [ [ [ 169.84, -20.141 ], [ 169.899, -20.192 ], [ 169.83, -20.253 ], [ 169.738, -20.209 ], [ 169.84, -20.141 ] ] ], [ [ [ 169.433, -19.493 ], [ 169.502, -19.528 ], [ 169.436, -19.657 ], [ 169.358, -19.636 ], [ 169.219, -19.49 ], [ 169.243, -19.342 ], [ 169.337, -19.315 ], [ 169.366, -19.47 ], [ 169.433, -19.493 ] ] ], [ [ [ 177.951, -19.13 ], [ 178.041, -19.061 ], [ 178.119, -19.07 ], [ 178.191, -18.977 ], [ 178.345, -18.925 ], [ 178.43, -18.955 ], [ 178.497, -19.013 ], [ 178.341, -19.048 ], [ 178.307, -18.997 ], [ 178.195, -19.047 ], [ 178.107, -19.155 ], [ 177.951, -19.13 ] ] ], [ [ [ 168.987, -18.877 ], [ 168.989, -18.691 ], [ 169.038, -18.629 ], [ 169.152, -18.636 ], [ 169.193, -18.787 ], [ 169.337, -18.935 ], [ 169.275, -18.999 ], [ 168.987, -18.877 ] ] ], [ [ [ 179.901, -18.659 ], [ 179.831, -18.589 ], [ 179.943, -18.556 ], [ 179.901, -18.659 ] ] ], [ [ [ 179.35, -18.119 ], [ 179.233, -17.945 ], [ 179.345, -17.999 ], [ 179.35, -18.119 ] ] ], [ [ [ 178.348, -17.44 ], [ 178.376, -17.498 ], [ 178.573, -17.618 ], [ 178.568, -17.755 ], [ 178.635, -17.853 ], [ 178.591, -17.898 ], [ 178.677, -18.011 ], [ 178.711, -17.992 ], [ 178.664, -18.088 ], [ 178.438, -18.147 ], [ 178.403, -18.101 ], [ 178.277, -18.146 ], [ 178.168, -18.248 ], [ 177.859, -18.266 ], [ 177.827, -18.234 ], [ 177.336, -18.106 ], [ 177.252, -17.952 ], [ 177.282, -17.852 ], [ 177.435, -17.743 ], [ 177.389, -17.641 ], [ 177.515, -17.505 ], [ 177.833, -17.366 ], [ 177.978, -17.397 ], [ 178.151, -17.347 ], [ 178.19, -17.301 ], [ 178.286, -17.384 ], [ 178.245, -17.444 ], [ 178.348, -17.44 ] ] ], [ [ [ 178.823, -17.729 ], [ 178.768, -17.747 ], [ 178.776, -17.629 ], [ 178.823, -17.729 ] ] ], [ [ [ 168.309, -17.794 ], [ 168.287, -17.711 ], [ 168.175, -17.741 ], [ 168.179, -17.656 ], [ 168.267, -17.559 ], [ 168.453, -17.546 ], [ 168.55, -17.691 ], [ 168.54, -17.797 ], [ 168.396, -17.824 ], [ 168.309, -17.794 ] ] ], [ [ [ 179.379, -17.249 ], [ 179.452, -17.29 ], [ 179.383, -17.391 ], [ 179.379, -17.249 ] ] ], [ [ [ 179.917, -16.999 ], [ 179.895, -16.939 ], [ 180.0, -16.785 ], [ 180.0, -16.963 ], [ 179.917, -16.999 ] ] ], [ [ [ 168.192, -16.814 ], [ 168.12, -16.709 ], [ 168.144, -16.573 ], [ 168.247, -16.69 ], [ 168.481, -16.8 ], [ 168.474, -16.848 ], [ 168.333, -16.787 ], [ 168.192, -16.814 ] ] ], [ [ [ 179.598, -16.54 ], [ 179.489, -16.708 ], [ 179.548, -16.766 ], [ 179.723, -16.604 ], [ 179.939, -16.463 ], [ 179.953, -16.5 ], [ 179.849, -16.662 ], [ 179.942, -16.753 ], [ 179.726, -16.718 ], [ 179.565, -16.792 ], [ 179.297, -16.807 ], [ 179.351, -16.731 ], [ 179.266, -16.69 ], [ 179.065, -16.799 ], [ 179.027, -16.923 ], [ 178.884, -16.858 ], [ 178.801, -16.978 ], [ 178.705, -16.999 ], [ 178.602, -16.78 ], [ 178.512, -16.814 ], [ 178.572, -16.615 ], [ 178.704, -16.667 ], [ 178.965, -16.471 ], [ 179.24, -16.398 ], [ 179.404, -16.408 ], [ 179.376, -16.361 ], [ 179.471, -16.274 ], [ 179.554, -16.273 ], [ 179.764, -16.181 ], [ 179.856, -16.231 ], [ 180.0, -16.149 ], [ 180.0, -16.169 ], [ 179.851, -16.291 ], [ 179.738, -16.459 ], [ 179.598, -16.54 ] ] ], [ [ [ 168.182, -16.348 ], [ 168.14, -16.362 ], [ 167.921, -16.259 ], [ 168.07, -16.18 ], [ 168.172, -16.08 ], [ 168.231, -16.228 ], [ 168.321, -16.283 ], [ 168.288, -16.344 ], [ 168.182, -16.348 ] ] ], [ [ [ 168.186, -15.518 ], [ 168.268, -15.949 ], [ 168.188, -15.971 ], [ 168.12, -15.663 ], [ 168.155, -15.463 ], [ 168.186, -15.518 ] ] ], [ [ [ 167.839, -15.485 ], [ 167.682, -15.433 ], [ 167.804, -15.32 ], [ 168.002, -15.282 ], [ 167.939, -15.392 ], [ 167.839, -15.485 ] ] ], [ [ [ 168.179, -15.395 ], [ 168.131, -15.395 ], [ 168.13, -15.158 ], [ 168.096, -14.98 ], [ 168.141, -14.96 ], [ 168.192, -15.206 ], [ 168.179, -15.395 ] ] ], [ [ [ 167.603, -14.189 ], [ 167.526, -14.32 ], [ 167.397, -14.3 ], [ 167.407, -14.195 ], [ 167.515, -14.141 ], [ 167.603, -14.189 ] ] ] ] } },
{ "type": "Feature", "properties": { "id": "hawaii", "colorId": "hawaii", "name": "Гавайи", "parent": null }, "geometry": { "type": "MultiPolygon", "coordinates": [ [ [ [ -154.982, 19.339 ], [ -155.203, 19.256 ], [ -155.291, 19.26 ], [ -155.503, 19.138 ], [ -155.675, 18.906 ], [ -155.878, 19.029 ], [ -155.92, 19.139 ], [ -155.886, 19.334 ], [ -155.982, 19.608 ], [ -156.06, 19.731 ], [ -155.926, 19.869 ], [ -155.824, 20.02 ], [ -155.883, 20.105 ], [ -155.867, 20.263 ], [ -155.738, 20.244 ], [ -155.586, 20.123 ], [ -155.332, 20.047 ], [ -155.168, 19.947 ], [ -155.087, 19.86 ], [ -155.085, 19.727 ], [ -155.019, 19.746 ], [ -154.9, 19.567 ], [ -154.817, 19.48 ], [ -154.982, 19.339 ] ] ], [ [ [ -156.701, 20.525 ], [ -156.562, 20.598 ], [ -156.545, 20.513 ], [ -156.701, 20.525 ] ] ], [ [ [ -156.119, 20.836 ], [ -156.002, 20.8 ], [ -156.003, 20.686 ], [ -156.303, 20.581 ], [ -156.408, 20.587 ], [ -156.464, 20.781 ], [ -156.62, 20.807 ], [ -156.696, 20.916 ], [ -156.666, 21.003 ], [ -156.542, 21.003 ], [ -156.482, 20.904 ], [ -156.298, 20.953 ], [ -156.119, 20.836 ] ] ], [ [ [ -156.831, 20.764 ], [ -156.962, 20.732 ], [ -157.055, 20.911 ], [ -156.893, 20.914 ], [ -156.848, 20.877 ], [ -156.831, 20.764 ] ] ], [ [ [ -157.273, 21.087 ], [ -157.26, 21.222 ], [ -156.897, 21.165 ], [ -156.749, 21.171 ], [ -156.756, 21.096 ], [ -156.87, 21.053 ], [ -157.072, 21.099 ], [ -157.273, 21.087 ] ] ], [ [ [ -157.962, 21.705 ], [ -157.836, 21.534 ], [ -157.842, 21.461 ], [ -157.707, 21.352 ], [ -157.647, 21.306 ], [ -157.795, 21.255 ], [ -157.999, 21.311 ], [ -158.094, 21.294 ], [ -158.279, 21.575 ], [ -158.121, 21.586 ], [ -157.962, 21.705 ] ] ], [ [ [ -160.114, 22.0 ], [ -160.06, 22.001 ], [ -160.085, 21.894 ], [ -160.235, 21.793 ], [ -160.234, 21.874 ], [ -160.114, 22.0 ] ] ], [ [ [ -159.76, 21.979 ], [ -159.787, 22.066 ], [ -159.717, 22.158 ], [ -159.548, 22.231 ], [ -159.4, 22.235 ], [ -159.301, 22.151 ], [ -159.334, 21.958 ], [ -159.437, 21.869 ], [ -159.605, 21.892 ], [ -159.76, 21.979 ] ] ] ] } },
{ "type": "Feature", "properties": { "id": "koital_venice", "colorId": "italy", "name": null, "parent": "kingdom_of_italy" }, "geometry": { "type": "MultiPolygon", "coordinates": [ [ [ [ 10.850130960526352, 45.708510251171283 ], [ 10.889710175228776, 45.792066371098635 ], [ 10.832540198436385, 45.866827109980981 ], [ 10.799365806123852, 45.766867134711404 ], [ 10.572950947618818, 45.597055990832622 ], [ 10.552367778663815, 45.360349547850085 ], [ 10.434014557172546, 44.928102999795023 ], [ 10.521493025231308, 44.87664507740751 ], [ 10.727324714781341, 44.917811415317516 ], [ 10.881698481943866, 44.88179086964626 ], [ 11.046363833583891, 44.948686168750022 ], [ 11.169862847313912, 44.907519830840016 ], [ 11.319090822237683, 44.948686168750022 ], [ 11.725608409098998, 44.969269337705029 ], [ 12.363686646704098, 44.907519830840016 ], [ 12.445, 44.821 ], [ 12.534, 44.97 ], [ 12.328, 45.101 ], [ 12.209, 45.309 ], [ 12.273, 45.464 ], [ 12.507, 45.573 ], [ 12.563, 45.532 ], [ 12.41, 45.436 ], [ 12.781, 45.554 ], [ 12.944, 45.629 ], [ 13.085, 45.642 ], [ 13.07, 45.714 ], [ 13.222, 45.776 ], [ 13.423, 45.724 ], [ 13.328229569950375, 45.805259442666085 ], [ 13.323831879427884, 45.906406324683395 ], [ 13.50413719085004, 46.095507017150531 ], [ 13.359013403607817, 46.196653899167835 ], [ 13.394194927787749, 46.425333806337399 ], [ 13.271059593157984, 46.460515330517332 ], [ 13.231, 46.552 ], [ 13.065, 46.598 ], [ 12.83, 46.61 ], [ 12.405, 46.69 ], [ 12.235403475111212, 46.607837963020799 ], [ 12.072688925779023, 46.669405630335682 ], [ 12.002325877419157, 46.537474914660933 ], [ 11.852804399654444, 46.524281843093462 ], [ 11.791236732339561, 46.484702628391034 ], [ 11.892383614356868, 46.440725723166118 ], [ 11.769248279727103, 46.343976531671302 ], [ 11.879190542789393, 46.28240886435642 ], [ 11.949553591149259, 46.176864291816621 ], [ 11.791236732339561, 46.097705862411772 ], [ 11.685692159799762, 46.093308171889284 ], [ 11.685692159799762, 45.978968218304502 ], [ 11.479000705242656, 46.009752051961939 ], [ 11.254718488595584, 45.921798241512107 ], [ 11.085384603189944, 45.680614198385825 ], [ 10.850130960526352, 45.708510251171283 ] ] ] ] } },
{ "type": "Feature", "properties": { "id": "maori", "colorId": null, "name": "маори", "parent": null }, "geometry": { "type": "MultiPolygon", "coordinates": [ [ [ [ 172.763, -43.793 ], [ 172.25, -43.881 ], [ 171.551, -44.167 ], [ 171.346, -44.279 ], [ 171.196, -44.567 ], [ 171.203, -44.906 ], [ 170.98, -45.155 ], [ 170.877, -45.356 ], [ 170.906, -45.403 ], [ 170.627, -45.706 ], [ 170.777, -45.78 ], [ 170.787, -45.863 ], [ 170.7, -45.908 ], [ 170.493, -45.923 ], [ 170.334, -45.982 ], [ 170.235, -46.154 ], [ 169.865, -46.378 ], [ 169.849, -46.468 ], [ 169.635, -46.578 ], [ 169.036, -46.682 ], [ 168.877, -46.644 ], [ 168.845, -46.56 ], [ 168.645, -46.602 ], [ 168.419, -46.602 ], [ 168.513, -46.56 ], [ 168.268, -46.526 ], [ 168.302, -46.478 ], [ 168.216, -46.354 ], [ 167.85, -46.397 ], [ 167.698, -46.189 ], [ 167.461, -46.148 ], [ 167.406, -46.251 ], [ 167.175, -46.273 ], [ 166.762, -46.22 ], [ 166.49, -46.013 ], [ 166.49, -45.808 ], [ 166.715, -45.576 ], [ 166.768, -45.41 ], [ 166.806, -45.346 ], [ 166.881, -45.28 ], [ 167.005, -45.15 ], [ 167.309, -44.875 ], [ 168.34, -44.118 ], [ 168.371, -44.039 ], [ 168.646, -43.965 ], [ 168.747, -44.01 ], [ 169.192, -43.759 ], [ 169.734, -43.566 ], [ 169.897, -43.394 ], [ 170.03, -43.346 ], [ 170.289, -43.107 ], [ 170.701, -42.955 ], [ 170.858, -42.843 ], [ 170.944, -42.734 ], [ 171.123, -42.592 ], [ 171.305, -42.295 ], [ 171.332, -42.147 ], [ 171.489, -41.83 ], [ 171.468, -41.766 ], [ 171.639, -41.758 ], [ 171.855, -41.665 ], [ 171.983, -41.466 ], [ 172.071, -41.414 ], [ 172.114, -41.251 ], [ 172.107, -40.887 ], [ 172.188, -40.805 ], [ 172.364, -40.716 ], [ 172.641, -40.51 ], [ 172.758, -40.518 ], [ 172.691, -40.648 ], [ 172.695, -40.75 ], [ 172.869, -40.847 ], [ 173.017, -40.797 ], [ 173.065, -40.887 ], [ 173.031, -41.017 ], [ 173.126, -41.312 ], [ 173.213, -41.302 ], [ 173.854, -40.926 ], [ 174.183, -40.973 ], [ 174.227, -41.065 ], [ 174.326, -41.009 ], [ 174.155, -41.221 ], [ 174.187, -41.262 ], [ 174.326, -41.216 ], [ 174.245, -41.322 ], [ 174.133, -41.32 ], [ 174.056, -41.425 ], [ 174.058, -41.517 ], [ 174.172, -41.578 ], [ 174.226, -41.723 ], [ 174.292, -41.73 ], [ 174.198, -41.876 ], [ 174.004, -42.031 ], [ 173.891, -42.241 ], [ 173.559, -42.491 ], [ 173.287, -42.954 ], [ 172.811, -43.169 ], [ 172.749, -43.28 ], [ 172.73, -43.415 ], [ 172.779, -43.558 ], [ 172.925, -43.68 ], [ 173.065, -43.648 ], [ 173.093, -43.854 ], [ 172.969, -43.903 ], [ 172.817, -43.881 ], [ 172.763, -43.793 ] ] ], [ [ [ 173.827, -40.766 ], [ 173.895, -40.796 ], [ 173.969, -40.723 ], [ 173.922, -40.867 ], [ 173.784, -40.907 ], [ 173.827, -40.766 ] ] ], [ [ [ 173.165, -34.845 ], [ 173.298, -34.909 ], [ 173.455, -34.816 ], [ 173.575, -34.928 ], [ 173.891, -35.001 ], [ 173.99, -35.119 ], [ 174.079, -35.117 ], [ 174.031, -35.227 ], [ 174.21, -35.343 ], [ 174.353, -35.199 ], [ 174.333, -35.288 ], [ 174.401, -35.323 ], [ 174.386, -35.419 ], [ 174.57, -35.594 ], [ 174.497, -35.988 ], [ 174.631, -36.055 ], [ 174.626, -36.107 ], [ 174.824, -36.277 ], [ 174.751, -36.354 ], [ 174.71, -36.542 ], [ 174.819, -36.824 ], [ 174.963, -36.934 ], [ 175.08, -36.885 ], [ 175.109, -36.974 ], [ 175.241, -36.942 ], [ 175.331, -37.021 ], [ 175.32, -37.129 ], [ 175.448, -37.225 ], [ 175.563, -37.18 ], [ 175.61, -37.252 ], [ 175.528, -36.962 ], [ 175.436, -36.865 ], [ 175.511, -36.775 ], [ 175.502, -36.654 ], [ 175.357, -36.53 ], [ 175.44, -36.475 ], [ 175.562, -36.552 ], [ 175.642, -36.767 ], [ 175.852, -36.718 ], [ 175.704, -36.845 ], [ 175.828, -36.826 ], [ 175.916, -37.08 ], [ 175.884, -37.137 ], [ 176.004, -37.461 ], [ 175.997, -37.632 ], [ 176.272, -37.683 ], [ 176.519, -37.762 ], [ 176.718, -37.878 ], [ 177.136, -37.982 ], [ 177.438, -37.977 ], [ 177.557, -37.914 ], [ 177.739, -37.676 ], [ 177.992, -37.591 ], [ 177.992, -37.543 ], [ 178.278, -37.559 ], [ 178.341, -37.618 ], [ 178.513, -37.652 ], [ 178.564, -37.718 ], [ 178.352, -38.002 ], [ 178.381, -38.079 ], [ 178.319, -38.266 ], [ 178.362, -38.317 ], [ 178.295, -38.54 ], [ 178.062, -38.716 ], [ 177.964, -38.761 ], [ 177.883, -39.086 ], [ 177.387, -39.077 ], [ 177.065, -39.199 ], [ 176.938, -39.349 ], [ 176.906, -39.448 ], [ 176.954, -39.608 ], [ 177.119, -39.667 ], [ 177.036, -39.754 ], [ 176.837, -40.178 ], [ 176.704, -40.29 ], [ 176.611, -40.485 ], [ 176.542, -40.486 ], [ 176.348, -40.697 ], [ 176.22, -40.933 ], [ 176.121, -41.011 ], [ 176.068, -41.14 ], [ 175.967, -41.247 ], [ 175.777, -41.372 ], [ 175.33, -41.61 ], [ 175.222, -41.614 ], [ 175.182, -41.418 ], [ 175.01, -41.386 ], [ 174.866, -41.42 ], [ 174.609, -41.292 ], [ 174.842, -41.044 ], [ 174.943, -40.971 ], [ 175.188, -40.569 ], [ 175.237, -40.286 ], [ 175.155, -40.085 ], [ 174.967, -39.916 ], [ 174.842, -39.862 ], [ 174.568, -39.827 ], [ 174.319, -39.614 ], [ 173.987, -39.542 ], [ 173.784, -39.393 ], [ 173.778, -39.208 ], [ 173.853, -39.134 ], [ 174.212, -38.973 ], [ 174.367, -38.976 ], [ 174.579, -38.839 ], [ 174.641, -38.635 ], [ 174.644, -38.463 ], [ 174.707, -38.289 ], [ 174.71, -38.105 ], [ 174.887, -37.986 ], [ 174.784, -37.967 ], [ 174.819, -37.825 ], [ 174.977, -37.804 ], [ 174.97, -37.735 ], [ 174.85, -37.765 ], [ 174.692, -37.329 ], [ 174.489, -37.015 ], [ 174.408, -36.761 ], [ 174.08, -36.4 ], [ 174.024, -36.268 ], [ 173.1, -35.22 ], [ 173.202, -35.058 ], [ 172.799, -34.551 ], [ 172.674, -34.48 ], [ 172.703, -34.412 ], [ 172.825, -34.446 ], [ 173.064, -34.398 ], [ 173.038, -34.522 ], [ 173.072, -34.699 ], [ 173.179, -34.794 ], [ 173.165, -34.845 ] ] ], [ [ [ 175.183, -36.825 ], [ 175.059, -36.817 ], [ 175.169, -36.741 ], [ 175.183, -36.825 ] ] ], [ [ [ 175.538, -36.282 ], [ 175.523, -36.352 ], [ 175.334, -36.224 ], [ 175.334, -36.132 ], [ 175.42, -36.072 ], [ 175.531, -36.176 ], [ 175.538, -36.282 ] ] ] ] } },
{ "type": "Feature", "properties": { "id": "oyo", "colorId": "oyo", "name": "Ойо", "parent": null }, "geometry": { "type": "MultiPolygon", "coordinates": [ [ [ [ 2.761853682712587, 7.349175713316468 ], [ 2.705397267048023, 7.162624078946604 ], [ 2.648940851383458, 6.978527071344765 ], [ 2.442752202869399, 6.615242309677136 ], [ 2.416033751021812, 6.341161835566061 ], [ 2.928, 6.389 ], [ 3.385, 6.398 ], [ 3.37, 6.45 ], [ 3.402, 6.552 ], [ 3.356865343725336, 6.715991013752063 ], [ 3.450141160910268, 7.035092493595251 ], [ 3.729968612465064, 7.393468001726832 ], [ 4.16198292363738, 7.560382621952499 ], [ 4.510539924696861, 7.727297242178166 ], [ 4.918007968188932, 7.869665594723588 ], [ 5.060376320734354, 8.139674539206286 ], [ 5.080013334878551, 8.380227962472688 ], [ 5.207653926815826, 8.669873921099583 ], [ 5.119287363166944, 8.944792119118329 ], [ 4.962191250013374, 9.082251218127702 ], [ 4.667636037850431, 9.214801063601026 ], [ 4.215984712533919, 9.209891810064978 ], [ 3.862518457938387, 9.121525246416095 ], [ 3.469778175054464, 9.121525246416095 ], [ 2.605749552709832, 8.895699583757839 ], [ 2.116286842722137, 8.68694730188983 ], [ 2.425569815493227, 8.402210596798987 ], [ 2.486935484693841, 8.137110905852342 ], [ 2.489390111461865, 7.950559271482478 ], [ 2.553210407430502, 7.594638390118924 ], [ 2.680850999367778, 7.513635706774111 ], [ 2.761853682712587, 7.349175713316468 ] ] ] ] } },
{ "type": "Feature", "properties": { "id": "poland1807", "colorId": "poland", "name": "Польша", "parent": null }, "geometry": { "type": "MultiPolygon", "coordinates": [ [ [ [ 19.952390541304073, 50.019360606738502 ], [ 19.838608954483327, 50.024532497048533 ], [ 19.758444654677799, 49.980571429413246 ], [ 19.623975506616919, 49.993501155188333 ], [ 19.42485772968061, 50.003844935808402 ], [ 19.217982117279256, 50.047806003443696 ], [ 19.177652270386091, 50.132281868609297 ], [ 19.133938899741203, 50.190032986969634 ], [ 19.138164168662637, 50.263908874354144 ], [ 18.988109382113507, 50.282336655158424 ], [ 18.86437999671335, 50.511367645154458 ], [ 18.967049061194331, 50.645627191014206 ], [ 18.822259354874998, 50.790416897333529 ], [ 18.41684817718086, 51.03787566813385 ], [ 18.31154657258498, 51.074731229742405 ], [ 18.153594165691164, 51.227418556406434 ], [ 17.917353756948955, 51.232231933794516 ], [ 17.345653989025035, 51.672000986043685 ], [ 17.015827199838157, 51.672000986043685 ], [ 16.853112650505963, 51.610433318728802 ], [ 16.624432743336396, 51.698387129178634 ], [ 16.532081242364068, 51.80393170171844 ], [ 16.030744522800017, 51.891885512168272 ], [ 15.788871544062969, 52.102974657247877 ], [ 15.656940828388219, 52.278882278147542 ], [ 15.621759304208284, 52.358040707552398 ], [ 15.296330205543899, 52.507562185317113 ], [ 15.234762538229015, 52.617504448379407 ], [ 15.357897872858784, 52.736242092486684 ], [ 15.806462306152936, 52.828593593459004 ], [ 16.041738749106248, 52.885763570251406 ], [ 16.415542443518042, 52.850582046071473 ], [ 16.974049139874488, 52.934138165998817 ], [ 17.220319809134025, 52.868172808161439 ], [ 17.558941979365883, 52.876968189206423 ], [ 18.025097174750005, 52.780218997711607 ], [ 18.143834818857279, 52.894558951296389 ], [ 18.328537820801934, 53.008898904881178 ], [ 18.451673155431699, 53.039682738538616 ], [ 18.55282003744901, 53.184806525780843 ], [ 19.053922884985933, 53.125479979247146 ], [ 19.222405452339345, 53.21498634315364 ], [ 19.372460238888472, 53.251841904762195 ], [ 19.643611870722864, 53.167600621085491 ], [ 19.822456330987791, 53.240488969315642 ], [ 20.145113141698708, 53.173121063782595 ], [ 20.322397103627779, 53.21389637502628 ], [ 20.366718094110048, 53.323812431422311 ], [ 20.529819339084799, 53.371679101143165 ], [ 20.758515649973305, 53.274172922082172 ], [ 20.854248989415005, 53.346859346473096 ], [ 21.139676168120815, 53.502869232970667 ], [ 21.382555195963644, 53.552508742310813 ], [ 21.721167563248176, 53.554281581930098 ], [ 21.862994732791435, 53.515279110305706 ], [ 22.040278694720509, 53.573782817742298 ], [ 22.151967590735829, 53.678380355280453 ], [ 22.247700930177526, 53.699654430711945 ], [ 22.456896005253835, 53.857437156828823 ], [ 22.515399712690428, 53.990400128275624 ], [ 22.474624401446743, 54.043585316854347 ], [ 22.474624401446743, 54.204913722209803 ], [ 22.698, 54.343 ], [ 22.612168345824422, 54.383268753430421 ], [ 22.571667004152015, 54.501090838295596 ], [ 22.571667004152015, 54.626276803464847 ], [ 22.674761328409048, 54.729371127721876 ], [ 22.674761328409048, 54.832465451978905 ], [ 22.542211482935723, 54.854557092891127 ], [ 22.446481038982764, 54.983424998212413 ], [ 22.829402814794591, 55.03957458553095 ], [ 23.878755758125074, 54.848113697625038 ], [ 23.9910549327622, 54.73949646313995 ], [ 23.935825830481647, 54.555399455538108 ], [ 23.9910549327622, 54.448623191129045 ], [ 23.95791747139387, 54.297663644895536 ], [ 23.961599411545897, 54.148545068738066 ], [ 23.825367625920538, 53.934992539919932 ], [ 23.576444260102747, 53.776392952654426 ], [ 23.136844817489681, 53.458181290231195 ], [ 23.063206014448948, 53.310903684149721 ], [ 22.930656168975624, 53.156262197764171 ], [ 22.930656168975624, 52.924299968185856 ], [ 23.026386612928579, 52.72915714012791 ], [ 22.923292288671551, 52.596607294654589 ], [ 23.133162877337647, 52.327825663555906 ], [ 23.265712722810964, 52.287324321883489 ], [ 23.440604880032716, 52.160297386638227 ], [ 23.512402712997435, 51.992769109720555 ], [ 23.453491670564848, 51.797626281662609 ], [ 23.505038832693362, 51.458887787675224 ], [ 23.615497037254464, 51.219561677792832 ], [ 23.728546577852349, 51.087691981972959 ], [ 23.854823147136845, 51.009691089126733 ], [ 23.899006428961286, 50.832957961828953 ], [ 24.065325107392344, 50.678122927960565 ], [ 23.9289967011951, 50.5549875933308 ], [ 23.423262291108554, 50.37468228190864 ], [ 23.180470284513532, 50.369861125716724 ], [ 22.796119427738574, 50.275089681580432 ], [ 22.338057447746497, 50.33827064433796 ], [ 22.253816164069793, 50.433042088474252 ], [ 22.232755843150617, 50.601524655827653 ], [ 21.727308141090397, 50.759477062721473 ], [ 21.379812845923993, 50.49622305123178 ], [ 21.16394455650244, 50.396186526865691 ], [ 20.590050811454898, 50.306680162959196 ], [ 20.453158725480254, 50.211908718822905 ], [ 20.031952307096741, 50.11713727468662 ], [ 19.952390541304073, 50.019360606738502 ] ] ] ] } },
{ "type": "Feature", "properties": { "id": "br_guyana1799", "colorId": "britain", "name": null, "parent": "britain" }, "geometry": { "type": "MultiPolygon", "coordinates": [ [ [ [ -54.704, 2.325 ], [ -54.703, 2.446 ], [ -54.842, 2.433 ], [ -54.979, 2.543 ], [ -54.954, 2.599 ], [ -55.112, 2.528 ], [ -55.172, 2.559 ], [ -55.303, 2.52 ], [ -55.4, 2.43 ], [ -55.608, 2.434 ], [ -55.724, 2.397 ], [ -55.925, 2.516 ], [ -55.989, 2.521 ], [ -56.013, 2.399 ], [ -56.117, 2.333 ], [ -56.135, 2.249 ], [ -56.073, 2.242 ], [ -55.915, 2.038 ], [ -55.922, 1.886 ], [ -56.02, 1.834 ], [ -56.367, 1.929 ], [ -56.482, 1.942 ], [ -56.64, 1.937 ], [ -56.806, 1.874 ], [ -57.011, 1.919 ], [ -57.104, 2.021 ], [ -57.238, 1.949 ], [ -57.341, 1.969 ], [ -57.429, 1.9 ], [ -57.561, 1.709 ], [ -57.791, 1.705 ], [ -57.905, 1.649 ], [ -57.985, 1.658 ], [ -58.027, 1.517 ], [ -58.149, 1.519 ], [ -58.332, 1.593 ], [ -58.386, 1.49 ], [ -58.514, 1.439 ], [ -58.481, 1.334 ], [ -58.519, 1.267 ], [ -58.683, 1.282 ], [ -58.772, 1.201 ], [ -58.898, 1.218 ], [ -59.011, 1.328 ], [ -59.242, 1.378 ], [ -59.573, 1.727 ], [ -59.682, 1.766 ], [ -59.646, 1.84 ], [ -59.75, 1.851 ], [ -59.765, 1.921 ], [ -59.742, 2.264 ], [ -59.903, 2.36 ], [ -59.907, 2.459 ], [ -60.0, 2.694 ], [ -59.959, 3.066 ], [ -59.821, 3.363 ], [ -59.838, 3.609 ], [ -59.68, 3.702 ], [ -59.529, 3.932 ], [ -59.727, 4.176 ], [ -59.738, 4.287 ], [ -59.687, 4.381 ], [ -58.916505093978358, 4.900899515545706 ], [ -58.816778166895446, 5.466018769015518 ], [ -58.712302338522875, 5.641728116733022 ], [ -58.636319917888287, 5.90766658895411 ], [ -58.769289153998827, 6.192600666333847 ], [ -58.686, 6.382 ], [ -58.581, 6.463 ], [ -58.567, 6.637 ], [ -58.398, 6.883 ], [ -58.274, 6.881 ], [ -58.17, 6.813 ], [ -58.068, 6.822 ], [ -57.892, 6.696 ], [ -57.599, 6.427 ], [ -57.529, 6.266 ], [ -57.466, 6.338 ], [ -57.29, 6.235 ], [ -57.167, 6.085 ], [ -57.137, 5.882 ], [ -57.183, 5.731 ], [ -57.162, 5.639 ], [ -57.248, 5.485 ], [ -57.18, 5.531 ], [ -57.126, 5.818 ], [ -57.066, 5.95 ], [ -56.957, 6.012 ], [ -56.66, 5.98 ], [ -56.574, 5.941 ], [ -56.304, 5.893 ], [ -55.947, 5.896 ], [ -55.844, 5.976 ], [ -55.637, 5.986 ], [ -55.336, 5.963 ], [ -55.16, 5.958 ], [ -55.085, 5.991 ], [ -54.774, 5.985 ], [ -54.472, 5.941 ], [ -54.037, 5.842 ], [ -53.986, 5.746 ], [ -54.074, 5.49 ], [ -54.171, 5.348 ], [ -54.269, 5.269 ], [ -54.43, 5.053 ], [ -54.482, 4.913 ], [ -54.479, 4.755 ], [ -54.435, 4.709 ], [ -54.451, 4.484 ], [ -54.393, 4.244 ], [ -54.339, 4.152 ], [ -54.344, 4.025 ], [ -54.187, 3.815 ], [ -54.126, 3.789 ], [ -54.05, 3.635 ], [ -53.989, 3.611 ], [ -54.003, 3.455 ], [ -54.211, 3.127 ], [ -54.163, 2.97 ], [ -54.213, 2.776 ], [ -54.359, 2.508 ], [ -54.493, 2.417 ], [ -54.52, 2.349 ], [ -54.615, 2.326 ], [ -54.704, 2.325 ] ] ] ] } },
{ "type": "Feature", "properties": { "id": "br_barbados1707", "colorId": "britain", "name": null, "parent": "britain" }, "geometry": { "type": "MultiPolygon", "coordinates": [ [ [ [ -59.427, 13.16 ], [ -59.509, 13.057 ], [ -59.608, 13.085 ], [ -59.654, 13.295 ], [ -59.613, 13.345 ], [ -59.537, 13.231 ], [ -59.427, 13.16 ] ] ] ] } },
{ "type": "Feature", "properties": { "id": "manipur", "colorId": "manipur", "name": "Манипур", "parent": null }, "geometry": { "type": "MultiPolygon", "coordinates": [ [ [ [ 95.215232113810671, 24.455388554433632 ], [ 95.080762963447313, 24.558826362405448 ], [ 94.899746799496626, 24.889827347915258 ], [ 94.625636608371323, 25.143249977446207 ], [ 94.23774482847702, 25.200140771830704 ], [ 93.83950926778553, 24.977749484691302 ], [ 93.472305049485584, 24.977749484691302 ], [ 93.265429433541954, 24.750186307153307 ], [ 93.188748524278836, 24.362932811555204 ], [ 93.195644378025548, 23.997452562979472 ], [ 93.423207551667048, 23.590597191923468 ], [ 93.8236523838263, 23.326887676738526 ], [ 94.035128875592846, 23.915056669464231 ], [ 95.215232113810671, 24.455388554433632 ] ] ] ] } },
{ "type": "Feature", "properties": { "id": "kingdom_of_italy", "colorId": "italy", "name": "Королевство Италия", "parent": null }, "geometry": { "type": "MultiPolygon", "coordinates": [ [ [ [ 12.970370351267663, 42.909847504378966 ], [ 12.88200378761878, 43.053443170308398 ], [ 12.819410805034154, 43.233858237758206 ], [ 12.786273343665824, 43.484230168096708 ], [ 12.624267976976205, 43.440046886272263 ], [ 12.425443208766218, 43.517367629465035 ], [ 12.214548862014755, 43.541323058096999 ], [ 12.118065257241843, 43.622369286106242 ], [ 12.035089357137142, 43.927257477188633 ], [ 11.9077309988369, 44.029530098247918 ], [ 11.900012310455066, 44.106716982066246 ], [ 11.952113457032439, 44.176185177502759 ], [ 11.79966936149124, 44.222497307793752 ], [ 11.512148219267965, 44.137591735593595 ], [ 11.417594286590512, 44.226356651984673 ], [ 11.23620510961744, 44.15302911235726 ], [ 10.89079380453042, 44.10671698206626 ], [ 10.805888232330258, 44.168466489120924 ], [ 10.803958560234793, 44.215743455459645 ], [ 10.852200362621256, 44.268809438084752 ], [ 10.850270690525797, 44.349855666093987 ], [ 10.931316918535043, 44.500370089539729 ], [ 10.931316918535043, 44.643165824603635 ], [ 10.993066425589705, 44.731930740994713 ], [ 11.319090822237683, 44.948686168750022 ], [ 11.725608409098998, 44.969269337705029 ], [ 12.363686646704098, 44.907519830840016 ], [ 12.445, 44.821 ], [ 12.292, 44.843 ], [ 12.254, 44.751 ], [ 12.284, 44.488 ], [ 12.369, 44.251 ], [ 12.479, 44.139 ], [ 12.71, 43.983 ], [ 12.947, 43.898 ], [ 13.253, 43.703 ], [ 13.617, 43.531 ], [ 13.835, 43.127 ], [ 13.781442603526827, 42.997155527177775 ], [ 13.600053426553753, 42.900671922404868 ], [ 13.329899333189603, 42.900671922404868 ], [ 13.235470042214311, 42.834367731262233 ], [ 12.970370351267663, 42.909847504378966 ] ], [ [ 12.386, 43.925 ], [ 12.429, 43.892 ], [ 12.482, 43.983 ], [ 12.386, 43.925 ] ] ], [ [ [ 9.864208249746644, 45.16610696247276 ], [ 9.713693826300904, 45.058045325127097 ], [ 9.54388268190058, 45.135232208945425 ], [ 9.39336825845484, 45.096638767036261 ], [ 9.204818039304509, 45.134546786100515 ], [ 8.970359011916305, 45.220744957934414 ], [ 8.732452057654744, 45.451756058449263 ], [ 8.62384236114403, 45.525886486226419 ], [ 8.630738214890743, 45.668975451470693 ], [ 8.558331750550266, 45.741381915811168 ], [ 8.563503640860302, 45.913778259478967 ], [ 8.710040532977931, 45.993080577566154 ], [ 8.754297906828899, 46.085581990715411 ], [ 8.834, 46.066 ], [ 8.768, 45.983 ], [ 8.871, 45.947 ], [ 8.9, 45.826 ], [ 9.059, 45.882 ], [ 8.983, 45.972 ], [ 9.072, 46.119 ], [ 9.269, 46.309 ], [ 9.263, 46.485 ], [ 9.438, 46.492 ], [ 9.452, 46.37 ], [ 9.56, 46.293 ], [ 9.709, 46.342 ], [ 9.964, 46.356 ], [ 10.043, 46.22 ], [ 10.159, 46.262 ], [ 10.092, 46.329 ], [ 10.133, 46.414 ], [ 10.042, 46.433 ], [ 10.088, 46.604 ], [ 10.192, 46.627 ], [ 10.295, 46.551 ], [ 10.426, 46.535 ], [ 10.623347852786043, 46.447925230306588 ], [ 10.983963639243813, 46.450953445600305 ], [ 11.30797437262305, 46.550365829705299 ], [ 11.852804399654444, 46.524281843093462 ], [ 11.791236732339561, 46.484702628391034 ], [ 11.892383614356868, 46.440725723166118 ], [ 11.769248279727103, 46.343976531671302 ], [ 11.879190542789393, 46.28240886435642 ], [ 11.949553591149259, 46.176864291816621 ], [ 11.791236732339561, 46.097705862411772 ], [ 11.685692159799762, 46.093308171889284 ], [ 11.685692159799762, 45.978968218304502 ], [ 11.479000705242656, 46.009752051961939 ], [ 11.254718488595584, 45.921798241512107 ], [ 11.085384603189944, 45.680614198385825 ], [ 10.850130960526352, 45.708510251171283 ], [ 10.889710175228776, 45.792066371098635 ], [ 10.832540198436385, 45.866827109980981 ], [ 10.799365806123852, 45.766867134711404 ], [ 10.572950947618818, 45.597055990832622 ], [ 10.552367778663815, 45.360349547850085 ], [ 10.434014557172546, 44.928102999795023 ], [ 10.207689882738208, 45.073482701890761 ], [ 10.068753491865216, 45.042607948363433 ], [ 10.003144640619636, 45.119794832181761 ], [ 9.864208249746644, 45.16610696247276 ] ] ] ] } },
{ "type": "Feature", "properties": { "id": "ashanti", "colorId": "ashanti", "name": "Ашанти", "parent": null }, "geometry": { "type": "MultiPolygon", "coordinates": [ [ [ [ -3.057847781626968, 7.25893579827829 ], [ -2.864763876719034, 7.555457509386903 ], [ -2.78201363175849, 7.879562635482364 ], [ -2.616513141837404, 8.079542394137009 ], [ -2.540658750623574, 8.22435532281796 ], [ -2.457908505663031, 8.52087703392657 ], [ -2.595825580597269, 9.058753626170104 ], [ -2.568242165610421, 10.01727729696306 ], [ -2.182074355794553, 10.320694861818385 ], [ -1.016675072600238, 10.224152909364419 ], [ -0.506381895343556, 10.486195351739472 ], [ -0.19606847674152, 10.486195351739472 ], [ 0.26595372428818, 10.168986079390724 ], [ 0.210786894314484, 9.741443147094584 ], [ 0.417662506715843, 8.962211673716135 ], [ 0.603850557877064, 8.569148010153556 ], [ 0.603850557877064, 8.272626299044942 ], [ 0.527996166663232, 7.90714605046921 ], [ 0.617642265370487, 7.596832631867173 ], [ 0.617642265370487, 7.258935798278289 ], [ 0.528262696410951, 6.426178624946202 ], [ 0.838576120326398, 6.074490077842029 ], [ 0.995, 5.839 ], [ 0.914, 5.777 ], [ 0.723, 5.755 ], [ 0.322, 5.779 ], [ 0.157, 5.725 ], [ 0.035, 5.628 ], [ -0.372, 5.493 ], [ -0.507, 5.369 ], [ -0.638, 5.341 ], [ -0.8, 5.215 ], [ -0.997, 5.217 ], [ -1.234, 5.101 ], [ -1.569, 5.019 ], [ -1.749, 4.877 ], [ -1.912, 4.821 ], [ -1.981, 4.752 ], [ -2.091, 4.737 ], [ -2.357, 4.92 ], [ -2.493947312387598, 4.957012663349539 ], [ -2.590387213939281, 5.484894572402681 ], [ -2.823122281875865, 5.727973421136447 ], [ -3.118, 6.163 ], [ -3.184, 6.264 ], [ -3.263, 6.617 ], [ -3.21, 6.716 ], [ -3.225, 6.849 ], [ -3.11, 7.046 ], [ -3.057847781626968, 7.25893579827829 ] ] ] ] } },
{ "type": "Feature", "properties": { "id": "ott_armenians1801", "colorId": "turkey", "name": null, "parent": "ottoman" }, "geometry": { "type": "MultiPolygon", "coordinates": [ [ [ [ 36.12, 41.628 ], [ 36.134, 41.462 ], [ 36.237, 41.359 ], [ 36.451, 41.24 ], [ 36.62, 41.375 ], [ 36.837, 41.351 ], [ 36.985, 41.295 ], [ 37.04, 41.182 ], [ 37.263, 41.148 ], [ 37.581, 41.037 ], [ 37.69, 41.14 ], [ 37.896, 40.982 ], [ 37.982, 40.99 ], [ 38.331, 40.918 ], [ 38.718, 40.955 ], [ 38.928, 41.043 ], [ 39.157, 41.078 ], [ 39.273, 41.05 ], [ 39.43, 41.112 ], [ 39.592, 41.025 ], [ 39.859, 40.964 ], [ 39.999, 40.982 ], [ 40.143, 40.923 ], [ 40.465, 41.05 ], [ 40.698, 41.098 ], [ 40.827, 41.198 ], [ 41.02, 41.224 ], [ 41.121, 41.286 ], [ 41.39, 41.379 ], [ 41.521, 41.514 ], [ 41.676, 41.662 ], [ 41.774, 41.822 ], [ 41.756, 42.006 ], [ 41.664, 42.114 ], [ 41.555, 42.39 ], [ 41.5, 42.641 ], [ 41.383, 42.757 ], [ 41.15, 42.796 ], [ 41.023, 42.99 ], [ 40.934, 42.983 ], [ 40.856, 43.063 ], [ 40.58, 43.089 ], [ 40.398, 43.162 ], [ 40.535896860354242, 43.226051451629203 ], [ 40.835866498336209, 43.219155597882491 ], [ 41.286081679257961, 43.166930213085564 ], [ 41.679662927823472, 43.040631752724991 ], [ 42.008626359460315, 42.893773077887118 ], [ 42.369898699561482, 42.644113330662726 ], [ 42.557877803353968, 42.532500737785945 ], [ 42.86334384701675, 42.397390756935096 ], [ 43.198181625647116, 42.109547754252866 ], [ 43.198181625647116, 41.927442997453895 ], [ 43.362663341465534, 41.780584322616022 ], [ 43.480150281335838, 41.627851300784627 ], [ 43.63582047666398, 41.357631339082928 ], [ 43.812050886469436, 41.169652235290449 ], [ 43.859045662417557, 40.993421825484994 ], [ 43.958909561307316, 40.831877283163337 ], [ 43.826736753953206, 40.802505548195768 ], [ 43.718061334573179, 40.708515996299525 ], [ 43.615260262186666, 40.617463617900043 ], [ 43.591927997243793, 40.457069345367223 ], [ 43.310111213599484, 40.540273759409551 ], [ 43.23055000123815, 40.502833188886576 ], [ 43.059727398227061, 40.456032475732847 ], [ 43.057387362569372, 40.422101958696402 ], [ 43.111208182696153, 40.354825933537931 ], [ 43.109306903724274, 40.286087386093399 ], [ 42.941994354199707, 40.22524645899356 ], [ 42.827532434649207, 40.095018139416979 ], [ 42.53728486016476, 40.12580197307441 ], [ 42.08203125, 40.08016424821701 ], [ 41.871428040808247, 39.827440397186905 ], [ 41.361300267432654, 39.738519042194824 ], [ 40.930733706418387, 39.555996260895306 ], [ 40.603128714342319, 39.523235761687694 ], [ 40.472086717511893, 39.654277758518127 ], [ 40.004079585974651, 39.612157116679775 ], [ 39.887077803090335, 40.024003392432547 ], [ 39.774756091521397, 40.080164248217017 ], [ 39.442471028129958, 39.949122251386591 ], [ 39.263637224641251, 39.839746381716864 ], [ 38.885542541600636, 39.579396617472163 ], [ 38.866822256339148, 38.994387703050613 ], [ 38.553257478209204, 38.666782710974537 ], [ 37.90255200793009, 38.599597654374215 ], [ 37.603509052400661, 38.476462319744449 ], [ 37.471578336725912, 38.344531604069701 ], [ 37.269284572691298, 38.300554698844785 ], [ 37.093376951791633, 38.186214745260003 ], [ 36.952650855071902, 38.195010126304986 ], [ 36.354564944013042, 38.318145460934751 ], [ 36.18745270415836, 38.282963936754818 ], [ 36.002749702213713, 38.274168555709835 ], [ 35.870818986538964, 38.177419364215019 ], [ 35.809251319224082, 38.09826093481017 ], [ 35.712502127729266, 38.054284029585254 ], [ 35.686115984594316, 37.931148694955489 ], [ 35.580571412054518, 37.887171789730573 ], [ 35.387073029064886, 37.904762551820539 ], [ 35.36948226697492, 38.019102505405321 ], [ 35.439845315334786, 38.107056315855154 ], [ 35.413459172199836, 38.256577793619869 ], [ 35.316709980705021, 38.353326985114684 ], [ 34.912122452635792, 38.388508509294617 ], [ 34.665851783376262, 38.476462319744449 ], [ 34.630670259196336, 38.538029987059332 ], [ 34.630670259196336, 38.793096037363846 ], [ 34.841759404275926, 39.232865089613 ], [ 34.868145547410876, 39.523112664097447 ], [ 34.788987118006027, 39.672634141862162 ], [ 34.56030721083647, 39.734201809177044 ], [ 34.349218065756872, 39.690224903952128 ], [ 34.243673493217074, 39.619861855592262 ], [ 34.094152015452359, 39.593475712457312 ], [ 33.68956448738313, 39.77817871440196 ], [ 33.673073147923787, 39.810061970690022 ], [ 33.731342547346799, 39.860635411698674 ], [ 33.737939083130534, 40.014554579985891 ], [ 33.911647858768951, 40.18606451036306 ], [ 33.916045549291447, 40.260825249245414 ], [ 34.250270029000809, 40.39275596492017 ], [ 34.390996125720541, 40.467516703802524 ], [ 34.575699127665189, 40.502698227982457 ], [ 34.725220605429904, 40.542277442684885 ], [ 34.909923607374552, 40.696196610972088 ], [ 35.037456632526805, 40.766559659331953 ], [ 35.151796586111587, 40.907285756051685 ], [ 35.099024299841687, 40.951262661276601 ], [ 34.879139773717107, 41.0568072338164 ], [ 34.817572106402224, 41.109579520086299 ], [ 34.843958249537174, 41.162351806356199 ], [ 34.989082036779401, 41.193135640013644 ], [ 35.147398895589099, 41.166749496878694 ], [ 35.261738849173881, 41.206328711581115 ], [ 35.336499588056235, 41.303077903075931 ], [ 35.477225684775966, 41.386634023003275 ], [ 35.556384114180815, 41.413020166138224 ], [ 35.657530996198126, 41.373440951435796 ], [ 35.763075568737925, 41.311873284120914 ], [ 35.88621090336769, 41.307475593598426 ], [ 35.903801665457657, 41.404224785093241 ], [ 35.993954321168736, 41.48338321449809 ], [ 36.042328916916141, 41.571337024947923 ], [ 36.12, 41.628 ] ] ] ] } },
{ "type": "Feature", "properties": { "id": "jambi", "colorId": "jambi", "name": "Джамби", "parent": null }, "geometry": { "type": "MultiPolygon", "coordinates": [ [ [ [ 104.212, -1.073 ], [ 104.377, -1.032 ], [ 104.397, -1.191 ], [ 104.445, -1.305 ], [ 104.454, -1.531 ], [ 104.156181545800166, -1.566828541856381 ], [ 103.935514225905393, -1.787495861751163 ], [ 103.852763980944843, -1.966788059165673 ], [ 103.680367637277058, -2.097809280353199 ], [ 103.625200807303372, -1.970235986039028 ], [ 103.501075439862547, -1.866798179838349 ], [ 103.059740800072987, -1.680610128677127 ], [ 102.987334335732513, -1.639235006196856 ], [ 102.911479944518689, -1.492698114079228 ], [ 102.727015856794139, -1.416843722865397 ], [ 102.385671096331905, -1.041019693669597 ], [ 102.31326463199143, -0.878967130621867 ], [ 102.314988595428105, -0.708294750390746 ], [ 102.397738840388641, -0.501419137989388 ], [ 102.528760061576165, -0.377293770548574 ], [ 103.080428361313125, -0.673815481657186 ], [ 103.346, -0.696 ], [ 103.463, -0.758 ], [ 103.65, -0.943 ], [ 103.839, -1.033 ], [ 103.956, -0.977 ], [ 104.212, -1.073 ] ] ], [ [ [ 104.511, -0.614 ], [ 104.42, -0.575 ], [ 104.356, -0.662 ], [ 104.336, -0.543 ], [ 104.256, -0.476 ], [ 104.325, -0.365 ], [ 104.383, -0.401 ], [ 104.47, -0.332 ], [ 104.549, -0.398 ], [ 104.592, -0.484 ], [ 104.511, -0.614 ] ] ] ] } },
{ "type": "Feature", "properties": { "id": "br_cooks", "colorId": "britain", "name": null, "parent": "britain" }, "geometry": { "type": "MultiPolygon", "coordinates": [ [ [ [ -159.798, -21.186 ], [ -159.743, -21.254 ], [ -159.846, -21.234 ], [ -159.798, -21.186 ] ] ] ] } },
{ "type": "Feature", "properties": { "id": "rh_saxony", "colorId": "saxony", "name": "Саксония", "parent": "rhine_conf" }, "geometry": { "type": "MultiPolygon", "coordinates": [ [ [ [ 11.958455507902432, 50.40837173406458 ], [ 11.959741955962119, 50.564031949286786 ], [ 12.21703156789966, 50.615489871674292 ], [ 12.24533342521279, 50.661802001823048 ], [ 12.134698892079648, 50.723551508688061 ], [ 11.74104578581521, 50.620635663913042 ], [ 11.573807538055808, 50.620635663913042 ], [ 11.568661745817057, 50.738988885404311 ], [ 11.689587863427702, 50.795592600030574 ], [ 11.836242942232101, 50.885643964208711 ], [ 12.235041840735288, 50.888216860328086 ], [ 12.397134296255938, 50.944820574954342 ], [ 12.391988504017188, 51.040017731371236 ], [ 12.253052113570917, 51.124923303310624 ], [ 12.184870366407488, 51.124923303310645 ], [ 11.994476053573708, 50.98084112062562 ], [ 11.90957048163432, 51.042590627490625 ], [ 11.474751037459876, 51.088902757639389 ], [ 11.340960439252354, 51.171235433459401 ], [ 11.31008568581985, 51.235557836443782 ], [ 10.939588644629792, 51.209828875250025 ], [ 10.836672799854774, 51.176381225698151 ], [ 10.522779473290976, 51.232984940324407 ], [ 10.461029966425967, 51.266432589876288 ], [ 10.563945811200982, 51.328182096741294 ], [ 10.810943838661021, 51.317890512263794 ], [ 11.111972684627945, 51.407941876441932 ], [ 11.153139022537951, 51.495420344500701 ], [ 11.302366997461725, 51.554596955246332 ], [ 11.389845465520489, 51.562315643604457 ], [ 11.536500544324888, 51.516003513455701 ], [ 11.770634091188048, 51.539159578530082 ], [ 11.898005281986936, 51.449187201990206 ], [ 12.015827366852113, 51.449187201990206 ], [ 12.071056469132666, 51.497052423966686 ], [ 11.898005281986936, 51.618556448983902 ], [ 11.853822000162495, 51.706923012632785 ], [ 11.632905591040288, 51.865246439170363 ], [ 11.579517458835754, 51.983068524035552 ], [ 11.719431184613153, 52.130346130117005 ], [ 11.9145740126711, 52.165324561561327 ], [ 12.071056469132666, 52.16532456156132 ], [ 12.214652135062099, 52.126664189964934 ], [ 12.428204663880233, 52.192939112701602 ], [ 12.505525407073005, 52.347580599087145 ], [ 12.582846150265778, 52.281305676350485 ], [ 12.708032115435028, 52.270259855894373 ], [ 12.858991661668536, 52.100890608900677 ], [ 13.00626926775001, 52.086162848292545 ], [ 13.13145523291926, 51.983068524035517 ], [ 13.12040941246315, 51.876292259626446 ], [ 13.271368958696659, 51.960976883123294 ], [ 13.264005078392584, 52.086162848292545 ], [ 13.40760074432202, 52.141391950573095 ], [ 13.867843263326616, 52.13034613011699 ], [ 14.213945637618075, 52.159801651333282 ], [ 14.537956370997311, 52.281305676350499 ], [ 14.670506216470635, 52.097208668748657 ], [ 14.81778382255211, 52.056707327076246 ], [ 14.876694864984698, 51.832108977802001 ], [ 15.038700231674317, 51.920475541450884 ], [ 15.156522316539494, 51.780561815673487 ], [ 15.112339034715053, 51.526507945182949 ], [ 15.344301264293371, 51.438141381534066 ], [ 15.347983204445407, 51.069947366330389 ], [ 14.961, 50.993 ], [ 14.81, 50.858 ], [ 14.775, 50.813 ], [ 14.613, 50.846 ], [ 14.635, 50.909 ], [ 14.494, 51.017 ], [ 14.288, 51.037 ], [ 14.238, 50.982 ], [ 14.347, 50.88 ], [ 13.893, 50.78 ], [ 13.835, 50.724 ], [ 13.602, 50.712 ], [ 13.448, 50.597 ], [ 13.232, 50.582 ], [ 13.16, 50.497 ], [ 13.01, 50.493 ], [ 12.918, 50.405 ], [ 12.826, 50.441 ], [ 12.51, 50.389 ], [ 12.336, 50.259 ], [ 12.283, 50.162 ], [ 12.233, 50.259 ], [ 12.076, 50.315 ], [ 11.958455507902432, 50.40837173406458 ] ] ] ] } },
{ "type": "Feature", "properties": { "id": "nl_east_indies1812", "colorId": "netherlands", "name": null, "parent": "fr_netherlands" }, "geometry": { "type": "MultiPolygon", "coordinates": [ [ [ [ 113.289, -8.433 ], [ 113.395, -8.447 ], [ 113.282, -8.488 ], [ 113.289, -8.433 ] ] ], [ [ [ 111.126165720289151, -7.10247513702943 ], [ 110.739997910473292, -6.974901842715259 ], [ 110.426236564997893, -7.054204160802446 ], [ 110.077995950788946, -7.236944285090313 ], [ 109.874568265260947, -7.430028189998247 ], [ 109.788370093427048, -7.567945264932484 ], [ 109.702171921593148, -7.647247583019672 ], [ 109.657, -7.782 ], [ 109.426, -7.774 ], [ 109.369, -7.713 ], [ 109.098, -7.687 ], [ 109.014, -7.733 ], [ 108.89, -7.679 ], [ 108.673, -7.721 ], [ 108.54, -7.692 ], [ 108.454, -7.819 ], [ 108.327, -7.817 ], [ 107.954, -7.74 ], [ 107.865, -7.745 ], [ 107.807, -7.687 ], [ 107.687, -7.662 ], [ 107.591, -7.57 ], [ 107.411, -7.496 ], [ 107.107, -7.456 ], [ 106.523, -7.411 ], [ 106.398, -7.378 ], [ 106.381, -7.247 ], [ 106.541, -7.055 ], [ 106.537, -6.983 ], [ 106.283, -6.983 ], [ 106.053, -6.837 ], [ 105.96, -6.818 ], [ 105.486, -6.868 ], [ 105.261, -6.767 ], [ 105.364, -6.665 ], [ 105.454, -6.809 ], [ 105.628, -6.616 ], [ 105.619, -6.533 ], [ 105.678, -6.475 ], [ 105.711, -6.535 ], [ 105.824, -6.435 ], [ 105.832, -6.229 ], [ 105.888, -6.071 ], [ 106.053, -5.881 ], [ 106.176, -6.014 ], [ 106.257, -5.942 ], [ 106.495, -6.035 ], [ 106.549, -6.007 ], [ 106.721, -6.031 ], [ 106.793, -6.104 ], [ 106.994, -6.079 ], [ 107.044, -5.914 ], [ 107.15, -5.973 ], [ 107.354, -5.976 ], [ 107.47, -6.145 ], [ 107.678, -6.238 ], [ 107.811, -6.189 ], [ 108.094, -6.327 ], [ 108.204, -6.276 ], [ 108.198, -6.228 ], [ 108.36, -6.246 ], [ 108.372, -6.34 ], [ 108.54, -6.487 ], [ 108.605, -6.762 ], [ 108.749, -6.812 ], [ 108.835, -6.788 ], [ 108.923, -6.845 ], [ 109.001, -6.789 ], [ 109.143, -6.856 ], [ 109.352, -6.876 ], [ 109.532, -6.835 ], [ 109.726, -6.863 ], [ 109.896, -6.918 ], [ 110.198, -6.891 ], [ 110.356, -6.973 ], [ 110.472, -6.946 ], [ 110.572, -6.836 ], [ 110.645, -6.688 ], [ 110.671, -6.5 ], [ 110.925, -6.404 ], [ 111.052, -6.457 ], [ 111.157, -6.692 ], [ 111.429, -6.699 ], [ 111.493, -6.623 ], [ 111.61, -6.665 ], [ 111.74, -6.782 ], [ 111.882, -6.809 ], [ 111.976, -6.785 ], [ 112.068, -6.894 ], [ 112.193, -6.905 ], [ 112.364, -6.871 ], [ 112.604, -6.905 ], [ 112.583, -6.99 ], [ 112.666, -7.055 ], [ 112.611, -7.079 ], [ 112.684, -7.175 ], [ 112.604, -7.193 ], [ 112.701, -7.255 ], [ 112.784, -7.205 ], [ 112.823, -7.263 ], [ 112.761, -7.531 ], [ 112.845, -7.593 ], [ 113.037, -7.655 ], [ 113.133, -7.728 ], [ 113.299, -7.789 ], [ 113.529, -7.7 ], [ 113.804, -7.722 ], [ 113.945, -7.678 ], [ 114.016, -7.618 ], [ 114.14, -7.701 ], [ 114.259, -7.7 ], [ 114.467, -7.831 ], [ 114.447, -8.014 ], [ 114.359, -8.409 ], [ 114.377, -8.519 ], [ 114.423, -8.465 ], [ 114.461, -8.618 ], [ 114.589, -8.664 ], [ 114.597, -8.776 ], [ 114.367, -8.741 ], [ 114.385, -8.665 ], [ 114.303, -8.612 ], [ 114.197, -8.646 ], [ 113.98, -8.62 ], [ 113.814, -8.508 ], [ 113.72, -8.525 ], [ 113.64, -8.459 ], [ 113.414, -8.39 ], [ 113.346, -8.324 ], [ 113.198, -8.277 ], [ 112.987, -8.324 ], [ 112.903, -8.404 ], [ 112.834, -8.376 ], [ 112.673, -8.447 ], [ 112.442, -8.392 ], [ 112.342, -8.333 ], [ 112.539815738365093, -8.116165637796081 ], [ 112.58808671459208, -7.974800635988489 ], [ 112.58808671459208, -7.812748072940758 ], [ 112.626013910199006, -7.667935144259808 ], [ 112.515680250251606, -7.485195019971941 ], [ 112.329492199090396, -7.419684409378179 ], [ 112.067449756715334, -7.423132336251534 ], [ 111.474406334498113, -7.205912943230109 ], [ 111.291666210210238, -7.195569162610041 ], [ 111.126165720289151, -7.10247513702943 ] ] ], [ [ [ 113.665, -7.11 ], [ 113.549, -7.234 ], [ 113.128, -7.231 ], [ 112.818, -7.161 ], [ 112.726, -7.159 ], [ 112.701, -7.033 ], [ 112.842, -6.909 ], [ 113.067, -6.881 ], [ 113.526, -6.896 ], [ 113.924, -6.865 ], [ 114.046, -6.915 ], [ 114.125, -6.982 ], [ 113.91, -7.048 ], [ 113.833, -7.132 ], [ 113.665, -7.11 ] ] ], [ [ [ 105.188, -6.548 ], [ 105.264, -6.528 ], [ 105.256, -6.628 ], [ 105.183, -6.672 ], [ 105.188, -6.548 ] ] ], [ [ [ 112.701, -5.849 ], [ 112.583, -5.794 ], [ 112.701, -5.726 ], [ 112.701, -5.849 ] ] ], [ [ [ 102.407, -5.404 ], [ 102.39, -5.477 ], [ 102.298, -5.473 ], [ 102.099, -5.335 ], [ 102.172, -5.28 ], [ 102.407, -5.404 ] ] ], [ [ [ 103.076980434439761, -3.842460278271315 ], [ 103.15585040989717, -3.78081329211237 ], [ 104.372668951893971, -4.042897285773227 ], [ 104.798555441592868, -4.230100138388124 ], [ 105.299323072337714, -4.328381636010945 ], [ 105.836653760234014, -4.336571760812848 ], [ 105.853, -4.404 ], [ 105.906, -4.469 ], [ 105.872, -4.849 ], [ 105.91, -4.943 ], [ 105.867, -5.041 ], [ 105.865, -5.256 ], [ 105.833, -5.383 ], [ 105.83, -5.655 ], [ 105.783, -5.829 ], [ 105.602, -5.81 ], [ 105.545, -5.658 ], [ 105.484, -5.659 ], [ 105.311, -5.466 ], [ 105.25, -5.459 ], [ 105.239, -5.569 ], [ 105.18, -5.58 ], [ 105.215, -5.759 ], [ 105.118, -5.782 ], [ 104.791, -5.609 ], [ 104.623, -5.491 ], [ 104.533, -5.56 ], [ 104.689, -5.808 ], [ 104.716, -5.921 ], [ 104.561, -5.928 ], [ 104.542, -5.842 ], [ 104.298, -5.643 ], [ 104.258, -5.54 ], [ 104.111, -5.446 ], [ 103.993, -5.313 ], [ 104.002, -5.263 ], [ 103.901, -5.219 ], [ 103.913, -5.139 ], [ 103.692, -4.952 ], [ 103.393, -4.814 ], [ 103.173, -4.618 ], [ 102.92, -4.493 ], [ 102.876, -4.421 ], [ 102.701, -4.27 ], [ 102.313, -3.991 ], [ 102.305, -3.845 ], [ 102.363259571655092, -3.742470398943993 ], [ 102.566687257183091, -3.745918325817349 ], [ 102.832177626431502, -3.852804058891384 ], [ 103.076980434439761, -3.842460278271315 ] ] ], [ [ [ 119.806, -5.692 ], [ 119.57, -5.656 ], [ 119.518, -5.558 ], [ 119.433, -5.588 ], [ 119.438, -5.522 ], [ 119.353, -5.356 ], [ 119.408, -5.116 ], [ 119.46, -5.074 ], [ 119.525, -4.883 ], [ 119.491, -4.754 ], [ 119.591, -4.564 ], [ 119.627, -4.315 ], [ 119.593, -4.026 ], [ 119.457, -3.715 ], [ 119.509, -3.578 ], [ 119.922350603405505, -3.508145948089016 ], [ 120.005906723332799, -3.508145948089016 ], [ 120.422, -3.666 ], [ 120.447, -3.729 ], [ 120.354, -3.931 ], [ 120.381, -4.167 ], [ 120.362, -4.387 ], [ 120.402, -4.574 ], [ 120.444, -4.627 ], [ 120.387, -4.829 ], [ 120.309, -4.871 ], [ 120.264, -5.15 ], [ 120.381, -5.337 ], [ 120.458, -5.626 ], [ 120.323, -5.51 ], [ 120.1, -5.596 ], [ 119.915, -5.569 ], [ 119.806, -5.692 ] ] ], [ [ [ 127.235, -3.821 ], [ 127.227, -3.917 ], [ 127.138, -3.847 ], [ 127.235, -3.821 ] ] ], [ [ [ 127.243, -3.606 ], [ 127.122, -3.653 ], [ 126.946, -3.766 ], [ 126.742, -3.859 ], [ 126.589, -3.817 ], [ 126.174, -3.603 ], [ 126.149, -3.526 ], [ 126.053, -3.446 ], [ 125.992, -3.248 ], [ 126.091, -3.112 ], [ 126.185, -3.181 ], [ 126.297, -3.106 ], [ 126.421, -3.07 ], [ 126.84, -3.074 ], [ 126.893, -3.126 ], [ 127.094, -3.201 ], [ 127.063, -3.334 ], [ 127.269, -3.386 ], [ 127.241, -3.471 ], [ 127.243, -3.606 ] ] ], [ [ [ 108.831, -1.662 ], [ 108.807, -1.565 ], [ 108.901, -1.533 ], [ 108.964, -1.573 ], [ 108.933, -1.641 ], [ 108.831, -1.662 ] ] ], [ [ [ 109.479, -1.299 ], [ 109.417, -1.254 ], [ 109.452, -1.004 ], [ 109.588, -0.97 ], [ 109.657, -1.004 ], [ 109.705, -0.984 ], [ 109.76, -1.104 ], [ 109.698, -1.191 ], [ 109.479, -1.299 ] ] ], [ [ [ 109.167, 0.112 ], [ 109.102, 0.243 ], [ 108.921, 0.34 ], [ 108.945, 0.445 ], [ 108.91, 0.531 ], [ 108.927, 0.641 ], [ 108.855, 0.832 ], [ 108.941, 0.884 ], [ 108.98, 0.996 ], [ 108.933, 1.178 ], [ 108.986, 1.216 ], [ 109.061, 1.384 ], [ 109.096, 1.561 ], [ 109.253, 1.668 ], [ 109.348, 1.81 ], [ 109.341, 1.936 ], [ 109.561, 1.99 ], [ 109.645, 2.083 ], [ 109.655, 1.937 ], [ 109.732, 1.84 ], [ 109.887, 1.76 ], [ 109.928, 1.692 ], [ 110.521, 1.723 ], [ 110.466, 1.621 ], [ 110.727, 1.547 ], [ 110.84, 1.566 ], [ 110.968, 1.503 ], [ 111.08651340201682, 1.443225040602879 ], [ 111.24607316291997, 1.395357112331934 ], [ 111.439140473612781, 1.377805538632587 ], [ 111.577558566196288, 1.223032570556532 ], [ 111.823, 1.008 ], [ 112.052964323866078, 0.785228192165045 ], [ 112.162025528199962, 0.377683691759494 ], [ 112.230906288831889, 0.257142360653627 ], [ 112.506429331359584, 0.084940459073817 ], [ 112.919713895151148, -0.047080998804037 ], [ 113.178016747520871, -0.293903724401765 ], [ 113.499460297136508, -0.48906587952555 ], [ 113.901264734156072, -0.529246323227505 ], [ 114.234188410543709, -0.626827400789398 ], [ 114.509711453071404, -0.621087337403404 ], [ 115.111807270200956, -1.037131442636623 ], [ 115.399014839826634, -1.56048745839896 ], [ 115.545809819857539, -1.91790132282202 ], [ 115.628780895527171, -2.262550406372827 ], [ 115.628780895527171, -2.428492557712105 ], [ 115.437309182443386, -2.715700127337777 ], [ 115.526662648549149, -2.913554230857685 ], [ 115.526662648549149, -3.130555505685972 ], [ 115.628780895527171, -3.373086342258762 ], [ 115.836, -3.633 ], [ 115.583, -3.781 ], [ 115.06, -3.986 ], [ 114.713, -4.171 ], [ 114.625, -4.171 ], [ 114.632, -4.013 ], [ 114.604, -3.855 ], [ 114.611, -3.684 ], [ 114.537, -3.563 ], [ 114.55, -3.348 ], [ 114.488, -3.488 ], [ 114.412, -3.485 ], [ 114.264, -3.398 ], [ 114.365, -3.212 ], [ 114.248, -3.36 ], [ 114.126, -3.368 ], [ 114.123, -3.216 ], [ 114.042, -3.356 ], [ 113.886, -3.431 ], [ 113.713, -3.473 ], [ 113.632, -3.457 ], [ 113.62, -3.185 ], [ 113.466, -3.184 ], [ 113.351, -3.272 ], [ 113.241, -3.177 ], [ 113.183, -3.077 ], [ 113.101, -3.043 ], [ 113.035, -2.923 ], [ 113.017, -3.037 ], [ 112.949, -3.125 ], [ 113.021, -3.163 ], [ 112.618, -3.424 ], [ 112.525, -3.438 ], [ 112.303, -3.314 ], [ 112.117, -3.382 ], [ 111.905, -3.572 ], [ 111.822, -3.545 ], [ 111.843, -3.362 ], [ 111.815, -3.19 ], [ 111.833, -3.062 ], [ 111.737, -2.813 ], [ 111.673, -2.895 ], [ 111.703, -2.944 ], [ 111.584, -3.009 ], [ 111.448, -2.93 ], [ 111.296, -2.936 ], [ 111.061, -3.061 ], [ 110.907, -3.083 ], [ 110.754, -3.026 ], [ 110.794, -2.944 ], [ 110.662, -3.081 ], [ 110.617, -2.91 ], [ 110.508, -2.875 ], [ 110.263, -3.003 ], [ 110.205, -2.896 ], [ 110.246, -2.786 ], [ 110.212, -2.653 ], [ 110.157, -2.621 ], [ 110.221, -2.533 ], [ 110.16, -2.436 ], [ 110.096, -2.197 ], [ 110.129, -2.07 ], [ 110.075, -1.922 ], [ 109.904, -1.826 ], [ 110.034, -1.646 ], [ 110.069, -1.433 ], [ 110.03, -1.286 ], [ 109.93, -1.223 ], [ 109.923, -1.104 ], [ 109.835, -1.086 ], [ 109.734, -0.954 ], [ 109.735, -0.879 ], [ 109.677, -0.984 ], [ 109.489, -0.852 ], [ 109.407, -0.911 ], [ 109.273, -0.854 ], [ 109.263, -0.667 ], [ 109.469, -0.737 ], [ 109.344, -0.584 ], [ 109.262, -0.592 ], [ 109.123, -0.5 ], [ 109.103, -0.361 ], [ 109.046, -0.246 ], [ 109.188, -0.177 ], [ 109.161, 0.034 ], [ 109.3, 0.01 ], [ 109.167, 0.112 ] ] ], [ [ [ 127.235, -0.49 ], [ 127.117, -0.525 ], [ 127.11, -0.288 ], [ 127.235, -0.252 ], [ 127.292, -0.278 ], [ 127.235, -0.49 ] ] ], [ [ [ 109.109, 2.532 ], [ 109.027, 2.486 ], [ 108.983, 2.561 ], [ 109.109, 2.532 ] ] ], [ [ [ 108.89, 2.888 ], [ 108.776, 2.888 ], [ 108.842, 2.974 ], [ 108.89, 2.888 ] ] ], [ [ [ 105.812, 2.904 ], [ 105.696, 2.885 ], [ 105.723, 2.977 ], [ 105.802, 2.997 ], [ 105.812, 2.904 ] ] ], [ [ [ 106.285, 3.087 ], [ 106.211, 3.128 ], [ 106.208, 3.225 ], [ 106.285, 3.179 ], [ 106.285, 3.087 ] ] ], [ [ [ 106.23, 3.258 ], [ 106.271, 3.361 ], [ 106.279, 3.231 ], [ 106.23, 3.258 ] ] ], [ [ [ 108.391, 3.997 ], [ 108.396, 3.875 ], [ 108.318, 3.684 ], [ 108.174, 3.652 ], [ 108.094, 3.696 ], [ 108.245, 3.813 ], [ 108.062, 3.856 ], [ 107.985, 4.012 ], [ 108.225, 4.245 ], [ 108.257, 4.131 ], [ 108.391, 3.997 ] ] ], [ [ [ 127.912, -3.703 ], [ 128.035, -3.589 ], [ 128.159, -3.585 ], [ 128.331, -3.512 ], [ 128.335, -3.627 ], [ 128.161, -3.739 ], [ 128.203, -3.639 ], [ 127.986, -3.772 ], [ 127.912, -3.703 ] ] ], [ [ [ 128.393, -3.643 ], [ 128.41, -3.543 ], [ 128.529, -3.533 ], [ 128.564, -3.592 ], [ 128.393, -3.643 ] ] ], [ [ [ 128.627, -3.618 ], [ 128.598, -3.492 ], [ 128.721, -3.526 ], [ 128.728, -3.615 ], [ 128.627, -3.618 ] ] ], [ [ [ 128.982, -3.252 ], [ 128.877, -3.203 ], [ 128.693, -3.349 ], [ 128.678, -3.432 ], [ 128.484, -3.462 ], [ 128.399, -3.41 ], [ 128.282, -3.221 ], [ 128.179, -3.194 ], [ 128.2, -3.111 ], [ 128.136, -3.075 ], [ 128.067, -3.197 ], [ 128.057, -3.297 ], [ 127.988, -3.376 ], [ 127.926, -3.553 ], [ 127.899, -3.524 ], [ 127.93, -3.323 ], [ 127.842, -3.173 ], [ 128.008, -3.074 ], [ 128.104, -3.067 ], [ 128.175, -2.857 ], [ 128.381, -2.86 ], [ 128.516, -2.834 ], [ 128.865, -2.862 ], [ 129.053, -2.804 ], [ 129.122, -2.958 ], [ 129.358, -2.856 ], [ 129.444, -2.785 ], [ 129.612, -2.807 ], [ 129.825, -2.918 ], [ 130.047, -2.992 ], [ 130.345, -2.978 ], [ 130.578, -3.123 ], [ 130.667, -3.404 ], [ 130.761, -3.406 ], [ 130.873, -3.574 ], [ 130.832, -3.694 ], [ 130.842, -3.865 ], [ 130.607, -3.778 ], [ 130.419, -3.637 ], [ 130.126, -3.533 ], [ 129.983, -3.46 ], [ 129.89, -3.333 ], [ 129.545, -3.298 ], [ 129.502, -3.334 ], [ 129.563, -3.44 ], [ 129.486, -3.463 ], [ 129.358, -3.41 ], [ 129.236, -3.402 ], [ 129.114, -3.349 ], [ 128.961, -3.356 ], [ 128.982, -3.252 ] ] ], [ [ [ 127.625, -3.362 ], [ 127.48, -3.293 ], [ 127.564, -3.256 ], [ 127.615, -3.307 ], [ 127.625, -3.362 ] ] ], [ [ [ 127.772, -3.163 ], [ 127.778, -3.244 ], [ 127.643, -3.224 ], [ 127.772, -3.163 ] ] ], [ [ [ 127.947, -3.018 ], [ 127.838, -3.033 ], [ 127.954, -2.917 ], [ 127.947, -3.018 ] ] ], [ [ [ 130.386, -1.888 ], [ 130.434, -1.963 ], [ 130.374, -2.013 ], [ 130.338, -1.95 ], [ 130.256, -2.046 ], [ 129.926, -2.004 ], [ 129.715, -1.881 ], [ 130.012, -1.75 ], [ 130.22, -1.736 ], [ 130.353, -1.68 ], [ 130.352, -1.741 ], [ 130.438, -1.851 ], [ 130.386, -1.888 ] ] ], [ [ [ 127.533, -1.731 ], [ 127.379, -1.632 ], [ 127.435, -1.412 ], [ 127.482, -1.448 ], [ 127.625, -1.33 ], [ 127.899, -1.427 ], [ 128.145, -1.594 ], [ 128.151, -1.67 ], [ 128.052, -1.715 ], [ 127.933, -1.683 ], [ 127.703, -1.69 ], [ 127.533, -1.731 ] ] ], [ [ [ 127.69, -1.214 ], [ 127.666, -1.272 ], [ 127.461, -1.236 ], [ 127.547, -1.171 ], [ 127.69, -1.214 ] ] ], [ [ [ 129.859, -1.233 ], [ 129.744, -1.2 ], [ 129.859, -1.142 ], [ 129.954, -1.163 ], [ 129.859, -1.233 ] ] ], [ [ [ 127.214, -0.615 ], [ 127.296, -0.744 ], [ 127.32, -0.794 ], [ 127.156, -0.772 ], [ 127.214, -0.615 ] ] ], [ [ [ 127.626, -0.752 ], [ 127.458, -0.816 ], [ 127.47, -0.641 ], [ 127.399, -0.62 ], [ 127.303, -0.511 ], [ 127.317, -0.34 ], [ 127.461, -0.407 ], [ 127.517, -0.302 ], [ 127.579, -0.325 ], [ 127.683, -0.46 ], [ 127.606, -0.629 ], [ 127.653, -0.707 ], [ 127.79, -0.69 ], [ 127.889, -0.765 ], [ 127.822, -0.864 ], [ 127.749, -0.885 ], [ 127.653, -0.827 ], [ 127.626, -0.752 ] ] ], [ [ [ 129.373, -0.08 ], [ 129.309, 0.048 ], [ 129.537, -0.134 ], [ 129.517, -0.209 ], [ 129.458, -0.114 ], [ 129.373, -0.08 ] ] ], [ [ [ 127.409, 0.147 ], [ 127.46, -0.004 ], [ 127.391, 0.053 ], [ 127.409, 0.147 ] ] ], [ [ [ 127.337, 0.349 ], [ 127.399, 0.38 ], [ 127.396, 0.281 ], [ 127.337, 0.349 ] ] ], [ [ [ 128.017, -0.313 ], [ 128.043, -0.415 ], [ 128.228, -0.71 ], [ 128.433, -0.909 ], [ 128.284, -0.878 ], [ 128.204, -0.769 ], [ 128.049, -0.713 ], [ 127.851, -0.365 ], [ 127.708, -0.287 ], [ 127.666, -0.209 ], [ 127.7, 0.048 ], [ 127.681, 0.162 ], [ 127.714, 0.277 ], [ 127.572, 0.422 ], [ 127.527, 0.561 ], [ 127.555, 0.74 ], [ 127.625, 0.832 ], [ 127.508, 0.886 ], [ 127.471, 1.066 ], [ 127.404, 1.043 ], [ 127.406, 1.23 ], [ 127.541, 1.476 ], [ 127.519, 1.532 ], [ 127.581, 1.752 ], [ 127.69, 1.925 ], [ 127.917, 2.172 ], [ 128.047, 2.204 ], [ 128.05, 2.148 ], [ 127.943, 1.981 ], [ 127.865, 1.929 ], [ 127.852, 1.825 ], [ 127.941, 1.8 ], [ 128.015, 1.719 ], [ 127.996, 1.627 ], [ 128.035, 1.538 ], [ 127.974, 1.298 ], [ 127.894, 1.157 ], [ 127.834, 1.144 ], [ 127.638, 1.001 ], [ 127.655, 0.89 ], [ 127.796, 0.799 ], [ 127.923, 0.87 ], [ 127.936, 1.007 ], [ 128.055, 1.12 ], [ 128.161, 1.132 ], [ 128.196, 1.196 ], [ 128.092, 1.257 ], [ 128.187, 1.374 ], [ 128.46, 1.545 ], [ 128.719, 1.571 ], [ 128.686, 1.445 ], [ 128.741, 1.405 ], [ 128.701, 1.071 ], [ 128.44, 0.932 ], [ 128.315, 0.902 ], [ 128.293, 0.818 ], [ 128.214, 0.774 ], [ 128.313, 0.668 ], [ 128.684, 0.542 ], [ 128.69, 0.347 ], [ 128.824, 0.311 ], [ 128.861, 0.244 ], [ 128.538, 0.327 ], [ 128.475, 0.387 ], [ 128.262, 0.391 ], [ 128.152, 0.456 ], [ 127.96, 0.483 ], [ 127.91, 0.438 ], [ 127.881, 0.302 ], [ 127.921, 0.146 ], [ 127.892, -0.017 ], [ 128.017, -0.313 ] ] ], [ [ [ 127.446, 0.667 ], [ 127.379, 0.623 ], [ 127.385, 0.757 ], [ 127.446, 0.667 ] ] ], [ [ [ 127.371, 0.784 ], [ 127.313, 0.757 ], [ 127.325, 0.863 ], [ 127.371, 0.784 ] ] ], [ [ [ 128.467, 2.594 ], [ 128.566, 2.634 ], [ 128.686, 2.484 ], [ 128.642, 2.261 ], [ 128.567, 2.11 ], [ 128.49, 2.054 ], [ 128.289, 2.04 ], [ 128.197, 2.266 ], [ 128.321, 2.459 ], [ 128.467, 2.594 ] ] ] ] } },
{ "type": "Feature", "properties": { "id": "ott_libya1543", "colorId": "turkey", "name": null, "parent": "ottoman" }, "geometry": { "type": "MultiPolygon", "coordinates": [ [ [ [ 17.16, 31.119 ], [ 17.366, 31.087 ], [ 17.467, 31.03 ], [ 17.849, 30.924 ], [ 17.927, 30.855 ], [ 18.175, 30.786 ], [ 18.324, 30.657 ], [ 18.653, 30.422 ], [ 18.926, 30.293 ], [ 19.057, 30.266 ], [ 19.339, 30.299 ], [ 19.616, 30.421 ], [ 19.749, 30.511 ], [ 20.036, 30.819 ], [ 20.147, 31.046 ], [ 20.147, 31.217 ], [ 20.022, 31.397 ], [ 19.921, 31.718 ], [ 19.94, 31.958 ], [ 20.072, 32.176 ], [ 20.262, 32.34 ], [ 20.563, 32.558 ], [ 20.797, 32.643 ], [ 21.097, 32.781 ], [ 21.287, 32.771 ], [ 21.455, 32.813 ], [ 21.609, 32.931 ], [ 21.716, 32.95 ], [ 21.877, 32.903 ], [ 22.15, 32.948 ], [ 22.207, 32.888 ], [ 22.379, 32.87 ], [ 22.514, 32.791 ], [ 23.086, 32.646 ], [ 23.096, 32.324 ], [ 23.244, 32.221 ], [ 23.405, 32.191 ], [ 23.67, 32.183 ], [ 23.999, 32.094 ], [ 24.091, 32.006 ], [ 24.546, 31.991 ], [ 24.67, 32.032 ], [ 24.982, 31.968 ], [ 25.022, 31.855 ], [ 25.151, 31.656 ], [ 25.098234988789432, 30.927901730435714 ], [ 24.908, 30.499 ], [ 24.908692100516852, 30.085488893668675 ], [ 24.812, 29.891 ], [ 24.805, 29.755 ], [ 24.707829267268728, 29.850279490519753 ], [ 24.647827257201044, 29.972465401930332 ], [ 24.303088435721186, 30.195018311999611 ], [ 23.844891267931494, 30.321568005960572 ], [ 23.371254903070056, 30.531646685650955 ], [ 22.702357089639001, 30.676459614331904 ], [ 22.219647327369167, 30.814376689266144 ], [ 21.419728292750584, 30.924710349213534 ], [ 20.688767795599119, 30.793689128026013 ], [ 20.123307788368741, 30.21443741330221 ], [ 19.83368193100684, 30.055832777127836 ], [ 19.144096556335647, 29.876540579713328 ], [ 17.544258487098485, 30.566125954384514 ], [ 17.413237265910958, 30.690251321825329 ], [ 17.102923847308922, 30.800584981772719 ], [ 15.958212125354743, 30.904022787973396 ], [ 15.654794560499418, 31.035044009160931 ], [ 15.247939189443414, 31.372940842749813 ], [ 15.034167723295345, 31.738421091325545 ], [ 14.979000893321651, 32.000463533700596 ], [ 14.827292110893987, 32.165964023621683 ], [ 14.634208205986052, 32.193547438608533 ], [ 14.254936249916899, 32.338360367289482 ], [ 13.83428917136747, 32.393527197263182 ], [ 13.392954531577907, 32.538340125944131 ], [ 12.234451102130304, 32.503860857210569 ], [ 11.220760601363656, 32.821070129559324 ], [ 10.441529127985209, 33.110695986921229 ], [ 10.117424001889749, 33.296884038082446 ], [ 9.658849727733404, 33.489967942990383 ], [ 9.431286554091912, 33.734770750998656 ], [ 8.810659716887837, 34.220928440141847 ], [ 7.755594093640917, 34.388152893499623 ], [ 7.822170299584701, 34.478938121150527 ], [ 8.061226562458677, 34.607660724236517 ], [ 8.263504938736656, 34.852846634876485 ], [ 8.171560222246663, 35.208366205304436 ], [ 8.269634586502654, 35.502589298072408 ], [ 8.171560222246665, 35.778423447542387 ], [ 8.165430574480666, 36.170720904566345 ], [ 8.269634586502654, 36.379128928610321 ], [ 8.478042610546634, 36.587536952654304 ], [ 8.545468735972626, 36.783685681166283 ], [ 8.498, 36.904 ], [ 8.603, 36.94 ], [ 8.802, 36.973 ], [ 8.988, 37.117 ], [ 9.211, 37.234 ], [ 9.343, 37.235 ], [ 9.666, 37.335 ], [ 9.859, 37.329 ], [ 9.772, 37.213 ], [ 9.808, 37.155 ], [ 9.925, 37.213 ], [ 9.882, 37.264 ], [ 10.051, 37.267 ], [ 10.272, 37.179 ], [ 10.174, 37.076 ], [ 10.22, 36.977 ], [ 10.347, 36.88 ], [ 10.272, 36.816 ], [ 10.32, 36.749 ], [ 10.437, 36.729 ], [ 10.538, 36.772 ], [ 10.567, 36.863 ], [ 10.733, 36.896 ], [ 10.893, 37.039 ], [ 11.051, 37.08 ], [ 11.136, 36.871 ], [ 11.022, 36.788 ], [ 10.8, 36.452 ], [ 10.519, 36.337 ], [ 10.48, 36.079 ], [ 10.609, 35.856 ], [ 10.744, 35.77 ], [ 10.841, 35.767 ], [ 10.841, 35.699 ], [ 11.055, 35.614 ], [ 11.042, 35.334 ], [ 11.161, 35.238 ], [ 10.918, 34.957 ], [ 10.916, 34.874 ], [ 10.597, 34.545 ], [ 10.432, 34.496 ], [ 10.127, 34.326 ], [ 10.005, 34.171 ], [ 10.049, 33.983 ], [ 10.163, 33.836 ], [ 10.33, 33.703 ], [ 10.489, 33.647 ], [ 10.717, 33.707 ], [ 10.737, 33.603 ], [ 10.674, 33.546 ], [ 10.717, 33.484 ], [ 10.909, 33.54 ], [ 10.978, 33.643 ], [ 11.108, 33.55 ], [ 11.09, 33.454 ], [ 11.171, 33.332 ], [ 11.18, 33.211 ], [ 11.505, 33.181 ], [ 11.636, 33.109 ], [ 11.847, 33.083 ], [ 12.122, 32.921 ], [ 12.348, 32.833 ], [ 12.73, 32.799 ], [ 13.074, 32.866 ], [ 13.165, 32.913 ], [ 13.352, 32.904 ], [ 13.571, 32.803 ], [ 13.787, 32.8 ], [ 14.176, 32.718 ], [ 14.469, 32.519 ], [ 14.727, 32.451 ], [ 14.911, 32.444 ], [ 15.196, 32.39 ], [ 15.283, 32.317 ], [ 15.37, 32.159 ], [ 15.37, 31.929 ], [ 15.49, 31.665 ], [ 15.623, 31.497 ], [ 15.761, 31.388 ], [ 16.045, 31.276 ], [ 16.359, 31.227 ], [ 16.728, 31.224 ], [ 17.16, 31.119 ] ] ] ] } },
{ "type": "Feature", "properties": { "id": "nepal", "colorId": "nepal", "name": "Непал", "parent": null }, "geometry": { "type": "MultiPolygon", "coordinates": [ [ [ [ 81.791710794620016, 29.384082092957442 ], [ 83.654772511550632, 28.548281678445086 ], [ 83.791004297176002, 28.610874661029708 ], [ 84.196017713900048, 28.662421823158226 ], [ 84.439025763934481, 28.540917798141013 ], [ 84.888222462482958, 28.412049892819727 ], [ 85.341101101183483, 28.22427094506585 ], [ 85.55097168984959, 28.073311398832342 ], [ 86.003850328550115, 28.018082296551786 ], [ 86.869106264278756, 28.021764236703827 ], [ 87.439806987844449, 27.878168570774392 ], [ 87.548424222329515, 27.640683430968014 ], [ 88.62355074672422, 27.578090448383392 ], [ 88.53518418307533, 27.393993440781554 ], [ 88.62355074672422, 27.217260313483788 ], [ 88.472591200490683, 26.902454430484639 ], [ 88.303221953496987, 26.872998909268343 ], [ 88.169, 26.744 ], [ 87.7104295890191, 26.74229003387104 ], [ 87.15813856621358, 26.874839879344364 ], [ 86.561664261583616, 26.911659280864733 ], [ 86.1492869645555, 27.066300767250279 ], [ 85.869459513000706, 27.13257568998694 ], [ 85.427626694756299, 27.338764338501001 ], [ 85.103615961377059, 27.375583740021369 ], [ 84.337772409753413, 27.618591790055795 ], [ 84.028489436982312, 27.662775071880237 ], [ 83.733934224819379, 27.802688797657634 ], [ 82.364252488261698, 28.20770221438168 ], [ 81.318581485083257, 28.759993237187199 ], [ 79.77953050153188, 29.378559182729379 ], [ 78.792770540785995, 30.151766614657109 ], [ 79.035778590820414, 30.306408101042653 ], [ 80.000446910654048, 30.674602116246334 ], [ 80.436756818670474, 30.422389215831817 ], [ 81.143689327861537, 29.929009235458885 ], [ 81.791710794620016, 29.384082092957442 ] ] ] ] } },
{ "type": "Feature", "properties": { "id": "benin1179", "colorId": "benin", "name": "Бенин", "parent": null }, "geometry": { "type": "MultiPolygon", "coordinates": [ [ [ [ 6.021715289633683, 6.105632178096069 ], [ 5.890747967537482, 5.98061791609515 ], [ 5.581188842582824, 5.927040375237613 ], [ 5.340089908723909, 5.992524036285711 ], [ 5.164474635913093, 6.120514828334271 ], [ 5.072202204436224, 6.308036221335651 ], [ 5.075178734483865, 6.477698434051185 ], [ 5.286512367866372, 6.763445318624715 ], [ 5.560353132249339, 6.805116739291688 ], [ 5.792522475965332, 6.736656548195946 ], [ 5.953255098537943, 6.593783105909181 ], [ 6.015762229538403, 6.325895401621496 ], [ 6.021715289633683, 6.105632178096069 ] ] ] ] } },
{ "type": "Feature", "properties": { "id": "darfur1614", "colorId": "darfur", "name": "Дарфур", "parent": null }, "geometry": { "type": "MultiPolygon", "coordinates": [ [ [ [ 21.809, 12.794 ], [ 21.936, 12.64 ], [ 22.059, 12.637 ], [ 22.205, 12.743 ], [ 22.446, 12.611 ], [ 22.941518505949702, 12.333518142279614 ], [ 23.35302810356011, 12.292312252155071 ], [ 24.126925915946757, 12.274453071869225 ], [ 24.710325805284352, 12.458997934822955 ], [ 24.960354329286186, 12.762603999682334 ], [ 25.365162415765354, 13.715093614927433 ], [ 25.698533781101141, 14.215150662931109 ], [ 26.412900992534968, 14.774738311887608 ], [ 26.579586675202862, 15.298607600272414 ], [ 26.234309189676512, 15.631978965608198 ], [ 25.758064382053991, 15.661744266084618 ], [ 25.150852252335238, 15.929631970372302 ], [ 24.448391161091976, 16.036787052087377 ], [ 23.983771159780225, 15.931928412308375 ], [ 23.917805801942841, 15.886852084452835 ], [ 23.062454995318223, 15.886852084452837 ], [ 22.915132362814752, 15.737330606688122 ], [ 22.830567116528318, 15.271635383775601 ], [ 22.807388945013702, 15.139244695629261 ], [ 22.651, 14.816 ], [ 22.465, 14.629 ], [ 22.364, 14.544 ], [ 22.248882248657278, 14.347660401580773 ], [ 22.103758461415055, 13.995845159781446 ], [ 21.95423698365034, 13.727586037909456 ], [ 21.949839293127852, 13.37577079611013 ], [ 21.795920124840645, 13.023955554310801 ], [ 21.809, 12.794 ] ] ] ] } },
{ "type": "Feature", "properties": { "id": "br_belize", "colorId": "britain", "name": null, "parent": "britain" }, "geometry": { "type": "MultiPolygon", "coordinates": [ [ [ [ -88.214, 17.773 ], [ -88.283, 17.58 ], [ -88.167, 17.512 ], [ -88.231, 17.497 ], [ -88.286, 17.34 ], [ -88.301, 17.178 ], [ -88.217, 16.955 ], [ -88.283, 16.891 ], [ -88.306, 16.653 ], [ -88.393, 16.552 ], [ -88.386, 16.49 ], [ -88.536, 16.274 ], [ -88.65, 16.286 ], [ -88.74, 16.23 ], [ -88.746, 16.155 ], [ -88.928, 15.984 ], [ -88.914, 15.894 ], [ -89.005940414208126, 15.971026324205233 ], [ -89.047315537396855, 16.084807912974231 ], [ -89.021456085403898, 16.250308405729136 ], [ -88.912846387033497, 16.457184021672767 ], [ -88.73441616828211, 16.684747199210765 ], [ -88.742174003879995, 17.445015087803601 ], [ -88.871471263844768, 17.770844182914818 ], [ -88.88, 17.888 ], [ -88.736, 18.052 ], [ -88.697, 18.178 ], [ -88.617, 18.235 ], [ -88.489, 18.485 ], [ -88.304, 18.481 ], [ -88.384, 18.385 ], [ -88.092, 18.372 ], [ -88.092, 18.118 ], [ -88.208, 17.882 ], [ -88.214, 17.773 ] ] ], [ [ [ -87.913, 18.026 ], [ -87.966, 17.914 ], [ -87.905, 18.153 ], [ -87.849, 18.134 ], [ -87.913, 18.026 ] ] ] ] } },
{ "type": "Feature", "properties": { "id": "ott_algeria1574", "colorId": "turkey", "name": null, "parent": "ottoman" }, "geometry": { "type": "MultiPolygon", "coordinates": [ [ [ [ 7.755594093640917, 34.388152893499623 ], [ 6.922919753725303, 34.510554297503667 ], [ 5.962079865959783, 34.56422807136677 ], [ 4.638075946591087, 34.490672298068503 ], [ 3.470378045481195, 34.242421563186873 ], [ 2.458986162630107, 33.948198469993834 ], [ 2.072818352814237, 33.76430903674818 ], [ -0.428077939326633, 33.626391961813937 ], [ -0.639550787559133, 33.516058301866551 ], [ -1.323790422469798, 33.435717971695922 ], [ -1.745968712629001, 34.033803882754796 ], [ -1.913080952483685, 34.385619124554132 ], [ -1.913080952483686, 34.552731364408814 ], [ -2.031818596590961, 34.816592795758318 ], [ -1.902760310428321, 35.103207122018105 ], [ -1.761, 35.13 ], [ -1.51, 35.295 ], [ -1.396, 35.309 ], [ -1.268, 35.39 ], [ -1.19, 35.566 ], [ -1.033, 35.683 ], [ -0.825, 35.769 ], [ -0.683, 35.717 ], [ -0.523, 35.78 ], [ -0.479, 35.89 ], [ -0.349, 35.907 ], [ -0.259, 35.818 ], [ -0.124, 35.787 ], [ 0.035, 35.863 ], [ 0.127, 36.051 ], [ 0.663, 36.333 ], [ 0.865, 36.377 ], [ 1.045, 36.487 ], [ 1.914, 36.57 ], [ 2.06, 36.57 ], [ 2.373, 36.634 ], [ 2.457, 36.59 ], [ 2.633, 36.605 ], [ 2.933, 36.809 ], [ 3.179, 36.743 ], [ 3.238, 36.813 ], [ 3.461, 36.775 ], [ 3.65, 36.824 ], [ 3.827, 36.913 ], [ 4.105, 36.884 ], [ 4.441, 36.912 ], [ 4.787, 36.895 ], [ 5.105, 36.781 ], [ 5.085, 36.733 ], [ 5.236, 36.651 ], [ 5.465, 36.665 ], [ 5.576, 36.761 ], [ 5.759, 36.833 ], [ 5.869, 36.823 ], [ 6.197, 36.902 ], [ 6.339, 37.069 ], [ 6.462, 37.094 ], [ 6.583, 36.99 ], [ 6.822, 36.953 ], [ 6.909, 36.893 ], [ 7.157, 36.915 ], [ 7.25, 37.023 ], [ 7.182, 37.083 ], [ 7.383, 37.083 ], [ 7.589, 36.988 ], [ 7.799, 36.994 ], [ 7.773, 36.89 ], [ 7.908, 36.85 ], [ 8.233, 36.958 ], [ 8.498, 36.904 ], [ 8.545468735972626, 36.783685681166283 ], [ 8.478042610546634, 36.587536952654304 ], [ 8.269634586502654, 36.379128928610321 ], [ 8.165430574480666, 36.170720904566345 ], [ 8.171560222246665, 35.778423447542387 ], [ 8.269634586502654, 35.502589298072408 ], [ 8.171560222246663, 35.208366205304436 ], [ 8.263504938736656, 34.852846634876485 ], [ 8.061226562458677, 34.607660724236517 ], [ 7.822170299584701, 34.478938121150527 ], [ 7.755594093640917, 34.388152893499623 ] ] ] ] } }
]
}
